:1059BE00FD0AA4FD0B40FD0DE0FD0F09FD1004FDD9
:1059CE001401FD1504FD160AFD1A04FE837FFFB0B7
:1059DE0027FFB10FFFB210FFB310FFB410FFF01A84
:1059EE00FFF1E9FFF2FDFFF3F5FFF4FDFFF50EFF0A
:1059FE00F6FDFFF7F5FFF8E9FFF9FDFFFA23FFFBD0
:105A0E0081FC0000FC90C2FC9101FC9204FC93000E
:105A1E00FC98E9FC9901FC9AA1FC9B03FC9C03FCFD
:105A2E009D00FC9E06FC9F00FCA05BFCA100FCA25E
:105A3E007FFCA303FCA406FCA500FCA60BFCA700A0
:105A4E00FCA821FCA900FCAA01FCAB02FCB728FCB7
:105A5E00B802FCBB20FCBC02FCBD01FCBE00FCBFBE
:105A6E0000FCC44EFCC502FCC669FCC704FCC8029F
:105A7E00FCC900FCCA06FCCB00FCCC54FCCD00FCDF
:105A8E00CE7AFCCF03FCD100FCD20AFCD300FCD4AE
:105A9E0021FCD500FCD601FCD702FCD002FF00038E
:105AAE00FF0103FF0207FF030CFF0411FF0518FFA0
:105ABE000620FF0729FF0833FF093DFF0A47FF0BAA
:105ACE0052FF0C5DFF0D69FF0E75FF0F81FF108DEC
:105ADE00FF119AFF12A6FF13B2FF14BDFF15C8FFE8
:105AEE0016D1FF17DAFF18E2FF19E8FF1AEEFF1BB7
:105AFE00F2FF1CF5FF1DF8FF1EFBFF1FFDFF20032D
:105B0E00FF2107FF220CFF2311FF2418FF2520FF82
:105B1E002629FF2733FF283DFF2947FF2A52FF2B57
:105B2E005DFF2C69FF2D75FF2E81FF2F8DFF309AA3
:105B3E00FF31A6FF32B2FF33BDFF34C8FF35D1FFB0
:105B4E0036DAFF37E2FF38E8FF39EEFF3AF2FF3B75
:105B5E00F5FF3CF8FF3DFBFF3EFDFF3F03FF400717
:105B6E00FF410CFF4211FF4318FF4420FF4529FF60
:105B7E004633FF473DFF4847FF4952FF4A5DFF4B03
:105B8E0069FF4C75FF4D81FF4E8DFF4F9AFF50A65A
:105B9E00FF51B2FF52BDFF53C8FF54D1FF55DAFF7C
:105BAE0056E2FF57E8FF58EEFF59F2FF5AF5FF5B3A
:105BBE00F8FF5CFBFF5DFDFC9670A570707070FCCD
:105BCE0097030403030303FCAC1D1D00000000FC3F
:105BDE00AD006900000000FCAE006E00000000FC8D
:105BEE00AF000000000000FCB0000000000000FC50
:105BFE00C27AA767676767FCC3030403030303FC4A
:105C0E00D8080C00000000FCD9026700000000FC60
:105C1E00DA006D00000000FCDB000000000000FC5C
:105C2E00DC000000000000FFD38080808080808038
:105C3E0080FFD4808C8C8C8C8C8C8CFFD5000000DB
:105C4E000000000000FFD63E36363636363636FDBC
:105C5E003211FD3311FD3411FD3511FD3611FD37B5
:105C6E0011FD3811FD3911FD3A11FD3B11FD3C11AD
:105C7E00FD3D11FD3E11FD3F11FD4011FD4111FD98
:105C8E004401FD4500FD4600FD4700FD4800FD496D
:105C9E0000FD4A00FD4B00FD500F00FF59BEFF5B9B
:045CAE00C5FF5C359D
:0B7EC400FDE0F5347535647BA97F49B3
:047ECF008D32AA073F
:107ED300E532C3940A5003027F80E53494004031B5
:107EE300E53513F924FEFFE534C39F5024EA240A41
:107EF300FFE433FEC3ED9FFFE49EFEAD347C00122E
:107F03004CECE924FEFDEC34FFFC124CFEEF2A801E
:107F130066E535C313FF24FEFEE534C39E4021EF1F
:107F23002402FFE433FED3E5349FEE6480F87480CB
:107F330098500DE535C313FFE5322534C39F8037D1
:107F4300E535C313F92402FFE433FEC3E5349FFD93
:107F5300E49EFCEB24F6FFE434FFFEC3EF9532FF0F
:107F6300EE9400FE124CECE924FEFDE434FFFC1217
:0F7F73004CFEE532240A2FFF900066F022AF3259
:017F820022DC
:109D5500EDC313FEB50703E48046EFC39E501FEF26
:109D6500C394004019EF75F014A4FFAEF0EDC313D2
:109D7500FD7C00124CFEC374149F44808022EDC309
:109D850013F9EFD399401DEFD39D5018EF75F01ED1
:109D9500A4FFAEF0E9FD7C00124CFEEF24E2547FF7
:099DA500900066F0900066E0FFFA
:019DAE002292
:05A4470090000BE0FF96
:10A44C00E4900066F0900066E0FEC394015021EEAB
:10A45C0075F00AA424A8F582E4345CF583E493B582
:10A46C000706900066E0FF22900066E004F080D5BD
:02A47C007F005F
:01A47E0022BB
:108FAE0012A44C90005BEFF0E4900059F0A3F09007
:108FBE000059E0FEA3E0FFC394ADEE940050707C28
:108FCE00007D03124CECA3E0FD75F00AA424A9F574
:108FDE0082E4345CF583E493FB740193FA74029398
:108FEE002FF9EA3EFA900002124C9DFFED75F00A41
:108FFE00A424A9F582E4345CF583E493FB74019315
:10900E00FA740293F9900059E0FCA3E0F5828C8388
:10901E007403124F4F124DCAF58285F083EFF09014
:0F902E00005AE004F07088900059E004F0808050
:01903D002210
:109CF700E4900059F0A3F0900059E0FEA3E0FF9034
:109D07005C5F75F003124F60EE75F003A42583F5D1
:109D170083E493FD905C5D75F003EF124F60EE7581
:109D2700F003A42583F583E493FE740193F5828EF3
:109D370083EDF090005AE004F07006900059E004BB
:0D9D4700F0900059E07004A3E0641970AAC8
:019D540022EC
:01B9300022F4
:0271E9008F30E5
:1071EB0012A447900065EFF0E4900064F090006407
:1071FB00E0FFC394045076A3E075F00AA424AFF526
:10720B0082E4345CF583E493FB740193FA74029388
:10721B00F9EF75F00AA4FFE92FF9EA35F0FAE92442
:10722B0002F9E43AFA7E00E92530F9EE3AFA124C0B
:10723B0084FF900065E075F00AA424AFF582E43476
:10724B005CF583E493FB740193FA740293F9900059
:10725B0064E075F00AA4F58285F083124DCAF582BD
:10726B0085F083EFF0900064E004F0808090FFD411
:10727B00E0900094F090FFD3E0900095F090FFD653
:10728B00E0900093F090FFD5E0900092F090009486
:10729B00E0900014127EC4900094EFF0A3E0FD90F8
:1072AB000015E0F5347535647BB0E4FF127ECF90AA
:1072BB000095EFF0900093E0FD900016E0F534752B
:1072CB0035647B44E4FF127ECF900093EFF002898C
:0172DB006D45
:028D5A008F3058
:108D5C00C2AF90FCE4E04440F0E4900064F012A454
:108D6C0047EF75F00AA424ACF582E4345CF583E497
:108D7C0093FB740193FA740293F9900064E075F01C
:108D8C0008A4FFE92FF9EA35F0FAE92402F9E43AEC
:108D9C00FA7E00E92530F9EE3AFA124C84FD12A461
:108DAC0047EF75F00AA424ACF582E4345CF583E457
:108DBC0093FB740193FA740293F9900064E075F0DC
:108DCC0008A4F58285F083124DCAF58285F083EDF7
:108DDC00F0900064E004F0E0C3940E408190FCEA53
:048DEC00E4F0D2AF2E
:018DF0002260
:01B9310022F3
:10896D00900094E0900010127EC490FFD4EFF09030
:10897D000095E0FD900011E0F5347535647BB0E4B1
:10898D00FF127ECF90FFD3EFF0900093E0FD9000AB
:10899D0012E0F5347535647B44E4FF127ECF90FF11
:1089AD00D6EFF0900013E0FF7D64129D5590FFD53A
:1089BD00EFF07F04E47056EF14601C14602B14600C
:1089CD003A2403704890000EA3E0F5357F007E0039
:1089DD007D007C000285F990000EA3E0F5357F0047
:1089ED007E007D007C000286AA90000EA3E0F53586
:1089FD007F007E007D007C0002875B90000EA3E06F
:0E8A0D00F5357F007E007D007C0012880C2273
:10451B004A616E00466562004D6172004170720027
:10452B004D6179004A756E004A756C0041756700E4
:10453B00536570004F6374004E6F760044656300E3
:10454B0041707220313320323031350031313A3401
:10455B00303A33390001E501E601E701E801E901F1
:10456B00EA01EB01EC01ED01EE01EF01F001F101CC
:10457B00F201F301F401F501F601F701F801F9017C
:10458B00FA01FB01FC01FD01FE01FF020002010229
:10459B00020203020401C0021002050020020802FD
:1045AB00090020020B020C024202060241005100DC
:1045BB0052020D005801C101C201C301C401C50162
:1045CB00C601C701C801C901CA020E0059004D023C
:1045DB0011004E020F021201CB01CC01CD01CE0115
:1045EB00CF01D001D101D201D301D401D501D60124
:1045FB00D701D801D901DA01DB01DC01DD01DE01D4
:10460B00DF01E001E101E201E301E400630064008A
:10461B006500660067010901CB01CC01CD01CE011C
:10462B00CF01D001D101D201D301D401D501D601E3
:10463B00D701D801D901DA01DB01DC01DD01DE0193
:10464B00DF01E001E101E201E301E4010A010B01F9
:10465B000D02390133013701380139013A013B02AF
:10466B001302140215021602170218021A021B0279
:10467B001C021D021E021F0220022102250226021D
:10468B00270228022A022B022C022D022E022F02B5
:10469B00300229023B0020023F0222024002190293
:1046AB0023002000200020022402320233023E02AB
:1046BB003A023C017B017C01980199019A019F010F
:1046CB00A001A10207020A00000000000000000088
:1046DB0000000000000000000000000000000000CF
:1046EB0000000000000000000000000000000000BF
:1046FB0000000000000000000000000000000000AF
:10470B00000000000000000000000000000000009E
:10471B00000000000000000000000000000000008E
:10472B00000000000000000000000000000000007E
:10473B00000000000000000000000000000000006E
:10474B00000000000000000000000000000000005E
:10475B000000000000024300640065025700670080
:10476B00680069006A006B006C006D006E024F0000
:10477B00700249024A00730074007500760245020C
:10478B00460079007A007B007C007D007E007F0272
:10479B00550081008200830084008500860087001D
:1047AB00880089008A008B008C008D008E008F00A2
:1047BB0090025002510093009400950096009700D0
:1047CB0098009902470248009C009D009E009F00A4
:1047DB00A000A100A2024B025200A50254025800F5
:1047EB00A800A900AA00AB00AC00AD00AE00AF0260
:1047FB005600B100B200B300B4026200B600B700BD
:10480B00B800B900BA00BB024C024D024E00BF000B
:10481B00C000C100C200C300C4025300C602440260
:10482B006000C900CA00CB026700CD025D025E02C8
:10483B005F0261025B025C026300D700D800D90003
:10484B00DA026900DC00DD00DE00DF00E000E100E1
:10485B00E200E300E400E50268026602640265021E
:10486B0059025A00EC00ED00EE00EF00F000F100F1
:10487B00F200F300F400F500F600F700F800F90081
:10488B00FA00FB00FC00FD00FE00FF01000101012E
:10489B0002010301040105010E010F0110011101B9
:1048AB001201130114011501160117011801190149
:1048BB001A011B011C011D011E011F0120012101F9
:1048CB0022012301240125012601270128012901A9
:1048DB002A012B012C012D012E012F013001310159
:1048EB0066016701680169016A016B016C016D0169
:1048FB006E016F0170017101720173017401750119
:10490B0076017701780179017A017D017E017F01C2
:10491B008001810182018301840185018601870168
:10492B00880189018A018B018C018D018E018F0118
:10493B0090019101920193019401950196019701C8
:10494B009B019C019D019E000000000000000000E7
:10495B000000000000026A026B026C026D026E0224
:10496B006F02700271027202730274027502760298
:10497B0077027802790000000000000000000000C0
:10498B00000000000000000000000000000000001C
:10499B00000000000000000000000000000000000C
:1049AB0000000000000000000000000000000000FC
:1049BB0000000000000000000000000000000000EC
:1049CB0000000000000000000000000000000000DC
:1049DB0000000000000000000000000000000000CC
:1049EB0000000000000000000000000000000000BC
:1049FB0000000000000000000000000000000000AC
:104A0B00000000000000000000000000000000009B
:104A1B00000000000000000000000000000000008B
:104A2B00000000000000000000000000000000007B
:104A3B00000000000000000000000000000000006B
:104A4B00000000000000000000000000000000005B
:104A5B00000000000000000000000000000000004B
:104A6B00000000000000000000000000000000003B
:104A7B00000000000000000000000000000000002B
:104A8B00000000000000000000000000000000001B
:104A9B00000000000000000000000000000000000B
:104AAB0000000000000000000000000000000000FB
:104ABB0000000000000000000000000000000000EB
:104ACB0000000000000000000000000000000000DB
:104ADB0000000000000000000000000000000000CB
:104AEB0000000000000000000000000000000000BB
:104AFB0000000000000000000000000000000000AB
:104B0B00000000000000000000000000000000009A
:104B1B00000000000000000000000000000000008A
:104B2B00000000000000000000000000000000007A
:104B3B00000000000000000000000000000000006A
:104B4B00000000000000000000000000000000005A
:104B5B00000000000030313233343536373839003D
:104B6B0000000000303132333435363738394142AA
:104B7B004344454600000000000234023502360271
:034B8B00370238B6
:109BD8001808451B451F45234527452B452F453369
:109BE8004537453B453F45434547420074000042E1
:089BF800007600004100780036
:10B36800C3EF9DEE9C4007EF9DFFEE9CFE22C3EDD0
:06B378009FFFEC9EFE2287
:100DA600E490009EF0A3740AF07F647E0012B27B8A
:100DB60090009FE0FF14F0EF602A12A9DC7F027E0C
:100DC6000012B45F7FE012A0797F017E0012B45F4B
:100DD60012A4B5400690009EE004F07F017E00124A
:100DE600B45F80CC12B21A90009EE0C39405400F07
:100DF6009000537401F0FF7E0012B45F02B3BFE4AB
:0A0E0600900053F053EEFE43EA01A2
:010E100022BF
:1085F900AB07AA06A905A8047FC07EFC7D9B7C0168
:10860900124E8DE4FCFD900066124F43746485356B
:10861900F08490006EF0FBE4FAF9F8900066E0FC53
:10862900A3E0FDA3E0FEA3E0FF124E8DE4FCFD9064
:10863900006A124F4390FD19E054BFF0E04408F07E
:1086490090FD42E04403F0E054FBF090FD1FE0543C
:10865900EFF0E04401F0900066A3A3A3E0FF90FDD2
:1086690020EFF0900066E0FCA3E0FDA3E0FEA3E0AC
:10867900FF7808124F3090FD21EFF090006AA3A314
:10868900A3E0FF90FD28EFF090006AE0FCA3E0FD75
:10869900A3E0FEA3E0FF7808124F3090FD29EFF028
:0186A90022AE
:1086AA00AB07AA06A905A8047FC07EFC7D9B7C01B6
:1086BA00124E8DE4FCFD900066124F4374648535BA
:1086CA00F08490006EF0FBE4FAF9F8900066E0FCA2
:1086DA00A3E0FDA3E0FEA3E0FF124E8DE4FCFD90B3
:1086EA00006A124F4390FD19E054BFF0E04408F0CD
:1086FA0090FD42E04430F0E054BFF090FD1FE0549A
:10870A00DFF0E04402F0900066A3A3A3E0FF90FD2F
:10871A0022EFF0900066E0FCA3E0FDA3E0FEA3E0F8
:10872A00FF7808124F3090FD23EFF090006AA3A360
:10873A00A3E0FF90FD2AEFF090006AE0FCA3E0FDC1
:10874A00A3E0FEA3E0FF7808124F3090FD2BEFF074
:01875A0022FC
:10875B00AB07AA06A905A8047FC07EFC7D9B7C0104
:10876B00124E8DE4FCFD900066124F437464853508
:10877B00F08490006EF0FBE4FAF9F8900066E0FCF0
:10878B00A3E0FDA3E0FEA3E0FF124E8DE4FCFD9001
:10879B00006A124F4390FD19E054BFF0E04408F01B
:1087AB0090FD43E04403F0E054FBF090FD1FE054D8
:1087BB00BFF0E04404F0900066A3A3A3E0FF90FD9C
:1087CB0024EFF0900066E0FCA3E0FDA3E0FEA3E045
:1087DB00FF7808124F3090FD25EFF090006AA3A3AD
:1087EB00A3E0FF90FD2CEFF090006AE0FCA3E0FD0E
:1087FB00A3E0FEA3E0FF7808124F3090FD2DEFF0C1
:01880B00224A
:10880C00AB07AA06A905A8047FC07EFC7D9B7C0152
:10881C00124E8DE4FCFD900066124F437464853556
:10882C00F08490006EF0FBE4FAF9F8900066E0FC3E
:10883C00A3E0FDA3E0FEA3E0FF124E8DE4FCFD904F
:10884C00006A124F4390FD19E054BFF0E04408F069
:10885C0090FD31E04430F0E054BFF090FD1FE05447
:10886C007FF0E04408F0900066A3A3A3E0FF90FD26
:10887C0026EFF0900066E0FCA3E0FDA3E0FEA3E091
:10888C00FF7808124F3090FD27EFF090006AA3A3F9
:10889C00A3E0FF90FD2EEFF090006AE0FCA3E0FD5A
:1088AC00A3E0FEA3E0FF7808124F3090FD2FEFF00D
:0188BC002299
:107ACE0078597C007D017BFF7A45794B7E007F0CD7
:107ADE00124C5E78657C007D017BFF7A4579577E7E
:107AEE00007F09124C5E7B017A007962128A1B902C
:107AFE00006EEFF0E490005FF07B017A00795D128A
:107B0E008A1B900070EFF0E490005CF0900073F030
:107B1E00900073E0FFC3940C502EEF25E02408F87C
:107B2E00E6FE08E6AA06F97BFF78597C007D011275
:107B3E005166EF700B900073E00490006FF08008B8
:107B4E00900073E004F080C87B017A007965128A98
:107B5E001B900071EFF07B017A007968128A1B90FE
:107B6E000072EFF090FD5C7414F090006EE090FDEA
:107B7E005DF090006FE090FD5EF0900070E090FD83
:107B8E005FF0900071E090FFDBF0900072E090FFEC
:027B9E00DCF019
:017BA00022C2
:10026B00AFB2900074E4F0A3EFF0E07F00FE9000DB
:10027B0074F0A3EFF0ADB1EDFF900074EEF0A3EFCF
:10028B00F0A3E0FEA3E0FF900074E0FCA3E0FDD33D
:10029B009FEC9E404CED9FFFEC9EFE9000A0F0A3C8
:1002AB00EFF0C39491EE945B5003020356E0246F7E
:1002BB00F09000A0E034A4F0E0FEA3E0FFC39000B8
:1002CB0075E09FFF900074E09EFEF0A3EFF0A3EEAD
:1002DB00F0A3EFF0900051E004F0C3943C406CD3DA
:1002EB0022900076E0FEA3E0FFC374FF9F9000A175
:1002FB00F074FF9E9000A0F0900074E0FEA3E0FF6E
:10030B009000A1E02FF09000A0E03EF0C3A3E0949A
:10031B00919000A0E0945B4032A3E0246FF090003A
:10032B00A0E034A4F0E0FCA3E0FDC3EF9DFFEE9C46
:10033B00FE900074F0A3EFF0A3EEF0A3EFF09000AB
:0C034B0051E004F0C3943C4002D322C3F4
:010357002283
:1004330074FF900061F0A3F0EF14604414607B2418
:1004430002600302050343E90143ED0190FDB0E0BF
:1004530054874408F0A3E0540F4420F090FDB8E023
:1004630030E2F990FDBDE0FF900061E4F0A3EFF00E
:10047300E07F00FE900061F0A3EFF090FDBC80727E
:1004830043E90243ED0290FDB0E054874410F0A32A
:10049300E0540F4440F090FDB8E030E5F990FDBF23
:1004A300E0FF900061E4F0A3EFF0E07F00FE900036
:1004B30061F0A3EFF090FDBE803843E90443ED04FF
:1004C30090FDB0E054874420F0A3E0540F4480F043
:1004D30090FDB9E030E0F990FDC1E0FF900061E4E8
:1004E300F0A3EFF0E07F00FE900061F0A3EFF09047
:1004F300FDC0E0FDEDFF900061EEF0A3EFF08000A2
:0F05030090FDB8E4F0A3F0900061E0FEA3E0FFEC
:0105120022C6
:0D000E00EF700343C680BF010353C67F227D
:10B3D400300310C20390FD1FE054FEF07F647E0032
:04B3E40012B27B2204
:10B3E800200310D2037F647E0012B27B90FD1FE021
:04B3F8004401F022FA
:10B0000090FD11E0541FF0A3E05410F0A3E0E4F031
:0FB0100090FD0EE054F3F090FED7E054FCF022D8
:10AA040090FD11E044E0F0A3E044EFF0A3E074FF14
:10AA1400F090FD0EE0440CF090FED7E04403F07F8C
:06AA2400C87E0002B27BB7
:109C3900EFB407005052909C46F8282873029C8B79
:109C4900029C5B029C63029C6B029C73029C8302D4
:109C59009C7B90FFD27450F0802E90FFD27451F00B
:109C6900802690FFD27452F0801E90FFD27453F078
:109C7900801690FFD27454F0800E90FFD27455F084
:0F9C8900800690FFD2744FF07F647E0002B27BA2
:01B9320022F2
:10997400EF1460451460232402703E90FED7E05437
:10998400E7F0A3E04480F0E054BFF090FED7E04459
:1099940018F090FEDCE054DF801990FED7E054E725
:1099A400F0A3E0543FF090FED7E04418F090FEDCC2
:1099B400E04420F0E054EFF02290FED7E054E7F0CA
:1099C400A3E044C0F090FED7E04418F090FEDCE041
:0899D4004420F0E04410F022F1
:01B9330022F1
:10964B0053EDF743E90890FF827401F090FF6274C9
:10965B003FF0A37410F0A37404F090FF6BE4F0A33D
:10966B00F0A3F0A3F090FF7904F0A37473F0A3744C
:10967B00FFF0A37402F090FF777459F0A3E4F0901D
:10968B00FF657476F0A3743BF0A37408F0A3741514
:10969B00F0A37407F0A304F090FF6F7476F0A3743B
:1096AB001CF0A37408F0A374F5F090FF617405F03F
:0796BB0090FF7D740FF02207
:100ED50090FF85E0FF90009AE4F0A3EFF0E07F003B
:100EE500FE90009AF0A3EFF090FF83E0FDEDFF90F8
:100EF500009AEEF0A3EFF090009AE0FEA3E0FFBEAB
:100F05006B14BF8611ADE4EDFF90009CEEF0A3EFEE
:100F1500F075E4FF800B75E4FF74FF90009CF0A36F
:0A0F2500F090009CE0FEA3E0FF2224
:10A0310090FD177418F090FDB27420F090FDB1748A
:10A041000FF090FDB0E4F090FDB47422F0A37437EA
:10A05100F090FDC874FFF0A3740FF0A3E4F090FD3D
:10A06100CC74FFF0A3740FF090FDB8E4F0A3F0906E
:08A07100FDB674FFF0A3F0221C
:10A47F0090FED7E04414F0E04408F0A3E0441BF052
:10A48F00E054DBF0A3E054CFF0E04440F090FEDB6B
:10A49F00E0547FF090FE01E04410F090FE04743021
:06A4AF00F0A37440F0224E
:10A10600128CC1129CF790000BE0FF128FAE7F04F9
:10A11600129974E4FF128D5AE4FF1271E912B930F4
:10A1260090FD0E742CF07F647E0012B27B90FEA030
:10A13600E04401F07F0A7E0012B27B90FEA0E0545C
:03A14600FEF02206
:10A0C00090FB57740FF090FB56E4F090FB5974F03E
:10A0D000F090FB58E4F090FB5B74F0F090FB5A7446
:10A0E0000FF090FB5D74FFF090FB5CE4F090FB5F81
:10A0F0007488F090FB5E7408F090FB6174FFF09040
:06A10000FB60740FF02269
:0699DC008B538A548955EB
:1099E200E49000A6F0F0AB53AA54A9559000A6E06B
:1099F200FF75F002A42401F582E435F0F583124CE0
:109A02009DFE75F002EFA42436F582E5F034FBF5F5
:109A120083EEF09000A6E0FF75F002A4F58285F0D7
:109A220083124C9DFE75F002EFA42437F582E5F017
:109A320034FBF583EEF09000A6E004F0E0B410A64B
:019A42002201
:1092EE00AB07EB64017019ED90FB17F090FB14E0E7
:1092FE00547FF0E0FAECC43333335480FFEA4FF07E
:10930E00EB64027019ED90FB1DF090FB1AE0547F98
:10931E00F0E0FAECC43333335480FFEA4FF0EB64E1
:10932E00037019ED90FB23F090FB20E0547FF0E0EA
:10933E00FAECC43333335480FFEA4FF0EB6404701D
:10934E0019ED90FB29F090FB26E0547FF0E0FBEC4A
:0F935E00C43333335480FFEB4FF0AE04AF05221E
:10768900E490006CF0A3F0900078E0F96401702FA9
:1076990090FB14E05480C41313135401FF90006C41
:1076A900E4F0A3EFF0E07F00FE90006CF0A3EFF0B0
:1076B90090FB17E0FDEDFF90006CEEF0A3EFF0E911
:1076C9006402702F90FB1AE05480C4131313540101
:1076D900FF90006CE4F0A3EFF0E07F00FE90006CF7
:1076E900F0A3EFF090FB1DE0FDEDFF90006CEEF0D4
:1076F900A3EFF0E96403702F90FB20E05480C413DA
:1077090013135401FF90006CE4F0A3EFF0E07F0045
:10771900FE90006CF0A3EFF090FB23E0FDEDFF90ED
:10772900006CEEF0A3EFF0E96404702F90FB26E003
:107739005480C41313135401FF90006CE4F0A3EFB9
:10774900F0E07F00FE90006CF0A3EFF090FB29E0E1
:10775900FDEDFF90006CEEF0A3EFF090006CE0FE01
:03776900A3E0FF9B
:01776C0022FA
:10A29500900078E0FE700890FB07EFF0A3EDF0EE7C
:10A2A500B4010890FB12EFF0A3EDF0EEB4020890B4
:10A2B500FB18EFF0A3EDF0EEB4030890FB1EEFF0F2
:10A2C500A3EDF0EEB4040890FB24EFF0A3EDF0222B
:05A14900EEF0A3EFF0B1
:10A14E00900078E0FD700590FB078029EDB40105C5
:10A15E0090FB128020900078E0FDB4020590FB1871
:10A16E008013EDB4030590FB1E800A900078E0B4D6
:0EA17E00040890FB24E0FF7E0022E4FEFF2296
:1096C200E4900061F0A3F0900078E0FF700DA3E059
:1096D200FDA3E0900061CDF0A3EDF0EFB4010F9097
:1096E200007BE0FFA3E0900061CFF0A3EFF09000D9
:1096F20078E0B4020F90007DE0FFA3E0900061CF1C
:10970200F0A3EFF0900078E0FFB4030F90007FE049
:10971200FDA3E0900061CDF0A3EDF0EFB4040F9053
:109722000081E0FFA3E0900061CFF0A3EFF0900092
:0697320061E0FEA3E0FF70
:01973800220E
:10B4100090FB05E0FE7401A807088002C333D8FC46
:03B420004EF022C9
:10B3FC0090FB05E0FE7401A807088002C333D8FC5B
:04B40C00F45EF022D8
:08B7BD0090FB05E054E1F022CD
:06B90800900078EFF02230
:09B7990090FB76EFF0A3EDF02225
:10A3CD00E4900059F0A3F0900059E0FCA3E0FDECFF
:10A3DD0090FB0DF0ED90FB00F090FB0EE4F090FB88
:10A3ED0001F090005AE004F07006900059E004F07E
:0CA3FD00900059E0B401D0A3E0B4A2CB62
:01A409002230
:1095D300E490005DF0A3F0A3F0A3F012B9081276B3
:1095E3008990005DEEF0A3EFF01296C290005FEE5B
:1095F300F0A3EFF090005DE0FEA3E0FF900060E0D9
:109603002FF090005FE03EF0EE90FB0DF090005DD8
:10961300A3E090FB00F090005FE0FEA3E0FF90006A
:109623005DE0FCA3E0C39FEC9E501CEC90FB0DF0AF
:10963300A3E4F090FB01F090005EE004F070D7909B
:07964300005DE004F080CFA0
:01964A0022FD
:048042008F2FAA05CD
:10804600900069E52FF0EBC3952FFFE49400FE7CCA
:1080560000EF252FFFEC3EFE900069E0D39FEE6413
:1080660080F874809840030280FE1276899000643E
:1080760012A149900069E0FD124CECEA2FFFEC3E9C
:10808600FE900066F0A3EFF0900065E02FF0900000
:1080960064E03EF0E0FCA3E0FDEC90FB0DF0ED901B
:1080A600FB00F0900068EAF0EAFFC3E5329FFFE4C8
:1080B6009400FEEA7C002FFFEC3EFE900068E0D3C1
:1080C6009FEE6480F87480985025900064E090FBE1
:1080D6000DF0A3E4F090FB01F0900068E004F0904E
:1080E6000065E004F070C1900064E004F080B9908F
:0880F6000069E004F002804C77
:0180FE00225F
:10A78600EF6401702090FB06E04440F0ED7006E0B7
:10A796004480F0800790FB06E0547FF090FB0CE0CD
:0DA7A60054F84BF02290FB06E054BFF02267
:0FB47B00EFC43354E0FF90FB0CE0541F4FF0225E
:109F510090FB05E054BFF0BF0106E04480F08007AC
:109F610090FB05E0547FF0ED14601214601B146047
:109F7100242403702790FB78E0540FF02290FB78A3
:109F8100E0543FF0E04430F02290FB78E054CFF011
:0D9F9100E044C0F02290FB78E044F0F022A4
:0297AF00AC0705
:1097B100E490005DF0A3F0A3F0A3F012768990008D
:1097C1005DEEF0A3EFF01296C290005FEEF0A3EF12
:1097D100F090005DE0FEA3E0FF900060E02FF090CC
:1097E100005FE03EF0EE90FB0DF090005DA3E09095
:1097F100FB00F090005FE0FEA3E0FF90005DE0FA67
:10980100A3E0C39FEA9E501AEA90FB0DF090FB1073
:10981100ECF090005EE004F070D990005DE004F09F
:0298210080D1F4
:019823002222
:1079FA008E2A8F2B900078E0702190FB0AEFF0A37B
:107A0A00EDF090FB09E05488F0E0FBEC5407C45415
:107A1A00F0FAE52A54074AFFEB4FF0900078E06449
:107A2A0001702290FB15E52BF0A3EDF090FB14E01A
:107A3A005488F0E0FBEC5407C454F0FAE52A5407E2
:107A4A004AFFEB4FF0900078E06402702290FB1B33
:107A5A00E52BF0A3EDF090FB1AE05488F0E0FBEC84
:107A6A005407C454F0FAE52A54074AFFEB4FF09042
:107A7A000078E06403702290FB21E52BF0A3EDF07F
:107A8A0090FB20E05488F0E0FBEC5407C454F0FA71
:107A9A00E52A54074AFFEB4FF0900078E06404703F
:107AAA002290FB27E52BF0A3EDF090FB26E054880B
:107ABA00F0E0FBEC5407C454F0FDE52A54074DFFEF
:047ACA00EB4FF0226C
:066E8E008D388B39AC07C2
:106E9400E53C453B453A7003026FAF12768990009A
:106EA4006612A149ECFD7C00124CECEF2538FFEC96
:106EB4003EFE90006AF0A3EFF0900067E02FF090A0
:106EC4000066E03EF0E0FEA3E0FFA3EEF0A3EFF0E7
:106ED400EE90FB0DF0900066A3E090FB00F0E4F56B
:106EE40038AB3AAA3BA93C8C82758300124C9DFDB9
:106EF4007003026F79900066E090FB0DF0ED64235F
:106F040070160C8C82F583124C9D75F002A42460DB
:106F1400F582E5F034478036AB3AAA3BA93C8C8233
:106F2400758300124C9DFD642670160C8C82F583CB
:106F3400124C9D75F002A42460F582E5F03449807A
:106F44000D75F002EDA42460F582E5F03445F58377
:106F5400E493FA740193FBEA90FB0EF0EB90FB01CF
:106F6400F0900067E004F07006900066E004F00C16
:106F74000538026EE5900068E0FCA3E0FDEC90FBB0
:106F84000DF0ED90FB00F0E5386020900068E09093
:106F9400FB0DF090FB10E539F01538900069E00422
:0B6FA400F070E4900068E004F080DC76
:016FAF0022BF
:066AFF008F2F8D308B315A
:106B0500E536453545347003026C32E5337009903E
:106B1500FB78E054BFF0805390FB78E04440F0E50B
:106B25003324FE601714601B14601F146027146063
:106B3500302405703690FBC6740F801390FBC67425
:106B4500F0800C90FBC674F0801C90FBC674FFF0BF
:106B5500A3E4F0801690FBC67488F0A37408F08057
:106B65000A90FBC674FFF0A3740FF0900063E52F45
:106B7500F0E52F2532FFE433FE900063E0C39FEE7E
:106B85006480F87480984003026C32127689900014
:106B95005E12A149900063E0FD7C00124CECEF25EC
:106BA50030FFEC3EFE900060F0A3EFF090005FE058
:106BB5002FF090005EE03EF0E0FCA3E0FDEC90FBE2
:106BC5000DF0ED90FB00F0900062E530F0E530252A
:106BD50031FFE433FE900062E0C39FEE6480F874F9
:106BE50080985040AB34AA35A936124D9FFF9000CE
:106BF50064E5F0F0A3EFF090005EE090FB0DF090FF
:106C05000064E0FCA3E0FDEC90FB0EF0ED90FB01D1
:106C1500F074022536F536E43535F535900062E039
:0D6C250004F080A9900063E004F0026B769B
:016C3200223F
:109824008F2D8E2C8D2B8C2AC2AF90FDDFE030E77C
:10983400F990FDDE7480F090FDDDE4F043C60890FD
:10984400FDD6E52DF0FFAE2CAD2BAC2A7808124FD7
:1098540030A3EFF0AF2DAE2CAD2BAC2A7810124F05
:1098640030A3EFF0A3E52FF0E52EA3F0E53114A328
:10987400F0E53124FFE53034FFA3F090FDD07440CF
:10988400F090FDDDE030E6F990FDDFE030E7F953DC
:05989400C6F7D2AF226F
:087D41008F4F8B508A518952CB
:107D4900E94A4B7003027E0290FB76E0900098F0BE
:107D590090FB77E0900099F0900098E0D394105050
:107D690004A3E08024900099E020E00D75F003A4BD
:107D7900FFE5F0C313EF138010900099E075F0034D
:107D8900A4FFE5F0C313EF1304900097F090009758
:107D9900E0854FF0A490FB02F0E4900096F090008B
:107DA90097E0FF900096E0C39F504EEF854FF0A4F7
:107DB900FFE07C002FEC35F0FF3395E090FB0FEFEF
:107DC900F0AB50AA51A952900096E0FF75F002A4B9
:107DD900F58285F083124C9D90FB04F0EF75F0025B
:107DE900A429F9EA35F0FA900001124C9D90FB03A1
:097DF900F0900096E004F080A572
:017E0200225D
:0A72DC008F2A8D2B8B2C8A2D892E12
:1072E600E94A4B70030273C990FB76E090005CF0AC
:1072F60090FB77E090005DF090005CE0D394105036
:1073060004A3E0802490005DE020E00D75F003A466
:10731600FFE5F0C313EF13801090005DE075F003F6
:10732600A4FFE5F0C313EF130490005BF090005B3D
:10733600E0852AF0A490FB02F0E4900059F090005A
:1073460059E0C3952B507CE4A3F090005BE0FF90DE
:10735600005AE0C39F504EEF852AF0A4FFE07C0060
:107366002FEC35F0FF3395E090FB0FEFF0AB2CAA36
:107376002DA92E90005AE0FF75F002A4F58285F043
:1073860083124C9D90FB04F0EF75F002A429F9EAF4
:1073960035F0FA900001124C9D90FB03F090005AD4
:1073A600E004F080A590005BE075F002A4AEF02545
:1073B6002EF52EEE352DF52D052A900059E004F018
:0373C6000273440B
:0173C90022A1
:0A6FB0008F3F8D408B418A428943D8
:106FBA00E94A4B70030270CC90FB76E0FB7A00A39F
:106FCA00E0754600F547EB54037015AC46AD47AF84
:106FDA0003FE124CECEEC313F544EF13F54580287B
:106FEA00EB54036402700AEAC313FEEB1324018014
:106FFA0008EAC313FEEB132402FFE43EFEAC46ADDF
:10700A0047124CEC8E448F45D3EB9410EA9400500F
:10701A00089000A3E547F08008E54725E09000A323
:10702A00F09000A3E0853FF0A490FB02F0E490000A
:10703A00A2F09000A2E0C3954040030270CCE4F5B0
:10704A0048F549E544C313FEE54513FFC3E5499FE7
:10705A00E5489E50589000A2E0FD7C00124CECAC32
:10706A0006AD07A3E0853FF0A42DFFEC35F0FEE561
:10707A00492FE5483E90FB0FF0E54925E0FFE5483A
:10708A0033FEAB41AA42A9438F82F583124C9D90ED
:10709A00FB04F0E92FF9EA3EFA900001124C9D90A8
:1070AA00FB03F00549E549709A05488096E54525B0
:1070BA0043F543E5443542F5429000A2E004F0026C
:0270CA00703C18
:0170CC0022A1
:0665BB008F328D338B349A
:1065C100785F7C007D017BFF7A4B796A7E007F05D5
:1065D100124C5EC3E53564809480400C900064E504
:1065E10035F0A3E536F08015E536F4FFE535F4FE28
:1065F100EF2401FFE43E900064F0A3EFF0C3E53522
:106601006480948090005F400474208002742DF0B7
:10661100900064E0FAA3E0FB7C007D64FFAE02120F
:106621004CFE74602FF582744B3EF583E493900029
:1066310060F07C007D64AF03AE02124CFEAA04AB95
:10664100057D0A7C00AF03AE02124CFE74602FF58B
:1066510082744B3EF583E493900061F07D0A7C00E7
:10666100AF03AE02124CFE74602DF582744B3CF503
:1066710083E493900062F0C3E53564809480403EEA
:10668100900064E0FAA3E0FB7C007D64FFAE02129F
:106691004CFEEF4E706B9000607420F07C007D64C6
:1066A100AF03AE02124CFE7E007F0ACFCDCFCECC1F
:1066B100CE124CFEEF4E7049A37420F0804390003F
:1066C10064E0FAA3E0FB7C007D64FFAE02124CFEA5
:1066D100EF4E702D90005F7420F0A3742DF07C00BC
:1066E1007D64AF03AE02124CFE7E007F0ACFCDCF98
:1066F100CECCCE124CFEEF4E70077420F0A3742D59
:10670100F0753A01753B00753C5FAB34AD33AF3288
:03671100026E8E87
:068328008F328D338B340F
:10832E00785F7C007D017BFF7A4B797F7E007F0535
:10833E00124C5EAE35AF367C107D00124D53746F0D
:10834E002FF582744B3EF583E49390005FF0AE35CB
:10835E00AF367C107D00124D53AA04AB057D007C18
:10836E0001AF03AE02124D53746F2FF582744B3E64
:10837E00F583E493900060F07D007C01AF03AE02C4
:10838E00124D53AA04AB057D107C00AF03AE021252
:10839E004D53746F2FF582744B3EF583E49390002A
:1083AE0061F07D107C00AF03AE02124D53746F2D41
:1083BE00F582744B3CF583E493900062F0753A01BC
:0F83CE00753B00753C5FAB34AD33AF32026E8E42
:0469BA00AA05AC0777
:1069BE0012768990005F12A149AD047C00124CEC56
:1069CE00EA2FFFEC3E900065F0A3EFF0900065E03B
:1069DE00FEA3E0FF900060E02FF090005FE03EF03D
:1069EE00E0FEA3E0FFA3EEF0A3EFF0EE90FB0DF0C0
:1069FE0090005FA3E090FB00F0AF367E007D481262
:106A0E004CECAD03124CFEAD07E4900063F0A3F026
:106A1E0090005FE090FB0DF0EDD39400404CED94B0
:106A2E00044019904B8CE49390FB0EF0904B8C74B9
:106A3E00019390FB01F074FC2DFD8053ED5403FD8A
:106A4E0025E02484F582E4344BF583E49390FB0E29
:106A5E00F0ED540325E02484F582E4344BF5837481
:106A6E00019390FB01F0E4FD8025ED25E02484F5F3
:106A7E0082E4344BF583E49390FB0EF0ED25E02495
:106A8E0084F582E4344BF58374019390FB01F0900E
:106A9E000060E004F0700690005FE004F090006487
:106AAE00E004F07006900063E004F0900063E07084
:106ABE0004A3E064126003026A1E900061E0FCA36E
:106ACE00E0FDEC90FB0DF0ED90FB00F07A14EA6027
:106ADE001F900061E090FB0DF090FB10E535F01A71
:106AEE00900062E004F070E6900061E004F080DE59
:016AFE002275
:1081BB00900078E0FE7046EFC39402402990FB2BB1
:1081CB0074FFF0A3F0A3F090FB2FF0A3F0A3F01F2C
:1081DB001FEFC454F0FF25E025E04207A3E0540F46
:1081EB00F0E04FF08017EF6401701290FB2BF0A3BF
:1081FB00F0A3F090FB2FF0A3F0A3F0A3F0EEB401EB
:10820B00121FEF25E025E0420790FB33E054F0F01E
:10821B00E04FF0900078E0640270161FEFC454F04A
:10822B00FF25E025E0420790FB33E054F0F0E04FF0
:10823B00F0900078E0FEB403121FEF25E025E0423A
:10824B000790FB34E054F0F0E04FF0EE640470164E
:10825B001FEFC454F0FF25E025E0420790FB34E00C
:07826B0054F0F0E04FF02297
:0BB73100EF90FB11F090FB70E4F022A1
:0CB6D10090FB64EFF0A3EDF0A3EBF0227F
:0BB73C0090FB62E054FEF0E04FF022B2
:10A6A0008E598F5A90FB6AE4F0EFA3F090FB6AE0BA
:10A6B000FBE5595407FFEB4FF0ED90FB6CF090FB7E
:0EA6C0006AE0FBAF04EFC45470FFEB4FF022D2
:10A83A008E5B8F5C90FB67E4F0EFA3F090FB67E020
:10A84A00FBE55BFFEB4FF0ED90FB69F090FB67E0F7
:0CA85A00FBAF04EFC454F0FFEB4FF02202
:10B3AA0090FD42E04403F0E054FBF090FD1FE054AE
:05B3BA00FEF0C20322B9
:10AA5000C28CC28E758911758CFB758A9F758DD8D5
:10AA6000758BEFE4F5B1F5B2F5B3F5B4C2A9D2AB8D
:05AA7000C28CD28E2211
:109899008F2B8E2A8D298C2875C830759850E47FB6
:1098A90020FEFDFCAB2BAA2AA929A828124E02A842
:1098B90004A905AA06AB077FC07EFC7D9B7C01122B
:1098C9004E8DC3E49FFFE49EFE74019DFDE49CFC64
:1098D9007808124F30E48FCB7F20FEFDFCAB2BAA1A
:1098E9002AA929A828124E02A804A905AA06AB0785
:1098F9007FC07EFC7D9B7C01124E8DC3E49FFF8F50
:02990900CA2270
:10B23300C2CA7F007EE17D007C00129899D2CAC207
:08B24300ADC299C298C2AC2211
:0AB75D0075BE55E4F5BA75BEAA22C8
:10B4230075BE5575B90375BDFF75BCFFE4F5BA75F7
:03B43300BEAA228C
:10070D0075BE5575BBBB63BBFFE4F5BB75BEAA22B9
:10A9B400E4F5B8D288C2895391EF5391DF5391BF24
:10A9C40053917FC2F8C2F9C2FAC2FBD2A8C2E8C24C
:08A9D400E9C2EAC2EBC2AF22A6
:0FB48A0012B3AA12AA5012B23312B42302A9B4F9
:08B7CD00392006D706D806203A
:08B7C50090FDDFE030E7F922FE
:10AE580012B7C590FDDDE4F0A37480F090FDD174C5
:10AE68000CF090FDD07404F090FDDDE060FA02B7BC
:01AE7800C514
:10AF600012B7C590FDDDE4F0A37480F090FDD1E44C
:10AF7000F090FDD07404F090FDDDE060FA02B7C5FA
:10B24B0012B7C590FDDE7480F090FDE47404F090AD
:08B25B00FDD07408F002B7C534
:1080FF008F3E8E3D8D3C8C3BE4FF7EF0FDFCAB3E16
:10810F00AA3DA93CA83BC3124F1F6011E4FF7EE0BC
:10811F00FDFCA83BC3124F1F60030080DBE4FF7E12
:10812F00F0FDFCAB3EAA3DA93CA83BC3124F1F700C
:10813F003312AF6012B7C590FDDE7480F090FDDD95
:10814F00E4F090FDD6F0A374F0F0A3E4F0900009F2
:10815F00E090FDE4F090FDD07408F090FDDDE0605C
:10816F00FA12B7C5E4FF7EE0FDFCAB3EAA3DA93C89
:10817F00A83BC3124F1F703312AF6012B7C590FDEB
:10818F00DE7480F090FDDDE4F090FDD6F0A374E096
:10819F00F0A3E4F0900009E090FDE4F090FDD074BE
:0C81AF0008F090FDDDE060FA12B7C52278
:108272008F3E8E3D8D3C8C3BE4FF7EF0FDFCAB3EA1
:10828200AA3DA93CA83BC3124F1F6011E4FF7EE048
:10829200FDFCA83BC3124F1F60030080DBE4FF7E9E
:1082A200F0FDFCAB3EAA3DA93CA83BC3124F1F7098
:1082B2003012B7C590FDDE7480F090FDDDE4F090E1
:1082C200FDD6F0A374F0F0A3E4F090000AE090FD74
:1082D200E4F090FDD07408F090FDDDE060FA12B792
:1082E200C5E4FF7EE0FDFCAB3EAA3DA93CA83BC332
:1082F200124F1F703012B7C590FDDE7480F090FDF2
:10830200DDE4F090FDD6F0A374E0F0A3E4F0900079
:108312000AE090FDE4F090FDD07408F090FDDDE0FD
:0683220060FA12B7C5224B
:0E8C1F008F2F8E2E8D2D8C2C8B308A3189322A
:108C2D0012B24B12AE5812B7C590FDDE7480F0E44F
:108C3D00F535F536C3E5369534E5359533507490F5
:108C4D00FDDDE4F090FDD6E52FF0FFAE2EAD2DACA1
:108C5D002C7808124F30A3EFF0AF2FAE2EAD2DAC08
:108C6D002C7810124F30A3EFF090FDD07410F0E47B
:108C7D00FF90FDDDE0B4101590FDD2E0AB30AA31D0
:108C8D00A932853682853583124CCA80040FBF14F4
:108C9D00E0E52F2401F52FE4352EF52EE4352DF5E5
:108CAD002DE4352CF52C12B7C50536E53670850546
:038CBD003580817E
:018CC0002291
:08784B008F328E318D308C2F3D
:1078530074FFF539F53A1280FFAF32AE31AD30AC7B
:107863002F128272D3E5369400E53594005003025B
:10787300791F12B7C590FDDE7480F090FDDDE4F052
:1078830090FDD6E532F0FFAE31AD30AC2F78081263
:107893004F30A3EFF0AF32AE31AD30AC2F781012D2
:1078A3004F30A3EFF0A3E534F0E533A3F0E04480D9
:1078B300F0D3E536953AE535953950088535378562
:1078C30036388006853937853A38C3E53794014021
:1078D30006753701753800E5381490FDDBF0A3E435
:1078E300F090FDD07480F0E4FCFDE5322538F532EC
:1078F300E5313537F531ED3530F530EC352FF52FF2
:10790300E5382534F534E5373533F533C3E53695B6
:1079130038F536E5359537F53502786712AE5802F6
:02792300B24B65
:089F9E007F007EF07D007C00D5
:089FA6008F2B8E2A8D298C28D7
:109FAE00E490005AF0AF2BAE2AAD29AC287B017A93
:109FBE00007905753300753444128C1F900005E04E
:109FCE00B4AA09900047E0B45502D32290005AE09B
:099FDE0004F0E0C3940340CDC37C
:019FE7002257
:108DF100129F9E5003028E86E4900059F090005914
:108E0100E0FF25E024CEF582E434B7F583E49390C6
:108E1100000AF0EF25E024CDF582E434B7F583E4D0
:108E210093900009F09000477455F090000574AAE2
:108E3100F07533007534057535007536447F007E55
:108E4100F07D007C0012784B129F9E50297F007E9E
:108E5100F07D007C001280FF7F007EF07D007C00B1
:108E6100128272129F9E4009900059E09000A7F073
:108E710022E49000A7F0900059E004F0E0C39405CB
:058E81005003028DFE0C
:018E860022C9
:04B45B007F147E00DC
:0CB45F00EF4E6007EF1F70F81E80F52212
:10A9DC007F057E0012B45F7F0112A9627F0112A96C
:10A9EC008B12B45B7F0012A96212B45B7F0012A9B8
:08A9FC008B7F147E0002B45FA2
:10B21A007F0012A9627F0112A98B12B45B7F01120F
:09B22A00A9627F147E0002B45FEA
:10A4B500752FC812B1427F027E0012B45F7F011270
:10A4C500A98B7F0A7E0012B45F12B14240077F005C
:10A4D50012A98BC322E52FB401077F0012A98BD3E4
:05A4E50022D52FDED39B
:01A4EA00224F
:10A910007F0112A9627F0A7E0012B45F7F0112A933
:10A920008B7F0A7E0012B45F7F0012A98B7F0A7EA4
:09A930000012B45F7F0102A9626C
:02A079008F2F27
:10A07B00E4900064F0900064E0FFC394085031C397
:10A08B0074079FFFE52FA807088002C313D8FC5461
:10A09B0001FF12A96212B45B7F0112A98B12B45B90
:10A0AB007F0012A98B12B45B900064E004F080C5B2
:05A0BB007F0102A96213
:109EB10090006474FFF012B142E4900065F07F01FC
:109EC10012A98B12B45B900064E0FF25E0F012B19F
:109ED100425007900064E04401F012B14240079003
:109EE1000064E054FEF07F0012A98B12B45B900075
:0F9EF10065E004F0E0C3940840C4900064E0FF13
:019F0000223E
:049B10008F5D8D5E7A
:109B14009000A87414F09000A8E0FF14F0EF604ED9
:109B240012A9DC7F027E0012B45F7FE012A0797F6D
:109B3400017E0012B45F12A4B540DBE4FF12A079E9
:109B44007F017E0012B45F12A4B540CAAF5D12A0BB
:109B5400797F017E0012B45F12A4B540B9AF5E12E2
:109B6400A0797F017E0012B45F12A4B540A802B2AE
:019B74001AD6
:028E87008F2E2C
:108E89009000637414F0900063E0FF14F0EF607BCE
:108E990012A9DC7F027E0012B45F7FE012A0797F05
:108EA900017E0012B45F12A4B540DBE4FF12A07981
:108EB9007F017E0012B45F12A4B540CAAF2E12A082
:108EC900797F017E0012B45F12A4B540B97F017E9B
:108ED9000012B45F12B21A7F017E0012B45F12A9A8
:108EE900DC7F027E0012B45F7FE112A0797F017EF0
:108EF9000012B45F12A4B5408D129EB1900062EFCA
:108F0900F07F017E0012B45F12A91012B21A90000C
:038F190062E0FF14
:018F1C002232
:10B3BF007D72E4FF129B107D137F02129B107D03A1
:05B3CF007F03029B104A
:0B84920012B75D12B2637F16129269F0
:10849D0012070DA20A92141206A78F27E527F46082
:1084AD000612B7477527FFA20D92141205F48F27F8
:1084BD00E527F4600612AA757527FFA20B92141218
:1084CD00067A8F27E527F4600612B6E97527FFA215
:1084DD001092141206D18F27E527F4600612AE799B
:1084ED007527FFA20E921412071D8F27E527F46042
:1084FD000612B7A27527FFA20992141200708F27DA
:10850D00E527F4600612776D7527FFA211921412FC
:10851D0007388F27E527F4600612B9137527FFA2D8
:10852D000F92141207408F27E527F4700302849DE4
:06853D0012B3237527FFB5
:0385430002849D12
:0CB6DD00E4FF12000E90FD0E7420F0221D
:109AAA009000A574FFF09000A4F090009CE4F0A34D
:109ABA0074FFF0E4900051F0A3F090008FF0900052
:109ACA0050F0900053F0900049F0900000F0C20C62
:109ADA00C202C200C206C20774FF900054F0A3F08B
:109AEA00A3F0E4A3F0A37404F074FF90004AF0A377
:109AFA00F0A3F0E4A3F0A37404F0755FFFC205C2FB
:069B0A00017F0202B2001F
:01B9340022F0
:01B9350022EF
:10A93900129AAA128DF1129C98500A900036E09052
:10A94900000BF0800890000BE0900036F090003585
:09A959007401F090003704F022B3
:10B2630012B6DD12B48A12A93912B93512B44912D1
:08B27300B934127ACED2AF22E9
:089C00004100A900C112C1934B
:1006A70090005974FFF030141EC20A120FC6900052
:1006B70059EFF0F46003E0FF22120D02900059EFAA
:0906C700F0F46003E0FF227FFF64
:0106D0002207
:1005F40030143DC20D90FE26E05402C313FFA21234
:10060400E4336F701A9000A9E0C394145022E004FC
:10061400F0E06414701A3012037F10227F1122E478
:100624009000A9F090FE26E05402C31324FF921216
:020634007FFF46
:0106360022A1
:10067A00301427C20B9000A4E0FF9000A5E0FE6FA3
:10068A006018E09000A4F0F4601090000DEEF0C342
:0D069A00940650037F0F227FFF227FFF2276
:1006D10030141FC210D390001FE0940090001EE060
:1006E1009400400E74FFF5F0124D8945F070037FC0
:0506F10013227FFF222F
:0F071D0074FF900059F0A3F0301402C20E7FFF5A
:01072C0022AA
:10007000201403020268A20150028001C35003024F
:100080000268C209900036E06402600302012B900E
:10009000FE2AE030E6277F02129974900007E07094
:1000A0000E900037E0640170030202687F1722900F
:1000B0000037E0640370030202687F152290FE2679
:1000C000E05402C313704290FED7E054E7F0A3E07F
:1000D0004480F0E054BFF090FED7E04418F090FE6A
:1000E000DCE04420F0E04410F0900007E0700C9059
:1000F0000037E07003020268020260900037E0649B
:1001000002700302026802024F900007E0700E9036
:100110000037E0640170030202687F172290003705
:10012000E0640370030202687F1522900035E070DE
:10013000030201EB24FE7003020232147003020278
:10014000652402600302026830132EC21390FE2A57
:10015000E030E606E4900035805F90FED7E054E79B
:10016000F0A3E04480F0E054BFF090FED7E04418E4
:10017000F090FEDCE054DF806BD21390FED7E054A9
:10018000E7F0A3E04480F0E054BFF090FED7E044F5
:1001900018F090FEDCE054DFF0E054EFF090FE2A1F
:1001A000E030E627900007E0B4011D9000377403AB
:1001B000F090003514F090000BF0FF1299747F90CE
:1001C0007E0112B27B0202687F172290FED7E054B4
:1001D000E7F0A3E0543FF090FED7E04418F090FE23
:1001E000DCE04420F0E054EFF0807D90FED7E05456
:1001F000E7F0A3E04480F0E054BFF090FED7E04485
:1002000018F090FEDCE054DFF0E054EFF090FE2AAE
:10021000E030E60D900007E0B401037F15227F1760
:100220002290FE26E05402C313703D90003504F086
:10023000803690FE26E05402C313702C900007E035
:10024000B4011190000BE0FF900036E06F6019D20E
:10025000137F162290000BE0FF900036E06F6008DD
:0A026000D2137F18227F19227FFFBE
:01026A002271
:08073800301402C2117FFF2200
:08074000301402C20F7FFF22FA
:0EB6B500EF1FAC0670011E4C60030080F322F4
:10B27B00AB07AA06EB1BAE0270011A4E60097F905A
:08B28B007E0112B6B580ED2230
:069C0800015700015600A7
:03000300020637BB
:10063700C0E0C0F0C083C082C0D075D000C000C089
:1006470001C002C003C004C005C006C007120ED512
:1006570090009CEEF0A3EFF0D007D006D005D004B1
:10066700D003D002D001D000D0D0D082D083D0F038
:03067700D0E0329E
:030023000207547D
:010754003272
:030043000206F6BC
:1006F600C0E0C083C0825391EF90FDB8E4F0A3F050
:07070600D082D083D0E03265
:03004B0002074861
:040748005391DF32B8
:0300530002074C55
:04074C005391BF32D4
:03005B0002075049
:0407500053917F3210
:03000B0002072DBC
:0B072D00C28C758CFB758A9FD28C3249
:03001B0002035885
:10035800C0E0C0F0C083C082C0D075D000C000C06B
:0D03680001C002C003C004C005C006C007EC
:10037500C28E758DD8758BEFD28E05587F0B120501
:1003850013E55875F00184E5F0700490FCEAF0E59A
:100395005820E006D20AD20ED20DE5585403700655
:1003A500D20BD20FD211E55875F00684E5F0700234
:1003B500D210E55875F01484E5F07002D209300BBF
:0103C50052E5
:1003C60090FE26E05402C31370079000A5E0F47077
:1003D6003C90FE28E054041313543FF52365566001
:1003E600058523568027900049E0C394145023E0E6
:1003F60004F0B4141DE52314600804700575230386
:1004060080037523009000A5E523F0800590004940
:02041600E4F010
:10041800D007D006D005D004D003D002D001D00038
:0B042800D0D0D082D083D0F0D0E032E2
:02B74700AE074B
:09B74900E4AF061297390292697F
:10AA75008F28E528B4100C900007E0B401057F1578
:10AA8500129269E528B4110C900007E0B401057F26
:05AA9500151292692278
:0CB6E900BF0F0890000DE0FF1271E92275
:10AE79008F28E528B413057F08129269E528B414D0
:10AE8900057F09129269E528B412057F17129269A4
:01AE99002296
:09B7A200BF20057F2B12926922E1
:10776D008F28E528B4181E9000357401F0E49000C0
:10777D0037F0900036E090000BF09000077401F0A8
:10778D007F17123750E5286416702A90003504F0E3
:10779D0090003704F0900036E090000BF0D2057F9A
:1077AD0014129269C20590FE26E05402C3136005BF
:1077BD00E4900035F0E5286417704590000B7402D5
:1077CD00F0900035F090003714F0D2057F14123789
:1077DD0050C205900090E075F003A42400F582E5F9
:1077ED00F03437F583E493FB740193FA740293F943
:1077FD00900022124DCAFF90001EE5F0F0A3EFF0AD
:10780D00E528B4151890000B7402F0900035F09037
:10781D00003704F0D2057F14129269C205E528B431
:10782D00191B90000B7402F0900035F09000370496
:0E783D00F0D2057F15129269C20512B3E8223F
:03B913008F282258
:10B323008F28E528B41F057F19123750E528B41E6E
:07B33300057F1812375022BC
:10A4EB0020000020B10620670120D205208E02003B
:10A4FB0001000002060008010100050400020B0028
:10A50B000A06020104050302FFFFFF0004FFFFFF21
:02A51B0000043A
:100FC60090005A74FFF0A3F0A3F090009CE0FEA3FB
:100FD600E0FF120F8290005BEEF0A3EFF0F47002D8
:100FE600EEF460169000027402F090005BE0FEA33F
:0F0FF600E0FF120F2F90005AEFF090005AE0FF2B
:0110050022C8
:100D02007528FF78297C007D007BFF7AA579137E08
:100D1200007F05124C5E900053E014603904706449
:100D22001209F978297C007D007E007F05124C5E55
:100D3200E52D6404601CC206782E7C007D007B00D9
:100D42007A0079297E007F05124C5E1207558F28A2
:100D52008032D206802E120AE978297C007D007E3C
:100D6200007F05124C5EE52D64046018782E7C002D
:100D72007D007B007A0079297E007F05124C5E128D
:100D82000C598F28E528F460189000027401F0AF26
:100D920028120E7678297C007D007E007F05124C99
:030DA2005EAF2B16
:010DA500222B
:020E76008F2EBD
:100E7800785B7C007D017BFF7AA579187E007F0571
:100E8800124C5EE490005AF090005AE0FFC39405BB
:100E98005034EF25E0240AF582E434A5F583E49381
:100EA800FFF4601AE52EB5071590005AE025E024F6
:100EB80009F582E434A5F583E49390005DF0900091
:0C0EC8005AE004F080C27B017A00795BE4
:010ED40022FB
:1007550090005C74FFF0E490005AF090005AE0FFBE
:10076500C3940540030208F0EF75F003A424EBF5EC
:1007750082E434A4F583E493FE740193F47002EEED
:10078500F470030208E7EE5430FEE52E5430FCE425
:100795007002EE6C60030208E7E52F452E60030248
:1007A500085890005BF090005BE0FFC394054003A0
:1007B5000208E7EF75F003A424EBF582E434A4F511
:1007C50083E493FE740193FFF47002EEF4607BEF13
:1007D500652F7003EE652E7071E52E5430C4540FED
:1007E500900001F090005BE075F003A424EDF58224
:1007F500E434A4F583E49390005CF0E532B4011A87
:10080500E531C3941550069000047401F09000047E
:10081500E054FBF054FDF00208E7E53264026003A2
:100825000208E7900004E054FEF0E531B4150974C0
:1008350002F054FBF00208E7E5316450600302085A
:10084500E79000047406F00208E790005BE004F00E
:100855000207AB90005AE075F003A424EBF582E49F
:1008650034A4F583E493FE740193FFAD2FAC2E12EF
:10087500B368C3EF940AEE94005067E52E5430C474
:10088500540F900001F090005AE075F003A424ED98
:10089500F582E434A4F583E49390005CF0E532B48A
:1008A5000119E531C3941550069000047401F090C8
:1008B5000004E054FBF054FDF08030E53264027032
:1008C5002A900004E054FEF0E531B415087402F0F6
:1008D50054FBF08016E531B450119000047406F015
:1008E500800990005AE004F002076090005CE0FF88
:0108F50022E0
:100C590090005B74FFF0E490005AF090005AE0FFB6
:100C6900C394054003020CFCEF75F003A424FAF5C4
:100C790082E434A4F583E493FE740193FFF47002D3
:100C8900EEF46066EF652F7003EE652E705C9000E0
:100C99005AE075F003A424FCF582E434A4F583E456
:100CA9009390005BF0E532B40119E531C394155016
:100CB900069000047401F0900004E054FBF054FD28
:100CC900F08030E5326402702A900004E054FEF0AE
:100CD900E531B415087402F054FBF08016E531B41F
:100CE90050119000047406F0800990005AE004F055
:080CF900020C6490005BE0FFB7
:010D010022CF
:0BB75200FFFFFF000402FFFFFF0004E8
:109C0E00480083FFFFFFFFFFFFFFFF41008B004176
:039C1E00008C00B7
:0808F6008B328A3389348D3501
:1008FE00E4900068F0A3F0A3F0A3F0900065F090F0
:10090E000065E0FFC395355033AB32AA33A9347579
:10091E00F002EFA4F58285F083124DCAFFAEF012FD
:10092E004D9FFDACF012B368900069E02FF090007F
:10093E0068E03EF0900065E004F080C3E49000674C
:10094E00F090006504F0900065E0C3953540030219
:10095E0009DFE4A3F0900066E0FDC395355040AB8F
:10096E0032AA33A934900065E075F002A4F58285B1
:10097E00F083124DCAFFAEF075F002EDA4F582853C
:10098E00F083124DCAFDACF012B36890006BE02FED
:10099E00F090006AE03EF0900066E004F080B690C1
:1009AE00006AE0FEA3E0FFD3900069E09F9000682C
:1009BE00E09E400DEEF0A3EFF0900065E090006732
:1009CE00F0E490006AF0A3F0900065E004F00209F4
:1009DE0054AB32AA33A934900067E075F002A4F547
:0A09EE008285F083124DCAFFAEF0BF
:0109F80022DC
:080BA9008B2E8A2F89308D315B
:100BB10074FF900063F0A3F0D215E4900061F0E5BA
:100BC1003114FF900061E0FEC39F505AEE04A3F080
:100BD100900062E0FDC395315041AB2EAA2FA930A0
:100BE100900061E075F002A4F58285F083124DCA90
:100BF100FFAEF075F002EDA4F58285F083124DCAC7
:100C0100FDACF012B368D3EF940DEE94004004C232
:100C1100158008900062E004F080B530150890005E
:100C210061E004F0809930151FAB2EAA2FA930ADD9
:100C3100311208F6900063EEF0A3EFF0EE448090DD
:100C41000063F0A3EFF08007900063E0547FF09021
:070C51000063E0FEA3E0FFD9
:010C58002279
:040E11008E2E8F2F63
:100E150078617C007D017BFF7AB779527E007F0582
:100E2500124C5EE52E5430C4540FFF900001E0B51E
:100E3500073874FF90004AF0A3F0900054E0FEA339
:100E4500E0FFF47002EEF46014900061EEF0A3EFA1
:100E5500F090004DE0900064F0A37401F0E4900080
:100E65004DF074FF900054F0A3F07B017A00796196
:010E7500225A
:1009F900785A7C007D017BFF7AB779587E007F05A4
:100A0900124C5E90008BE090B75793FF120433EEBF
:100A1900C4F854F0C868FEEFC4540F48FF90008C26
:100A2900E025E02483F582E43400F583EEF0A3EFBA
:100A3900F090008CE004F0E0C394045003020AE251
:100A4900E4F07B017A0079837D04120BA990005FA1
:100A5900EEF0FCA3EFF0FD90008BE090B75793C444
:100A690054F04CFEEDFF90005FEEF0A3EFF0EE3096
:100A7900E76790005FE0FEA3E0FFC394F0E4940011
:100A8900401490008BE004F0E094014002E4F0EEA1
:100A9900547FFE020E1190005FE0547FFEA3E0FF39
:100AA90090004AEEF0A3EFF0900054EEF0A3EFF0BF
:100AB90090004DE0D394FF5003E004F090004AE029
:100AC900FFA3E090005ACFF0A3EFF090004DE09023
:0F0AD900005DF0A37402F080007B017A00795A6F
:010AE80022EB
:10005E00026B04036B060B6B12046B050A6B1B0819
:02006E006B1A0B
:100F820074FF90005DF0A3F0E5E530E00353E5FE69
:100F9200EFF47002EEF4602320072074FF90009CAF
:100FA200F0A3F0E5E590000430E1057402F080035F
:100FB2007401F090005DEEF0A3EFF090005DE0FEB2
:030FC200A3E0FFAA
:010FC5002209
:100F2F0090005E74FFF0E490005DF090005DE0FDD6
:100F3F00C394065038ED75F003A4245FF582E434B2
:100F4F0000F583740193B5071CE493B50617900061
:100F5F005DE075F003A4245EF582E43400F583E4CC
:100F6F009390005EF090005DE004F080BE90005E14
:020F7F00E0FF91
:010F8100224D
:05000600FFFFFF0004F4
:100AE900785D7C007D017BFF7A0079067E007F05B9
:100AF900124C5E7F08128E87EF540F90005CF090C5
:100B0900005AF0A3E4F07F09128E8790005AE0FEA4
:100B1900A3E04FFF90005AEEF0FEA3EFF04E703ABB
:100B290074FF90004AF0A3F0900054E0FEA3E0FFA8
:100B3900F47002EEF4601490005DEEF0A3EFF09013
:100B4900004DE0900060F0A37401F0E490004DF0D6
:100B590074FF900054F0A3F0803F90005AE0FEA388
:100B6900E0FF90004AEEF0A3EFF0900054EEF0A3FE
:100B7900EFF090004DE0D394FF5003E004F09000B3
:100B89004AE0FFA3E090005DCFF0A3EFF090004DA5
:0F0B9900E0900060F0A37402F07B017A00795DB8
:010BA800222A
:109A43009000077401F012AA047F0212A6127FC8C5
:109A53007E0012B27B90FE26E05402C3136008908E
:109A630000357403F0802290000BE0FF12A6127FF2
:109A7300C87E0012B27B90FE26E05402FFC313603F
:109A830005E4900035F012B3E89000377402F090CB
:109A9300FE26E05402C31324FF9202D20074FF9007
:079AA300009CF0A3F0D322A8
:10A89200E4900007F012B3D4129DAF90000BE0FFDA
:10A8A20012B93312B00012B82D7FF47E0112B27BBE
:0AA8B20074FF90009CF0A3F0D32285
:0A9E5F008B2F8A3089318C328D334D
:109E6900E4900066F0900064F0A3F0900064E0FED6
:109E7900A3E0FFC39533EE95325027A3E0FDAB2F46
:109E8900AA30A9318F828E83124C9DFFED6F90000D
:109E990066F0900065E004F070D1900064E004F091
:079EA90080C9900066E0FF94
:019EB000228F
:106C330090000BE0C394034002E4F0900036E0C3FD
:106C430094034002E4F0900010E0D3946440037492
:106C530032F0900012E0D3946440037432F0900059
:106C630011E0D3946440037432F0900013E0D394A2
:106C73006440037432F090001AE0D39464400374C8
:106C830032F090002FE0D394014002E4F090003002
:106C9300E0D394034002E4F090001DE0D394094054
:106CA300037409F0900023E0D3648094B24002E4BB
:106CB300F0900024E0D3648094B24002E4F09000AA
:106CC30032E0D394024002E4F0900032E0D3940225
:106CD3004002E4F0900034E0D394084002E4F090E2
:106CE300001BE0D394014002E4F0900042E0D3940F
:106CF3000140037401F0900040E0D3940140037419
:106D030001F0900041E0D3940140037401F090003E
:106D130043E0D3940140037401F0900044E0D39422
:106D23000140037401F0900007E0D3940140037421
:106D330001F0900046E0D3940240037402F0900007
:106D430045E0D3940140037401F0900038E0D394FC
:106D53000440037404F0900018E0D39406400374D5
:036D630006F02215
:1094E1007B017A007905900048E0F52D7D437C00F1
:0A94F1008B288A29892A8C2B8D2CE8
:1094FB00E490005BF0900047E064557050900005DD
:10950B00E064AA7048900059F0A3F0900059E0FE77
:10951B00A3E0FFC3952CEE952B5027A3E0FDAB28C2
:10952B00AA29A92A8F828E83124C9DFFED6F900082
:10953B005BF090005AE004F070D1900059E004F019
:0E954B0080C990005BE0B52D02D322C322C37D
:0195590022EF
:109DAF00126C339000477455F090000574AAF07B45
:109DBF00017A0079057D437C00129E5F900048EF89
:109DCF00F0300435C20475330075340575350075F0
:109DDF0036447F007EF07D0012784B7F647E001248
:109DEF00B27B7533007534057535007536447F00C9
:0A9DFF007EE07D007C0012784B220C
:1090CB00E490000BF0900036F09000107432F090AA
:1090DB000012F0900011F0900013F0E4900018F0E3
:1090EB0090000DF0A3F0A3F090001A7432F0E4A3FB
:1090FB00F090002FF0A3F090001D7409F0E4A3F0A2
:10910B00A3F090000704F0E4900038F0900032F0E8
:10911B00900034F0900042F090004004F0A3F090E7
:10912B000043F0E4A3F0A3F0A37402F0900010E06E
:10913B00900014F0900011E0900015F0900012E0F8
:0C914B00900016F0E4900023F0A3F02246
:109C98007F007EF07D007C00129FA61294E15002A6
:109CA80080107F007EE07D007C00129FA61294E168
:109CB8005005126C33D3221290CB9000A7E0FF75A9
:109CC800F002A424CEF582E5F034B7F583E493904E
:109CD800000AF075F002EFA424CDF582E5F034B760
:0F9CE800F583E493900009F0D204129DAFC322DC
:02B91C00000227
:03B91600028FAEEF
:10A7B3009000A574FFF0E4900049F0900064F07FEE
:10A7C300057E0012B27B9000A5E0F46002D32290D4
:0CA7D3000064E004F0E0C3942840E4C3FC
:01A7DF002257
:10A7E000E4900064F0900064E0FEC394035010EE27
:10A7F00090B91C936F6008900064E004F080E690CC
:0CA800000064E004F0540190B91C93FFC8
:01A80C002229
:10A612008F2F12B932AF2F129974D20C90002FE003
:10A62200FF128D5A12B9317FC87E0012B27B12A777
:10A63200B3500C9000A5E0FF9000A4F01271E92243
:10B4490012A10612B919129FE812964B12A03102E5
:02B45900A47FCE
:1010060000000000000000000000000000000000DA
:1010160000000000000000000000000000000000CA
:101026000000000000000F00198019801980198047
:1010360019801980198019800F0000000000000037
:1010460000000000000006001E0006000600060064
:1010560006000600060006001F80000000000000D3
:101066000000000000000F0019801980198001801F
:10107600030006000C0019801F800000000000001D
:101086000000000000000F001980198001800F0089
:1010960001800180198019800F0000000000000007
:1010A60000000000000003000300070007000F0017
:1010B6001B0033003FC00300078000000000000053
:1010C6000000000000001F801800180018001F0014
:1010D60019800180018019800F00000000000000C7
:1010E6000000000000000F001980198018001F0082
:1010F60019801980198019800F0000000000000077
:101106000000000000003F803180318003000600AF
:1011160006000C000C000C000C0000000000000093
:101126000000000000000F001980198019800F00D0
:1011360019801980198019800F0000000000000036
:101146000000000000000F00198019801980198026
:101156000F800180018019800F0000000000000050
:101166000000000000000600060006000F000F0049
:1011760019801F8030C030C079E0000000000000F8
:101186000000000000003F8018C018C018C01F8073
:1011960018C018C018C018C03F800000000000002A
:1011A6000000000000000F8019C030C03000300081
:1011B6003000300030C018C00F8000000000000072
:1011C6000000000000003F00198018C018C018C0B9
:1011D60018C018C018C019803F00000000000000A9
:1011E6000000000000003FC018C0180019801F80D2
:1011F60019801800180018C03FC000000000000049
:101206000000000000003FC018C0180019801F80B1
:1012160019801800180018003C00000000000000AB
:101226000000000000001F8031C060C06000600048
:1012360061E060C060C031C01F8000000000000097
:1012460000000000000079E030C030C030C030C07F
:101256003FC030C030C030C079E000000000000060
:101266000000000000000F00060006000600060051
:1012760006000600060006000F0000000000000041
:101286000000000000001F800600060006000600A1
:1012960006000600660066003C0000000000000034
:1012A6000000000000007BC03180330036003C00A7
:1012B6003C003600330031807BC000000000000097
:1012C6000000000000003C0018001800180018007C
:1012D60018001800186018C03FC000000000000089
:1012E600000000000000E070606070E070E079E0EF
:1012F60079E06F606F606660F6F000000000000045
:1013060000000000000071E030C038C03CC036C0AC
:1013160033C031C030C030C078C0000000000000CB
:101326000000000000000F8018C0306030603060A0
:1013360030603060306018C00F8000000000000090
:101346000000000000003F8018C01860186018C038
:101356001F801800180018003C0000000000000064
:101366000000000000000F00198030C030C030C0FF
:1013760030C030C03FC019C00F8001E000C000007F
:101386000000000000003F8018C018C018C018C038
:101396001F80198018C018C03CE000000000000043
:1013A6000000000000001F8031C030C030001C006B
:1013B600078000C030C038C01F8000000000000059
:1013C6000000000000003FC036C066600600060050
:1013D60006000600060006000F00000000000000E0
:1013E60000000000000079E030C030C030C030C0DE
:1013F60030C030C030C030C01F8000000000000088
:1014060000000000000079E030C030C0198019806B
:1014160019800F000F000600060000000000000003
:10142600000000000000F6F06660666066603FC07F
:101436003FC03FC0198019801980000000000000DD
:1014460000000000000079E030C019800F0006009F
:1014560006000F00198030C079E00000000000008F
:1014660000000000000079E030C0198019800F00EC
:1014760006000600060006000F000000000000003F
:101486000000000000003FC030C030C001800300F3
:1014960006000C00180030C03FC00000000000002D
:1014A60000000000060000003FC030C030C00180D0
:1014B600030006000C00180030C03FC0000000000A
:1014C60000000000030006001F8031C030C030005D
:1014D6001C00078000C030C038C01F80000000001C
:1014E60000000000018003000F8019C030C03000EA
:1014F60030003000300030C018C00F8000000000FF
:10150600000000000180030038F018601C601E60B7
:101516001B6019E018E0186018603C6000000000CD
:1015260000000000000000003C0018001E001C0027
:10153600180038001800186018C03FC000000000EE
:101546000000000006000C007F80618061800300BF
:1015560006000C001800300061807F80000000004B
:1015660000000000000000003FC018C018001980ED
:101576001F8019801800180018C03FC0030001C062
:1015860000000000000000000000060006000F003A
:101596000D800F8018C018C039E000000000000060
:1015A60000000000000000003FC018C0180018002E
:1015B6001F8018C018C018C03F800000000000003F
:1015C60000000000000000003F8018C018C018C0CE
:1015D6001F8018C018C018C03F800000000000001F
:1015E60000000000000000003FC018C018001800EE
:1015F60018001800180018003C0000000000000049
:1016060000000000000000001FE00CC00CC00CC071
:101616000CC00CC00CC018C03FE0306000000000D9
:1016260000000000000000003FE01860180019806C
:101636001F801980186018603FE00000000000005D
:1016460000000000000000001F801CC018C000C081
:10165600078000C018C018C00F80000000000000FE
:1016660000000000000000003DE018C018C019C0CE
:101676001BC01EC01CC018C03DE0000000000000DA
:101686000000000000000D8007003DE018C019C0F2
:101696001BC01EC01CC018C03DE0000000000000BA
:1016A60000000000000000003D801BC01B001B0066
:1016B6001E001B001B001BC03D8000000000000038
:1016C60000000000000000001FE00CC00CC00CC0B1
:1016D6000CC00CC00CC03CC039E00000000000008B
:1016E600000000000000000070E030C039C039C0C2
:1016F6003FC03FC036C036C079E0000000000000A1
:1017060000000000000000003DE018C018C018C02E
:101716001FC018C018C018C03DE00000000000003F
:1017260000000000000000003FE018C018C018C00C
:1017360018C018C018C018C03DE000000000000026
:1017460000000000000000003DE018C019800D8078
:101756000F000700060036001C0000000000000015
:1017660000000000000000003DE018C00D8007806A
:10177600030007000D8018C03DE0000000000000D7
:1017860000000000000000003DE018C018C018C0AE
:1017960018C018C018C018C03FF000300000000084
:1017A60000000000000000003DE018C018C018C08E
:1017B60019C00FC000C000C001E00000000000001A
:1017C6000000000000000000F7F063306330633073
:1017D6006330633063306330FFF0000000000000C8
:1017E60000000000000000007FF03330333033305B
:1017F60033303330333033307FF0001000000000D8
:1018060000000000000000007E006C000C000C00D0
:101816000FC00C600C600C601FC0000000000000D0
:10182600000000000000000078F03060306030609A
:101836003F6031E031E031E07FF000000000000061
:1018460000000000000000001F001D8018C000C03E
:1018560007C000C018C019800F000000000000007B
:101866000000000000000000F3C066606C306C30C1
:101876007C306C306C306660F3C000000000000005
:1018860000000000000000000FE018C018C018C0DB
:101896000CC007C00CC03CC019E0000000000000EE
:1018A6000000000000001B003FC018C018001B000D
:1018B6001F001B00180018C03FC0000000000000F9
:1018C60000000000000000006F6036C036C036C061
:1018D6001F8036C036C036C06F60000000000000B2
:1018E60000000000000000000F00198030C030C06A
:1018F60030C030C030C019800F000000000000006A
:1019060000000000000000003F8018C018C018C08A
:101916001F801800180018003C000000000000009E
:1019260000000000000000000FC019C030C030C029
:101936003000300030C019800F00000000000000A9
:1019460000000000000000003FC036C00600060090
:1019560006000600060006000F000000000000005A
:1019660000000000000000000F0006003FC0666097
:10197600666066603FC006000F00000000000000C1
:1019860000000000000000003C00180018001800CD
:101996001F8018C018C018C03F800000000000005B
:1019A6000000000000000000000000000000000031
:1019B600000000000C000C00000000000000000009
:1019C60000000000000000000C000C0000000000F9
:1019D60000000C000C0000000000000000000000E9
:1019E6000000000000003E006300630006000C00DB
:1019F6000C0000000C000C000000000000000000BD
:101A06000000000000003000780078007800300008
:101A16003000000030003000000000000000000030
:101A260000C081C0C35066703C60F8C0CDC0CF40D6
:101A3600CF40CDC0F8C03C606670C35081C000C0C6
:101A46000C000700318038C01C60C660E660266066
:101A56002660E660C6601C6038C0318007000C0056
:101A66000C00060000000600060006000F000F002E
:101A760019801F8030C030C079E0000000000000EF
:101A86000300060000000600060006000F000F0017
:101A960019801F8030C030C079E0000000000000CF
:101AA6000200050008800600060006000F000F0071
:101AB60019801F8030C030C079E0000000000000AF
:101AC6000C80130000000600060006000F000F0041
:101AD60019801F8030C030C079E00000000000008F
:101AE6000D800D8000000600060006000F000F00A6
:101AF60019801F8030C030C079E00000000000006F
:101B06000600090006000000060006000F000F0090
:101B160019801F8030C030C079E00000000000004E
:101B26000000000000000FC01EC01600260026C0E0
:101B360067C07EC0660066C067C000000000000087
:101B46000C00060000003FC018C0180019801F8056
:101B560019801800180018C03FC0000000000000DF
:101B66000300060000003FC018C0180019801F803F
:101B760019801800180018C03FC0000000000000BF
:101B86000600090000003FC018C0180019801F8019
:101B960019801800180018C03FC00000000000009F
:101BA6001980198000003FC018C0180019801F80D6
:101BB60019801800180018C03FC00000000000007F
:101BC6000C000600000079E030C030C030C030C0E4
:101BD60030C030C030C030C01F80000000000000A0
:101BE60002000500000079E030C030C030C030C0CF
:101BF60030C030C030C030C01F8000000000000080
:101C060003000600000079E030C030C030C030C0AC
:101C160030C030C030C030C01F800000000000005F
:101C260018C018C0000079E030C030C030C030C0E5
:101C360030C030C030C030C01F800000000000003F
:101C460003000600000079E030C0198019800F00FB
:101C560006000600060006000F0000000000000057
:101C66000000000000003C0018001F8018C018C0CB
:101C760018C01F801800180018003C000000000063
:101C8600000000001E00330033003300360033002E
:101C9600330033003300360030000000000000003F
:101CA6003000180000001E000C000C000C000C0098
:101CB6000C000C000C000C001E00000000000000D0
:101CC6000C00180000001E000C000C000C000C009C
:101CD6000C000C000C000C001E00000000000000B0
:101CE6000C00120000001E000C000C000C000C0082
:101CF6000C000C000C000C001E0000000000000090
:101D06006600660000003C00180018001800180065
:101D160018001800180018003C0000000000000021
:101D26000000000000003F00198018C018C03CC029
:101D360018C018C018C019803F000000000000003D
:101D460032004C0000003C00180018001800180073
:101D560018001800180018003C00000000000000E1
:101D660018000C0000001F00318060C060C060C019
:101D760060C060C060C031801F000000000000002D
:101D860006000C0000001F00318060C060C060C00B
:101D960060C060C060C031801F000000000000000D
:101DA60004000A0000001F00318060C060C060C0EF
:101DB60060C060C060C031801F00000000000000ED
:101DC6000C80130000001F00318060C060C060C03E
:101DD60060C060C060C031801F00000000000000CD
:101DE6001B001B0000001F00318060C060C060C087
:101DF60060C060C060C031801F00000000000000AD
:101E06000000000000201F40318061C061C062C038
:101E160064C068C070C031805F00800000000000B0
:101E2600000000000000700030003F00318031806B
:101E3600318031803F00300030003000000000006B
:101E460000000900060000001F00318031801800E4
:101E56000E000300318031801F00000000000000EA
:101E66000000000000000000F1E060C060C060C03B
:101E76007EC062C062C062C0FFE0000000000000D9
:101E8600000000000000000000000000000000004C
:101E9600000000000000000000000000DB60DB60C6
:101EA6000000C000C000C000C000C000C000C000EC
:101EB600C000C000C000C000C0000000DB60DB60E6
:101EC6000000D800D800D800D800D800D800D80024
:101ED600D800D800D800D800D8000000DB60DB604E
:101EE6000000DB00DB00DB00DB00DB00DB00DB00EF
:101EF600DB00DB00DB00DB00DB000000DB60DB601F
:101F06000000DB60DB60DB60DB60DB60DB60DB602E
:101F1600DB60DB60DB60DB60DB600000DB60DB601E
:101F2600000000000000180027E04010C3E0C200D7
:101F3600C200C200C400280010000000000000001B
:101F46000000000000000F8019C030C030003000D3
:101F56003000300030C018C00F80020001000700BA
:101F66000C801300000071E030C038C03CC036C0A1
:101F760033C031C030C030C078C00000000000005F
:101F8600000000001B000E001E0003001F803180B1
:101F960031803180318031801F0000000000000058
:101FA60000000000380018001F00198019801980F1
:101FB60019801F001800180018003C0000000000DF
:101FC600000000000000000037C06EC0664066805A
:101FD6006780668066406EC037C000000000000063
:101FE60011000A0004003FC030C030C00180030069
:101FF60006000C00180030C03FC0000000000000C2
:1020060019801980000079E030C0198019800F000E
:1020160006000600060006000F0000000000000093
:10202600000000000000600078007E007F807FE0F6
:102036007F807E0078006000000000000000000045
:10204600000000000000006001E007E01FE07FE004
:102056001FE007E001E00060000000000000000053
:102066000000000010001F0022007F80C480448012
:102076007F804000402040203FE00000000000003C
:10208600000000000400FFE000003F802080FFE029
:1020960080201F0011202120C1E000000000000068
:1020A600000000000040F84008404FE02840124081
:1020B600114029404840884001C00000000000004F
:1020C6000000000042004200422042407B80420065
:1020D600420042204A20722043E000000000000037
:1020E600000000001800E7E0A920FD207360A92089
:1020F600FB60ADA0F920A920FB60000000000000F5
:10210600000000002100F90047E06100A7E0FA00A6
:1021160023C03840E080230020800000000000003B
:10212600000000009FE042000F800480C4805FE052
:1021360040004FC0584068404FC0000000000000FB
:10214600000000000400FFE000003F8000003F8028
:1021560000003F80208020803F80000000000000BB
:10216600000000003F80208020803F800000FFE0CC
:1021760010001F80008000800700000000000000A3
:102186000000000021007BE094802FC050404F40AB
:1021960049404F4049404F4040C000000000000009
:1021A60000000000040004007FC044404440444056
:1021B6007FC00400040004000400000000000000CA
:1021C6000000000008000440FFE0110011001100AB
:1021D6000A000A0004001B00E0E000000000000006
:1021E600000000004FE029200BA00920CFE0482086
:1021F6004BA05AA06BA0482010E000000000000091
:10220600000000002FE02280F7C0244067C0744021
:10221600A7C0A1002FE022802C6000000000000073
:102226000000000002800240FFE002000200FE0003
:102236001200110011201CA0E06000000000000048
:10224600000000007FC0040004000400FFE00A0054
:102256000A00120012202220C3E000000000000045
:102266000000000021003FE020004FC04000CFC02A
:1022760040004FC048404FC04840000000000000EA
:1022860000000000110011002FE021006300A5806E
:10229600294031202FC0210021000000000000004D
:1022A6000000000010403FE06080BF8020803F803B
:1022B60010001F8069000600F9E000000000000021
:1022C60000000000240022005FE04000C880488033
:1022D60044804500450041005FE00000000000002A
:1022E6000000000002007FE048807FE048804F80C9
:1022F60040005F8045008700B8E000000000000055
:10230600000000004FE029000BE0AA206BE02A2025
:102316004BE05080D2C064A04BA00000000000003B
:102326000000000000004FE0F20007C0F24002404B
:10233600FFE00000F7C094409440F7C000000000A2
:102346000000000007C0F440944097C0F440944059
:1023560097C0F4400440084031C00000000000006F
:1023660000000000000000001E00020004000F0034
:1023760010802C8013000E000000000000000000FA
:102386000000000000000400080005001E00010017
:102396000F80100010000F800000000000000000F9
:1023A60000000000000000000000000003800C8018
:1023B6000080008003801C00000000000000000078
:1023C60000000000000000000000080004000420D7
:1023D6000040008013000C00000000000000000018
:1023E6000000000000000000080008000C000A00C1
:1023F60009000800080008000000000000000000B6
:1024060000000000000000000E0030000E00720008
:102416000200040008003000000000000000000078
:10242600000000000000000000000E003200040062
:1024360004000A0011006000000000000000000017
:10244600000000000E20F44054802B001020FE40B7
:1024560011803820544091801600000000000000D2
:1024660000000000000000000000000011001080C5
:10247600104012C014000C00000000000000000014
:10248600000000003FC02040204020403FC02040C8
:102496002040204020403FC02040000000000000B7
:1024A6000000000004000440FFE004000E001500D8
:1024B60024804440BFA00400040000000000000087
:1024C6000000000000000000000008000B800C80E7
:1024D6003900080008000780000000000000000026
:1024E600000000000000000000000000000083E083
:1024F6007C0000000000000000000000000000005A
:1025060000000000000001000900090009000900A0
:1025160001000100020004000000000000000000AD
:102526000000000000000000000014800A80010086
:102536000200040008000000000000000000000087
:102546000000000004000A0011002080DF60000087
:1025560000003F80208020803F80000000000000B7
:1025660000000000003C07C00400040007FC05044E
:10257600050404880450042004D80B06000000005B
:10258600000000002000FBC02000F800AFE0F900CA
:10259600A900FA002240FCE027200000000000000D
:1025A60000000000000000000000000000003FFCEA
:1025B6003FFC0000000000000000000000000000DA
:1088BD0000000000000001C001C003C007600630C9
:1088CD000C1C380F601FCFF10000180C1FFC180C8A
:1088DD00180C180C180C1FFC000000000000000004
:1088ED000000000E01FF3F003000300030003FFF60
:1088FD003606330E330C319830F830F0607061F875
:10890D00C30F9E07F00100000000000000001C00D6
:10891D001800FFFF19801800FF00DB00DB01FFFFCF
:10892D00DB18DB38FF301B66FFE318C119FF180198
:10893D001800000000000000000000000000000012
:10894D0000000000000000003FFC3FFC00000000A4
:10895D00000000000000000000000000000000000A
:10A51D00415631004156320041563300FFA51DFF13
:10A52D00A521FFA525000000000002000200FFB3D9
:10A53D003AFFAB060008000000000000FFA5350043
:01A54D000805
:10AB060012B33A90A52975F003EF124F60EE75F077
:10AB160003A42583F583E493FB740193FA740293EB
:02AB2600F92212
:10A1CF0078647C007D017BFF7AA579327E007F0366
:10A1DF00124C5EE55F90006430E106E04402F080CF
:10A1EF0004E04401F0535FFD435F0190002FE0B4A2
:10A1FF000109900065E0249BF080007B017A0079D3
:01A20F0064EA
:01A21000222B
:10B33A0090000BE0146007146004240280057E006C
:07B34A007F0122E4FEFF2257
:10B46B00000100180000000001000077000012200E
:10A54E00415631004156320041563300FFA54EFFB1
:10A55E00A552FFA556000000000002000200FFB346
:10A56E0051FFAB280008000000000000FFA56600A8
:01A57E0008D4
:10AB280012B35190A55A75F003EF124F60EE75F00D
:10AB380003A42583F583E493FB740193FA740293C9
:02AB4800F922F0
:10A2110078647C007D017BFF7AA579637E007F03F2
:10A22100124C5EE55F90006430E106E04402F0808C
:10A2310004E04401F0535FFD435FFD90002FE0B463
:10A241000109900065E0249BF080007B017A007990
:01A2510064A8
:01A2520022E9
:10B3510090000BE0146007146004240280057E0055
:07B361007F0122E4FEFF2240
:10B37E00200511900036E0FF12A7E090000BEFF0D1
:06B38E00900036F0D3220E
:10990B0020050812B3D412AA048019900036E0B4D3
:10991B000203D38001C3401D12B3D4900007E07043
:10992B000312AA0412B82D90000BE0FF12A6127FAF
:10993B00C87E008024900007E0700912AA047F9073
:10994B007E01801512B3D412AA0412B82D90000B0D
:10995B00E0FF12A6127FC87E0012B27B12B3E8742E
:09996B00FF90009CF0A3F0D32250
:10AA2A0024002500FFAA2AFFAA2C00000000010228
:10AA3A00000200FFB7D5FFAB4A0008000000000083
:06AA4A0000FFAA3700081E
:10AB4A0012B7D590AA2E75F003EF124F60EE75F08A
:10AB5A0003A42583F583E493FB740193FA740293A7
:02AB6A00F922CE
:10AA9A0078647C007D017BFF7AAA79347E007F038B
:10AAAA00124C5E900064E04402F0755F037B017A09
:03AABA00007964BC
:01AABD002276
:08B7D50090001BE0FF7E002242
:10B39400BF1A1190001BE0B40104E4F08006900091
:06B3A4001B7401F0D3222E
:02B91E00D32232
:107F83004252494748544E455353004C554D494E70
:107F93004F53495472004C554D494E4F5349546BFE
:107FA300004252494C484F0048454C4C49474B45C9
:107FB30049540048454C444552001F2410B725B886
:107FC300280023642303002386236F2370001F25C7
:107FD3001024B827004A41534E4F0001005041522C
:107FE3006C414B6C494B00FF7F83FF7F8EFF7F9972
:107FF300FF7FA4FF7FABFF7FA4FF7FB6FF7FBDFFA3
:108003007FC5FF7FCAFF7FD1FF7FD8FF7FE00000DE
:1080130000000E01000100FFB7DD0018010006009B
:10802300060064FFB7DD0008FF8014FF801F000017
:0F80330000000800000100010001FF0026000806
:1000260090001DE075F003A424EAF582E4347FF520
:0D00360083E493FB740193FA740293F922A2
:10A2530078647C007D017BFF7A8079117E007F0327
:10A26300124C5EE55F90006430E006E04402F0804B
:10A2730004E04401F0535FFE435F02900023E0904B
:10A283000065F0900024E0900066F07B017A00798D
:01A293006466
:01A2940022A7
:0CB6F500753211E4FBFDFF128042C322FD
:08B7DD00900010E0FF7E002245
:10A57F00BF0A0C900010E0C394645003E004F0BFD6
:10A58F000B0C900010E0D394004003E014F0BF20B8
:10A59F000E900010E004F0E0D394644002E4F0D396
:01A5AF002289
:05001E0012896DD322E0
:108B7600434F4E545241535400434F4E5452415367
:108B8600544500434F4E54524153544F004B4F4EA1
:108B960054524153540010B713B8240725B813B7DD
:108BA60025B8280023142315230300236B236C23E5
:108BB6006D2365236E236D00102413272507B82720
:108BC60000FF8B76FF8B7FFF8B89FF8B7FFF8B935D
:108BD600FF8B7FFF8B76FF8B9CFF8BAAFF8BB1FFF2
:108BE6008BBEFF8B93FF8B93000000000E010001EC
:108BF60000FFB7E5001801000600060064FFB7E5B0
:108C06000008FF8BF1FF8BFC00000000080000014C
:098C160000010001FFB03D00085F
:10B03D0090001DE075F003A424C7F582E4348BF570
:0DB04D0083E493FB740193FA740293F922DB
:10AE9A0078647C007D017BFF7A8B79EE7E007F03EC
:10AEAA00124C5E900064E04402F07B017A007964FF
:01AEBA002275
:0CB70100753211E4FBFDFF128042C322F0
:08B7E500900011E0FF7E00223C
:10A5B000BF0A0C900011E0C394645003E004F0BFA4
:10A5C0000B0C900011E0D394004003E014F0BF2185
:10A5D0000E900011E004F0E0D394644002E4F0D364
:01A5E0002258
:0500460012896DD322B8
:108AC90053415455524154494F4E00534154555204
:108AD900415A494F4E4500534154555241434999D2
:108AE9004E00538954544947554E470053415455F4
:108AF9005241AD884F004B4C4555520017090CB8EF
:108B090013B725B8280023002303002352230300A9
:108B190017091F2700FF8AC9FF8AC9FF8AD4FF8A5C
:108B2900E0FF8AEBFF8AF5FF8AFFFF8B05FF8B0FBA
:108B3900FF8B14FF8B19FF8AC9FF8AC90000000047
:108B49000E01000100FFB7ED001801000600060044
:108B590064FFB7ED0008FF8B48FF8B53000000004E
:0D8B69000800000100010001FFB05A0008E3
:10B05A0090001DE075F003A4241EF582E4348BF5FC
:0DB06A0083E493FB740193FA740293F922BE
:10AEBB0078647C007D017BFF7A8B79457E007F0374
:10AECB00124C5E900064E04402F07B017A007964DE
:01AEDB002254
:0CB70D00753211E4FBFDFF128042C322E4
:08B7ED00900012E0FF7E002233
:10A5E100BF0A0C900012E0C394645003E004F0BF72
:10A5F1000B0C900012E0D394004003E014F0BF2252
:10A601000E900012E004F0E0D394644002E4F0D331
:01A611002226
:05004E0012896DD322B0
:1093EA0054494E540054494E54410054494E544530
:1093FA0000102407251007002300230C0023002651
:10940A0000237100FF93EAFF93EAFF93EFFF93F5BE
:10941A00FF93EAFF93EAFF93EAFF93FBFF9402FFAD
:10942A009407FF93EAFF93EAFF93EA000000000E15
:10943A0001000100FFB7F5001801000600060064EC
:10944A00FFB7F50008FF9438FF94430000000008B6
:0C945A0000000100010001FFB0770008D5
:10B0770090001DE075F003A4240EF582E43494F5E6
:0DB0870083E493FB740193FA740293F922A1
:10A6CE0078647C007D017BFF7A9479357E007F0370
:10A6DE00124C5E90FE28E090006430E206E04401E9
:0DA6EE00F08004E04402F07B017A00796402
:01A6FB00223C
:0CB71900753211E4FBFDFF128042C322D8
:08B7F500900013E0FF7E00222A
:10AF8000BF0A0C900013E0C394645003E004F0BFC8
:10AF90000B0C900013E0D394004003E014F0D32294
:0500560012896DD322A8
:10955A00564F4C554D45004C415554535493524B1C
:10956A0045000A24B71210B725B8280023562363EA
:10957A0000FF955AFF955AFF955AFF955AFF956134
:10958A00FF955AFF955AFF956CFF9576FF9576FFE2
:10959A00955AFF955AFF955A000000000E010001E6
:1095AA0000FFB7FD001801000600060064FFB7FDC2
:1095BA000008FF95A5FF95B0000000000800000113
:0995CA0000010001FFB09400084B
:10B0940090001DE075F003A4247BF582E43495F55B
:0DB0A40083E493FB740193FA740293F92284
:10A2D50078647C007D017BFF7A9579A27E007F03FF
:10A2E500124C5E900042E0900064B40106E0440226
:10A2F500F08004E04401F0900023E0900065F090C8
:0DA305000024E0900066F07B017A0079648E
:01A312002228
:0CB72500753211E4FBFDFF128042C322CC
:08B7FD0090001AE0FF7E00221B
:10A8BC00EF640A6003BF230C90001AE0C394645049
:10A8CC0003E004F0EF640B6003BF240C90001AE06B
:0AA8DC00D394004003E014F0D322EF
:02B92000D32230
:109466005A4F4F4D0015090C110E180C130E0C0017
:10947600232E232F0023822369236D0031363A39A8
:109486000020343A3300FF9466FF9466FF9466FF2B
:109496009466FF9466FF9466FF9466FF946BFF9450
:1094A60076FF947BFF9466FF9466FF9466FF948232
:1094B600FF9487000000010701000100FFB805FFC7
:1094C600AB6C0008000000000000FF94BC00080020
:0B94D600070100010001FFB0B1000819
:10B0B10090001DE075F003A4248CF582E43494F52E
:0DB0C10083E493FB740193FA740293F92267
:10AB6C0012B8059094B375F003EF124F60EE75F0C8
:10AB7C0003A42583F583E493FB740193FA74029385
:02AB8C00F922AC
:10A3130078647C007D017BFF7A9479B97E007F03AA
:10A32300124C5E900040E0900064B40106E04402E9
:10A33300F08004E04401F0900023E0900065F09089
:0DA343000024E0900066F07B017A00796450
:01A3500022EA
:10B29300753211E4FBFDFF1280427532117B01E42C
:08B2A300FD7F01128042C3226D
:08B8050090002FE0FF7E0022FD
:10B01F00EF640A6008EF640B6003BF1C0F90002FF2
:0EB02F00E0700404F08005E490002FF0D322BE
:0AB7670090002FE0FF128D5AD3224C
:10854600524F5441544500B708B724B7B8002337F3
:1085560023380026012602002A444C2020445220BB
:1085660020554C202055520020444C202A445220AD
:1085760020554C202055520020444C2020445220A7
:108586002A554C202055520020444C20204452208D
:1085960020554C202A555200FF8546FF8546FF850B
:1085A60046FF8546FF8546FF8546FF8546FF854D86
:1085B600FF8554FF8559FF8546FF8546FF8546FFA3
:1085C600855EFF856EFF857EFF858E0000000102B9
:1085D60001000100FFB80DFFAB8E0008000000008F
:1085E6000000FF85D4000800060100010001FFB06D
:0385F600CE0008AC
:10B0CE0090001DE075F003A4249EF582E43485F50E
:0DB0DE0083E493FB740193FA740293F9224A
:10AB8E0012B80D9085C575F003EF124F60EE75F09B
:10AB9E0003A42583F583E493FB740193FA74029363
:02ABAE00F9228A
:10A3510078647C007D017BFF7A8579D17E007F0363
:10A36100124C5E900041E0900064B40106E04402AA
:10A37100F08004E04401F0900023E0900065F0904B
:0DA381000024E0900066F07B017A00796412
:01A38E0022AC
:10B2AB00753211E4FBFDFF1280427532117B01E414
:08B2BB00FD7F01128042C32255
:08B80D00900030E0FF7E0022F4
:10A40A00EF640A6008EF640B6003BF1E2E900030F1
:10A41A00E014601214601714601C24037018900072
:10A42A00307401F080159000307402F0800D9000B5
:0DA43A00307403F08005E4900030F0D32270
:05B90E0012B931D32243
:1070CD004C414E4755414745004C414E47554500B3
:1070DD004C414E475541004944494F4D4100535095
:1070ED005241434845005441414C001F0D1C1000B6
:1070FD00230E230F00230F2385000C0D0E10004AC5
:10710D00065A15100044494C00454E474C4953480A
:10711D00004652414E43414953004954414C494167
:10712D004E4F0045535041854F4C004445555453E7
:10713D00434800504F525455475573534500454EE3
:10714D0047454C530024152525100E0F00235923B8
:10715D0043235A235B0023832384238500082911AD
:10716D000A0725B8101300504F4C534B490054A833
:10717D00524B00FF70CDFF70D6FF70DDFF70E4FF46
:10718D0070EBFF70E4FF70F3FF70F8FF70FDFF719F
:10719D0002FF7107FF710CFF7112FF7116FF711E57
:1071AD00FF7127FF7130FF7138FF7140FF714BFF89
:1071BD007152FF715AFF7163FF716AFF7174FF7134
:1071CD007B00000000050100010001FFABB00000D5
:0C71DD0001050100010001FFABD2000819
:10ABB00012B81590718075F003EF124F60EE75F0CA
:10ABC00003A42583F583E493FB740193FA74029341
:02ABD000F92268
:10ABD20012B8159071A775F003EF124F60EE75F081
:10ABE20003A42583F583E493FB740193FA7402931F
:02ABF200F92246
:10AEDC0078647C007D017BFF7A7179CE7E007F03E4
:10AEEC00124C5E900064E04402F07B017A007964BD
:01AEFC002233
:10B2C300753211E4FBFDFF1280427532117B01E4FC
:08B2D300FD7F01128042C3223D
:08B8150090001DE0FF7E0022FF
:10A64200BF0A1390001DE0C394095005E004F08096
:10A6520005E490001DF0BF0B1490001DE0D39400A0
:0FA662004005E014F0800690001D7409F0D3222B
:109E0900753211E4FBFDFF1280427532117B01E4CA
:109E1900FD7F011280427C007D80900090E075F00A
:109E290003A42400F582E5F03437F583E493FB7449
:109E39000193FA740293F990001B124F8C900091D0
:109E4900E075F020A429F9EA35F0FA90000E124FD6
:069E59008C126D89D3227A
:1091E30049522041260342002020204952204F4665
:1091F30046202000413A322E334D2603322E384D7D
:1092030000423A332E324D2603332E384D00FF9160
:10921300E3FF91E3FF91E3FF91E3FF91E3FF91E329
:10922300FF91E3FF91E3FF91E3FF91E3FF91E3FFFD
:1092330091E3FF91E3FF91EBFF91F7FF92040000AD
:1092430000010301000100FFB81DFFABF40008009B
:109253000000000000FF9244000800060100010026
:0692630001FFB0EB000862
:10B0EB0090001DE075F003A42411F582E43492F571
:0DB0FB0083E493FB740193FA740293F9222D
:10ABF40012B81D90923875F003EF124F60EE75F0A5
:10AC040003A42583F583E493FB740193FA740293FC
:02AC1400F92223
:10A6FC0078647C007D017BFF7A9279417E007F0338
:10A70C00124C5E900044E0900064B40106E04402F8
:0DA71C00F08004E04401F07B017A007964D4
:01A72900220D
:08B81D00900032E0FF7E0022E2
:10B2DB00753211E4FBFDFF1280427532117B01E4E4
:08B2EB00FD7F01128042C32225
:10A8E600EF640A6003BF0B20900032E0FF7004049F
:10A8F600F08015EFB401089000327402F08009EF81
:0AA90600B40205E4900032F0D32201
:02B92200D3222E
:1083DD00464D0020204F464620200038372E374D81
:1083ED00485A0038372E394D485A0038382E314DFD
:1083FD00485A0038382E334D485A0038382E354DEE
:10840D00485A0038382E374D485A0038382E394DD5
:10841D00485A0038392E314D485A00FF83DDFF830D
:10842D00DDFF83DDFF83DDFF83DDFF83DDFF83DD87
:10843D00FF83DDFF83DDFF83DDFF83DDFF83DDFF55
:10844D0083DDFF83E0FF83E8FF83F0FF83F8FF8484
:10845D0000FF8408FF8410FF8418FF8420000000B3
:10846D00010501000100FFB825FFAC160008000052
:10847D0000000000FF846D000800070100010001ED
:05848D00FFB10800082A
:10B1080090001DE075F003A42428F582E43484F54A
:0DB1180083E493FB740193FA740293F9220F
:10AC160012B82590844F75F003EF124F60EE75F071
:10AC260003A42583F583E493FB740193FA740293DA
:02AC3600F92201
:10A72A0078647C007D017BFF7A84796A7E007F03EE
:10A73A00124C5E900045E0900064B40106E04402C9
:0DA74A00F08004E04401F07B017A007964A6
:01A7570022DF
:08B82500900034E0FF7E0022D8
:10B2F300753211E4FBFDFF1280427532117B01E4CC
:08B30300FD7F01128042C3220C
:10A67100BF0A13900034E0C394085005E004F08051
:10A6810005E4900034F0BF0B14900034E0D3940043
:0FA691004005E014F080069000347408F0D322E6
:02B92400D3222C
:10936D00524553455400250824B7250EB828002032
:10937D00231D234D00238123822376236D00142585
:10938D002415180907130C00292B00FF936DFF936B
:10939D006DFF936DFF936DFF936DFF936DFF936D58
:1093AD00FF9373FF937CFF9382FF938BFF936DFF6E
:1093BD00936DFF939500000001080100010000006E
:1093CD0000FFB4990008000000000000FF93C500E5
:0D93DD000800070100010001FFB125000894
:10B1250090001DE075F003A42498F582E43493F5AE
:0DB1350083E493FB740193FA740293F922F2
:0FB499009093BFE493FB740193FA740293F9222A
:10A7580078647C007D017BFF7A9379C27E007F0359
:10A76800124C5E900043E0900064B40106E044029D
:0DA77800F08004E04401F07B017A00796478
:01A7850022B1
:10B30B00753211E4FBFDFF1280427532117B01E4B3
:08B31B00FD7F01128042C322F4
:10A866009000107432F0900012F0900011F09000F9
:10A8760013F090001AF0E490002FF0900032F09060
:0CA88600002FE0FF128D5A12896DD322C2
:1025C600506F7765724F66664D656E754974656DB9
:1025D6005F506F7765724F6666004F73645F506F2A
:1025E6007765724F66664D656E7500506F776572DA
:1025F6004F6E4D656E754974656D5F506F77657288
:102606004F6E004F73645F506F7765724F6E4D6506
:102616006E7500526F6F744D656E754974656D0009
:102626004F73645F526F6F744D656E7500517569B7
:10263600636B6C79536F757263654D656E7549741E
:10264600656D5F517569636B6C79536F7572636500
:10265600004F73645F517569636B6C79536F757264
:1026660063654D656E7500517569636B794D75745B
:10267600654D656E754974656D5F517569636B79F6
:102686004D757465004F73645F20517569636B798E
:102696004D7574654D656E7500517569636B6C7922
:1026A600566F6C756D654D656E754974656D5F51D8
:1026B6007569636B6C79566F6C756D65004F7364E5
:1026C6005F517569636B6C79566F6C756D654D6599
:1026D6006E7500517569636B6C794D6F64654D65F8
:1026E6006E754974656D5F517569636B6C794D6F75
:1026F6006465004F73645F517569636B6C794D6FE8
:1027060064654D656E7500517569636B6C795379B7
:10271600734D656E754974656D5F517569636B6C54
:1027260079537973004F73645F517569636B6C7984
:102736005379734D656E7500517569636B6C79429B
:1027460072696768746E6573734D656E75497465F5
:102756006D5F517569636B6C794272696768746EF7
:10276600657373004F73645F517569636B6C79426F
:1027760072696768746E6573734D656E7500517521
:1027860069636B6C79436F6E74726173744D656EB9
:10279600754974656D5F517569636B6C79436F6ECE
:1027A6007472617374004F73645F517569636B6C07
:1027B60079436F6E74726173744D656E75005175F1
:1027C60069636B6C7953617475726174696F6E4D70
:1027D600656E754974656D5F517569636B6C795388
:1027E600617475726174696F6E004F73645F5175C1
:1027F60069636B6C7953617475726174696F6E4D40
:10280600656E75004272696768746E6573734D65AF
:102816006E754974656D5F4272696768746E65733B
:1028260073004F73645F4272696768746E65737391
:102836004D656E7500436F6E74726173744D656E8F
:10284600754974656D5F436F6E7472617374004F82
:1028560073645F436F6E74726173744D656E750059
:1028660053617475726174696F6E4D656E754974E6
:10287600656D5F53617475726174696F6E004F7335
:10288600645F53617475726174696F6E4D656E75C0
:102896000054696E744D656E754974656D5F546953
:1028A6006E74004F73645F54696E744D656E750087
:1028B600566F6C756D654D656E754974656D5F56C1
:1028C6006F6C756D65004F73645F566F6C756D65E3
:1028D6004D656E75004D6F64654D656E7549746521
:1028E6006D5F4D6F6465004F73645F4D6F64654D3A
:1028F600656E75005379734D656E754974656D5FC8
:10290600537973004F73645F5379734D656E750029
:102916004C616E67756167654D656E754974656D69
:102926005F4C616E6775616765004F73645F4C61EC
:102936006E67756167654D656E7500495241424D1A
:10294600656E754974656D5F49524142004F736407
:102956005F495241424D656E7500526164696F462A
:102966007265714D656E754974656D5F5261646916
:102976006F46726571004F73645F526164696F469A
:102986007265714D656E750052657365744D656E41
:10299600754974656D5F5265736574004F73645F46
:1029A60052657365744D656E7500466163746F722A
:1029B600794D656E754974656D5F50494300466192
:1029C60063746F72794D656E754974656D5F5357A3
:1029D60049544348004F73645F466163746F72796C
:1029E6004D656E7500466163746F72795069634D0B
:1029F600656E754974656D5F56636F6D4463004619
:102A06006163746F72795069634D656E754974655B
:102A16006D5F4272696768746E6573734F6666733D
:102A2600657400466163746F72795069634D656EB3
:102A3600754974656D5F436F6E74726173744F662A
:102A46006673657400466163746F72795069634D8D
:102A5600656E754974656D5F5361747572617469ED
:102A66006F6E4F666673657400466163746F727944
:102A76005069634D656E754974656D5F4F7364503B
:102A86006F73584F666673657400466163746F7240
:102A9600795069634D656E754974656D5F4F7364F2
:102AA600506F73594F6666736574004F73645F4663
:102AB6006163746F72795069634D656E7500466126
:102AC60063746F72795377697463684D656E75497F
:102AD60074656D5F566F6C756D6500466163746FE6
:102AE60072795377697463684D656E754974656D5F
:102AF6005F5363616C657200466163746F727953EC
:102B060077697463684D656E754974656D5F466C6B
:102B1600697000466163746F72795377697463688C
:102B26004D656E754974656D5F52657365740046D3
:102B36006163746F72795377697463684D656E75F6
:102B46004974656D5F4952414200466163746F7214
:102B5600795377697463684D656E754974656D5F01
:102B6600526164696F4672657100466163746F7283
:102B7600795377697463684D656E754974656D5FE1
:102B8600506F77657200466163746F727953776927
:102B96007463684D656E754974656D5F4C6F676FDC
:102BA6004964004F73645F466163746F727953774B
:102BB600697463684D656E7500011104FF01140A9E
:102BC600FF011C08FF011E09FF01170BFF01240668
:102BD600FF012305FF010C02FF010D03FF011A0788
:102BE600FF03200CFF03210DFF03220EFF012F041C
:102BF600FF030A03FF030B02FF010104FF030A039D
:102C0600FF030B02FF010104FF030A03FF030B028C
:102C1600FF010104FF030A03FF030B02FF01010486
:102C2600FF030A03FF030B02FF030A05FF030B065C
:102C3600FF010104FF010A03FF010B02FF0101046A
:102C4600FF010A03FF010B02FF010104FF030A0350
:102C5600FF030B02FF010104FF010A03FF010B0240
:102C6600FF010104FF010A03FF010B02FF0101043A
:102C7600FF031303FF031302FF011504FF030403FD
:102C8600FF030302FF012604FF010708FF01000AF4
:102C9600FF01000BFF030A03FF030B02FF011204EF
:102CA600FF03030AFF01000BFF030408FF030A03E7
:102CB600FF030B02FF011204FF03030AFF01000BCF
:102CC600FF030408FF02E002E002E402E802EC026D
:102CD600F002E002E002E002F402F802FC03000364
:102CE600040308030C031003140318031C03200336
:102CF600240328032C02E002E003300334033803E4
:102D06003C02E002E0000008040000FFB8E500080D
:102D160002E002E002E102E202E302E402E502E688
:102D260002E702E802E902EA02EB02EC02ED02EE39
:102D360002E002E002E002E002E002E002E002EF6E
:102D460002F002F102F202F302F402E002E002E013
:102D560002E002E002E002E002F502F602F702F803
:102D660002F902E002E002E002E002E002FA02FBFF
:102D760002FC02E002E002E002E002E002E002E021
:102D860002E002E002E002E002E002E002E002FD10
:102D960002FE02E002E002E002E002FF030003019D
:102DA6000302030303040305030602E00307030803
:102DB6000309030A030B030C030D030E030F031091
:102DC6000311031203130314031503160317031841
:102DD6000319031A031B031C031D031E031F0320F1
:102DE60003210322032303240325032603270328A1
:102DF600032902E0032A032B032C032D032E032FA2
:102E06000330033103320333033403350336033708
:102E160003380339033A033B033C033D033E033FB8
:102E26000340034103420343034403450346034768
:102E360003480349034A034B034C034D034E034F18
:102E4600035003510352035303540355035602E040
:102E560002E0000017070000FFB8EC0008000000C1
:102E66000000000000FFB8F30008000000000000AA
:102E76000000FFB8FA00080000000000000000FF94
:102E8600B9010008FF25C600000000000000000090
:102E96000000000000000000000000FFA8920000F3
:102EA60000000040FF25E0000000000000000000D8
:102EB600020002000000000000000000000000FF09
:102EC6002E8A0100000000000001FF25F10000002D
:102ED6000000000000000000000000FFA543000005
:102EE60000FF9A43000000000040FF2609032A0065
:102EF6001C0301020002020102FFA1CF0000000034
:102F06000000000000FF2ED00100000000C80006EF
:102F1600FF2619000000000000000000000000006D
:102F260000000000000000000000FF2BBF0D004065
:102F3600FF2626000000000000000000020202003A
:102F46000000000000000000000000FF2F16010036
:102F5600000000C80001FF2633000000000000004A
:102F660000000000000000FFA574FFB37EFF990B70
:102F7600000000000040FF2657032A001C03010240
:102F86000002020C02FFA211000000000000000077
:102F960000FF2F5C0100000000C80006FF266D0040
:102FA60000000000000000000000000000FFAA452D
:102FB600FFB394FFB91E000000000040FF268B00FF
:102FC6001800200201020001020D02FFAA9A000069
:102FD60000000000000000FF2FA20100000000C852
:102FE6000006FF269F0000000000FFB72500000036
:102FF600FF95C7FF95BCFFA8BCFFB92000000000E5
:103006000040FF26C3014C01BA1202010001020E64
:1030160002FFA2D5000000000000000000FF2FE81C
:103026000100000000C80006FF26D90000000000CD
:10303600FFB293000000FF94D5FF94CAFFB01FFFB4
:10304600B767000000000040FF26F9014C01BA12E4
:1030560002010001020F02FFA3130000000000009E
:10306600000000FF302E0100000000C80006FF2708
:103076000D0000000000FFB2AB000000FF85EDFF71
:1030860085E2FFA40AFFB90E000000000040FF27FA
:103096002B014C01BA1202010001021002FFA351DA
:1030A600000000000000000000FF30740100000076
:1030B60000C80006FF273E0000000000FFB6F5002E
:1030C6000000FF8036FF802BFFA57FFF001E00005B
:1030D60000000040FF276A014C01BA1202010001FC
:1030E600021102FFA253000000000000000000FFD2
:1030F60030BA0100000000C80006FF278400000067
:103106000000FFB701000000FF8C13FF8C08FFA52D
:10311600B0FF0046000000000040FF27AC014C0154
:10312600BA1202010001021202FFAE9A000000006C
:103136000000000000FF31000100000000C800068A
:10314600FF27C40000000000FFB70D000000FF8B42
:103156006AFF8B5FFFA5E1FF004E00000000004004
:10316600FF27F0014C01BA1202010001021302FF0F
:10317600AEBB000000000000000000FF3146010069
:10318600000000C80006FF280A0000000000FFB685
:10319600F5000000FF8036FF802BFFA57FFF001E95
:1031A600FF2BF7030040FF2828014C01BA12020149
:1031B6000001021415FFA2530000000000000000E9
:1031C60000FF318C0100000000C80006FF283B000C
:1031D60000000000FFB701000000FF8C13FF8C0801
:1031E600FFA5B0FF0046FF2C03030040FF28550053
:1031F6000000000000000001141516FFAE9A000042
:1032060000000000000000FF31D20100000000C8ED
:103216000002FF28660000000000FFB70D00000056
:10322600FF8B6AFF8B5FFFA5E1FF004EFF2C0F03AC
:103236000040FF2884000000000000000001151671
:1032460017FFAEBB000000000000000000FF3218B0
:103256000100000000C80002FF28970000000000DF
:10326600FFB719000000FF945AFF944FFFAF80FF8D
:103276000056FF2C1B030040FF28A9000000000099
:1032860000000001161718FFA6CE0000000000007F
:10329600000000FF325E0100000000C80002FF28A7
:1032A600B60000000000FFB725000000FF95C7FF2D
:1032B60095BCFFA8BCFFB920FF2C27050040FF28BE
:1032C600CC000000000000000001171819FFA2D56D
:1032D600000000000000000000FF32A40100000012
:1032E60000C80002FF28DB0000000000FFB29300C8
:1032F6000000FF94D5FF94CAFFB01FFFB767FF2CED
:103306003B030040FF28ED00000000000000000124
:1033160017191AFFA313000000000000000000FFA9
:1033260032EA0100000000C80002FF28FA0000008F
:103336000000FFB2AB000000FF85EDFF85E2FFA4B1
:103346000AFFB90EFF2C47030040FF290A000000C0
:10335600000000000001191A1BFFA3510000000025
:103366000000000000FF33300100000000C800022A
:10337600FF29160000000000FFB2C3000000FF7125
:10338600D1000000FFA642FF9E09FF2C5303004018
:10339600FF29300000000000000000011A1B1CFF7E
:1033A600AEDC000000000000000000FF33760100E4
:1033B600000000C80002FF29410000000000FFB223
:1033C600DB000000FF925DFF9252FFA8E6FFB922E4
:1033D600FF2C5F030040FF2953000000000000009F
:1033E60000011B1C1DFFA6FC0000000000000000E1
:1033F60000FF33BC0100000000C80002FF29600086
:1034060000000000FFB2F3000000FF8486FF847B0B
:10341600FFA671FFB924FF2C6B030040FF297C0037
:1034260000000000000000011C1D1EFFA72A00006E
:1034360000000000000000FF34020100000000C888
:103446000002FF298E0000000000FFB30B00000001
:10345600FF93DEFF93D3000000FFA866FF2C7703DF
:103466000040FF29A20000000000000000011C1E11
:1034760002FFA758000000000000000000FF3448CB
:103486000100000000C80002FF29B0000000000093
:10349600000000000000FF5547FF543D00000000FB
:1034A6000000FF2C83060040FF29C4000000000036
:1034B600000000000000FF55BFFF54EF00000000B1
:1034C6000000FF2C83060040FF29DB00AC008A20A9
:1034D6000B060001021F20FFAEFD000000000000E9
:1034E600FF5637FF348E0200000000000006FF2959
:1034F600EB0000000000000000000000FF6573FF05
:103506006531FFA38FFF9B75FF2C9B060040FF2AAA
:10351600050000000000000000000000FF657FFFBE
:10352600653CFFAFA0FFB926FF2C9B060040FF2A93
:10353600290000000000000000000000FF658BFF6E
:103546006547FFAFC0FFB928FF2C9B060040FF2A46
:103556004B0000000000000000000000FF6597FF20
:103566006552FFAFE0FFB92AFF2C9B060040FF2AF9
:103576006F0000000000000000000000FF65A3FFD0
:10358600655DFFAABEFFB92CFF2C9B060040FF2AF3
:10359600900000000000000000000000FF65AFFF83
:1035A6006568FFAAE2FFB92EFF2C9B060040FF2AA2
:1035B600B10000000000000000011F2021FFAF1E27
:1035C600000000000000000000FF34F406000000C8
:1035D60000000002FF2AC4000000000000000000F6
:1035E6000000FF63C8FF6370FFB15E000000FF2CA0
:1035F600B3060040FF2AE1000000000000000000C2
:103606000000FF63D4FF637BFFB179000000FF2C4D
:10361600B3060040FF2AFE00000000000000000084
:103626000000FF63E0FF6386FFB194000000FF2CFB
:10363600B3060040FF2B1900000000000000000048
:103646000000FF63ECFF6391FFB1AF000000FF2CA9
:10365600B3060040FF2B350000000000000000000C
:103666000000FF63F8FF639CFFB1CA000000FF2C57
:10367600B3060040FF2B50000000000000000000D1
:103686000000FF6404FF63A7FFB1E5000000FF2C04
:10369600B3060040FF2B7000000000000000000091
:1036A6000000FF6410FF63B2FFA80D000000FF2CAE
:1036B600B3060040FF2B8C00000000000000000055
:1036C6000000FF641CFF63BDFF9F01000000FF2C8C
:1036D600B3060040FF2BA900000000000000000117
:1036E600202102FFAF3F000000000000000000FFA5
:1036F60035DA0800000000000002FF2EAAFF2EF0B7
:10370600FF2F36FF2F7CFF2FC2FF3008FF304EFF02
:103716003094FF30DAFF3120FF3166FF31ACFF31E4
:10372600F2FF3238FF327EFF32C4FF330AFF3350D6
:10373600FF3396FF33DCFF3422FF3468FF34CEFFBD
:0A37460035B4FF36DA141C0C0D1127
:089C210041008D0041008E009E
:07B8E5007BFF7A2C79CB22D6
:07B8EC007BFF7A2D79162283
:07B8F3007BFF7A2E7963222E
:07B8FA007BFF7A2E7970221A
:07B901007BFF7A2E797D2205
:10973900E4FEEFB40F00506A909748F828287302A6
:1097490097790297790297790297790297AB0297ED
:109759007902977902977902977902977D0297871B
:10976900029799029779029779029779D204803200
:10977900D204802ED204900041E07026FF22D20448
:10978900900037E0FD64036004EDB401157F002209
:10979900D204900037E0FD64036004EDB401037F57
:0597A90000221267140C
:0197AE002298
:026714008F28CC
:10671600E4900059F0E490005AF0900090E075F093
:1067260003A42400F582E43437F583E493FB740173
:1067360093FA740293F990001B124F8C900091E02B
:1067460075F020A429F9EA35F0FA90001D124C9D47
:10675600FF90005AE0C39F400302684A90001A1255
:106766004F8C90005AE075F004A429F9EA35F0FA46
:10677600900002124C9D6528600302684190000358
:10678600124C9DFF90000BE06F6007EFF460030270
:106796006841900090E075F003A42400F582E4348B
:1067A60037F583E493FB740193FA740293F990002E
:1067B6001B124F8C900091E075F020A4FFAEF029DB
:1067C600F9EA3EFA90001A124F8C90005AE075F0E2
:1067D60004A4F58285F083124C9DFD900004E05DD3
:1067E6006048900090E075F003A42400F582E4343C
:1067F60037F583E493FB740193FA740293F99000DE
:106806001B124F8CE92FF9EA3EFA90001A124F8CB0
:1068160090005AE075F004A429F9EA35F0FA9000E0
:1068260001124C9DFF900059F0227F0212A18C901C
:106836000090E0B5070280037F002290005AE00432
:10684600F00267207F0212A18C900090E06F60102A
:106856007F0212A18C900090EFF0E4A3F002671B78
:026866007F00B1
:01686800220D
:023750008F29BF
:10375200D214201403024519C214E529124FBC38B1
:10376200EA0138EA02388D03388D0438BD0743D2A6
:103772000843DA0937D10A37D10B38FC1139411223
:103782003AC8133AC8143BB81539821639AE173AFB
:10379200B9183AAD193DFE1A3EE51B3CCB1C3DBFA4
:1037A2001D3F201E40141F405320415021424D22F4
:1037B2003BC9233BC924437B2543DF263A73273A7F
:1037C20001283A622937542A43FF2B0000451790FB
:1037D2000090E075F003A42400F582E43437F58309
:1037E200E493FB740193FA740293F990001B124F55
:1037F2008C900091E075F020A4FFAEF029F9EA3E2A
:10380200FA900014124F8CEA494B603C900090E011
:1038120075F003A42400F582E43437F583E493FBC6
:10382200740193FA740293F990001B124F8CE92FE2
:10383200F9EA3EFA900014124F8C89828A83AF29EA
:10384200124FE65003127BA1900090E075F003A4A2
:103852002400F582E43437F583E493FB740193FA90
:10386200740293F990001B124F8C900091E075F056
:1038720020A4FFAEF029F9EA3EFA900017124F8C0D
:10388200EA494B7003023754024347126869E5293B
:10389200B40405127C7180031274B6900091EFF0AB
:1038A2007F1F12A18C900090E0FEB50706A3E09066
:1038B200008FF07C007D40EE0243CC7F1F12A18C72
:1038C200900090E0B50713A3E01460050470068031
:1038D200047F2180027F2012B2001268697C007D81
:1038E20040900090E00243CCE529B401051273CA6E
:1038F20080031275A1900090EFF07F0212A18C90CC
:103902000090E0B507057F1412B200900090E075B8
:10391200F003A42400F582E43437F583E493FB74C6
:103922000193FA740293F990000B124C9DFF12B9A5
:10393200087F021281BB125CB2435FC0023754900F
:103942000090E075F003A42400F582E43437F58397
:10395200E493FB740193FA740293F990000B124CF6
:103962009DFF12B9087F021281BB125CB212686914
:103972007F1F12B20090008FE0900091F002375446
:10398200900046E0FFB40107E4900007F0801DEFCD
:1039920070028013EFB40214900007E0FFB4010438
:1039A200E4F08008EF700590000704F0900007E053
:1039B200B40104E4FF80027F0112B200900090E0A3
:1039C20075F003A42400F582E43437F583E493FB15
:1039D200740193FA740293F990001B124F8C9000B9
:1039E20091E075F020A4FFAEF029F9EA3EFA9000CA
:1039F20017124F8CEA494B70030237540243477F38
:103A020006129C39900038E014600F1460101460A4
:103A1200111460122404701280107F04800E7F053E
:103A2200800A7F0680067F0780027F0312B2009021
:103A32000090E075F003A42400F582E43437F583A6
:103A4200E493FB740193FA740293F990000B124C05
:103A52009DFF12B9087F021281BB125CB202375479
:103A620012B82DE4FF129C3912B6C3129FE8023736
:103A720054A20150028001C350030237547F09123D
:103A8200B200900090E075F003A42400F582E434C3
:103A920037F583E493FB740193FA740293F990006F
:103AA2000B124C9DFF12B3FC023754300303023752
:103AB2005412B3E802375420030302375412B3D42A
:103AC200129DAF023754E529B413047F1E80027F92
:103AD2000C12B200900090E075F003A42400F5826D
:103AE200E43437F583E493FB740193FA740293F997
:103AF20090001B124F8C900091E075F020A4FFAE55
:103B0200F029F9EA3EFA900014124F8CEA494B6010
:103B120037900090E075F003A42400F582E4343776
:103B2200F583E493FB740193FA740293F990001BFA
:103B3200124F8CE92FF9EA3EFA900014124F8C8949
:103B4200828A83AF29124FE6900090E075F003A4B9
:103B52002400F582E43437F583E493FB740193FA8D
:103B6200740293F990001B124F8C900091E075F053
:103B720020A4FFAEF029F9EA3EFA900017124F8C0A
:103B8200EA494B6031900090E075F003A42400F5FF
:103B920082E43437F583E493FB740193FA7402935D
:103BA200F990001B124F8CE92FF9EA3EFA900017A8
:103BB200124F8C124FE2A20150028001C350030245
:103BC20037547F0C023EE7900042E07002C3227F2E
:103BD2000E12B200E55F30E534900090E075F0031C
:103BE200A42400F582E43437F583E493FB74019353
:103BF200FA740293F990000B124C9DFF12B9087FE0
:103C0200021281BB125CB2535FDF435FC39000902C
:103C1200E075F003A42400F582E43437F583E493DD
:103C2200FB740193FA740293F990001B124F8C906B
:103C32000091E075F020A4FFAEF029F9EA3EFA9077
:103C42000014124F8CEA494B603C900090E075F0F2
:103C520003A42400F582E43437F583E493FB740172
:103C620093FA740293F990001B124F8CE92FF9EA30
:103C72003EFA900014124F8C89828A83AF29124F28
:103C8200E65003127BA1900090E075F003A424009B
:103C9200F582E43437F583E493FB740193FA7402FA
:103CA20093F990001B124F8C900091E075F020A4C4
:103CB200FFAEF029F9EA3EFA900017124F8CEA495A
:103CC2004B7003023754024347900040E07002C336
:103CD200227F0F12B200900090E075F003A424003E
:103CE200F582E43437F583E493FB740193FA7402AA
:103CF20093F990001B124F8C900091E075F020A474
:103D0200FFAEF029F9EA3EFA900014124F8CEA490C
:103D12004B603C900090E075F003A42400F582E42F
:103D22003437F583E493FB740193FA740293F990A8
:103D3200001B124F8CE92FF9EA3EFA900014124F41
:103D42008C89828A83AF29124FE65003127BA1909D
:103D52000090E075F003A42400F582E43437F58383
:103D6200E493FB740193FA740293F990001B124FCF
:103D72008C900091E075F020A4FFAEF029F9EA3EA4
:103D8200FA900017124F8CEA494B6031900090E094
:103D920075F003A42400F582E43437F583E493FB41
:103DA200740193FA740293F990001B124F8CE92F5D
:103DB200F9EA3EFA900017124F8C124FE2E55F20AB
:103DC200E603023F18900090E075F003A42400F58A
:103DD20082E43437F583E493FB740193FA7402931B
:103DE200F990000B124C9DFF12B9087F021281BBA1
:103DF200125CB2535FBF435FA3023F187F0D12B242
:103E020000900090E075F003A42400F582E43437BA
:103E1200F583E493FB740193FA740293F990001B07
:103E2200124F8C900091E075F020A4FFAEF029F9BA
:103E3200EA3EFA900014124F8CEA494B6037900028
:103E420090E075F003A42400F582E43437F583E4AE
:103E520093FB740193FA740293F990001B124F8C36
:103E6200E92FF9EA3EFA900014124F8C89828A8374
:103E7200AF29124FE6900090E075F003A42400F5FC
:103E820082E43437F583E493FB740193FA7402936A
:103E9200F990001B124F8C900091E075F020A4FF66
:103EA200AEF029F9EA3EFA900017124F8CEA494B1C
:103EB2006031900090E075F003A42400F582E434B0
:103EC20037F583E493FB740193FA740293F990003B
:103ED2001B124F8CE92FF9EA3EFA900017124F8C11
:103EE200124FE27F0D12B200900090E075F003A431
:103EF2002400F582E43437F583E493FB740193FAEA
:103F0200740293F990000B124C9DFF12B9087F02C4
:103F12001281BB125CB27F0212B2000237549000CF
:103F220041E07002C3227F1012B200900090E0754F
:103F3200F003A42400F582E43437F583E493FB74A0
:103F42000193FA740293F990001B124F8C90009126
:103F5200E075F020A4FFAEF029F9EA3EFA900014D1
:103F6200124F8CEA494B603C900090E075F003A43C
:103F72002400F582E43437F583E493FB740193FA69
:103F8200740293F990001B124F8CE92FF9EA3EFA62
:103F9200900014124F8C89828A83AF29124FE65007
:103FA20003127BA1900090E075F003A42400F58237
:103FB200E43437F583E493FB740193FA740293F9C2
:103FC20090001B124F8C900091E075F020A4FFAE80
:103FD200F029F9EA3EFA900017124F8CEA494B6039
:103FE20031900090E075F003A42400F582E43437A8
:103FF200F583E493FB740193FA740293F990001B26
:10400200124F8CE92FF9EA3EFA900017124F8C12E8
:104012004FE2E55F20E703023754900090E075F02D
:1040220003A42400F582E43437F583E493FB74019E
:1040320093FA740293F990000B124C9DFF12B90887
:104042007F021281BB125CB2535F7F435F63023710
:10405200547F1112B200E55F30E237900090E075B4
:10406200F003A42400F582E43437F583E493FB746F
:104072000193FA740293F990000B124C9DFF12B94E
:10408200087F021281BB125CB2535FFB435F08439D
:104092005F10900090E075F003A42400F582E434F0
:1040A20037F583E493FB740193FA740293F9900059
:1040B2001B124F8C900091E075F020A4FFAEF02906
:1040C200F9EA3EFA900014124F8CEA494B603C9098
:1040D2000090E075F003A42400F582E43437F58300
:1040E200E493FB740193FA740293F990001B124F4C
:1040F2008CE92FF9EA3EFA900014124F8C89828AD9
:1041020083AF29124FE65003127BA1900090E07515
:10411200F003A42400F582E43437F583E493FB74BE
:104122000193FA740293F990001B124F8C90009144
:10413200E075F020A4FFAEF029F9EA3EFA900017EC
:10414200124F8CEA494B70030237540243477F12E5
:1041520012B200E55F30E337900090E075F003A4FF
:104162002400F582E43437F583E493FB740193FA77
:10417200740293F990000B124C9DFF12B9087F0252
:104182001281BB125CB2435F04535FF7435F10902E
:104192000090E075F003A42400F582E43437F5833F
:1041A200E493FB740193FA740293F990001B124F8B
:1041B2008C900091E075F020A4FFAEF029F9EA3E60
:1041C200FA900014124F8CEA494B603C900090E048
:1041D20075F003A42400F582E43437F583E493FBFD
:1041E200740193FA740293F990001B124F8CE92F19
:1041F200F9EA3EFA900014124F8C89828A83AF2921
:10420200124FE65003127BA1900090E075F003A4D8
:104212002400F582E43437F583E493FB740193FAC6
:10422200740293F990001B124F8C900091E075F08C
:1042320020A4FFAEF029F9EA3EFA900017124F8C43
:10424200EA494B70030237540243477F1312B2000C
:10425200E55F30E437900090E075F003A42400F5A8
:1042620082E43437F583E493FB740193FA74029386
:10427200F990000B124C9DFF12B9087F021281BB0C
:10428200125CB2435F04435F08535FEF900090E01B
:1042920075F003A42400F582E43437F583E493FB3C
:1042A200740193FA740293F990001B124F8C9000E0
:1042B20091E075F020A4FFAEF029F9EA3EFA9000F1
:1042C20014124F8CEA494B603C900090E075F00369
:1042D200A42400F582E43437F583E493FB7401935C
:1042E200FA740293F990001B124F8CE92FF9EA3EFF
:1042F200FA900014124F8C89828A83AF29124FE6FA
:104302005003127BA1900090E075F003A42400F505
:1043120082E43437F583E493FB740193FA740293D5
:10432200F990001B124F8C900091E075F020A4FFD1
:10433200AEF029F9EA3EFA900017124F8CEA494B87
:104342007003023754900090E075F003A42400F546
:1043520082E43437F583E493FB740193FA74029395
:10436200F990001B124F8CE92FF9EA3EFA900017E0
:10437200124F8C124FE2023754D20190000774019F
:10438200F090000BE0FF12A61212AA0412B3E87F0B
:104392001F12B200900090E075F003A42400F58291
:1043A200E43437F583E493FB740193FA740293F9CE
:1043B20090000B124C9DFF12B9087F021281BB12B2
:1043C2005CB27C007D40900090E01268710237542C
:1043D20012B82D12B6C38000129DAFC322C201E4EF
:1043E200900007F012B3D412B82D12B6C3129DAFCB
:1043F20090000BE0FF12B93312B000C3227F081203
:10440200B200900090E075F003A42400F582E43439
:1044120037F583E493FB740193FA740293F99000E5
:104422001B124F8C900091E075F020A4FFAEF02992
:10443200F9EA3EFA900014124F8CEA494B60379029
:104442000090E075F003A42400F582E43437F5838C
:10445200E493FB740193FA740293F990001B124FD8
:104462008CE92FF9EA3EFA900014124F8C89828A65
:1044720083AF29124FE6900090E075F003A4240068
:10448200F582E43437F583E493FB740193FA740202
:1044920093F990001B124F8C900091E075F020A4CC
:1044A200FFAEF029F9EA3EFA900017124F8CEA4962
:1044B2004B6031900090E075F003A42400F582E493
:1044C2003437F583E493FB740193FA740293F99001
:1044D200001B124F8CE92FF9EA3EFA900017124F97
:1044E2008C124FE2900090E075F003A42400F58254
:1044F200E43437F583E493FB740193FA740293F97D
:1045020090000B124C9DFF12B9087F021281BB1260
:084512005F46023754C322D3B7
:01451A00227E
:10926900EF70030292ED900007E07047900037E03D
:109279006401603FEF6416603AEF6417603590004F
:0692890004E06401702DF9
:10928F0090008EE06F6026EFF090008DE090374BEE
:10929F0093B5071390008DE004F0B40506E4F07F5A
:0D92AF0025800AE4FF8006E490008DF0FFAA
:1092BC00123750502C900090E075F003A42400F568
:1092CC0082E43437F583E493FB740193FA740293CC
:1092DC00F9900022124DCAFF90001EE5F0F0A3EFAA
:0292EC00F0226E
:03B9190002564390
:109FE80012B7BD12A3CD12A0C07D107F0C12B79975
:109FF800E4FBFDFF12A7867F2812B7317F0712B452
:10A008007B7BFF7A107906AF01AE027C00E4FDF598
:10A018002EF52F7530157531401298247BFF7A255F
:09A0280079467D037FAA0272DC77
:106D66007C007D80EF75F003A42400F582E43437BF
:106D7600F583E493FB740193FA740293900018F977
:036D8600124F8C1D
:106D890015601560A860A60408A6051560156015AC
:0F6D990060A860A60308A60208A6011560156091
:106DA800A8600808860308E6FA08E64A4B7003025A
:106DB8006E87E5602405F8E6FE08E6FF30E71FA8C1
:106DC800600808860308E6FA08E6F9900002124C03
:106DD8009DA860F6900003124C9DA86008F6EF305D
:106DE800E61FA8600808860308E6FA08E6F9900096
:106DF80004124C9DA860F6900005124C9DA86008EE
:106E0800F6A8600808860308E6FA08E6F99000077D
:106E1800124F8CEA494B6041A8600808860308E6CF
:106E2800FA08E6F9900007124F8C124FE28B3A8A63
:106E38003B893CA8600808860308E6FA08E6F912C8
:106E48004C84FF900001124C9DFDA86008E6FEC42A
:106E580054F0A86046FB126E8EA8600808860308E6
:106E6800E6FA08E6F990000A124DCA20E311A86074
:0F6E780008080808740C26F618E436F6026DA810
:076E8700E5602407F560221D
:10792500EF75F003A42400F582E43437F583E4937E
:10793500FB740193FA740293F9900015124F8C7D34
:03794500807C0043
:0A7948008B2A8A2B892C8C2D8D2EA2
:10795200E52C452B452A70030279F9E52E30E71014
:10796200AB2AAA2BA92C900004124C9D90005DF02A
:10797200E52E30E610AB2AAA2BA92C900005124C5A
:107982009D90005DF0AB2AAA2BA92C900006124F05
:107992008CEA494B6044AB2AAA2BA92C9000061210
:1079A2004F8C124FE28B348A358936AB2AAA2BA927
:1079B2002C124C84FF900001124C9DFD900002128B
:1079C2004C9DFBC003AB2A900003124C9DF53290F4
:1079D200005DE0F533D003126AFFAB2AAA2BA92C73
:1079E200900009124DCA20E30E740B252CF52CE4ED
:0779F200352BF52B02795241
:0179F900226B
:067E03008B2F8A3089314B
:107E0900E94A4B7003027EC3ED30E7149000021279
:107E19004C9D90005DF0900003124C9D90005EF027
:107E2900ED30E61AAB2FAA30A931900004124C9D0F
:107E390090005DF0900005124C9D90005EF0AB2F14
:107E4900AA30A931900009124DCA30E42F900006DA
:107E5900124F8C124FE28E358F36AB2FAA30A931D3
:107E6900124C84FF900001124C9DFD90005EE0C40D
:107E790054F0FE90005DE04EFB1265BBAB2FAA30BB
:107E8900A931900009124DCA30E52F900006124F12
:107E99008C124FE28E358F36AB2FAA30A931124C96
:107EA90084FF900001124C9DFD90005EE0C454F0E7
:0A7EB900FE90005DE04EFB128328EE
:017EC300229C
:068F1D008B2F8A30893120
:108F2300E94A4B7003028FADED30E7149000021253
:108F33004C9D90005DF0900003124C9D90005EF0FC
:108F4300ED30E61AAB2FAA30A931900004124C9DE4
:108F530090005DF0900005124C9D90005EF0AB2FE9
:108F6300AA30A931900007124F8CEA494B603BAB02
:108F73002FAA30A931900007124F8C124FE28F367F
:108F8300AB2FAA30A931124C84FF900001124C9DE3
:108F9300FD900006124C9DFB90005EE0C454F0FE71
:0A8FA30090005DE04EF5351269BA4A
:018FAD0022A1
:06903E008B2F8A308931FE
:10904400E94A4B70030290CAED30E7149000021213
:109054004C9D90005DF0900003124C9D90005EF0DA
:10906400ED30E61AAB2FAA30A931900004124C9DC2
:1090740090005DF0900005124C9D90005EF0AB2FC7
:10908400AA30A931900009124F8CEA494B6037ABE2
:109094002FAA30A931900009124F8C124FE28B3A5B
:1090A4008A3B893CAB2FAA30A931124C84FF900033
:1090B40001124C9DFD90005EE0C454F0FE90005DF2
:0690C400E04EFB126E8E6F
:0190CA002283
:107BA100900090E075F003A42400F582E43437F5E9
:107BB10083E493FB740193FA740293F990001B120E
:107BC1004F8C900091E075F020A429F9EA35F0FA84
:0A7BD100900011124F8C7D407C00E3
:107BDB008B2A8A2B892C8C2D8D2EE94A4B70030214
:107BEB007C70AB2AAA2BA92C124F6CEA494B601064
:107BFB00AB2AAA2BA92C124F6CAD2EAC2D127E03E7
:107C0B00AB2AAA2BA92C900003124F8CEA494B608C
:107C1B0013AB2AAA2BA92C900003124F8CAD2EACC0
:107C2B002D128F1DAB2AAA2BA92C900006124F8C5C
:107C3B00EA494B6013AB2AAA2BA92C900006124FD2
:107C4B008CAD2EAC2D12903EAB2AAA2BA92C9000FA
:107C5B0009124DCA20E30E740B252CF52CE4352BA1
:067C6B00F52B027BED2267
:106869007C007D80900090E075F003A42400F582FF
:10687900E43437F583E493FB740193FA740293F9D2
:1068890090001B124F8C900091E075F020A429F91B
:04689900EA35F0FAF2
:10689D0015601560A860A60408A60515601560159D
:1068AD0060A860A60308A60208A60115601560156C
:0168BD00607A
:1068BE00E5602403F8860308E6FA08E6F990000579
:1068CE00124F8CEA494B6023E5602403F8860308D7
:1068DE00E6FA08E6F9900005124F8C124FE2A86016
:1068EE007C007D007E007F03124C5EE5602403F881
:1068FE00860308E6FA08E6F9900008124F8CEA497A
:10690E004B6016E5602403F8860308E6FA08E6F9FC
:10691E00900008124F8C124FE2E5602403F88603B4
:10692E0008E6FA08E6F990000B124F8CEA494B6024
:10693E0020E5602403F8860308E6FA08E6F99000DD
:10694E000B124F8CE5602406F8E6FC08E6FD127982
:10695E0048E5602403F8860308E6FA08E6F9900095
:10696E000E124F8CEA494B601CE5602406F8E6FCDB
:10697E0008E6FDE5602403F8860308E6FA08E690CB
:10698E00000E126D85E5602403F8860308E6FA080A
:10699E00E6F9900011124F8CE5602406F8E6FC082B
:0569AE00E6FD127BDB99
:0769B300E5602408F56022F5
:105CB200900090E0FF75F003A42400F582E43437ED
:105CC200F583E493FB740193FA740293F990000F45
:105CD200124F8CEA494B602FEF75F003A42400F5B4
:105CE20082E43437F583E493FB740193FA740293EC
:105CF200F990000F124F8C124FE278597C007D010F
:105D02007E007F03124C5E900090E075F003A424A5
:105D120000F582E43437F583E493FB740193FA745B
:105D22000293F9900024124DCA30E00302B82D907C
:105D32000090E075F003A42400F582E43437F58383
:105D4200E493FB740193FA740293F9900024124DC8
:105D5200CA20E203025E81900059E020E103025E64
:105D62008112B82D900090E075F003A42400F58212
:105D7200E43437F583E493FB740193FA740293F9E4
:105D820090000B124C9DFF1295D3900090E075F09D
:105D920003A42400F582E43437F583E493FB740111
:105DA20093FA740293F9900007124C9DFF90000839
:105DB200124C9DFD12A295900090E075F003A42470
:105DC20000F582E43437F583E493FB740193FA74AB
:105DD2000293F9900003124DCAFF90005AE0FD337E
:105DE20095E0FCED2FFFEC35F0FE900005124DCA58
:105DF200FD90005BE0FB3395E0FAEB2DFDEA35F018
:105E0200FC1279FA900090E075F003A42400F58268
:105E1200E43437F583E493FB740193FA740293F943
:105E220090000A124C9DC454F0FF900009124C9D40
:105E32004FFF1297AF900090E0FF75F003A424008B
:105E4200F582E43437F583E493FB740193FA740228
:105E520093F9900012124F8CEA494B6022EF75F0D1
:105E620003A42400F582E43437F583E493FB740140
:105E720093FA740293F9900012124F8C124FE2902F
:105E82000090E0FF75F003A42400F582E43437F5B6
:105E920083E493FB740193FA740293F99000151250
:105EA2004F8CEA494B6003127925900090E0FF7510
:105EB200F003A42400F582E43437F583E493FB7401
:105EC2000193FA740293F9900018124F8CEA494B2D
:105ED2006003126D66E490005CF0900090E075F053
:105EE20003A42400F582E43437F583E493FB7401C0
:105EF20093FA740293F990001E124C9DFF90005C7D
:105F0200E0C39F50187C007D8090001B124F8C9044
:105F1200005C12689290005CE004F080BD900090FA
:105F2200E075F003A42400F582E43437F583E493AA
:105F3200FB740193FA740293F990000B124C9DFFCB
:035F420012B41086
:015F45002239
:105F4600900090E0FF75F003A42400F582E4343756
:105F5600F583E493FB740193FA740293F990000FAE
:105F6600124F8CEA494B602FEF75F003A42400F51D
:105F760082E43437F583E493FB740193FA74029355
:105F8600F990000F124F8C124FE278597C007D0178
:105F96007E007F03124C5E900090E075F003A4240F
:105FA60000F582E43437F583E493FB740193FA74C5
:105FB6000293F9900024124DCA30E00302B82D90E6
:105FC6000090E0FF75F003A42400F582E43437F571
:105FD60083E493FB740193FA740293F990002412FC
:105FE6004DCA20E203026110900059E020E103024D
:105FF6006110EF75F003A42400F582E43437F583CD
:10600600E493FB740193FA740293F990000B124C1B
:106016009DFF1295D3900090E075F003A42400F53F
:1060260082E43437F583E493FB740193FA740293A4
:10603600F9900007124C9DFF900008124C9DFD122E
:10604600A295900090E075F003A42400F582E43454
:1060560037F583E493FB740193FA740293F9900085
:1060660003124DCAFF90005AE0FD3395E0FCED2F78
:10607600FFEC35F0FE900005124DCAFD90005BE086
:10608600FB3395E0FAEB2DFDEA35F0FC1279FA9038
:106096000090E075F003A42400F582E43437F5831C
:1060A600E493FB740193FA740293F990000A124C7C
:1060B6009DC454F0FF900009124C9D4FFF1297AFFC
:1060C600900090E0FF75F003A42400F582E43437D5
:1060D600F583E493FB740193FA740293F99000122A
:1060E600124F8CEA494B6022EF75F003A42400F5A9
:1060F60082E43437F583E493FB740193FA740293D4
:10610600F9900012124F8C124FE2900090E0FF754A
:10611600F003A42400F582E43437F583E493FB749A
:106126000193FA740293F9900015124F8CEA494BC9
:106136006003127925900090E0FF75F003A4240017
:10614600F582E43437F583E493FB740193FA740221
:1061560093F9900018124F8CEA494B6003126D6652
:10616600E490005CF0900090E075F003A42400F544
:1061760082E43437F583E493FB740193FA74029353
:10618600F990001E124C9DFF90005CE0C39F5018D2
:106196007C007D8090001B124F8C90005C126892F0
:1061A60090005CE004F080BD900090E075F003A4E0
:1061B6002400F582E43437F583E493FB740193FA03
:0E61C600740293F990000B124C9DFF12B4105E
:0161D40022A8
:1074B600900091E0900059F0A3F0900091E0D394F1
:1074C600004005E014F08027900090E075F003A4DA
:1074D6002400F582E43437F583E493FB740193FAD0
:1074E600740293F990001E124C9D14900091F09036
:1074F6000090E075F003A42400F582E43437F583A8
:10750600E493FB740193FA740293F990001B124FF3
:107516008C900091E075F020A429F9EA35F0FA90F4
:10752600001E124DCA30E65E900005124F8CEA49E5
:107536004B6041900090E075F003A42400F582E4CE
:107546003437F583E493FB740193FA740293F9904C
:10755600001B124F8C900091E075F020A429F9EAE7
:1075660035F0FA900005124F8C124FE2124C84301F
:10757600E1148000900091E0FF90005AF0900059CD
:10758600E0900091F022900091E0FF900059E06FAA
:0A75960060030274C090005AE0FF89
:0175A00022C8
:107C7100900091E0900059F0A3F0900090E075F031
:107C810003A42400F582E43437F583E493FB740103
:107C910093FA740293F990001E124C9D14FF900008
:107CA10091E0C39F5005E004F08005E4900091F05D
:107CB10090001B124F8C900091E075F020A429F9DF
:107CC100EA35F0FA90001E124DCA30E65E900005CA
:107CD100124F8CEA494B6041900090E075F003A48B
:107CE1002400F582E43437F583E493FB740193FABD
:107CF100740293F990001B124F8C900091E075F083
:107D010020A429F9EA35F0FA900005124F8C124FA0
:107D1100E2124C8430E1148000900091E0FF900069
:107D21005AF0900059E0900091F022900091E0FF0C
:0F7D3100900059E06F6003027C7B90005AE0FFE6
:017D40002220
:1073CA00900090E0FF75F003A42400F582E43437BE
:1073DA00F583E493FB740193FA740293F990000E17
:1073EA00124C9D900059F0A3EFF0900090E0C394E6
:1073FA00195005E004F08005E4900090F0900090A8
:10740A00E075F003A42400F582E43437F583E493AD
:10741A00FB740193FA740293F990000D124C9DFFCC
:10742A00900059E06F706B900024124DCA30E162EF
:10743A0090000F124F8CEA494B6055900090E0750E
:10744A00F003A42400F582E43437F583E493FB7453
:10745A000193FA740293F990000F124F8C124FE2C3
:10746A00124C8430E102803E900090E075F003A453
:10747A002400F582E43437F583E493FB740193FA2C
:10748A00740293F990000E124C9D900059F08002FC
:10749A00801490005AE0FF900090E06F600302733E
:0B74AA00F47F0C12B200900090E0FF95
:0174B50022B4
:1075A100900090E0FF75F003A42400F582E43437E5
:1075B100F583E493FB740193FA740293F990000C40
:1075C100124C9D900059F0A3EFF0900090E0D394FD
:1075D100004005E014F080069000907418F09000CF
:1075E10090E075F003A42400F582E43437F583E4D8
:1075F10093FB740193FA740293F990000D124C9D60
:10760100FF900059E06F706F900024124DCA30E175
:107611006690000F124F8CEA494B6055900090E044
:1076210075F003A42400F582E43437F583E493FB79
:10763100740193FA740293F990000F124F8C124F58
:10764100E2124C8430E1028028900090E075F00352
:10765100A42400F582E43437F583E493FB740193A9
:10766100FA740293F990000C124C9D900059F0802D
:1076710006900090E0FF2290005AE0FE900090E01A
:07768100FF6E60030275CBF0
:0176880022DF
:10A18C00E490005BF0F090005BE0FEC3941950305B
:10A19C00EE75F003A42400F582E43437F583E493E0
:10A1AC00FB740193FA740293F990000D124C9DB557
:10A1BC00070690005BE0FF2290005BE004F080C695
:02A1CC007F0012
:01A1CE00226E
:10564300E490005AF0A3F0A3F0A3F0A3F0A3F0A317
:10565300F0A3F0A3F0A3F0900059F0900059E0FFFD
:10566300C3941940030258C7EF75F003A42400F54F
:1056730082E43437F583E493FB740193FA74029361
:10568300F990000B124C9D14606E14700302576C5A
:105693001470030257DD14700302584D2404600391
:1056A3000258BE900008124C9DFF900007124C9DBB
:1056B3008FF0A4FFC390005BE09F90005AE095F049
:1056C30040030258BE900059E075F003A42400F58E
:1056D30082E43437F583E493FB740193FA74029301
:1056E300F9900008124C9DFF900007124C9D8FF01B
:1056F300A4FF90005A0258B8900059E075F003A433
:105703002400F582E43437F583E493FB740193FAC0
:10571300740293F9900008124C9DFF900007124CFD
:105723009D8FF0A4FFC390005DE09F90005CE09527
:10573300F040030258BE900059E075F003A4240022
:10574300F582E43437F583E493FB740193FA74022E
:1057530093F9900008124C9DFF900007124C9D8F07
:10576300F0A4FF90005C0258B8900059E075F00374
:10577300A42400F582E43437F583E493FB740193A6
:10578300FA740293F9900008124C9DFF90000712DF
:105793004C9D8FF0A4FFC390005FE09F90005EE0FC
:1057A30095F040030258BE900059E075F003A4241D
:1057B30000F582E43437F583E493FB740193FA74C0
:1057C3000293F9900008124C9DFF900007124C9D24
:1057D3008FF0A4FF90005E0258B8900059E075F076
:1057E30003A42400F582E43437F583E493FB7401C6
:1057F30093FA740293F9900008124C9DFF900007EE
:10580300124C9D8FF0A4FFC3900061E09F90006055
:10581300E095F040030258BE900059E075F003A4F0
:105823002400F582E43437F583E493FB740193FA9F
:10583300740293F9900008124C9DFF900007124CDC
:105843009D8FF0A4FF900060806B900059E075F08D
:1058530003A42400F582E43437F583E493FB740155
:1058630093FA740293F9900008124C9DFF9000077D
:10587300124C9D8FF0A4FFC3900063E09F900062E1
:10588300E095F05036900059E075F003A42400F53C
:1058930082E43437F583E493FB740193FA7402933F
:1058A300F9900008124C9DFF900007124C9D8FF059
:1058B300A4FF900062E5F0F0A3EFF0900059E0043C
:1058C300F002565E90005CE0FEA3E0FF90005BE018
:1058D3002FFF90005AE03EFE90005FE02FFF900004
:1058E3005EE03EFE900061E02FFF900060E03EFE30
:1058F300900062E0FAA3E0FB2FEA3EC39402400368
:105903000259BD90005AE0FCA3E0FD900079ECF051
:10591300A3EDF090005CE0FFA3E090007BCFF0A349
:10592300EFF090005EE0FFA3E090007DCFF0A3EFE7
:10593300F0900060E0FFA3E090007FCFF0A3EFF0D2
:10594300A3EAF0A3EBF07F011292EE90005CE0FE7D
:10595300A3E0FF90005BE02FFD90005AE03EFC7F48
:10596300021292EE90005CE0FEA3E0FF90005BE089
:105973002FFF90005AE03EFE90005FE02FFD900065
:105983005EE03EFC7F031292EE90005CE0FEA3E03B
:10599300FF90005BE02FFF90005AE03EFE90005F17
:1059A300E02FFF90005EE03EFE900061E02FFD904F
:0A59B3000060E03EFC7F041292EE5B
:0159BD0022C7
:08B82D0012B7BDE4FF02B73CB5
:0EB6C3007F0212B200E4900090F0755FFF224B
:10B20000AD0712A18C900090E06F600DAF0512A108
:0AB210008C900090EFF0E4A3F02210
:1051AA00202020202041524B0020202020417574CD
:1051BA006F0020564552312E343A20417072203108
:1051CA003320323031352031313A34303A343620D6
:1051DA000050494320005357495443480056434F0F
:1051EA004D44432020202020202020202020202041
:1051FA0020202020202020004252494748544E4572
:10520A00535320202020202020202020202020202E
:10521A002020202000434F4E545241535420202036
:10522A002020202020202020202020202020202074
:10523A00200053415455524154494F4E20202020BA
:10524A002020202020202020202020202020004F45
:10525A005344504F53584F4646534554202020201C
:10526A0020202020202020202020004F5344504F6F
:10527A0053594F46465345542020202020202020B1
:10528A0020202020202000564F4C554D452020201C
:10529A002020202020202020202020202020202004
:1052AA002020005343414C4552202020202020201A
:1052BA0020202020202020202020202020200046DE
:1052CA004C4950202020202020202020202020204F
:1052DA002020202020202020005245534554202001
:1052EA0020202020202020202020202020202020B4
:1052FA002020202000495241422020202020202026
:10530A002020202020202020202020202020202093
:10531A0000524144494F4652455120202020202026
:10532A002020202020202020202020202000504F34
:10533A0057455220202020202020202020202020D5
:10534A00202020202020202020004C4F474F494475
:10535A002020202020202020202020202020202043
:10536A00202020202000204F46460020204F4E00BB
:10537A00534156450030580020202020202020206C
:10538A002020202020202020202020202020202013
:10539A002020202020202000FF51AAFF51B3FF51D6
:1053AA00BCFF51DBFF51E0FF51E7FF5202FF521FE2
:1053BA00FF523CFF5259FF5275FF5291FF52ADFF07
:1053CA0052C9FF52E3FF52FFFF531BFF5338FF53EB
:1053DA0054FF5370FF5375FF537AFF537FFF538275
:1053EA00000000021B02000200FFB7AB00280219EE
:1053FA0002000200000000FFB5A70008031B02001C
:10540A000200FFB8350018041B02000200FFB83D75
:10541A000018051B02000200FFB8450018061B020F
:10542A00000200FFB7710018071B02000200FFB755
:10543A007B0018FF53ED000000FF53F80000FF54F3
:10544A00060000000000000000FF541100000000E8
:10545A0000000000FF541C0000000000000000FFD4
:10546A0054270000000000000000FF543200000032
:10547A000000000008021B02000200000000FFAC4E
:10548A00380008031B02000200000000FFAC5A00AB
:10549A0008041B02000200000000FFAC7C000805A3
:1054AA001B02000200000000FFAC9E0008061B025F
:1054BA00000200000000FFACC00008071B02000247
:1054CA0000000000FFACE20008081B020002000016
:1054DA000000FFAD040008091702000200000000E6
:1054EA00FFAD260008000000000000FF547F000006
:1054FA00000000000000FF548D00000000000000C2
:10550A0000FF549B0000000000000000FF54A900A7
:10551A0000000000000000FF54B700000000000077
:10552A000000FF54C50000000000000000FF54D333
:10553A000000000000000000FF54E1000801000222
:10554A0000040001FFB4B7000002000200020001DB
:10555A00FFB4D5000003000200020001FFB4E4001A
:10556A000004000200020001FFB4F300000500027B
:10557A0000020001FFB5020000060002000200015D
:10558A00FFB511000007000200020001FFB520006C
:10559A000008000000000001FFB5B6000009000085
:1055AA0000000001FFB5B600000A0000000000017B
:1055BA00FFB5B6000801040200040001FFB4C600EA
:1055CA000002000200020001FFB52F0000030002E2
:1055DA0000020001FFB53E000004000200020001C3
:1055EA00FFB54D000005000200020001FFB55C0096
:1055FA000006000200020001FFB56B00000700026E
:10560A0000020001FFB57A00000800020002000152
:10561A00FFB589000009000200020001FFB59800E9
:10562A00000A000000000001FFB5B60008000001F2
:09563A0000000001FFB4A8000803
:0FB4A8009053A8E493FB740193FA740293F92272
:0FB4B7009053ABE493FB740193FA740293F92260
:0FB4C6009053AEE493FB740193FA740293F9224E
:0FB4D5009053B1E493FB740193FA740293F9223C
:0FB4E4009053B4E493FB740193FA740293F9222A
:0FB4F3009053B7E493FB740193FA740293F92218
:0FB502009053BAE493FB740193FA740293F92205
:0FB511009053BDE493FB740193FA740293F922F3
:0FB520009053C0E493FB740193FA740293F922E1
:0FB52F009053C3E493FB740193FA740293F922CF
:0FB53E009053C6E493FB740193FA740293F922BD
:0FB54D009053C9E493FB740193FA740293F922AB
:0FB55C009053CCE493FB740193FA740293F92299
:0FB56B009053CFE493FB740193FA740293F92287
:0FB57A009053D2E493FB740193FA740293F92275
:0FB589009053D5E493FB740193FA740293F92263
:0FB598009053D8E493FB740193FA740293F92251
:10AC380012B84D9053DB75F003EF124F60EE75F0CC
:10AC480003A42583F583E493FB740193FA740293B8
:02AC5800F922DF
:10AC5A0012B8559053DB75F003EF124F60EE75F0A2
:10AC6A0003A42583F583E493FB740193FA74029396
:02AC7A00F922BD
:10AC7C0012B85D9053DB75F003EF124F60EE75F078
:10AC8C0003A42583F583E493FB740193FA74029374
:02AC9C00F9229B
:10AC9E0012B8659053DB75F003EF124F60EE75F04E
:10ACAE0003A42583F583E493FB740193FA74029352
:02ACBE00F92279
:10ACC00012B86D9053DB75F003EF124F60EE75F024
:10ACD00003A42583F583E493FB740193FA74029330
:02ACE000F92257
:10ACE20012B8759053DB75F003EF124F60EE75F0FA
:10ACF20003A42583F583E493FB740193FA7402930E
:02AD0200F92234
:10AD040012B87D9053DB75F003EF124F60EE75F0CF
:10AD140003A42583F583E493FB740193FA740293EB
:02AD2400F92212
:10AD260012B8859053A275F003EF124F60EE75F0DE
:10AD360003A42583F583E493FB740193FA740293C9
:02AD4600F922F0
:0FB5A7009053E4E493FB740193FA740293F92236
:0FB5B6009053E7E493FB740193FA740293F92224
:10AEFD0078647C007D017BFF7A5379EA7E007F03C5
:10AF0D00124C5E900064E04402F07B017A0079649B
:01AF1D002211
:09B7AB0090000EE0FEA3E0FF2275
:08B83500900014E0FF7E0022E8
:08B83D00900015E0FF7E0022DF
:08B84500900016E0FF7E0022D6
:0AB77100900023E0FF3395E0FE2274
:0AB77B00900024E0FF3395E0FE2269
:08B84D00900042E0FF7E0022A2
:08B85500900040E0FF7E00229C
:08B85D00900041E0FF7E002293
:08B86500900043E0FF7E002289
:08B86D00900044E0FF7E002280
:08B87500900045E0FF7E002277
:08B87D00900046E0FF7E00226E
:08B88500900038E0FF7E002274
:1064280056434F4D44432020202020202020202068
:106438002020202020202020200042524947485474
:106448004E4553532020202020202020202020208B
:1064580020202000434F4E545241535420202020E6
:1064680020202020202020202020202000534154BC
:1064780055524154494F4E202020202020202020D2
:106488002020202020004F5344504F53584F464659
:106498005345542020202020202020202020202068
:1064A80020004F5344504F53594F464653455420AC
:1064B80020202020202020202020202020003058AC
:1064C80000FF6428FF6442FF645CFF6475FF648E0C
:1064D800FF64AAFF64C6000000021B02000400FF5C
:1064E800B7B40028021902000400000000FFB61F1C
:1064F8000008031B02000400FFB88D0018041B02EB
:10650800000400FFB8950018051B02000400FFB83E
:106518009D0018061B02000400FFB7850018071B22
:1065280002000400FFB78F0018FF64E1000000FFBD
:1065380064EC0008FF64FA0000000000000008FF97
:1065480065050000000000000008FF65100000005D
:106558000000000008FF651B0000000000000008A4
:10656800FF65260000000000000008020002000489
:106578000001FFB5C5000803000200040001FFB5D3
:10658800D4000804000200040001FFB5E300080578
:10659800000200040001FFB5F20008060002000432
:1065A8000001FFB601000807000200040001FFB661
:0365B800100008C8
:0FB5C5009064C9E493FB740193FA740293F92222
:0FB5D4009064CCE493FB740193FA740293F92210
:0FB5E3009064CFE493FB740193FA740293F922FE
:0FB5F2009064D2E493FB740193FA740293F922EC
:0FB601009064D5E493FB740193FA740293F922D9
:0FB610009064D8E493FB740193FA740293F922C7
:0FB61F009064DBE493FB740193FA740293F922B5
:10AF1E0078647C007D017BFF7A6479DE7E007F039E
:10AF2E00124C5E900064E04402F07B017A0079647A
:01AF3E0022F0
:10A38F00BF0A1BC390000FE0946490000EE094008E
:10A39F00500CA3E004F0700690000EE004F0BF0B29
:10A3AF001BD390000FE0940090000EE09400400C3F
:0EA3BF00A3E024FFF090000EE034FFF0D32264
:10AFA000BF0A0C900014E0C394465003E004F0BFC5
:10AFB0000B0C900014E0D3941E4003E014F0D32255
:10AFC000BF0A0C900015E0C394465003E004F0BFA4
:10AFD0000B0C900015E0D3941E4003E014F0D32234
:10AFE000BF0A0C900016E0C394465003E004F0BF83
:10AFF0000B0C900016E0D3941E4003E014F0D32213
:10AABE00BF0A0E900023E0C3648094B25003E004FA
:10AACE00F0BF0B0E900023E0D36480944E4003E061
:04AADE0014F0D3227B
:10AAE200BF0A0E900024E0C3648094B25003E004D5
:10AAF200F0BF0B0E900024E0D36480944E4003E03C
:04AB020014F0D32256
:109B75007F04E4705CEF14601E14602F14604024B1
:109B850003704E90000EA3E0F5357F007E007D004A
:109B95007C001285F9803A90000EA3E0F5357F0030
:109BA5007E007D007C001286AA802690000EA3E030
:109BB500F5357F007E007D007C0012875B8012906A
:109BC500000EA3E0F5357F007E007D007C00128845
:039BD5000CD3228C
:02B92600D3222A
:02B92800D32228
:02B92A00D32226
:02B92C00D32224
:02B92E00D32222
:09B7B40090000EE0FEA3E0FF226C
:08B88D00900014E0FF7E002290
:08B89500900015E0FF7E002287
:08B89D00900016E0FF7E00227E
:0AB78500900023E0FF3395E0FE2260
:0AB78F00900024E0FF3395E0FE2255
:1061D500202020202041524B002020202041757492
:1061E5006F00564F4C554D45202020202020202063
:1061F5002020202020202020202020200053434143
:106205004C45522020202020202020202020202006
:10621500202020202020202000464C4950202020EE
:106225002020202020202020202020202020202069
:106235002020202000524553455420202020202096
:106245002020202020202020202020202020202049
:1062550000495241422020202020202020202020BB
:1062650020202020202020202020202000524144D2
:10627500494F465245512020202020202020202013
:1062850020202020202020202000504F574552203C
:1062950020202020202020202020202020202020F9
:1062A5002020202020004C4F474F4944202020200B
:1062B50020202020202020202020202020202020D9
:1062C5002000204F46460020204F4E0053415645A2
:1062D50000FF61D5FF61DEFF61E7FF6202FF621E1D
:1062E500FF623AFF6256FF6272FF628FFF62ABFF89
:1062F50062C7FF62CCFF62D1000000021B020004EE
:1063050000000000FFAD480008031B020004000068
:106315000000FFAD6A0008041B0200040000000035
:10632500FFAD8C0008051B02000400000000FFAD56
:10633500AE0008061B02000400000000FFADD000FF
:1063450008071B02000400000000FFADF20008086A
:106355001B02000400000000FFAE1400080917022C
:10636500000400000000FFAE360008000000000039
:1063750000FF63000008000000000000FF630E003E
:1063850008000000000000FF631C0008000000007A
:106395000000FF632A0008000000000000FF6338CA
:1063A5000008000000000000FF6346000800000030
:1063B500000000FF63540008000000000000FF63B8
:1063C50062000802000200040001FFB62E00080367
:1063D500000200040001FFB63D00080400020004AD
:1063E5000001FFB64C000805000200040001FFB6DD
:1063F5005B000806000200040001FFB66A000807FA
:10640500000200040001FFB679000808000200043C
:106415000001FFB688000809000200040001FFB66C
:03642500970008D5
:0FB62E009062DCE493FB740193FA740293F922A7
:0FB63D009062DFE493FB740193FA740293F92295
:0FB64C009062E2E493FB740193FA740293F92283
:0FB65B009062E5E493FB740193FA740293F92271
:0FB66A009062E8E493FB740193FA740293F9225F
:0FB679009062EBE493FB740193FA740293F9224D
:0FB688009062EEE493FB740193FA740293F9223B
:0FB697009062F1E493FB740193FA740293F92229
:10AD480012B8A59062F475F003EF124F60EE75F03B
:10AD580003A42583F583E493FB740193FA740293A7
:02AD6800F922CE
:10AD6A0012B8AD9062F475F003EF124F60EE75F011
:10AD7A0003A42583F583E493FB740193FA74029385
:02AD8A00F922AC
:10AD8C0012B8B59062F475F003EF124F60EE75F0E7
:10AD9C0003A42583F583E493FB740193FA74029363
:02ADAC00F9228A
:10ADAE0012B8BD9062F475F003EF124F60EE75F0BD
:10ADBE0003A42583F583E493FB740193FA74029341
:02ADCE00F92268
:10ADD00012B8C59062F475F003EF124F60EE75F093
:10ADE00003A42583F583E493FB740193FA7402931F
:02ADF000F92246
:10ADF20012B8CD9062F475F003EF124F60EE75F069
:10AE020003A42583F583E493FB740193FA740293FC
:02AE1200F92223
:10AE140012B8D59062F475F003EF124F60EE75F03E
:10AE240003A42583F583E493FB740193FA740293DA
:02AE3400F92201
:10AE360012B8DD9062D675F003EF124F60EE75F032
:10AE460003A42583F583E493FB740193FA740293B8
:02AE5600F922DF
:10AF3F0078647C007D017BFF7A6279FD7E007F0360
:10AF4F00124C5E900064E04402F07B017A00796459
:01AF5F0022CF
:10B15E00EF640A6003BF0B11900042E0B40104E4F7
:0BB16E00F080069000427401F0D32234
:10B17900EF640A6003BF0B11900040E0B40104E4DE
:0BB18900F080069000407401F0D3221B
:10B19400EF640A6003BF0B11900041E0B40104E4C2
:0BB1A400F080069000417401F0D322FF
:10B1AF00EF640A6003BF0B11900043E0B40104E4A5
:0BB1BF00F080069000437401F0D322E2
:10B1CA00EF640A6003BF0B11900044E0B40104E489
:0BB1DA00F080069000447401F0D322C6
:10B1E500EF640A6003BF0B11900045E0B40104E46D
:0BB1F500F080069000457401F0D322AA
:10A80D00EF640A6003BF0B23900046E01460071449
:10A81D00600C2402800F9000467402F0800DE490CD
:0DA82D000046F080069000467401F0D32232
:109F0100EF640A6005EF640B7044900038E0146060
:109F11001514601A14601F1460242404702090002A
:109F2100387401F0801D9000387402F080159000A3
:109F3100387403F0800D9000387404F08005E490CB
:109F41000038F0900038E0D394014002E4F0D322CD
:08B8A500900042E0FF7E00224A
:08B8AD00900040E0FF7E002244
:08B8B500900041E0FF7E00223B
:08B8BD00900043E0FF7E002231
:08B8C500900044E0FF7E002228
:08B8CD00900045E0FF7E00221F
:08B8D500900046E0FF7E002216
:08B8DD00900038E0FF7E00221C
:10A962001560A860A60790FD32E054FEF0E054FDA9
:10A97200F0E054FBF053EAFE43EE01A860E6600407
:09A98200D2908002C2900560220F
:10A98B001560A860A60790FD32E054EFF0E054DFAD
:10A99B00F0E054BFF053EAFD43EE02A860E660041A
:09A9AB00D2918002C291056022E4
:10B1420090FD32E054FEF0E054FDF0E054FBF05389
:0CB15200EEFE43EA01309002D322C3223B
:108CC100438E0790FD0E7420F090FD1174FFF0A308
:108CD100F0A3F090FD0B7440F090FD107404F0903F
:108CE100FD19E04481F090FD50E4F0A3F0A3F0A35E
:108CF100F0A3F0A3F0A3F0A3F0A3F0A3F0A3F090EE
:108D0100FFCB7480F0A3F0A3742DF090FFB77490A3
:108D1100F090FFD87480F090FFD77410F090FFCEE0
:108D21007413F0A374DDF0A37472F090FE01E044BB
:108D310002F090FED774F7F090FEBA74FFF090FE47
:108D4100B57467F090FED574B1F090FE56E4F090E2
:098D5100FCE304F0A37445F022D8
:0F9C2900014A00014BFF014C00014DFF014E00AD
:020513008F2433
:0D05150090FE26E05402C31370030205E9B6
:1005220090FE2AE0540FF52590FED0E0F526E54B2B
:100532006525600885254BE4F54C803EE54CC39467
:10054200145037054CE54C6414702FE54B14600FC2
:1005520024FC60192405702290FECB74068004905E
:10056200FECBE4F090FE01E04402F0800D90FE012B
:10057200E054FDF090FECB7402F0E54AC394FA50C9
:100582000E054AE54AB4FA0790FE54E054BFF0E57E
:100592004D6526600785264DE4F54E22E54EC3944F
:1005A2000A504E054EE54E640A704690FED0E02099
:1005B200E404E030E20990FFB1E054FDF0800790DE
:1005C200FFB1E04402F090FED0E020E604E030E526
:1005D2000BE54B701C90FECB7402F022E54B7011C0
:0605E20090FECB7406F050
:0B05E80022E4F54A90FE54E04440F08D
:0105F30022E5
:0300000002915713
:0C915700787FE4F6D8FD75816002919EDF
:104B8E00E709F608DFFA8046E709F208DFFA803E09
:104B9E0088828C83E709F0A3DFFA8032E309F608F6
:104BAE00DFFA8078E309F208DFFA807088828C835E
:104BBE00E309F0A3DFFA806489828A83E0A3F60812
:104BCE00DFFA805889828A83E0A3F208DFFA804CEC
:104BDE0080D280FA80C680D4806980F280338010C3
:104BEE0080A680EA809A80A880DA80E280CA80332C
:104BFE0089828A83ECFAE493A3C8C582C8CCC583A4
:104C0E00CCF0A3C8C582C8CCC583CCDFE9DEE78073
:104C1E000D89828A83E493A3F608DFF9ECFAA9F0F2
:104C2E00EDFB2289828A83ECFAE0A3C8C582C8CC48
:104C3E00C583CCF0A3C8C582C8CCC583CCDFEADE61
:104C4E00E880DB89828A83E493A3F208DFF980CCC3
:104C5E0088F0EF60010E4E60C388F0ED2402B404BC
:104C6E000050B9F582EB2402B4040050AF23234563
:064C7E008223904BDE735F
:104C8400BB010689828A83E0225002E722BBFE022E
:094C9400E32289828A83E4932261
:104C9D00BB010CE58229F582E5833AF583E02250CC
:104CAD0006E92582F8E622BBFE06E92582F8E22216
:0D4CBD00E58229F582E5833AF583E4932230
:104CCA00F8BB010DE58229F582E5833AF583E8F020
:104CDA00225006E92582C8F622BBFE05E92582C8CC
:024CEA00F222B4
:104CEC00EF8DF0A4A8F0CF8CF0A428CE8DF0A42EDC
:024CFC00FE2296
:104CFE00BC000BBE0029EF8DF084FFADF022E4CC9A
:104D0E00F875F008EF2FFFEE33FEEC33FCEE9DEC62
:104D1E00984005FCEE9DFE0FD5F0E9E4CEFD22EDA8
:104D2E00F8F5F0EE8420D21CFEADF075F008EF2FF2
:104D3E00FFED33FD4007985006D5F0F222C398FDE3
:054D4E000FD5F0EA2280
:104D5300C2D5EC30E709B2D5E4C39DFDE49CFCEE7B
:104D630030E715B2D5E4C39FFFE49EFE124CFEC3A9
:104D7300E49DFDE49CFC8003124CFE30D507C3E4A4
:064D83009FFFE49EFE22EA
:104D8900C5F0F8A3E028F0C5F0F8E58215827002B5
:064D99001583E038F02252
:104D9F00BB010A89828A83E0F5F0A3E022500687DF
:104DAF00F009E71922BBFE07E3F5F009E3192289A1
:0B4DBF00828A83E493F5F074019322D4
:104DCA00BB0110E58229F582E5833AF583E0F5F027
:104DDA00A3E0225009E92582F886F008E622BBFE04
:104DEA000AE92582F8E2F5F008E222E5832AF5834A
:084DFA00E993F5F0A3E993220F
:104E0200E88FF0A4CC8BF0A42CFCE98EF0A42CFC4F
:104E12008AF0EDA42CFCEA8EF0A4CDA8F08BF0A4CD
:104E22002DCC3825F0FDE98FF0A42CCD35F0FCEB2C
:104E32008EF0A4FEA9F0EB8FF0A4CFC5F02ECD39F1
:0F4E4200FEE43CFCEAA42DCE35F0FDE43CFC225E
:104E510075F008758200EF2FFFEE33FECD33CDCC18
:104E610033CCC58233C5829BED9AEC99E58298409B
:104E71000CF582EE9BFEED9AFDEC99FC0FD5F0D678
:104E8100E4CEFBE4CDFAE4CCF9A88222B800C1B9A2
:104E91000059BA002DEC8BF084CFCECDFCE5F0CBE0
:104EA100F97818EF2FFFEE33FEED33FDEC33FCEB19
:104EB10033FB10D703994004EB99FB0FD8E5E4F9D4
:104EC100FA227818EF2FFFEE33FEED33FDEC33FCC1
:104ED100C933C910D7059BE99A4007EC9BFCE99AB5
:104EE100F90FD8E0E4C9FAE4CCFB2275F010EF2FFA
:104EF100FFEE33FEED33FDCC33CCC833C810D707FA
:104F01009BEC9AE899400AED9BFDEC9AFCE899F834
:0E4F11000FD5F0DAE4CDFBE4CCFAE4C8F922C7
:104F1F00EB9FF5F0EA9E42F0E99D42F0E89C45F0E8
:014F2F00225F
:104F3000E8600FECC313FCED13FDEE13FEEF13FF5F
:034F4000D8F12283
:0C4F4300ECF0A3EDF0A3EEF0A3EFF022E1
:104F4F00F5F0C582A4C582C5F0C583A42583F5837A
:014F5F00222F
:0C4F6000A42582F582E5F03583F583225C
:104F6C00BB010789828A8302518C5005E9F80251F2
:104F7C0083BBFE05E9F802519589828A8302519E12
:104F8C00BB010DE58229F582E5833AF58302518C4C
:104F9C005007E92582F8025183BBFE07E92582F808
:104FAC00025195E58229F582E5833AF58302519EFB
:104FBC00D083D082F8E4937012740193700DA3A384
:104FCC0093F8740193F5828883E473740293686098
:064FDC00EFA3A3A380DF98
:064FE2008A838982E4735A
:104FE800E3F5F009E208B5F06D606B80F3E3F5F0E6
:104FF80009E608B5F060605E80F387F009E608B559
:10500800F054605280F487F009E208B5F048604631
:1050180080F488828C8387F009E0A3B5F038603685
:1050280080F488828C8387F009E493A3B5F0276025
:105038002580F388828C83E3F5F009E0A3B5F016A8
:10504800601480F388828C83E3F5F009E493A3B5B8
:10505800F004600280F2025113808580E7808E8020
:10506800D2803C8015806C807E809B80B5808B8050
:10507800A1804F8070803A02511F89828A83ECFA9E
:10508800E493F5F0A3C8C582C8CCC583CCE493A348
:10509800C8C582C8CCC583CCB5F070606E80E18984
:1050A800828A83E493F5F0A3E208B5F05E605C8041
:1050B800F289828A83E0F5F0A3E608B5F04D604BEB
:1050C80080F389828A83E0F5F0A3E208B5F03C60BA
:1050D8003A80F389828A83E493F5F0A3E608B5F071
:1050E8002A602880F2805389828A83ECFAE493F557
:1050F800F0A3C8C582C8CCC583CCE0A3C8C582C804
:10510800CCC583CCB5F004600280E27FFFB5F00225
:105118000F2240027F012289828A83ECFAE0F5F0AF
:10512800A3C8C582C8CCC583CCE0A3C8C582C8CCF7
:10513800C583CCB5F0D560D380E389828A83ECFA45
:10514800E0F5F0A3C8C582C8CCC583CCE493A3C856
:10515800C582C8CCC583CCB5F0B160AF80E288F019
:10516800ED2402B4040050A3F582EB2402B4040039
:0B51780050992323458223905061735F
:108A1B008B288A29892AAB28AA29A92A124C84FFD8
:108A2B0012B436500D7401252AF52AE43529F5299F
:108A3B0080E4D214AB28AA29A92A124C84FF642BF8
:108A4B006004EFB42D1BAB28052AE52AAA29700276
:108A5B00052914F9124C84642D6003D38001C39251
:108A6B0014E4F52BF52CAB28AA29A92A124C84FF68
:108A7B0012B6A65036AB28AA29A92A124C84FF336A
:108A8B0095E0FEEF24D0FBEE34FFFAAE2BAF2C7C3F
:108A9B00007D0A124CECEF2BF52CEE3AF52B740102
:108AAB00252AF52AE43529F52980BB301406AE2B8F
:0E8ABB00AF2C8009C3E4952CFFE4952BFE221E
:10916300028492E493A3F8E493A34003F68001F20C
:1091730008DFF48029E493A3F85407240CC8C3330D
:10918300C4540F4420C8834004F456800146F6DFDC
:10919300E4800B0102040810204080909BD8E47EF9
:1091A300019360BCA3FF543F30E509541FFEE493D1
:1091B300A360010ECF54C025E060A840B8E493A398
:1091C300FAE493A3F8E493A3C8C582C8CAC583CAC3
:1091D300F0A3C8C582C8CAC583CADFE9DEE780BE7B
:019C3800002B
:09518300E6FB08E6FA08E6F92251
:09518C00E0FBA3E0FAA3E0F92224
:09519500E2FB08E2FA08E2F9224B
:0C519E00E493FB740193FA740293F9226D
:0FB6A600EFC394304007EF943A50028001C32263
:10B43600EFC394094005EF940E4003BF2003D38069
:03B4460001C3221D
:00000001FF
