[2026-03-24 09:35:10.078] ========== APP START ==========
[2026-03-24 09:35:10.081] Program.Main: before Application.Run
[2026-03-24 09:35:10.418] RadarControl.SetTargets: count=0, selected=none
[2026-03-24 09:35:10.431] RadarControl.SetTargets: count=0, selected=none
[2026-03-24 09:35:10.441] RadarControl.SetTargets: count=0, selected=none
[2026-03-24 09:35:10.608] RadarControl.OnPaint[1] ENTER width=743 height=743 targets=0 range=20,0
[2026-03-24 09:35:10.643] RadarControl.OnPaint[1] DrawRangeRings
[2026-03-24 09:35:10.646] RadarControl.OnPaint[1] DrawGrid
[2026-03-24 09:35:10.648] RadarControl.OnPaint[1] DrawTracks
[2026-03-24 09:35:10.649] RadarControl.OnPaint[1] DrawTargets begin
[2026-03-24 09:35:10.652] RadarControl.OnPaint[1] DrawTargets end
[2026-03-24 09:35:10.652] RadarControl.OnPaint[1] DrawCenter
[2026-03-24 09:35:10.655] RadarControl.OnPaint[1] EXIT ok
[2026-03-24 09:35:10.713] RadarControl.SetTargets: count=0, selected=none
[2026-03-24 09:35:10.734] RadarControl.OnPaint[2] ENTER width=743 height=743 targets=0 range=20,0
[2026-03-24 09:35:10.751] RadarControl.OnPaint[2] DrawRangeRings
[2026-03-24 09:35:10.752] RadarControl.OnPaint[2] DrawGrid
[2026-03-24 09:35:10.753] RadarControl.OnPaint[2] DrawTracks
[2026-03-24 09:35:10.753] RadarControl.OnPaint[2] DrawTargets begin
[2026-03-24 09:35:10.753] RadarControl.OnPaint[2] DrawTargets end
[2026-03-24 09:35:10.753] RadarControl.OnPaint[2] DrawCenter
[2026-03-24 09:35:10.754] RadarControl.OnPaint[2] EXIT ok
[2026-03-24 09:35:17.381] RadarControl.SetTargets: count=0, selected=none
[2026-03-24 09:35:17.392] RadarControl.OnPaint[3] ENTER width=743 height=743 targets=0 range=25,0
[2026-03-24 09:35:17.410] RadarControl.OnPaint[3] DrawRangeRings
[2026-03-24 09:35:17.411] RadarControl.OnPaint[3] DrawGrid
[2026-03-24 09:35:17.411] RadarControl.OnPaint[3] DrawTracks
[2026-03-24 09:35:17.411] RadarControl.OnPaint[3] DrawTargets begin
[2026-03-24 09:35:17.411] RadarControl.OnPaint[3] DrawTargets end
[2026-03-24 09:35:17.412] RadarControl.OnPaint[3] DrawCenter
[2026-03-24 09:35:17.412] RadarControl.OnPaint[3] EXIT ok
[2026-03-24 09:35:17.482] RadarControl.SetTargets: count=0, selected=none
[2026-03-24 09:35:17.491] RadarControl.OnPaint[4] ENTER width=743 height=743 targets=0 range=31,3
[2026-03-24 09:35:17.510] RadarControl.OnPaint[4] DrawRangeRings
[2026-03-24 09:35:17.511] RadarControl.OnPaint[4] DrawGrid
[2026-03-24 09:35:17.511] RadarControl.OnPaint[4] DrawTracks
[2026-03-24 09:35:17.512] RadarControl.OnPaint[4] DrawTargets begin
[2026-03-24 09:35:17.512] RadarControl.OnPaint[4] DrawTargets end
[2026-03-24 09:35:17.512] RadarControl.OnPaint[4] DrawCenter
[2026-03-24 09:35:17.513] RadarControl.OnPaint[4] EXIT ok
[2026-03-24 09:35:18.570] RadarControl.SetTargets: count=0, selected=none
[2026-03-24 09:35:18.583] RadarControl.OnPaint[5] ENTER width=743 height=743 targets=0 range=25,0
[2026-03-24 09:35:18.602] RadarControl.OnPaint[5] DrawRangeRings
[2026-03-24 09:35:18.603] RadarControl.OnPaint[5] DrawGrid
[2026-03-24 09:35:18.604] RadarControl.OnPaint[5] DrawTracks
[2026-03-24 09:35:18.604] RadarControl.OnPaint[5] DrawTargets begin
[2026-03-24 09:35:18.604] RadarControl.OnPaint[5] DrawTargets end
[2026-03-24 09:35:18.605] RadarControl.OnPaint[5] DrawCenter
[2026-03-24 09:35:18.605] RadarControl.OnPaint[5] EXIT ok
[2026-03-24 09:35:18.618] RadarControl.SetTargets: count=0, selected=none
[2026-03-24 09:35:18.628] RadarControl.OnPaint[6] ENTER width=743 height=743 targets=0 range=20,0
[2026-03-24 09:35:18.651] RadarControl.OnPaint[6] DrawRangeRings
[2026-03-24 09:35:18.652] RadarControl.OnPaint[6] DrawGrid
[2026-03-24 09:35:18.653] RadarControl.OnPaint[6] DrawTracks
[2026-03-24 09:35:18.653] RadarControl.OnPaint[6] DrawTargets begin
[2026-03-24 09:35:18.653] RadarControl.OnPaint[6] DrawTargets end
[2026-03-24 09:35:18.653] RadarControl.OnPaint[6] DrawCenter
[2026-03-24 09:35:18.653] RadarControl.OnPaint[6] EXIT ok
[2026-03-24 09:35:18.683] RadarControl.SetTargets: count=0, selected=none
[2026-03-24 09:35:18.694] RadarControl.OnPaint[7] ENTER width=743 height=743 targets=0 range=16,0
[2026-03-24 09:35:18.720] RadarControl.OnPaint[7] DrawRangeRings
[2026-03-24 09:35:18.721] RadarControl.OnPaint[7] DrawGrid
[2026-03-24 09:35:18.721] RadarControl.OnPaint[7] DrawTracks
[2026-03-24 09:35:18.721] RadarControl.OnPaint[7] DrawTargets begin
[2026-03-24 09:35:18.722] RadarControl.OnPaint[7] DrawTargets end
[2026-03-24 09:35:18.722] RadarControl.OnPaint[7] DrawCenter
[2026-03-24 09:35:18.722] RadarControl.OnPaint[7] EXIT ok
[2026-03-24 09:35:20.848] RadarControl.SetTargets: count=0, selected=none
[2026-03-24 09:35:20.860] RadarControl.OnPaint[8] ENTER width=743 height=743 targets=0 range=12,8
[2026-03-24 09:35:20.882] RadarControl.OnPaint[8] DrawRangeRings
[2026-03-24 09:35:20.884] RadarControl.OnPaint[8] DrawGrid
[2026-03-24 09:35:20.884] RadarControl.OnPaint[8] DrawTracks
[2026-03-24 09:35:20.884] RadarControl.OnPaint[8] DrawTargets begin
[2026-03-24 09:35:20.885] RadarControl.OnPaint[8] DrawTargets end
[2026-03-24 09:35:20.885] RadarControl.OnPaint[8] DrawCenter
[2026-03-24 09:35:20.885] RadarControl.OnPaint[8] EXIT ok
[2026-03-24 09:35:22.109] RadarControl.SetTargets: count=0, selected=none
[2026-03-24 09:35:22.122] RadarControl.OnPaint[9] ENTER width=743 height=743 targets=0 range=16,0
[2026-03-24 09:35:22.145] RadarControl.OnPaint[9] DrawRangeRings
[2026-03-24 09:35:22.146] RadarControl.OnPaint[9] DrawGrid
[2026-03-24 09:35:22.146] RadarControl.OnPaint[9] DrawTracks
[2026-03-24 09:35:22.146] RadarControl.OnPaint[9] DrawTargets begin
[2026-03-24 09:35:22.146] RadarControl.OnPaint[9] DrawTargets end
[2026-03-24 09:35:22.147] RadarControl.OnPaint[9] DrawCenter
[2026-03-24 09:35:22.147] RadarControl.OnPaint[9] EXIT ok
[2026-03-24 09:35:22.998] RadarControl.SetTargets: count=0, selected=none
[2026-03-24 09:35:23.009] RadarControl.OnPaint[10] ENTER width=743 height=743 targets=0 range=20,0
[2026-03-24 09:35:23.026] RadarControl.OnPaint[10] DrawRangeRings
[2026-03-24 09:35:23.027] RadarControl.OnPaint[10] DrawGrid
[2026-03-24 09:35:23.027] RadarControl.OnPaint[10] DrawTracks
[2026-03-24 09:35:23.028] RadarControl.OnPaint[10] DrawTargets begin
[2026-03-24 09:35:23.028] RadarControl.OnPaint[10] DrawTargets end
[2026-03-24 09:35:23.028] RadarControl.OnPaint[10] DrawCenter
[2026-03-24 09:35:23.028] RadarControl.OnPaint[10] EXIT ok
[2026-03-24 09:35:26.216] RadarControl.SetTargets: count=0, selected=none
[2026-03-24 09:35:26.227] RadarControl.OnPaint[11] ENTER width=743 height=743 targets=0 range=16,0
[2026-03-24 09:35:26.240] RadarControl.OnPaint[11] DrawRangeRings
[2026-03-24 09:35:26.241] RadarControl.OnPaint[11] DrawGrid
[2026-03-24 09:35:26.242] RadarControl.OnPaint[11] DrawTracks
[2026-03-24 09:35:26.242] RadarControl.OnPaint[11] DrawTargets begin
[2026-03-24 09:35:26.242] RadarControl.OnPaint[11] DrawTargets end
[2026-03-24 09:35:26.242] RadarControl.OnPaint[11] DrawCenter
[2026-03-24 09:35:26.243] RadarControl.OnPaint[11] EXIT ok
[2026-03-24 09:35:26.271] RadarControl.SetTargets: count=0, selected=none
[2026-03-24 09:35:26.281] RadarControl.OnPaint[12] ENTER width=743 height=743 targets=0 range=12,8
[2026-03-24 09:35:26.295] RadarControl.OnPaint[12] DrawRangeRings
[2026-03-24 09:35:26.296] RadarControl.OnPaint[12] DrawGrid
[2026-03-24 09:35:26.297] RadarControl.OnPaint[12] DrawTracks
[2026-03-24 09:35:26.297] RadarControl.OnPaint[12] DrawTargets begin
[2026-03-24 09:35:26.297] RadarControl.OnPaint[12] DrawTargets end
[2026-03-24 09:35:26.298] RadarControl.OnPaint[12] DrawCenter
[2026-03-24 09:35:26.298] RadarControl.OnPaint[12] EXIT ok
[2026-03-24 09:35:26.346] RadarControl.SetTargets: count=0, selected=none
[2026-03-24 09:35:26.357] RadarControl.OnPaint[13] ENTER width=743 height=743 targets=0 range=10,2
[2026-03-24 09:35:26.371] RadarControl.OnPaint[13] DrawRangeRings
[2026-03-24 09:35:26.371] RadarControl.OnPaint[13] DrawGrid
[2026-03-24 09:35:26.372] RadarControl.OnPaint[13] DrawTracks
[2026-03-24 09:35:26.372] RadarControl.OnPaint[13] DrawTargets begin
[2026-03-24 09:35:26.372] RadarControl.OnPaint[13] DrawTargets end
[2026-03-24 09:35:26.372] RadarControl.OnPaint[13] DrawCenter
[2026-03-24 09:35:26.373] RadarControl.OnPaint[13] EXIT ok
[2026-03-24 09:35:27.149] RadarControl.SetTargets: count=0, selected=none
[2026-03-24 09:35:27.159] RadarControl.OnPaint[14] ENTER width=743 height=743 targets=0 range=12,8
[2026-03-24 09:35:27.173] RadarControl.OnPaint[14] DrawRangeRings
[2026-03-24 09:35:27.174] RadarControl.OnPaint[14] DrawGrid
[2026-03-24 09:35:27.175] RadarControl.OnPaint[14] DrawTracks
[2026-03-24 09:35:27.175] RadarControl.OnPaint[14] DrawTargets begin
[2026-03-24 09:35:27.176] RadarControl.OnPaint[14] DrawTargets end
[2026-03-24 09:35:27.176] RadarControl.OnPaint[14] DrawCenter
[2026-03-24 09:35:27.176] RadarControl.OnPaint[14] EXIT ok
[2026-03-24 09:35:27.217] RadarControl.SetTargets: count=0, selected=none
[2026-03-24 09:35:27.228] RadarControl.OnPaint[15] ENTER width=743 height=743 targets=0 range=16,0
[2026-03-24 09:35:27.243] RadarControl.OnPaint[15] DrawRangeRings
[2026-03-24 09:35:27.244] RadarControl.OnPaint[15] DrawGrid
[2026-03-24 09:35:27.245] RadarControl.OnPaint[15] DrawTracks
[2026-03-24 09:35:27.245] RadarControl.OnPaint[15] DrawTargets begin
[2026-03-24 09:35:27.245] RadarControl.OnPaint[15] DrawTargets end
[2026-03-24 09:35:27.245] RadarControl.OnPaint[15] DrawCenter
[2026-03-24 09:35:27.246] RadarControl.OnPaint[15] EXIT ok
[2026-03-24 09:35:27.733] RadarControl.SetTargets: count=0, selected=none
[2026-03-24 09:35:27.743] RadarControl.OnPaint[16] ENTER width=743 height=743 targets=0 range=20,0
[2026-03-24 09:35:27.757] RadarControl.OnPaint[16] DrawRangeRings
[2026-03-24 09:35:27.759] RadarControl.OnPaint[16] DrawGrid
[2026-03-24 09:35:27.759] RadarControl.OnPaint[16] DrawTracks
[2026-03-24 09:35:27.759] RadarControl.OnPaint[16] DrawTargets begin
[2026-03-24 09:35:27.760] RadarControl.OnPaint[16] DrawTargets end
[2026-03-24 09:35:27.760] RadarControl.OnPaint[16] DrawCenter
[2026-03-24 09:35:27.760] RadarControl.OnPaint[16] EXIT ok
[2026-03-24 09:35:27.781] RadarControl.SetTargets: count=0, selected=none
[2026-03-24 09:35:27.790] RadarControl.OnPaint[17] ENTER width=743 height=743 targets=0 range=25,0
[2026-03-24 09:35:27.804] RadarControl.OnPaint[17] DrawRangeRings
[2026-03-24 09:35:27.806] RadarControl.OnPaint[17] DrawGrid
[2026-03-24 09:35:27.807] RadarControl.OnPaint[17] DrawTracks
[2026-03-24 09:35:27.807] RadarControl.OnPaint[17] DrawTargets begin
[2026-03-24 09:35:27.807] RadarControl.OnPaint[17] DrawTargets end
[2026-03-24 09:35:27.807] RadarControl.OnPaint[17] DrawCenter
[2026-03-24 09:35:27.808] RadarControl.OnPaint[17] EXIT ok
[2026-03-24 09:35:28.335] RadarControl.SetTargets: count=0, selected=none
[2026-03-24 09:35:28.346] RadarControl.OnPaint[18] ENTER width=743 height=743 targets=0 range=31,3
[2026-03-24 09:35:28.360] RadarControl.OnPaint[18] DrawRangeRings
[2026-03-24 09:35:28.361] RadarControl.OnPaint[18] DrawGrid
[2026-03-24 09:35:28.362] RadarControl.OnPaint[18] DrawTracks
[2026-03-24 09:35:28.362] RadarControl.OnPaint[18] DrawTargets begin
[2026-03-24 09:35:28.362] RadarControl.OnPaint[18] DrawTargets end
[2026-03-24 09:35:28.362] RadarControl.OnPaint[18] DrawCenter
[2026-03-24 09:35:28.363] RadarControl.OnPaint[18] EXIT ok
[2026-03-24 09:35:28.389] RadarControl.SetTargets: count=0, selected=none
[2026-03-24 09:35:28.399] RadarControl.OnPaint[19] ENTER width=743 height=743 targets=0 range=39,1
[2026-03-24 09:35:28.418] RadarControl.OnPaint[19] DrawRangeRings
[2026-03-24 09:35:28.420] RadarControl.OnPaint[19] DrawGrid
[2026-03-24 09:35:28.420] RadarControl.OnPaint[19] DrawTracks
[2026-03-24 09:35:28.421] RadarControl.OnPaint[19] DrawTargets begin
[2026-03-24 09:35:28.421] RadarControl.OnPaint[19] DrawTargets end
[2026-03-24 09:35:28.421] RadarControl.OnPaint[19] DrawCenter
[2026-03-24 09:35:28.421] RadarControl.OnPaint[19] EXIT ok
[2026-03-24 09:35:29.075] RadarControl.SetTargets: count=0, selected=none
[2026-03-24 09:35:29.085] RadarControl.OnPaint[20] ENTER width=743 height=743 targets=0 range=48,8
[2026-03-24 09:35:29.101] RadarControl.OnPaint[20] DrawRangeRings
[2026-03-24 09:35:29.102] RadarControl.OnPaint[20] DrawGrid
[2026-03-24 09:35:29.103] RadarControl.OnPaint[20] DrawTracks
[2026-03-24 09:35:29.103] RadarControl.OnPaint[20] DrawTargets begin
[2026-03-24 09:35:29.103] RadarControl.OnPaint[20] DrawTargets end
[2026-03-24 09:35:29.103] RadarControl.OnPaint[20] DrawCenter
[2026-03-24 09:35:29.104] RadarControl.OnPaint[20] EXIT ok
[2026-03-24 09:35:29.135] RadarControl.SetTargets: count=0, selected=none
[2026-03-24 09:35:29.145] RadarControl.OnPaint[21] ENTER width=743 height=743 targets=0 range=61,0
[2026-03-24 09:35:29.162] RadarControl.OnPaint[21] DrawRangeRings
[2026-03-24 09:35:29.163] RadarControl.OnPaint[21] DrawGrid
[2026-03-24 09:35:29.164] RadarControl.OnPaint[21] DrawTracks
[2026-03-24 09:35:29.164] RadarControl.OnPaint[21] DrawTargets begin
[2026-03-24 09:35:29.164] RadarControl.OnPaint[21] DrawTargets end
[2026-03-24 09:35:29.165] RadarControl.OnPaint[21] DrawCenter
[2026-03-24 09:35:29.165] RadarControl.OnPaint[21] EXIT ok
[2026-03-24 09:35:30.715] RadarControl.SetTargets: count=0, selected=none
[2026-03-24 09:35:30.724] RadarControl.OnPaint[22] ENTER width=743 height=743 targets=0 range=48,8
[2026-03-24 09:35:30.739] RadarControl.OnPaint[22] DrawRangeRings
[2026-03-24 09:35:30.740] RadarControl.OnPaint[22] DrawGrid
[2026-03-24 09:35:30.740] RadarControl.OnPaint[22] DrawTracks
[2026-03-24 09:35:30.741] RadarControl.OnPaint[22] DrawTargets begin
[2026-03-24 09:35:30.741] RadarControl.OnPaint[22] DrawTargets end
[2026-03-24 09:35:30.741] RadarControl.OnPaint[22] DrawCenter
[2026-03-24 09:35:30.742] RadarControl.OnPaint[22] EXIT ok
[2026-03-24 09:35:30.809] RadarControl.SetTargets: count=0, selected=none
[2026-03-24 09:35:30.819] RadarControl.OnPaint[23] ENTER width=743 height=743 targets=0 range=39,1
[2026-03-24 09:35:30.833] RadarControl.OnPaint[23] DrawRangeRings
[2026-03-24 09:35:30.834] RadarControl.OnPaint[23] DrawGrid
[2026-03-24 09:35:30.834] RadarControl.OnPaint[23] DrawTracks
[2026-03-24 09:35:30.835] RadarControl.OnPaint[23] DrawTargets begin
[2026-03-24 09:35:30.835] RadarControl.OnPaint[23] DrawTargets end
[2026-03-24 09:35:30.835] RadarControl.OnPaint[23] DrawCenter
[2026-03-24 09:35:30.835] RadarControl.OnPaint[23] EXIT ok
[2026-03-24 09:36:07.873] RadarControl.SetTargets: count=0, selected=none
[2026-03-24 09:36:07.891] RadarControl.SetTargets: count=0, selected=none
[2026-03-24 09:36:07.912] RadarControl.OnPaint[24] ENTER width=743 height=743 targets=0 range=39,1
[2026-03-24 09:36:07.928] RadarControl.OnPaint[24] DrawRangeRings
[2026-03-24 09:36:07.929] RadarControl.OnPaint[24] DrawGrid
[2026-03-24 09:36:07.929] RadarControl.OnPaint[24] DrawTracks
[2026-03-24 09:36:07.929] RadarControl.OnPaint[24] DrawTargets begin
[2026-03-24 09:36:07.929] RadarControl.OnPaint[24] DrawTargets end
[2026-03-24 09:36:07.930] RadarControl.OnPaint[24] DrawCenter
[2026-03-24 09:36:07.930] RadarControl.OnPaint[24] EXIT ok
[2026-03-24 09:36:11.545] RadarControl.SetTargets: count=1, selected=none
[2026-03-24 09:36:11.557] RadarControl.OnPaint[25] ENTER width=743 height=743 targets=1 range=39,1
[2026-03-24 09:36:11.572] RadarControl.OnPaint[25] DrawRangeRings
[2026-03-24 09:36:11.573] RadarControl.OnPaint[25] DrawGrid
[2026-03-24 09:36:11.574] RadarControl.OnPaint[25] DrawTracks
[2026-03-24 09:36:11.574] RadarControl.OnPaint[25] DrawTargets begin
[2026-03-24 09:36:11.580] RadarControl.OnPaint[25] DrawTargets end
[2026-03-24 09:36:11.581] RadarControl.OnPaint[25] DrawCenter
[2026-03-24 09:36:11.581] RadarControl.OnPaint[25] EXIT ok
[2026-03-24 09:36:12.536] RadarControl.SetTargets: count=1, selected=none
[2026-03-24 09:36:12.547] RadarControl.OnPaint[26] ENTER width=743 height=743 targets=1 range=39,1
[2026-03-24 09:36:12.563] RadarControl.OnPaint[26] DrawRangeRings
[2026-03-24 09:36:12.563] RadarControl.OnPaint[26] DrawGrid
[2026-03-24 09:36:12.565] RadarControl.OnPaint[26] DrawTracks
[2026-03-24 09:36:12.566] RadarControl.OnPaint[26] DrawTargets begin
[2026-03-24 09:36:12.566] RadarControl.OnPaint[26] DrawTargets end
[2026-03-24 09:36:12.566] RadarControl.OnPaint[26] DrawCenter
[2026-03-24 09:36:12.567] RadarControl.OnPaint[26] EXIT ok
[2026-03-24 09:36:13.545] RadarControl.SetTargets: count=1, selected=none
[2026-03-24 09:36:13.563] RadarControl.OnPaint[27] ENTER width=743 height=743 targets=1 range=39,1
[2026-03-24 09:36:13.584] RadarControl.OnPaint[27] DrawRangeRings
[2026-03-24 09:36:13.584] RadarControl.OnPaint[27] DrawGrid
[2026-03-24 09:36:13.586] RadarControl.OnPaint[27] DrawTracks
[2026-03-24 09:36:13.586] RadarControl.OnPaint[27] DrawTargets begin
[2026-03-24 09:36:13.586] RadarControl.OnPaint[27] DrawTargets end
[2026-03-24 09:36:13.586] RadarControl.OnPaint[27] DrawCenter
[2026-03-24 09:36:13.587] RadarControl.OnPaint[27] EXIT ok
[2026-03-24 09:36:14.785] RadarControl.SetTargets: count=2, selected=none
[2026-03-24 09:36:14.796] RadarControl.OnPaint[28] ENTER width=743 height=743 targets=2 range=39,1
[2026-03-24 09:36:14.812] RadarControl.OnPaint[28] DrawRangeRings
[2026-03-24 09:36:14.813] RadarControl.OnPaint[28] DrawGrid
[2026-03-24 09:36:14.813] RadarControl.OnPaint[28] DrawTracks
[2026-03-24 09:36:14.813] RadarControl.OnPaint[28] DrawTargets begin
[2026-03-24 09:36:14.813] RadarControl.OnPaint[28] DrawTargets end
[2026-03-24 09:36:14.814] RadarControl.OnPaint[28] DrawCenter
[2026-03-24 09:36:14.814] RadarControl.OnPaint[28] EXIT ok
[2026-03-24 09:36:15.131] RadarControl.SetTargets: count=2, selected=none
[2026-03-24 09:36:15.141] RadarControl.OnPaint[29] ENTER width=743 height=743 targets=2 range=48,8
[2026-03-24 09:36:15.159] RadarControl.OnPaint[29] DrawRangeRings
[2026-03-24 09:36:15.161] RadarControl.OnPaint[29] DrawGrid
[2026-03-24 09:36:15.161] RadarControl.OnPaint[29] DrawTracks
[2026-03-24 09:36:15.162] RadarControl.OnPaint[29] DrawTargets begin
[2026-03-24 09:36:15.162] RadarControl.OnPaint[29] DrawTargets end
[2026-03-24 09:36:15.162] RadarControl.OnPaint[29] DrawCenter
[2026-03-24 09:36:15.163] RadarControl.OnPaint[29] EXIT ok
[2026-03-24 09:36:15.795] RadarControl.SetTargets: count=2, selected=none
[2026-03-24 09:36:15.807] RadarControl.OnPaint[30] ENTER width=743 height=743 targets=2 range=48,8
[2026-03-24 09:36:15.821] RadarControl.OnPaint[30] DrawRangeRings
[2026-03-24 09:36:15.822] RadarControl.OnPaint[30] DrawGrid
[2026-03-24 09:36:15.823] RadarControl.OnPaint[30] DrawTracks
[2026-03-24 09:36:15.823] RadarControl.OnPaint[30] DrawTargets begin
[2026-03-24 09:36:15.824] RadarControl.OnPaint[30] DrawTargets end
[2026-03-24 09:36:15.824] RadarControl.OnPaint[30] DrawCenter
[2026-03-24 09:36:15.824] RadarControl.OnPaint[30] EXIT ok
[2026-03-24 09:36:16.803] RadarControl.SetTargets: count=2, selected=none
[2026-03-24 09:36:16.813] RadarControl.OnPaint[31] ENTER width=743 height=743 targets=2 range=48,8
[2026-03-24 09:36:16.828] RadarControl.OnPaint[31] DrawRangeRings
[2026-03-24 09:36:16.829] RadarControl.OnPaint[31] DrawGrid
[2026-03-24 09:36:16.830] RadarControl.OnPaint[31] DrawTracks
[2026-03-24 09:36:16.830] RadarControl.OnPaint[31] DrawTargets begin
[2026-03-24 09:36:16.830] RadarControl.OnPaint[31] DrawTargets end
[2026-03-24 09:36:16.830] RadarControl.OnPaint[31] DrawCenter
[2026-03-24 09:36:16.831] RadarControl.OnPaint[31] EXIT ok
[2026-03-24 09:36:17.801] RadarControl.SetTargets: count=2, selected=none
[2026-03-24 09:36:17.812] RadarControl.OnPaint[32] ENTER width=743 height=743 targets=2 range=48,8
[2026-03-24 09:36:17.833] RadarControl.OnPaint[32] DrawRangeRings
[2026-03-24 09:36:17.834] RadarControl.OnPaint[32] DrawGrid
[2026-03-24 09:36:17.834] RadarControl.OnPaint[32] DrawTracks
[2026-03-24 09:36:17.834] RadarControl.OnPaint[32] DrawTargets begin
[2026-03-24 09:36:17.835] RadarControl.OnPaint[32] DrawTargets end
[2026-03-24 09:36:17.835] RadarControl.OnPaint[32] DrawCenter
[2026-03-24 09:36:17.835] RadarControl.OnPaint[32] EXIT ok
[2026-03-24 09:36:18.835] RadarControl.SetTargets: count=2, selected=none
[2026-03-24 09:36:18.850] RadarControl.OnPaint[33] ENTER width=743 height=743 targets=2 range=48,8
[2026-03-24 09:36:18.869] RadarControl.OnPaint[33] DrawRangeRings
[2026-03-24 09:36:18.870] RadarControl.OnPaint[33] DrawGrid
[2026-03-24 09:36:18.871] RadarControl.OnPaint[33] DrawTracks
[2026-03-24 09:36:18.871] RadarControl.OnPaint[33] DrawTargets begin
[2026-03-24 09:36:18.871] RadarControl.OnPaint[33] DrawTargets end
[2026-03-24 09:36:18.872] RadarControl.OnPaint[33] DrawCenter
[2026-03-24 09:36:18.872] RadarControl.OnPaint[33] EXIT ok
[2026-03-24 09:36:19.832] RadarControl.SetTargets: count=2, selected=none
[2026-03-24 09:36:19.843] RadarControl.OnPaint[34] ENTER width=743 height=743 targets=2 range=48,8
[2026-03-24 09:36:19.859] RadarControl.OnPaint[34] DrawRangeRings
[2026-03-24 09:36:19.860] RadarControl.OnPaint[34] DrawGrid
[2026-03-24 09:36:19.860] RadarControl.OnPaint[34] DrawTracks
[2026-03-24 09:36:19.860] RadarControl.OnPaint[34] DrawTargets begin
[2026-03-24 09:36:19.861] RadarControl.OnPaint[34] DrawTargets end
[2026-03-24 09:36:19.861] RadarControl.OnPaint[34] DrawCenter
[2026-03-24 09:36:19.862] RadarControl.OnPaint[34] EXIT ok
[2026-03-24 09:36:20.053] RadarControl.SetTargets: count=2, selected=none
[2026-03-24 09:36:20.063] RadarControl.OnPaint[35] ENTER width=743 height=743 targets=2 range=39,1
[2026-03-24 09:36:20.079] RadarControl.OnPaint[35] DrawRangeRings
[2026-03-24 09:36:20.080] RadarControl.OnPaint[35] DrawGrid
[2026-03-24 09:36:20.081] RadarControl.OnPaint[35] DrawTracks
[2026-03-24 09:36:20.081] RadarControl.OnPaint[35] DrawTargets begin
[2026-03-24 09:36:20.082] RadarControl.OnPaint[35] DrawTargets end
[2026-03-24 09:36:20.082] RadarControl.OnPaint[35] DrawCenter
[2026-03-24 09:36:20.082] RadarControl.OnPaint[35] EXIT ok
[2026-03-24 09:36:20.836] RadarControl.SetTargets: count=2, selected=none
[2026-03-24 09:36:20.848] RadarControl.OnPaint[36] ENTER width=743 height=743 targets=2 range=39,1
[2026-03-24 09:36:20.863] RadarControl.OnPaint[36] DrawRangeRings
[2026-03-24 09:36:20.864] RadarControl.OnPaint[36] DrawGrid
[2026-03-24 09:36:20.865] RadarControl.OnPaint[36] DrawTracks
[2026-03-24 09:36:20.865] RadarControl.OnPaint[36] DrawTargets begin
[2026-03-24 09:36:20.866] RadarControl.OnPaint[36] DrawTargets end
[2026-03-24 09:36:20.866] RadarControl.OnPaint[36] DrawCenter
[2026-03-24 09:36:20.866] RadarControl.OnPaint[36] EXIT ok
[2026-03-24 09:36:21.017] RadarControl.SetTargets: count=2, selected=none
[2026-03-24 09:36:21.028] RadarControl.OnPaint[37] ENTER width=743 height=743 targets=2 range=31,3
[2026-03-24 09:36:21.042] RadarControl.OnPaint[37] DrawRangeRings
[2026-03-24 09:36:21.043] RadarControl.OnPaint[37] DrawGrid
[2026-03-24 09:36:21.044] RadarControl.OnPaint[37] DrawTracks
[2026-03-24 09:36:21.044] RadarControl.OnPaint[37] DrawTargets begin
[2026-03-24 09:36:21.045] RadarControl.OnPaint[37] DrawTargets end
[2026-03-24 09:36:21.045] RadarControl.OnPaint[37] DrawCenter
[2026-03-24 09:36:21.045] RadarControl.OnPaint[37] EXIT ok
[2026-03-24 09:36:21.749] RadarControl.SetTargets: count=2, selected=none
[2026-03-24 09:36:21.760] RadarControl.OnPaint[38] ENTER width=743 height=743 targets=2 range=25,0
[2026-03-24 09:36:21.776] RadarControl.OnPaint[38] DrawRangeRings
[2026-03-24 09:36:21.777] RadarControl.OnPaint[38] DrawGrid
[2026-03-24 09:36:21.777] RadarControl.OnPaint[38] DrawTracks
[2026-03-24 09:36:21.777] RadarControl.OnPaint[38] DrawTargets begin
[2026-03-24 09:36:21.778] RadarControl.OnPaint[38] DrawTargets end
[2026-03-24 09:36:21.778] RadarControl.OnPaint[38] DrawCenter
[2026-03-24 09:36:21.778] RadarControl.OnPaint[38] EXIT ok
[2026-03-24 09:36:21.847] RadarControl.SetTargets: count=2, selected=none
[2026-03-24 09:36:21.859] RadarControl.OnPaint[39] ENTER width=743 height=743 targets=2 range=25,0
[2026-03-24 09:36:21.874] RadarControl.OnPaint[39] DrawRangeRings
[2026-03-24 09:36:21.875] RadarControl.OnPaint[39] DrawGrid
[2026-03-24 09:36:21.875] RadarControl.OnPaint[39] DrawTracks
[2026-03-24 09:36:21.876] RadarControl.OnPaint[39] DrawTargets begin
[2026-03-24 09:36:21.876] RadarControl.OnPaint[39] DrawTargets end
[2026-03-24 09:36:21.876] RadarControl.OnPaint[39] DrawCenter
[2026-03-24 09:36:21.877] RadarControl.OnPaint[39] EXIT ok
[2026-03-24 09:36:22.836] RadarControl.SetTargets: count=2, selected=none
[2026-03-24 09:36:22.847] RadarControl.OnPaint[40] ENTER width=743 height=743 targets=2 range=25,0
[2026-03-24 09:36:22.862] RadarControl.OnPaint[40] DrawRangeRings
[2026-03-24 09:36:22.863] RadarControl.OnPaint[40] DrawGrid
[2026-03-24 09:36:22.863] RadarControl.OnPaint[40] DrawTracks
[2026-03-24 09:36:22.863] RadarControl.OnPaint[40] DrawTargets begin
[2026-03-24 09:36:22.864] RadarControl.OnPaint[40] DrawTargets end
[2026-03-24 09:36:22.864] RadarControl.OnPaint[40] DrawCenter
[2026-03-24 09:36:22.864] RadarControl.OnPaint[40] EXIT ok
[2026-03-24 09:36:23.492] RadarControl.SetTargets: count=2, selected=none
[2026-03-24 09:36:23.502] RadarControl.OnPaint[41] ENTER width=743 height=743 targets=2 range=31,3
[2026-03-24 09:36:23.517] RadarControl.OnPaint[41] DrawRangeRings
[2026-03-24 09:36:23.518] RadarControl.OnPaint[41] DrawGrid
[2026-03-24 09:36:23.518] RadarControl.OnPaint[41] DrawTracks
[2026-03-24 09:36:23.518] RadarControl.OnPaint[41] DrawTargets begin
[2026-03-24 09:36:23.519] RadarControl.OnPaint[41] DrawTargets end
[2026-03-24 09:36:23.519] RadarControl.OnPaint[41] DrawCenter
[2026-03-24 09:36:23.519] RadarControl.OnPaint[41] EXIT ok
[2026-03-24 09:36:24.082] RadarControl.SetTargets: count=2, selected=none
[2026-03-24 09:36:24.093] RadarControl.OnPaint[42] ENTER width=743 height=743 targets=2 range=31,3
[2026-03-24 09:36:24.108] RadarControl.OnPaint[42] DrawRangeRings
[2026-03-24 09:36:24.109] RadarControl.OnPaint[42] DrawGrid
[2026-03-24 09:36:24.110] RadarControl.OnPaint[42] DrawTracks
[2026-03-24 09:36:24.110] RadarControl.OnPaint[42] DrawTargets begin
[2026-03-24 09:36:24.111] RadarControl.OnPaint[42] DrawTargets end
[2026-03-24 09:36:24.111] RadarControl.OnPaint[42] DrawCenter
[2026-03-24 09:36:24.111] RadarControl.OnPaint[42] EXIT ok
[2026-03-24 09:36:24.138] RadarControl.SetTargets: count=2, selected=none
[2026-03-24 09:36:24.149] RadarControl.OnPaint[43] ENTER width=743 height=743 targets=2 range=39,1
[2026-03-24 09:36:24.164] RadarControl.OnPaint[43] DrawRangeRings
[2026-03-24 09:36:24.166] RadarControl.OnPaint[43] DrawGrid
[2026-03-24 09:36:24.167] RadarControl.OnPaint[43] DrawTracks
[2026-03-24 09:36:24.167] RadarControl.OnPaint[43] DrawTargets begin
[2026-03-24 09:36:24.167] RadarControl.OnPaint[43] DrawTargets end
[2026-03-24 09:36:24.168] RadarControl.OnPaint[43] DrawCenter
[2026-03-24 09:36:24.168] RadarControl.OnPaint[43] EXIT ok
[2026-03-24 09:36:24.916] RadarControl.SetTargets: count=2, selected=none
[2026-03-24 09:36:24.927] RadarControl.OnPaint[44] ENTER width=743 height=743 targets=2 range=48,8
[2026-03-24 09:36:24.943] RadarControl.OnPaint[44] DrawRangeRings
[2026-03-24 09:36:24.944] RadarControl.OnPaint[44] DrawGrid
[2026-03-24 09:36:24.945] RadarControl.OnPaint[44] DrawTracks
[2026-03-24 09:36:24.945] RadarControl.OnPaint[44] DrawTargets begin
[2026-03-24 09:36:24.946] RadarControl.OnPaint[44] DrawTargets end
[2026-03-24 09:36:24.946] RadarControl.OnPaint[44] DrawCenter
[2026-03-24 09:36:24.946] RadarControl.OnPaint[44] EXIT ok
[2026-03-24 09:36:25.037] RadarControl.SetTargets: count=2, selected=none
[2026-03-24 09:36:25.049] RadarControl.OnPaint[45] ENTER width=743 height=743 targets=2 range=61,0
[2026-03-24 09:36:25.065] RadarControl.OnPaint[45] DrawRangeRings
[2026-03-24 09:36:25.066] RadarControl.OnPaint[45] DrawGrid
[2026-03-24 09:36:25.066] RadarControl.OnPaint[45] DrawTracks
[2026-03-24 09:36:25.066] RadarControl.OnPaint[45] DrawTargets begin
[2026-03-24 09:36:25.067] RadarControl.OnPaint[45] DrawTargets end
[2026-03-24 09:36:25.067] RadarControl.OnPaint[45] DrawCenter
[2026-03-24 09:36:25.067] RadarControl.OnPaint[45] EXIT ok
[2026-03-24 09:36:25.102] RadarControl.SetTargets: count=2, selected=none
[2026-03-24 09:36:25.113] RadarControl.OnPaint[46] ENTER width=743 height=743 targets=2 range=61,0
[2026-03-24 09:36:25.128] RadarControl.OnPaint[46] DrawRangeRings
[2026-03-24 09:36:25.129] RadarControl.OnPaint[46] DrawGrid
[2026-03-24 09:36:25.130] RadarControl.OnPaint[46] DrawTracks
[2026-03-24 09:36:25.130] RadarControl.OnPaint[46] DrawTargets begin
[2026-03-24 09:36:25.130] RadarControl.OnPaint[46] DrawTargets end
[2026-03-24 09:36:25.131] RadarControl.OnPaint[46] DrawCenter
[2026-03-24 09:36:25.131] RadarControl.OnPaint[46] EXIT ok
[2026-03-24 09:36:25.993] RadarControl.SetTargets: count=2, selected=none
[2026-03-24 09:36:26.008] RadarControl.OnPaint[47] ENTER width=743 height=743 targets=2 range=76,3
[2026-03-24 09:36:26.022] RadarControl.OnPaint[47] DrawRangeRings
[2026-03-24 09:36:26.023] RadarControl.OnPaint[47] DrawGrid
[2026-03-24 09:36:26.023] RadarControl.OnPaint[47] DrawTracks
[2026-03-24 09:36:26.024] RadarControl.OnPaint[47] DrawTargets begin
[2026-03-24 09:36:26.024] RadarControl.OnPaint[47] DrawTargets end
[2026-03-24 09:36:26.025] RadarControl.OnPaint[47] DrawCenter
[2026-03-24 09:36:26.025] RadarControl.OnPaint[47] EXIT ok
[2026-03-24 09:36:26.085] RadarControl.SetTargets: count=2, selected=none
[2026-03-24 09:36:26.096] RadarControl.OnPaint[48] ENTER width=743 height=743 targets=2 range=76,3
[2026-03-24 09:36:26.111] RadarControl.OnPaint[48] DrawRangeRings
[2026-03-24 09:36:26.112] RadarControl.OnPaint[48] DrawGrid
[2026-03-24 09:36:26.113] RadarControl.OnPaint[48] DrawTracks
[2026-03-24 09:36:26.113] RadarControl.OnPaint[48] DrawTargets begin
[2026-03-24 09:36:26.113] RadarControl.OnPaint[48] DrawTargets end
[2026-03-24 09:36:26.114] RadarControl.OnPaint[48] DrawCenter
[2026-03-24 09:36:26.114] RadarControl.OnPaint[48] EXIT ok
[2026-03-24 09:36:27.103] RadarControl.SetTargets: count=2, selected=none
[2026-03-24 09:36:27.114] RadarControl.OnPaint[49] ENTER width=743 height=743 targets=2 range=76,3
[2026-03-24 09:36:27.129] RadarControl.OnPaint[49] DrawRangeRings
[2026-03-24 09:36:27.130] RadarControl.OnPaint[49] DrawGrid
[2026-03-24 09:36:27.131] RadarControl.OnPaint[49] DrawTracks
[2026-03-24 09:36:27.131] RadarControl.OnPaint[49] DrawTargets begin
[2026-03-24 09:36:27.131] RadarControl.OnPaint[49] DrawTargets end
[2026-03-24 09:36:27.132] RadarControl.OnPaint[49] DrawCenter
[2026-03-24 09:36:27.132] RadarControl.OnPaint[49] EXIT ok
[2026-03-24 09:36:27.258] RadarControl.SetTargets: count=2, selected=none
[2026-03-24 09:36:27.270] RadarControl.OnPaint[50] ENTER width=743 height=743 targets=2 range=95,4
[2026-03-24 09:36:27.283] RadarControl.OnPaint[50] DrawRangeRings
[2026-03-24 09:36:27.283] RadarControl.OnPaint[50] DrawGrid
[2026-03-24 09:36:27.285] RadarControl.OnPaint[50] DrawTracks
[2026-03-24 09:36:27.285] RadarControl.OnPaint[50] DrawTargets begin
[2026-03-24 09:36:27.285] RadarControl.OnPaint[50] DrawTargets end
[2026-03-24 09:36:27.286] RadarControl.OnPaint[50] DrawCenter
[2026-03-24 09:36:27.286] RadarControl.OnPaint[50] EXIT ok
[2026-03-24 09:36:28.115] RadarControl.SetTargets: count=2, selected=none
[2026-03-24 09:36:28.125] RadarControl.OnPaint[51] ENTER width=743 height=743 targets=2 range=95,4
[2026-03-24 09:36:28.139] RadarControl.OnPaint[51] DrawRangeRings
[2026-03-24 09:36:28.140] RadarControl.OnPaint[51] DrawGrid
[2026-03-24 09:36:28.140] RadarControl.OnPaint[51] DrawTracks
[2026-03-24 09:36:28.141] RadarControl.OnPaint[51] DrawTargets begin
[2026-03-24 09:36:28.141] RadarControl.OnPaint[51] DrawTargets end
[2026-03-24 09:36:28.141] RadarControl.OnPaint[51] DrawCenter
[2026-03-24 09:36:28.142] RadarControl.OnPaint[51] EXIT ok
[2026-03-24 09:36:29.090] RadarControl.SetTargets: count=2, selected=none
[2026-03-24 09:36:29.101] RadarControl.OnPaint[52] ENTER width=743 height=743 targets=2 range=76,3
[2026-03-24 09:36:29.116] RadarControl.OnPaint[52] DrawRangeRings
[2026-03-24 09:36:29.117] RadarControl.OnPaint[52] DrawGrid
[2026-03-24 09:36:29.118] RadarControl.OnPaint[52] DrawTracks
[2026-03-24 09:36:29.118] RadarControl.OnPaint[52] DrawTargets begin
[2026-03-24 09:36:29.118] RadarControl.OnPaint[52] DrawTargets end
[2026-03-24 09:36:29.119] RadarControl.OnPaint[52] DrawCenter
[2026-03-24 09:36:29.119] RadarControl.OnPaint[52] EXIT ok
[2026-03-24 09:36:29.154] RadarControl.SetTargets: count=2, selected=none
[2026-03-24 09:36:29.166] RadarControl.OnPaint[53] ENTER width=743 height=743 targets=2 range=76,3
[2026-03-24 09:36:29.179] RadarControl.OnPaint[53] DrawRangeRings
[2026-03-24 09:36:29.180] RadarControl.OnPaint[53] DrawGrid
[2026-03-24 09:36:29.180] RadarControl.OnPaint[53] DrawTracks
[2026-03-24 09:36:29.181] RadarControl.OnPaint[53] DrawTargets begin
[2026-03-24 09:36:29.181] RadarControl.OnPaint[53] DrawTargets end
[2026-03-24 09:36:29.182] RadarControl.OnPaint[53] DrawCenter
[2026-03-24 09:36:29.182] RadarControl.OnPaint[53] EXIT ok
[2026-03-24 09:36:30.166] RadarControl.SetTargets: count=2, selected=none
[2026-03-24 09:36:30.177] RadarControl.OnPaint[54] ENTER width=743 height=743 targets=2 range=76,3
[2026-03-24 09:36:30.191] RadarControl.OnPaint[54] DrawRangeRings
[2026-03-24 09:36:30.192] RadarControl.OnPaint[54] DrawGrid
[2026-03-24 09:36:30.193] RadarControl.OnPaint[54] DrawTracks
[2026-03-24 09:36:30.193] RadarControl.OnPaint[54] DrawTargets begin
[2026-03-24 09:36:30.196] RadarControl.OnPaint[54] DrawTargets end
[2026-03-24 09:36:30.196] RadarControl.OnPaint[54] DrawCenter
[2026-03-24 09:36:30.196] RadarControl.OnPaint[54] EXIT ok
[2026-03-24 09:36:30.738] RadarControl.SetTargets: count=2, selected=none
[2026-03-24 09:36:30.749] RadarControl.OnPaint[55] ENTER width=743 height=743 targets=2 range=61,0
[2026-03-24 09:36:30.763] RadarControl.OnPaint[55] DrawRangeRings
[2026-03-24 09:36:30.764] RadarControl.OnPaint[55] DrawGrid
[2026-03-24 09:36:30.764] RadarControl.OnPaint[55] DrawTracks
[2026-03-24 09:36:30.764] RadarControl.OnPaint[55] DrawTargets begin
[2026-03-24 09:36:30.764] RadarControl.OnPaint[55] DrawTargets end
[2026-03-24 09:36:30.765] RadarControl.OnPaint[55] DrawCenter
[2026-03-24 09:36:30.765] RadarControl.OnPaint[55] EXIT ok
[2026-03-24 09:36:31.192] RadarControl.SetTargets: count=2, selected=none
[2026-03-24 09:36:31.213] RadarControl.OnPaint[56] ENTER width=743 height=743 targets=2 range=61,0
[2026-03-24 09:36:31.228] RadarControl.OnPaint[56] DrawRangeRings
[2026-03-24 09:36:31.229] RadarControl.OnPaint[56] DrawGrid
[2026-03-24 09:36:31.230] RadarControl.OnPaint[56] DrawTracks
[2026-03-24 09:36:31.230] RadarControl.OnPaint[56] DrawTargets begin
[2026-03-24 09:36:31.231] RadarControl.OnPaint[56] DrawTargets end
[2026-03-24 09:36:31.231] RadarControl.OnPaint[56] DrawCenter
[2026-03-24 09:36:31.231] RadarControl.OnPaint[56] EXIT ok
[2026-03-24 09:36:32.216] RadarControl.SetTargets: count=2, selected=none
[2026-03-24 09:36:32.227] RadarControl.OnPaint[57] ENTER width=743 height=743 targets=2 range=61,0
[2026-03-24 09:36:32.241] RadarControl.OnPaint[57] DrawRangeRings
[2026-03-24 09:36:32.242] RadarControl.OnPaint[57] DrawGrid
[2026-03-24 09:36:32.242] RadarControl.OnPaint[57] DrawTracks
[2026-03-24 09:36:32.243] RadarControl.OnPaint[57] DrawTargets begin
[2026-03-24 09:36:32.243] RadarControl.OnPaint[57] DrawTargets end
[2026-03-24 09:36:32.243] RadarControl.OnPaint[57] DrawCenter
[2026-03-24 09:36:32.243] RadarControl.OnPaint[57] EXIT ok
[2026-03-24 09:36:33.209] RadarControl.SetTargets: count=1, selected=none
[2026-03-24 09:36:33.221] RadarControl.OnPaint[58] ENTER width=743 height=743 targets=1 range=61,0
[2026-03-24 09:36:33.234] RadarControl.OnPaint[58] DrawRangeRings
[2026-03-24 09:36:33.236] RadarControl.OnPaint[58] DrawGrid
[2026-03-24 09:36:33.236] RadarControl.OnPaint[58] DrawTracks
[2026-03-24 09:36:33.236] RadarControl.OnPaint[58] DrawTargets begin
[2026-03-24 09:36:33.237] RadarControl.OnPaint[58] DrawTargets end
[2026-03-24 09:36:33.237] RadarControl.OnPaint[58] DrawCenter
[2026-03-24 09:36:33.237] RadarControl.OnPaint[58] EXIT ok
[2026-03-24 09:36:33.869] RadarControl.SetTargets: count=1, selected=none
[2026-03-24 09:36:33.879] RadarControl.OnPaint[59] ENTER width=743 height=743 targets=1 range=48,8
[2026-03-24 09:36:33.893] RadarControl.OnPaint[59] DrawRangeRings
[2026-03-24 09:36:33.894] RadarControl.OnPaint[59] DrawGrid
[2026-03-24 09:36:33.894] RadarControl.OnPaint[59] DrawTracks
[2026-03-24 09:36:33.894] RadarControl.OnPaint[59] DrawTargets begin
[2026-03-24 09:36:33.895] RadarControl.OnPaint[59] DrawTargets end
[2026-03-24 09:36:33.895] RadarControl.OnPaint[59] DrawCenter
[2026-03-24 09:36:33.895] RadarControl.OnPaint[59] EXIT ok
[2026-03-24 09:36:34.211] RadarControl.SetTargets: count=1, selected=none
[2026-03-24 09:36:34.222] RadarControl.OnPaint[60] ENTER width=743 height=743 targets=1 range=48,8
[2026-03-24 09:36:34.236] RadarControl.OnPaint[60] DrawRangeRings
[2026-03-24 09:36:34.238] RadarControl.OnPaint[60] DrawGrid
[2026-03-24 09:36:34.238] RadarControl.OnPaint[60] DrawTracks
[2026-03-24 09:36:34.238] RadarControl.OnPaint[60] DrawTargets begin
[2026-03-24 09:36:34.239] RadarControl.OnPaint[60] DrawTargets end
[2026-03-24 09:36:34.239] RadarControl.OnPaint[60] DrawCenter
[2026-03-24 09:36:34.239] RadarControl.OnPaint[60] EXIT ok
[2026-03-24 09:36:35.077] RadarControl.SetTargets: count=1, selected=none
[2026-03-24 09:36:35.088] RadarControl.OnPaint[61] ENTER width=743 height=743 targets=1 range=39,1
[2026-03-24 09:36:35.102] RadarControl.OnPaint[61] DrawRangeRings
[2026-03-24 09:36:35.103] RadarControl.OnPaint[61] DrawGrid
[2026-03-24 09:36:35.103] RadarControl.OnPaint[61] DrawTracks
[2026-03-24 09:36:35.103] RadarControl.OnPaint[61] DrawTargets begin
[2026-03-24 09:36:35.103] RadarControl.OnPaint[61] DrawTargets end
[2026-03-24 09:36:35.103] RadarControl.OnPaint[61] DrawCenter
[2026-03-24 09:36:35.103] RadarControl.OnPaint[61] EXIT ok
[2026-03-24 09:36:35.208] RadarControl.SetTargets: count=1, selected=none
[2026-03-24 09:36:35.219] RadarControl.SetTargets: count=1, selected=none
[2026-03-24 09:36:35.229] RadarControl.OnPaint[62] ENTER width=743 height=743 targets=1 range=31,3
[2026-03-24 09:36:35.243] RadarControl.OnPaint[62] DrawRangeRings
[2026-03-24 09:36:35.244] RadarControl.OnPaint[62] DrawGrid
[2026-03-24 09:36:35.244] RadarControl.OnPaint[62] DrawTracks
[2026-03-24 09:36:35.244] RadarControl.OnPaint[62] DrawTargets begin
[2026-03-24 09:36:35.246] RadarControl.OnPaint[62] DrawTargets end
[2026-03-24 09:36:35.246] RadarControl.OnPaint[62] DrawCenter
[2026-03-24 09:36:35.246] RadarControl.OnPaint[62] EXIT ok
[2026-03-24 09:36:36.249] RadarControl.SetTargets: count=1, selected=none
[2026-03-24 09:36:36.260] RadarControl.OnPaint[63] ENTER width=743 height=743 targets=1 range=31,3
[2026-03-24 09:36:36.273] RadarControl.OnPaint[63] DrawRangeRings
[2026-03-24 09:36:36.275] RadarControl.OnPaint[63] DrawGrid
[2026-03-24 09:36:36.275] RadarControl.OnPaint[63] DrawTracks
[2026-03-24 09:36:36.276] RadarControl.OnPaint[63] DrawTargets begin
[2026-03-24 09:36:36.276] RadarControl.OnPaint[63] DrawTargets end
[2026-03-24 09:36:36.276] RadarControl.OnPaint[63] DrawCenter
[2026-03-24 09:36:36.277] RadarControl.OnPaint[63] EXIT ok
[2026-03-24 09:36:37.256] RadarControl.SetTargets: count=1, selected=none
[2026-03-24 09:36:37.268] RadarControl.OnPaint[64] ENTER width=743 height=743 targets=1 range=31,3
[2026-03-24 09:36:37.282] RadarControl.OnPaint[64] DrawRangeRings
[2026-03-24 09:36:37.283] RadarControl.OnPaint[64] DrawGrid
[2026-03-24 09:36:37.284] RadarControl.OnPaint[64] DrawTracks
[2026-03-24 09:36:37.284] RadarControl.OnPaint[64] DrawTargets begin
[2026-03-24 09:36:37.284] RadarControl.OnPaint[64] DrawTargets end
[2026-03-24 09:36:37.284] RadarControl.OnPaint[64] DrawCenter
[2026-03-24 09:36:37.285] RadarControl.OnPaint[64] EXIT ok
[2026-03-24 09:36:38.261] RadarControl.SetTargets: count=1, selected=none
[2026-03-24 09:36:38.273] RadarControl.OnPaint[65] ENTER width=743 height=743 targets=1 range=31,3
[2026-03-24 09:36:38.291] RadarControl.OnPaint[65] DrawRangeRings
[2026-03-24 09:36:38.292] RadarControl.OnPaint[65] DrawGrid
[2026-03-24 09:36:38.293] RadarControl.OnPaint[65] DrawTracks
[2026-03-24 09:36:38.293] RadarControl.OnPaint[65] DrawTargets begin
[2026-03-24 09:36:38.293] RadarControl.OnPaint[65] DrawTargets end
[2026-03-24 09:36:38.293] RadarControl.OnPaint[65] DrawCenter
[2026-03-24 09:36:38.293] RadarControl.OnPaint[65] EXIT ok
[2026-03-24 09:36:39.255] RadarControl.SetTargets: count=1, selected=none
[2026-03-24 09:36:39.268] RadarControl.OnPaint[66] ENTER width=743 height=743 targets=1 range=31,3
[2026-03-24 09:36:39.283] RadarControl.OnPaint[66] DrawRangeRings
[2026-03-24 09:36:39.285] RadarControl.OnPaint[66] DrawGrid
[2026-03-24 09:36:39.286] RadarControl.OnPaint[66] DrawTracks
[2026-03-24 09:36:39.286] RadarControl.OnPaint[66] DrawTargets begin
[2026-03-24 09:36:39.286] RadarControl.OnPaint[66] DrawTargets end
[2026-03-24 09:36:39.287] RadarControl.OnPaint[66] DrawCenter
[2026-03-24 09:36:39.287] RadarControl.OnPaint[66] EXIT ok
[2026-03-24 09:36:40.287] RadarControl.SetTargets: count=1, selected=none
[2026-03-24 09:36:40.298] RadarControl.OnPaint[67] ENTER width=743 height=743 targets=1 range=31,3
[2026-03-24 09:36:40.312] RadarControl.OnPaint[67] DrawRangeRings
[2026-03-24 09:36:40.313] RadarControl.OnPaint[67] DrawGrid
[2026-03-24 09:36:40.313] RadarControl.OnPaint[67] DrawTracks
[2026-03-24 09:36:40.313] RadarControl.OnPaint[67] DrawTargets begin
[2026-03-24 09:36:40.314] RadarControl.OnPaint[67] DrawTargets end
[2026-03-24 09:36:40.314] RadarControl.OnPaint[67] DrawCenter
[2026-03-24 09:36:40.314] RadarControl.OnPaint[67] EXIT ok
[2026-03-24 09:36:41.137] RadarControl.SetTargets: count=1, selected=none
[2026-03-24 09:36:41.149] RadarControl.OnPaint[68] ENTER width=743 height=743 targets=1 range=25,0
[2026-03-24 09:36:41.163] RadarControl.OnPaint[68] DrawRangeRings
[2026-03-24 09:36:41.164] RadarControl.OnPaint[68] DrawGrid
[2026-03-24 09:36:41.164] RadarControl.OnPaint[68] DrawTracks
[2026-03-24 09:36:41.164] RadarControl.OnPaint[68] DrawTargets begin
[2026-03-24 09:36:41.166] RadarControl.OnPaint[68] DrawTargets end
[2026-03-24 09:36:41.166] RadarControl.OnPaint[68] DrawCenter
[2026-03-24 09:36:41.166] RadarControl.OnPaint[68] EXIT ok
[2026-03-24 09:36:41.359] RadarControl.SetTargets: count=1, selected=none
[2026-03-24 09:36:41.371] RadarControl.OnPaint[69] ENTER width=743 height=743 targets=1 range=25,0
[2026-03-24 09:36:41.386] RadarControl.OnPaint[69] DrawRangeRings
[2026-03-24 09:36:41.387] RadarControl.OnPaint[69] DrawGrid
[2026-03-24 09:36:41.388] RadarControl.OnPaint[69] DrawTracks
[2026-03-24 09:36:41.388] RadarControl.OnPaint[69] DrawTargets begin
[2026-03-24 09:36:41.388] RadarControl.OnPaint[69] DrawTargets end
[2026-03-24 09:36:41.388] RadarControl.OnPaint[69] DrawCenter
[2026-03-24 09:36:41.389] RadarControl.OnPaint[69] EXIT ok
[2026-03-24 09:36:42.411] RadarControl.SetTargets: count=1, selected=none
[2026-03-24 09:36:42.422] RadarControl.OnPaint[70] ENTER width=743 height=743 targets=1 range=25,0
[2026-03-24 09:36:42.436] RadarControl.OnPaint[70] DrawRangeRings
[2026-03-24 09:36:42.437] RadarControl.OnPaint[70] DrawGrid
[2026-03-24 09:36:42.437] RadarControl.OnPaint[70] DrawTracks
[2026-03-24 09:36:42.438] RadarControl.OnPaint[70] DrawTargets begin
[2026-03-24 09:36:42.438] RadarControl.OnPaint[70] DrawTargets end
[2026-03-24 09:36:42.438] RadarControl.OnPaint[70] DrawCenter
[2026-03-24 09:36:42.439] RadarControl.OnPaint[70] EXIT ok
[2026-03-24 09:36:43.403] RadarControl.SetTargets: count=1, selected=none
[2026-03-24 09:36:43.415] RadarControl.OnPaint[71] ENTER width=743 height=743 targets=1 range=25,0
[2026-03-24 09:36:43.429] RadarControl.OnPaint[71] DrawRangeRings
[2026-03-24 09:36:43.430] RadarControl.OnPaint[71] DrawGrid
[2026-03-24 09:36:43.431] RadarControl.OnPaint[71] DrawTracks
[2026-03-24 09:36:43.431] RadarControl.OnPaint[71] DrawTargets begin
[2026-03-24 09:36:43.432] RadarControl.OnPaint[71] DrawTargets end
[2026-03-24 09:36:43.432] RadarControl.OnPaint[71] DrawCenter
[2026-03-24 09:36:43.432] RadarControl.OnPaint[71] EXIT ok
[2026-03-24 09:36:44.520] RadarControl.SetTargets: count=1, selected=none
[2026-03-24 09:36:44.531] RadarControl.OnPaint[72] ENTER width=743 height=743 targets=1 range=25,0
[2026-03-24 09:36:44.545] RadarControl.OnPaint[72] DrawRangeRings
[2026-03-24 09:36:44.546] RadarControl.OnPaint[72] DrawGrid
[2026-03-24 09:36:44.547] RadarControl.OnPaint[72] DrawTracks
[2026-03-24 09:36:44.547] RadarControl.OnPaint[72] DrawTargets begin
[2026-03-24 09:36:44.547] RadarControl.OnPaint[72] DrawTargets end
[2026-03-24 09:36:44.547] RadarControl.OnPaint[72] DrawCenter
[2026-03-24 09:36:44.548] RadarControl.OnPaint[72] EXIT ok
[2026-03-24 09:36:45.535] RadarControl.SetTargets: count=1, selected=none
[2026-03-24 09:36:45.546] RadarControl.OnPaint[73] ENTER width=743 height=743 targets=1 range=25,0
[2026-03-24 09:36:45.559] RadarControl.OnPaint[73] DrawRangeRings
[2026-03-24 09:36:45.560] RadarControl.OnPaint[73] DrawGrid
[2026-03-24 09:36:45.561] RadarControl.OnPaint[73] DrawTracks
[2026-03-24 09:36:45.561] RadarControl.OnPaint[73] DrawTargets begin
[2026-03-24 09:36:45.561] RadarControl.OnPaint[73] DrawTargets end
[2026-03-24 09:36:45.562] RadarControl.OnPaint[73] DrawCenter
[2026-03-24 09:36:45.562] RadarControl.OnPaint[73] EXIT ok
[2026-03-24 09:36:45.669] RadarControl.SetTargets: count=1, selected=none
[2026-03-24 09:36:45.679] RadarControl.OnPaint[74] ENTER width=743 height=743 targets=1 range=20,0
[2026-03-24 09:36:45.693] RadarControl.OnPaint[74] DrawRangeRings
[2026-03-24 09:36:45.693] RadarControl.OnPaint[74] DrawGrid
[2026-03-24 09:36:45.694] RadarControl.OnPaint[74] DrawTracks
[2026-03-24 09:36:45.694] RadarControl.OnPaint[74] DrawTargets begin
[2026-03-24 09:36:45.694] RadarControl.OnPaint[74] DrawTargets end
[2026-03-24 09:36:45.694] RadarControl.OnPaint[74] DrawCenter
[2026-03-24 09:36:45.695] RadarControl.OnPaint[74] EXIT ok
[2026-03-24 09:36:46.535] RadarControl.SetTargets: count=1, selected=none
[2026-03-24 09:36:46.545] RadarControl.OnPaint[75] ENTER width=743 height=743 targets=1 range=20,0
[2026-03-24 09:36:46.559] RadarControl.OnPaint[75] DrawRangeRings
[2026-03-24 09:36:46.560] RadarControl.OnPaint[75] DrawGrid
[2026-03-24 09:36:46.560] RadarControl.OnPaint[75] DrawTracks
[2026-03-24 09:36:46.560] RadarControl.OnPaint[75] DrawTargets begin
[2026-03-24 09:36:46.561] RadarControl.OnPaint[75] DrawTargets end
[2026-03-24 09:36:46.561] RadarControl.OnPaint[75] DrawCenter
[2026-03-24 09:36:46.561] RadarControl.OnPaint[75] EXIT ok
[2026-03-24 09:36:47.536] RadarControl.SetTargets: count=1, selected=none
[2026-03-24 09:36:47.547] RadarControl.OnPaint[76] ENTER width=743 height=743 targets=1 range=20,0
[2026-03-24 09:36:47.561] RadarControl.OnPaint[76] DrawRangeRings
[2026-03-24 09:36:47.562] RadarControl.OnPaint[76] DrawGrid
[2026-03-24 09:36:47.563] RadarControl.OnPaint[76] DrawTracks
[2026-03-24 09:36:47.563] RadarControl.OnPaint[76] DrawTargets begin
[2026-03-24 09:36:47.563] RadarControl.OnPaint[76] DrawTargets end
[2026-03-24 09:36:47.563] RadarControl.OnPaint[76] DrawCenter
[2026-03-24 09:36:47.564] RadarControl.OnPaint[76] EXIT ok
[2026-03-24 09:36:48.536] RadarControl.SetTargets: count=2, selected=none
[2026-03-24 09:36:48.547] RadarControl.OnPaint[77] ENTER width=743 height=743 targets=2 range=20,0
[2026-03-24 09:36:48.561] RadarControl.OnPaint[77] DrawRangeRings
[2026-03-24 09:36:48.562] RadarControl.OnPaint[77] DrawGrid
[2026-03-24 09:36:48.563] RadarControl.OnPaint[77] DrawTracks
[2026-03-24 09:36:48.563] RadarControl.OnPaint[77] DrawTargets begin
[2026-03-24 09:36:48.563] RadarControl.OnPaint[77] DrawTargets end
[2026-03-24 09:36:48.563] RadarControl.OnPaint[77] DrawCenter
[2026-03-24 09:36:48.564] RadarControl.OnPaint[77] EXIT ok
[2026-03-24 09:36:49.554] RadarControl.SetTargets: count=2, selected=none
[2026-03-24 09:36:49.566] RadarControl.OnPaint[78] ENTER width=743 height=743 targets=2 range=20,0
[2026-03-24 09:36:49.579] RadarControl.OnPaint[78] DrawRangeRings
[2026-03-24 09:36:49.580] RadarControl.OnPaint[78] DrawGrid
[2026-03-24 09:36:49.580] RadarControl.OnPaint[78] DrawTracks
[2026-03-24 09:36:49.581] RadarControl.OnPaint[78] DrawTargets begin
[2026-03-24 09:36:49.581] RadarControl.OnPaint[78] DrawTargets end
[2026-03-24 09:36:49.582] RadarControl.OnPaint[78] DrawCenter
[2026-03-24 09:36:49.582] RadarControl.OnPaint[78] EXIT ok
[2026-03-24 09:36:50.568] RadarControl.SetTargets: count=2, selected=none
[2026-03-24 09:36:50.579] RadarControl.OnPaint[79] ENTER width=743 height=743 targets=2 range=20,0
[2026-03-24 09:36:50.594] RadarControl.OnPaint[79] DrawRangeRings
[2026-03-24 09:36:50.595] RadarControl.OnPaint[79] DrawGrid
[2026-03-24 09:36:50.595] RadarControl.OnPaint[79] DrawTracks
[2026-03-24 09:36:50.596] RadarControl.OnPaint[79] DrawTargets begin
[2026-03-24 09:36:50.596] RadarControl.OnPaint[79] DrawTargets end
[2026-03-24 09:36:50.596] RadarControl.OnPaint[79] DrawCenter
[2026-03-24 09:36:50.597] RadarControl.OnPaint[79] EXIT ok
[2026-03-24 09:36:51.579] RadarControl.SetTargets: count=2, selected=none
[2026-03-24 09:36:51.593] RadarControl.OnPaint[80] ENTER width=743 height=743 targets=2 range=20,0
[2026-03-24 09:36:51.607] RadarControl.OnPaint[80] DrawRangeRings
[2026-03-24 09:36:51.608] RadarControl.OnPaint[80] DrawGrid
[2026-03-24 09:36:51.608] RadarControl.OnPaint[80] DrawTracks
[2026-03-24 09:36:51.609] RadarControl.OnPaint[80] DrawTargets begin
[2026-03-24 09:36:51.609] RadarControl.OnPaint[80] DrawTargets end
[2026-03-24 09:36:51.609] RadarControl.OnPaint[80] DrawCenter
[2026-03-24 09:36:51.610] RadarControl.OnPaint[80] EXIT ok
[2026-03-24 09:36:52.604] RadarControl.SetTargets: count=2, selected=none
[2026-03-24 09:36:52.616] RadarControl.OnPaint[81] ENTER width=743 height=743 targets=2 range=20,0
[2026-03-24 09:36:52.630] RadarControl.OnPaint[81] DrawRangeRings
[2026-03-24 09:36:52.632] RadarControl.OnPaint[81] DrawGrid
[2026-03-24 09:36:52.633] RadarControl.OnPaint[81] DrawTracks
[2026-03-24 09:36:52.633] RadarControl.OnPaint[81] DrawTargets begin
[2026-03-24 09:36:52.634] RadarControl.OnPaint[81] DrawTargets end
[2026-03-24 09:36:52.634] RadarControl.OnPaint[81] DrawCenter
[2026-03-24 09:36:52.634] RadarControl.OnPaint[81] EXIT ok
[2026-03-24 09:36:53.623] RadarControl.SetTargets: count=1, selected=none
[2026-03-24 09:36:53.634] RadarControl.OnPaint[82] ENTER width=743 height=743 targets=1 range=20,0
[2026-03-24 09:36:53.647] RadarControl.OnPaint[82] DrawRangeRings
[2026-03-24 09:36:53.649] RadarControl.OnPaint[82] DrawGrid
[2026-03-24 09:36:53.649] RadarControl.OnPaint[82] DrawTracks
[2026-03-24 09:36:53.650] RadarControl.OnPaint[82] DrawTargets begin
[2026-03-24 09:36:53.650] RadarControl.OnPaint[82] DrawTargets end
[2026-03-24 09:36:53.650] RadarControl.OnPaint[82] DrawCenter
[2026-03-24 09:36:53.651] RadarControl.OnPaint[82] EXIT ok
[2026-03-24 09:36:54.662] RadarControl.SetTargets: count=1, selected=none
[2026-03-24 09:36:54.673] RadarControl.OnPaint[83] ENTER width=743 height=743 targets=1 range=20,0
[2026-03-24 09:36:54.687] RadarControl.OnPaint[83] DrawRangeRings
[2026-03-24 09:36:54.688] RadarControl.OnPaint[83] DrawGrid
[2026-03-24 09:36:54.689] RadarControl.OnPaint[83] DrawTracks
[2026-03-24 09:36:54.689] RadarControl.OnPaint[83] DrawTargets begin
[2026-03-24 09:36:54.690] RadarControl.OnPaint[83] DrawTargets end
[2026-03-24 09:36:54.690] RadarControl.OnPaint[83] DrawCenter
[2026-03-24 09:36:54.690] RadarControl.OnPaint[83] EXIT ok
[2026-03-24 09:36:54.779] RadarControl.SetTargets: count=1, selected=none
[2026-03-24 09:36:54.790] RadarControl.OnPaint[84] ENTER width=743 height=743 targets=1 range=25,0
[2026-03-24 09:36:54.803] RadarControl.OnPaint[84] DrawRangeRings
[2026-03-24 09:36:54.804] RadarControl.OnPaint[84] DrawGrid
[2026-03-24 09:36:54.805] RadarControl.OnPaint[84] DrawTracks
[2026-03-24 09:36:54.805] RadarControl.OnPaint[84] DrawTargets begin
[2026-03-24 09:36:54.805] RadarControl.OnPaint[84] DrawTargets end
[2026-03-24 09:36:54.806] RadarControl.OnPaint[84] DrawCenter
[2026-03-24 09:36:54.806] RadarControl.OnPaint[84] EXIT ok
[2026-03-24 09:36:55.666] RadarControl.SetTargets: count=1, selected=none
[2026-03-24 09:36:55.678] RadarControl.OnPaint[85] ENTER width=743 height=743 targets=1 range=25,0
[2026-03-24 09:36:55.693] RadarControl.OnPaint[85] DrawRangeRings
[2026-03-24 09:36:55.694] RadarControl.OnPaint[85] DrawGrid
[2026-03-24 09:36:55.694] RadarControl.OnPaint[85] DrawTracks
[2026-03-24 09:36:55.695] RadarControl.OnPaint[85] DrawTargets begin
[2026-03-24 09:36:55.695] RadarControl.OnPaint[85] DrawTargets end
[2026-03-24 09:36:55.695] RadarControl.OnPaint[85] DrawCenter
[2026-03-24 09:36:55.696] RadarControl.OnPaint[85] EXIT ok
[2026-03-24 09:36:56.815] RadarControl.SetTargets: count=1, selected=none
[2026-03-24 09:36:56.827] RadarControl.OnPaint[86] ENTER width=743 height=743 targets=1 range=25,0
[2026-03-24 09:36:56.840] RadarControl.OnPaint[86] DrawRangeRings
[2026-03-24 09:36:56.841] RadarControl.OnPaint[86] DrawGrid
[2026-03-24 09:36:56.842] RadarControl.OnPaint[86] DrawTracks
[2026-03-24 09:36:56.842] RadarControl.OnPaint[86] DrawTargets begin
[2026-03-24 09:36:56.842] RadarControl.OnPaint[86] DrawTargets end
[2026-03-24 09:36:56.842] RadarControl.OnPaint[86] DrawCenter
[2026-03-24 09:36:56.843] RadarControl.OnPaint[86] EXIT ok
[2026-03-24 09:36:57.816] RadarControl.SetTargets: count=1, selected=none
[2026-03-24 09:36:57.827] RadarControl.OnPaint[87] ENTER width=743 height=743 targets=1 range=25,0
[2026-03-24 09:36:57.842] RadarControl.OnPaint[87] DrawRangeRings
[2026-03-24 09:36:57.843] RadarControl.OnPaint[87] DrawGrid
[2026-03-24 09:36:57.843] RadarControl.OnPaint[87] DrawTracks
[2026-03-24 09:36:57.843] RadarControl.OnPaint[87] DrawTargets begin
[2026-03-24 09:36:57.843] RadarControl.OnPaint[87] DrawTargets end
[2026-03-24 09:36:57.843] RadarControl.OnPaint[87] DrawCenter
[2026-03-24 09:36:57.844] RadarControl.OnPaint[87] EXIT ok
[2026-03-24 09:36:58.823] RadarControl.SetTargets: count=1, selected=none
[2026-03-24 09:36:58.835] RadarControl.OnPaint[88] ENTER width=743 height=743 targets=1 range=25,0
[2026-03-24 09:36:58.852] RadarControl.OnPaint[88] DrawRangeRings
[2026-03-24 09:36:58.853] RadarControl.OnPaint[88] DrawGrid
[2026-03-24 09:36:58.853] RadarControl.OnPaint[88] DrawTracks
[2026-03-24 09:36:58.853] RadarControl.OnPaint[88] DrawTargets begin
[2026-03-24 09:36:58.854] RadarControl.OnPaint[88] DrawTargets end
[2026-03-24 09:36:58.854] RadarControl.OnPaint[88] DrawCenter
[2026-03-24 09:36:58.855] RadarControl.OnPaint[88] EXIT ok
[2026-03-24 09:36:59.831] RadarControl.SetTargets: count=1, selected=none
[2026-03-24 09:36:59.842] RadarControl.OnPaint[89] ENTER width=743 height=743 targets=1 range=25,0
[2026-03-24 09:36:59.857] RadarControl.OnPaint[89] DrawRangeRings
[2026-03-24 09:36:59.858] RadarControl.OnPaint[89] DrawGrid
[2026-03-24 09:36:59.859] RadarControl.OnPaint[89] DrawTracks
[2026-03-24 09:36:59.859] RadarControl.OnPaint[89] DrawTargets begin
[2026-03-24 09:36:59.859] RadarControl.OnPaint[89] DrawTargets end
[2026-03-24 09:36:59.859] RadarControl.OnPaint[89] DrawCenter
[2026-03-24 09:36:59.860] RadarControl.OnPaint[89] EXIT ok
[2026-03-24 09:37:00.855] RadarControl.SetTargets: count=1, selected=none
[2026-03-24 09:37:00.866] RadarControl.OnPaint[90] ENTER width=743 height=743 targets=1 range=25,0
[2026-03-24 09:37:00.880] RadarControl.OnPaint[90] DrawRangeRings
[2026-03-24 09:37:00.880] RadarControl.OnPaint[90] DrawGrid
[2026-03-24 09:37:00.881] RadarControl.OnPaint[90] DrawTracks
[2026-03-24 09:37:00.881] RadarControl.OnPaint[90] DrawTargets begin
[2026-03-24 09:37:00.882] RadarControl.OnPaint[90] DrawTargets end
[2026-03-24 09:37:00.882] RadarControl.OnPaint[90] DrawCenter
[2026-03-24 09:37:00.882] RadarControl.OnPaint[90] EXIT ok
[2026-03-24 09:37:01.847] RadarControl.SetTargets: count=1, selected=none
[2026-03-24 09:37:01.859] RadarControl.OnPaint[91] ENTER width=743 height=743 targets=1 range=25,0
[2026-03-24 09:37:01.874] RadarControl.OnPaint[91] DrawRangeRings
[2026-03-24 09:37:01.875] RadarControl.OnPaint[91] DrawGrid
[2026-03-24 09:37:01.876] RadarControl.OnPaint[91] DrawTracks
[2026-03-24 09:37:01.876] RadarControl.OnPaint[91] DrawTargets begin
[2026-03-24 09:37:01.876] RadarControl.OnPaint[91] DrawTargets end
[2026-03-24 09:37:01.876] RadarControl.OnPaint[91] DrawCenter
[2026-03-24 09:37:01.877] RadarControl.OnPaint[91] EXIT ok
[2026-03-24 09:37:02.865] RadarControl.SetTargets: count=1, selected=none
[2026-03-24 09:37:02.876] RadarControl.OnPaint[92] ENTER width=743 height=743 targets=1 range=25,0
[2026-03-24 09:37:02.891] RadarControl.OnPaint[92] DrawRangeRings
[2026-03-24 09:37:02.892] RadarControl.OnPaint[92] DrawGrid
[2026-03-24 09:37:02.893] RadarControl.OnPaint[92] DrawTracks
[2026-03-24 09:37:02.893] RadarControl.OnPaint[92] DrawTargets begin
[2026-03-24 09:37:02.893] RadarControl.OnPaint[92] DrawTargets end
[2026-03-24 09:37:02.893] RadarControl.OnPaint[92] DrawCenter
[2026-03-24 09:37:02.894] RadarControl.OnPaint[92] EXIT ok
[2026-03-24 09:37:03.863] RadarControl.SetTargets: count=1, selected=none
[2026-03-24 09:37:03.876] RadarControl.OnPaint[93] ENTER width=743 height=743 targets=1 range=25,0
[2026-03-24 09:37:03.890] RadarControl.OnPaint[93] DrawRangeRings
[2026-03-24 09:37:03.891] RadarControl.OnPaint[93] DrawGrid
[2026-03-24 09:37:03.892] RadarControl.OnPaint[93] DrawTracks
[2026-03-24 09:37:03.892] RadarControl.OnPaint[93] DrawTargets begin
[2026-03-24 09:37:03.892] RadarControl.OnPaint[93] DrawTargets end
[2026-03-24 09:37:03.893] RadarControl.OnPaint[93] DrawCenter
[2026-03-24 09:37:03.893] RadarControl.OnPaint[93] EXIT ok
[2026-03-24 09:37:04.907] RadarControl.SetTargets: count=1, selected=none
[2026-03-24 09:37:04.919] RadarControl.OnPaint[94] ENTER width=743 height=743 targets=1 range=25,0
[2026-03-24 09:37:04.933] RadarControl.OnPaint[94] DrawRangeRings
[2026-03-24 09:37:04.934] RadarControl.OnPaint[94] DrawGrid
[2026-03-24 09:37:04.935] RadarControl.OnPaint[94] DrawTracks
[2026-03-24 09:37:04.935] RadarControl.OnPaint[94] DrawTargets begin
[2026-03-24 09:37:04.935] RadarControl.OnPaint[94] DrawTargets end
[2026-03-24 09:37:04.936] RadarControl.OnPaint[94] DrawCenter
[2026-03-24 09:37:04.936] RadarControl.OnPaint[94] EXIT ok
[2026-03-24 09:37:05.942] RadarControl.SetTargets: count=1, selected=none
[2026-03-24 09:37:05.953] RadarControl.OnPaint[95] ENTER width=743 height=743 targets=1 range=25,0
[2026-03-24 09:37:05.970] RadarControl.OnPaint[95] DrawRangeRings
[2026-03-24 09:37:05.971] RadarControl.OnPaint[95] DrawGrid
[2026-03-24 09:37:05.971] RadarControl.OnPaint[95] DrawTracks
[2026-03-24 09:37:05.972] RadarControl.OnPaint[95] DrawTargets begin
[2026-03-24 09:37:05.972] RadarControl.OnPaint[95] DrawTargets end
[2026-03-24 09:37:05.972] RadarControl.OnPaint[95] DrawCenter
[2026-03-24 09:37:05.973] RadarControl.OnPaint[95] EXIT ok
[2026-03-24 09:37:06.931] RadarControl.SetTargets: count=1, selected=none
[2026-03-24 09:37:06.943] RadarControl.OnPaint[96] ENTER width=743 height=743 targets=1 range=25,0
[2026-03-24 09:37:06.958] RadarControl.OnPaint[96] DrawRangeRings
[2026-03-24 09:37:06.959] RadarControl.OnPaint[96] DrawGrid
[2026-03-24 09:37:06.960] RadarControl.OnPaint[96] DrawTracks
[2026-03-24 09:37:06.960] RadarControl.OnPaint[96] DrawTargets begin
[2026-03-24 09:37:06.960] RadarControl.OnPaint[96] DrawTargets end
[2026-03-24 09:37:06.961] RadarControl.OnPaint[96] DrawCenter
[2026-03-24 09:37:06.961] RadarControl.OnPaint[96] EXIT ok
[2026-03-24 09:37:07.991] RadarControl.SetTargets: count=1, selected=none
[2026-03-24 09:37:08.002] RadarControl.OnPaint[97] ENTER width=743 height=743 targets=1 range=25,0
[2026-03-24 09:37:08.017] RadarControl.OnPaint[97] DrawRangeRings
[2026-03-24 09:37:08.018] RadarControl.OnPaint[97] DrawGrid
[2026-03-24 09:37:08.018] RadarControl.OnPaint[97] DrawTracks
[2026-03-24 09:37:08.019] RadarControl.OnPaint[97] DrawTargets begin
[2026-03-24 09:37:08.019] RadarControl.OnPaint[97] DrawTargets end
[2026-03-24 09:37:08.019] RadarControl.OnPaint[97] DrawCenter
[2026-03-24 09:37:08.019] RadarControl.OnPaint[97] EXIT ok
[2026-03-24 09:37:08.993] RadarControl.SetTargets: count=2, selected=none
[2026-03-24 09:37:09.003] RadarControl.OnPaint[98] ENTER width=743 height=743 targets=2 range=25,0
[2026-03-24 09:37:09.019] RadarControl.OnPaint[98] DrawRangeRings
[2026-03-24 09:37:09.020] RadarControl.OnPaint[98] DrawGrid
[2026-03-24 09:37:09.020] RadarControl.OnPaint[98] DrawTracks
[2026-03-24 09:37:09.021] RadarControl.OnPaint[98] DrawTargets begin
[2026-03-24 09:37:09.021] RadarControl.OnPaint[98] DrawTargets end
[2026-03-24 09:37:09.021] RadarControl.OnPaint[98] DrawCenter
[2026-03-24 09:37:09.022] RadarControl.OnPaint[98] EXIT ok
[2026-03-24 09:37:10.007] RadarControl.SetTargets: count=2, selected=none
[2026-03-24 09:37:10.020] RadarControl.OnPaint[99] ENTER width=743 height=743 targets=2 range=25,0
[2026-03-24 09:37:10.038] RadarControl.OnPaint[99] DrawRangeRings
[2026-03-24 09:37:10.040] RadarControl.OnPaint[99] DrawGrid
[2026-03-24 09:37:10.040] RadarControl.OnPaint[99] DrawTracks
[2026-03-24 09:37:10.040] RadarControl.OnPaint[99] DrawTargets begin
[2026-03-24 09:37:10.041] RadarControl.OnPaint[99] DrawTargets end
[2026-03-24 09:37:10.041] RadarControl.OnPaint[99] DrawCenter
[2026-03-24 09:37:10.041] RadarControl.OnPaint[99] EXIT ok
[2026-03-24 09:37:11.031] RadarControl.SetTargets: count=2, selected=none
[2026-03-24 09:37:11.042] RadarControl.OnPaint[100] ENTER width=743 height=743 targets=2 range=25,0
[2026-03-24 09:37:11.056] RadarControl.OnPaint[100] DrawRangeRings
[2026-03-24 09:37:11.057] RadarControl.OnPaint[100] DrawGrid
[2026-03-24 09:37:11.058] RadarControl.OnPaint[100] DrawTracks
[2026-03-24 09:37:11.058] RadarControl.OnPaint[100] DrawTargets begin
[2026-03-24 09:37:11.059] RadarControl.OnPaint[100] DrawTargets end
[2026-03-24 09:37:11.059] RadarControl.OnPaint[100] DrawCenter
[2026-03-24 09:37:11.060] RadarControl.OnPaint[100] EXIT ok
[2026-03-24 09:37:12.145] RadarControl.SetTargets: count=2, selected=none
[2026-03-24 09:37:12.156] RadarControl.OnPaint[101] ENTER width=743 height=743 targets=2 range=25,0
[2026-03-24 09:37:12.173] RadarControl.OnPaint[101] DrawRangeRings
[2026-03-24 09:37:12.174] RadarControl.OnPaint[101] DrawGrid
[2026-03-24 09:37:12.174] RadarControl.OnPaint[101] DrawTracks
[2026-03-24 09:37:12.175] RadarControl.OnPaint[101] DrawTargets begin
[2026-03-24 09:37:12.175] RadarControl.OnPaint[101] DrawTargets end
[2026-03-24 09:37:12.175] RadarControl.OnPaint[101] DrawCenter
[2026-03-24 09:37:12.176] RadarControl.OnPaint[101] EXIT ok
[2026-03-24 09:37:13.173] RadarControl.SetTargets: count=2, selected=none
[2026-03-24 09:37:13.184] RadarControl.OnPaint[102] ENTER width=743 height=743 targets=2 range=25,0
[2026-03-24 09:37:13.199] RadarControl.OnPaint[102] DrawRangeRings
[2026-03-24 09:37:13.200] RadarControl.OnPaint[102] DrawGrid
[2026-03-24 09:37:13.200] RadarControl.OnPaint[102] DrawTracks
[2026-03-24 09:37:13.201] RadarControl.OnPaint[102] DrawTargets begin
[2026-03-24 09:37:13.201] RadarControl.OnPaint[102] DrawTargets end
[2026-03-24 09:37:13.201] RadarControl.OnPaint[102] DrawCenter
[2026-03-24 09:37:13.202] RadarControl.OnPaint[102] EXIT ok
[2026-03-24 09:37:14.175] RadarControl.SetTargets: count=2, selected=none
[2026-03-24 09:37:14.188] RadarControl.OnPaint[103] ENTER width=743 height=743 targets=2 range=25,0
[2026-03-24 09:37:14.202] RadarControl.OnPaint[103] DrawRangeRings
[2026-03-24 09:37:14.203] RadarControl.OnPaint[103] DrawGrid
[2026-03-24 09:37:14.203] RadarControl.OnPaint[103] DrawTracks
[2026-03-24 09:37:14.204] RadarControl.OnPaint[103] DrawTargets begin
[2026-03-24 09:37:14.205] RadarControl.OnPaint[103] DrawTargets end
[2026-03-24 09:37:14.205] RadarControl.OnPaint[103] DrawCenter
[2026-03-24 09:37:14.205] RadarControl.OnPaint[103] EXIT ok
[2026-03-24 09:37:15.190] RadarControl.SetTargets: count=2, selected=none
[2026-03-24 09:37:15.202] RadarControl.OnPaint[104] ENTER width=743 height=743 targets=2 range=25,0
[2026-03-24 09:37:15.216] RadarControl.OnPaint[104] DrawRangeRings
[2026-03-24 09:37:15.217] RadarControl.OnPaint[104] DrawGrid
[2026-03-24 09:37:15.217] RadarControl.OnPaint[104] DrawTracks
[2026-03-24 09:37:15.218] RadarControl.OnPaint[104] DrawTargets begin
[2026-03-24 09:37:15.218] RadarControl.OnPaint[104] DrawTargets end
[2026-03-24 09:37:15.218] RadarControl.OnPaint[104] DrawCenter
[2026-03-24 09:37:15.219] RadarControl.OnPaint[104] EXIT ok
[2026-03-24 09:37:16.193] RadarControl.SetTargets: count=2, selected=none
[2026-03-24 09:37:16.206] RadarControl.OnPaint[105] ENTER width=743 height=743 targets=2 range=25,0
[2026-03-24 09:37:16.221] RadarControl.OnPaint[105] DrawRangeRings
[2026-03-24 09:37:16.222] RadarControl.OnPaint[105] DrawGrid
[2026-03-24 09:37:16.222] RadarControl.OnPaint[105] DrawTracks
[2026-03-24 09:37:16.223] RadarControl.OnPaint[105] DrawTargets begin
[2026-03-24 09:37:16.223] RadarControl.OnPaint[105] DrawTargets end
[2026-03-24 09:37:16.223] RadarControl.OnPaint[105] DrawCenter
[2026-03-24 09:37:16.223] RadarControl.OnPaint[105] EXIT ok
[2026-03-24 09:37:17.191] RadarControl.SetTargets: count=2, selected=none
[2026-03-24 09:37:17.202] RadarControl.OnPaint[106] ENTER width=743 height=743 targets=2 range=25,0
[2026-03-24 09:37:17.215] RadarControl.OnPaint[106] DrawRangeRings
[2026-03-24 09:37:17.216] RadarControl.OnPaint[106] DrawGrid
[2026-03-24 09:37:17.217] RadarControl.OnPaint[106] DrawTracks
[2026-03-24 09:37:17.217] RadarControl.OnPaint[106] DrawTargets begin
[2026-03-24 09:37:17.217] RadarControl.OnPaint[106] DrawTargets end
[2026-03-24 09:37:17.217] RadarControl.OnPaint[106] DrawCenter
[2026-03-24 09:37:17.218] RadarControl.OnPaint[106] EXIT ok
[2026-03-24 09:37:18.209] RadarControl.SetTargets: count=2, selected=none
[2026-03-24 09:37:18.219] RadarControl.OnPaint[107] ENTER width=743 height=743 targets=2 range=25,0
[2026-03-24 09:37:18.235] RadarControl.OnPaint[107] DrawRangeRings
[2026-03-24 09:37:18.236] RadarControl.OnPaint[107] DrawGrid
[2026-03-24 09:37:18.236] RadarControl.OnPaint[107] DrawTracks
[2026-03-24 09:37:18.237] RadarControl.OnPaint[107] DrawTargets begin
[2026-03-24 09:37:18.237] RadarControl.OnPaint[107] DrawTargets end
[2026-03-24 09:37:18.237] RadarControl.OnPaint[107] DrawCenter
[2026-03-24 09:37:18.238] RadarControl.OnPaint[107] EXIT ok
[2026-03-24 09:37:19.229] RadarControl.SetTargets: count=2, selected=none
[2026-03-24 09:37:19.240] RadarControl.OnPaint[108] ENTER width=743 height=743 targets=2 range=25,0
[2026-03-24 09:37:19.257] RadarControl.OnPaint[108] DrawRangeRings
[2026-03-24 09:37:19.258] RadarControl.OnPaint[108] DrawGrid
[2026-03-24 09:37:19.258] RadarControl.OnPaint[108] DrawTracks
[2026-03-24 09:37:19.259] RadarControl.OnPaint[108] DrawTargets begin
[2026-03-24 09:37:19.259] RadarControl.OnPaint[108] DrawTargets end
[2026-03-24 09:37:19.260] RadarControl.OnPaint[108] DrawCenter
[2026-03-24 09:37:19.260] RadarControl.OnPaint[108] EXIT ok
[2026-03-24 09:37:20.267] RadarControl.SetTargets: count=2, selected=none
[2026-03-24 09:37:20.277] RadarControl.OnPaint[109] ENTER width=743 height=743 targets=2 range=25,0
[2026-03-24 09:37:20.293] RadarControl.OnPaint[109] DrawRangeRings
[2026-03-24 09:37:20.294] RadarControl.OnPaint[109] DrawGrid
[2026-03-24 09:37:20.294] RadarControl.OnPaint[109] DrawTracks
[2026-03-24 09:37:20.295] RadarControl.OnPaint[109] DrawTargets begin
[2026-03-24 09:37:20.295] RadarControl.OnPaint[109] DrawTargets end
[2026-03-24 09:37:20.295] RadarControl.OnPaint[109] DrawCenter
[2026-03-24 09:37:20.296] RadarControl.OnPaint[109] EXIT ok
[2026-03-24 09:37:21.262] RadarControl.SetTargets: count=2, selected=none
[2026-03-24 09:37:21.273] RadarControl.OnPaint[110] ENTER width=743 height=743 targets=2 range=25,0
[2026-03-24 09:37:21.288] RadarControl.OnPaint[110] DrawRangeRings
[2026-03-24 09:37:21.289] RadarControl.OnPaint[110] DrawGrid
[2026-03-24 09:37:21.290] RadarControl.OnPaint[110] DrawTracks
[2026-03-24 09:37:21.290] RadarControl.OnPaint[110] DrawTargets begin
[2026-03-24 09:37:21.291] RadarControl.OnPaint[110] DrawTargets end
[2026-03-24 09:37:21.291] RadarControl.OnPaint[110] DrawCenter
[2026-03-24 09:37:21.291] RadarControl.OnPaint[110] EXIT ok
[2026-03-24 09:37:22.291] RadarControl.SetTargets: count=2, selected=none
[2026-03-24 09:37:22.302] RadarControl.OnPaint[111] ENTER width=743 height=743 targets=2 range=25,0
[2026-03-24 09:37:22.319] RadarControl.OnPaint[111] DrawRangeRings
[2026-03-24 09:37:22.321] RadarControl.OnPaint[111] DrawGrid
[2026-03-24 09:37:22.321] RadarControl.OnPaint[111] DrawTracks
[2026-03-24 09:37:22.321] RadarControl.OnPaint[111] DrawTargets begin
[2026-03-24 09:37:22.322] RadarControl.OnPaint[111] DrawTargets end
[2026-03-24 09:37:22.322] RadarControl.OnPaint[111] DrawCenter
[2026-03-24 09:37:22.322] RadarControl.OnPaint[111] EXIT ok
[2026-03-24 09:37:23.327] RadarControl.SetTargets: count=2, selected=none
[2026-03-24 09:37:23.338] RadarControl.OnPaint[112] ENTER width=743 height=743 targets=2 range=25,0
[2026-03-24 09:37:23.356] RadarControl.OnPaint[112] DrawRangeRings
[2026-03-24 09:37:23.357] RadarControl.OnPaint[112] DrawGrid
[2026-03-24 09:37:23.358] RadarControl.OnPaint[112] DrawTracks
[2026-03-24 09:37:23.358] RadarControl.OnPaint[112] DrawTargets begin
[2026-03-24 09:37:23.359] RadarControl.OnPaint[112] DrawTargets end
[2026-03-24 09:37:23.359] RadarControl.OnPaint[112] DrawCenter
[2026-03-24 09:37:23.359] RadarControl.OnPaint[112] EXIT ok
[2026-03-24 09:37:24.349] RadarControl.SetTargets: count=2, selected=none
[2026-03-24 09:37:24.361] RadarControl.OnPaint[113] ENTER width=743 height=743 targets=2 range=25,0
[2026-03-24 09:37:24.375] RadarControl.OnPaint[113] DrawRangeRings
[2026-03-24 09:37:24.377] RadarControl.OnPaint[113] DrawGrid
[2026-03-24 09:37:24.377] RadarControl.OnPaint[113] DrawTracks
[2026-03-24 09:37:24.377] RadarControl.OnPaint[113] DrawTargets begin
[2026-03-24 09:37:24.378] RadarControl.OnPaint[113] DrawTargets end
[2026-03-24 09:37:24.378] RadarControl.OnPaint[113] DrawCenter
[2026-03-24 09:37:24.378] RadarControl.OnPaint[113] EXIT ok
[2026-03-24 09:37:25.411] RadarControl.SetTargets: count=2, selected=none
[2026-03-24 09:37:25.423] RadarControl.OnPaint[114] ENTER width=743 height=743 targets=2 range=25,0
[2026-03-24 09:37:25.437] RadarControl.OnPaint[114] DrawRangeRings
[2026-03-24 09:37:25.438] RadarControl.OnPaint[114] DrawGrid
[2026-03-24 09:37:25.439] RadarControl.OnPaint[114] DrawTracks
[2026-03-24 09:37:25.439] RadarControl.OnPaint[114] DrawTargets begin
[2026-03-24 09:37:25.440] RadarControl.OnPaint[114] DrawTargets end
[2026-03-24 09:37:25.440] RadarControl.OnPaint[114] DrawCenter
[2026-03-24 09:37:25.440] RadarControl.OnPaint[114] EXIT ok
[2026-03-24 09:37:26.379] RadarControl.SetTargets: count=2, selected=none
[2026-03-24 09:37:26.393] RadarControl.OnPaint[115] ENTER width=743 height=743 targets=2 range=25,0
[2026-03-24 09:37:26.407] RadarControl.OnPaint[115] DrawRangeRings
[2026-03-24 09:37:26.408] RadarControl.OnPaint[115] DrawGrid
[2026-03-24 09:37:26.409] RadarControl.OnPaint[115] DrawTracks
[2026-03-24 09:37:26.409] RadarControl.OnPaint[115] DrawTargets begin
[2026-03-24 09:37:26.412] RadarControl.OnPaint[115] DrawTargets end
[2026-03-24 09:37:26.412] RadarControl.OnPaint[115] DrawCenter
[2026-03-24 09:37:26.413] RadarControl.OnPaint[115] EXIT ok
[2026-03-24 09:37:27.505] RadarControl.SetTargets: count=1, selected=none
[2026-03-24 09:37:27.516] RadarControl.OnPaint[116] ENTER width=743 height=743 targets=1 range=25,0
[2026-03-24 09:37:27.530] RadarControl.OnPaint[116] DrawRangeRings
[2026-03-24 09:37:27.531] RadarControl.OnPaint[116] DrawGrid
[2026-03-24 09:37:27.531] RadarControl.OnPaint[116] DrawTracks
[2026-03-24 09:37:27.531] RadarControl.OnPaint[116] DrawTargets begin
[2026-03-24 09:37:27.532] RadarControl.OnPaint[116] DrawTargets end
[2026-03-24 09:37:27.532] RadarControl.OnPaint[116] DrawCenter
[2026-03-24 09:37:27.532] RadarControl.OnPaint[116] EXIT ok
[2026-03-24 09:37:28.502] RadarControl.SetTargets: count=1, selected=none
[2026-03-24 09:37:28.513] RadarControl.OnPaint[117] ENTER width=743 height=743 targets=1 range=25,0
[2026-03-24 09:37:28.526] RadarControl.OnPaint[117] DrawRangeRings
[2026-03-24 09:37:28.527] RadarControl.OnPaint[117] DrawGrid
[2026-03-24 09:37:28.528] RadarControl.OnPaint[117] DrawTracks
[2026-03-24 09:37:28.528] RadarControl.OnPaint[117] DrawTargets begin
[2026-03-24 09:37:28.528] RadarControl.OnPaint[117] DrawTargets end
[2026-03-24 09:37:28.528] RadarControl.OnPaint[117] DrawCenter
[2026-03-24 09:37:28.529] RadarControl.OnPaint[117] EXIT ok
[2026-03-24 09:37:29.505] RadarControl.SetTargets: count=1, selected=none
[2026-03-24 09:37:29.517] RadarControl.OnPaint[118] ENTER width=743 height=743 targets=1 range=25,0
[2026-03-24 09:37:29.531] RadarControl.OnPaint[118] DrawRangeRings
[2026-03-24 09:37:29.533] RadarControl.OnPaint[118] DrawGrid
[2026-03-24 09:37:29.533] RadarControl.OnPaint[118] DrawTracks
[2026-03-24 09:37:29.533] RadarControl.OnPaint[118] DrawTargets begin
[2026-03-24 09:37:29.534] RadarControl.OnPaint[118] DrawTargets end
[2026-03-24 09:37:29.534] RadarControl.OnPaint[118] DrawCenter
[2026-03-24 09:37:29.534] RadarControl.OnPaint[118] EXIT ok
[2026-03-24 09:37:30.502] RadarControl.SetTargets: count=1, selected=none
[2026-03-24 09:37:30.513] RadarControl.OnPaint[119] ENTER width=743 height=743 targets=1 range=25,0
[2026-03-24 09:37:30.527] RadarControl.OnPaint[119] DrawRangeRings
[2026-03-24 09:37:30.528] RadarControl.OnPaint[119] DrawGrid
[2026-03-24 09:37:30.529] RadarControl.OnPaint[119] DrawTracks
[2026-03-24 09:37:30.529] RadarControl.OnPaint[119] DrawTargets begin
[2026-03-24 09:37:30.529] RadarControl.OnPaint[119] DrawTargets end
[2026-03-24 09:37:30.529] RadarControl.OnPaint[119] DrawCenter
[2026-03-24 09:37:30.530] RadarControl.OnPaint[119] EXIT ok
[2026-03-24 09:37:31.508] RadarControl.SetTargets: count=1, selected=none
[2026-03-24 09:37:31.520] RadarControl.OnPaint[120] ENTER width=743 height=743 targets=1 range=25,0
[2026-03-24 09:37:31.534] RadarControl.OnPaint[120] DrawRangeRings
[2026-03-24 09:37:31.535] RadarControl.OnPaint[120] DrawGrid
[2026-03-24 09:37:31.536] RadarControl.OnPaint[120] DrawTracks
[2026-03-24 09:37:31.536] RadarControl.OnPaint[120] DrawTargets begin
[2026-03-24 09:37:31.536] RadarControl.OnPaint[120] DrawTargets end
[2026-03-24 09:37:31.537] RadarControl.OnPaint[120] DrawCenter
[2026-03-24 09:37:31.537] RadarControl.OnPaint[120] EXIT ok
[2026-03-24 09:37:32.543] RadarControl.SetTargets: count=1, selected=none
[2026-03-24 09:37:32.555] RadarControl.OnPaint[121] ENTER width=743 height=743 targets=1 range=25,0
[2026-03-24 09:37:32.570] RadarControl.OnPaint[121] DrawRangeRings
[2026-03-24 09:37:32.571] RadarControl.OnPaint[121] DrawGrid
[2026-03-24 09:37:32.571] RadarControl.OnPaint[121] DrawTracks
[2026-03-24 09:37:32.571] RadarControl.OnPaint[121] DrawTargets begin
[2026-03-24 09:37:32.572] RadarControl.OnPaint[121] DrawTargets end
[2026-03-24 09:37:32.572] RadarControl.OnPaint[121] DrawCenter
[2026-03-24 09:37:32.572] RadarControl.OnPaint[121] EXIT ok
[2026-03-24 09:37:33.555] RadarControl.SetTargets: count=1, selected=none
[2026-03-24 09:37:33.565] RadarControl.OnPaint[122] ENTER width=743 height=743 targets=1 range=25,0
[2026-03-24 09:37:33.580] RadarControl.OnPaint[122] DrawRangeRings
[2026-03-24 09:37:33.581] RadarControl.OnPaint[122] DrawGrid
[2026-03-24 09:37:33.582] RadarControl.OnPaint[122] DrawTracks
[2026-03-24 09:37:33.582] RadarControl.OnPaint[122] DrawTargets begin
[2026-03-24 09:37:33.583] RadarControl.OnPaint[122] DrawTargets end
[2026-03-24 09:37:33.583] RadarControl.OnPaint[122] DrawCenter
[2026-03-24 09:37:33.583] RadarControl.OnPaint[122] EXIT ok
[2026-03-24 09:37:34.578] RadarControl.SetTargets: count=1, selected=none
[2026-03-24 09:37:34.589] RadarControl.OnPaint[123] ENTER width=743 height=743 targets=1 range=25,0
[2026-03-24 09:37:34.603] RadarControl.OnPaint[123] DrawRangeRings
[2026-03-24 09:37:34.603] RadarControl.OnPaint[123] DrawGrid
[2026-03-24 09:37:34.604] RadarControl.OnPaint[123] DrawTracks
[2026-03-24 09:37:34.604] RadarControl.OnPaint[123] DrawTargets begin
[2026-03-24 09:37:34.605] RadarControl.OnPaint[123] DrawTargets end
[2026-03-24 09:37:34.605] RadarControl.OnPaint[123] DrawCenter
[2026-03-24 09:37:34.605] RadarControl.OnPaint[123] EXIT ok
[2026-03-24 09:37:35.597] RadarControl.SetTargets: count=1, selected=none
[2026-03-24 09:37:35.607] RadarControl.OnPaint[124] ENTER width=743 height=743 targets=1 range=25,0
[2026-03-24 09:37:35.622] RadarControl.OnPaint[124] DrawRangeRings
[2026-03-24 09:37:35.623] RadarControl.OnPaint[124] DrawGrid
[2026-03-24 09:37:35.624] RadarControl.OnPaint[124] DrawTracks
[2026-03-24 09:37:35.624] RadarControl.OnPaint[124] DrawTargets begin
[2026-03-24 09:37:35.624] RadarControl.OnPaint[124] DrawTargets end
[2026-03-24 09:37:35.624] RadarControl.OnPaint[124] DrawCenter
[2026-03-24 09:37:35.625] RadarControl.OnPaint[124] EXIT ok
[2026-03-24 09:37:36.627] RadarControl.SetTargets: count=1, selected=none
[2026-03-24 09:37:36.638] RadarControl.OnPaint[125] ENTER width=743 height=743 targets=1 range=25,0
[2026-03-24 09:37:36.655] RadarControl.OnPaint[125] DrawRangeRings
[2026-03-24 09:37:36.656] RadarControl.OnPaint[125] DrawGrid
[2026-03-24 09:37:36.657] RadarControl.OnPaint[125] DrawTracks
[2026-03-24 09:37:36.657] RadarControl.OnPaint[125] DrawTargets begin
[2026-03-24 09:37:36.658] RadarControl.OnPaint[125] DrawTargets end
[2026-03-24 09:37:36.658] RadarControl.OnPaint[125] DrawCenter
[2026-03-24 09:37:36.658] RadarControl.OnPaint[125] EXIT ok
[2026-03-24 09:37:37.663] RadarControl.SetTargets: count=1, selected=none
[2026-03-24 09:37:37.673] RadarControl.OnPaint[126] ENTER width=743 height=743 targets=1 range=25,0
[2026-03-24 09:37:37.688] RadarControl.OnPaint[126] DrawRangeRings
[2026-03-24 09:37:37.689] RadarControl.OnPaint[126] DrawGrid
[2026-03-24 09:37:37.689] RadarControl.OnPaint[126] DrawTracks
[2026-03-24 09:37:37.690] RadarControl.OnPaint[126] DrawTargets begin
[2026-03-24 09:37:37.690] RadarControl.OnPaint[126] DrawTargets end
[2026-03-24 09:37:37.690] RadarControl.OnPaint[126] DrawCenter
[2026-03-24 09:37:37.691] RadarControl.OnPaint[126] EXIT ok
[2026-03-24 09:37:38.775] RadarControl.SetTargets: count=1, selected=none
[2026-03-24 09:37:38.785] RadarControl.OnPaint[127] ENTER width=743 height=743 targets=1 range=25,0
[2026-03-24 09:37:38.799] RadarControl.OnPaint[127] DrawRangeRings
[2026-03-24 09:37:38.800] RadarControl.OnPaint[127] DrawGrid
[2026-03-24 09:37:38.800] RadarControl.OnPaint[127] DrawTracks
[2026-03-24 09:37:38.800] RadarControl.OnPaint[127] DrawTargets begin
[2026-03-24 09:37:38.800] RadarControl.OnPaint[127] DrawTargets end
[2026-03-24 09:37:38.801] RadarControl.OnPaint[127] DrawCenter
[2026-03-24 09:37:38.801] RadarControl.OnPaint[127] EXIT ok
[2026-03-24 09:37:39.785] RadarControl.SetTargets: count=1, selected=none
[2026-03-24 09:37:39.797] RadarControl.OnPaint[128] ENTER width=743 height=743 targets=1 range=25,0
[2026-03-24 09:37:39.811] RadarControl.OnPaint[128] DrawRangeRings
[2026-03-24 09:37:39.812] RadarControl.OnPaint[128] DrawGrid
[2026-03-24 09:37:39.813] RadarControl.OnPaint[128] DrawTracks
[2026-03-24 09:37:39.813] RadarControl.OnPaint[128] DrawTargets begin
[2026-03-24 09:37:39.816] RadarControl.OnPaint[128] DrawTargets end
[2026-03-24 09:37:39.816] RadarControl.OnPaint[128] DrawCenter
[2026-03-24 09:37:39.817] RadarControl.OnPaint[128] EXIT ok
[2026-03-24 09:37:40.785] RadarControl.SetTargets: count=1, selected=none
[2026-03-24 09:37:40.797] RadarControl.OnPaint[129] ENTER width=743 height=743 targets=1 range=25,0
[2026-03-24 09:37:40.811] RadarControl.OnPaint[129] DrawRangeRings
[2026-03-24 09:37:40.812] RadarControl.OnPaint[129] DrawGrid
[2026-03-24 09:37:40.813] RadarControl.OnPaint[129] DrawTracks
[2026-03-24 09:37:40.813] RadarControl.OnPaint[129] DrawTargets begin
[2026-03-24 09:37:40.813] RadarControl.OnPaint[129] DrawTargets end
[2026-03-24 09:37:40.813] RadarControl.OnPaint[129] DrawCenter
[2026-03-24 09:37:40.814] RadarControl.OnPaint[129] EXIT ok
[2026-03-24 09:37:41.785] RadarControl.SetTargets: count=1, selected=none
[2026-03-24 09:37:41.798] RadarControl.OnPaint[130] ENTER width=743 height=743 targets=1 range=25,0
[2026-03-24 09:37:41.812] RadarControl.OnPaint[130] DrawRangeRings
[2026-03-24 09:37:41.813] RadarControl.OnPaint[130] DrawGrid
[2026-03-24 09:37:41.814] RadarControl.OnPaint[130] DrawTracks
[2026-03-24 09:37:41.814] RadarControl.OnPaint[130] DrawTargets begin
[2026-03-24 09:37:41.814] RadarControl.OnPaint[130] DrawTargets end
[2026-03-24 09:37:41.815] RadarControl.OnPaint[130] DrawCenter
[2026-03-24 09:37:41.815] RadarControl.OnPaint[130] EXIT ok
[2026-03-24 09:37:42.786] RadarControl.SetTargets: count=1, selected=none
[2026-03-24 09:37:42.797] RadarControl.OnPaint[131] ENTER width=743 height=743 targets=1 range=25,0
[2026-03-24 09:37:42.811] RadarControl.OnPaint[131] DrawRangeRings
[2026-03-24 09:37:42.812] RadarControl.OnPaint[131] DrawGrid
[2026-03-24 09:37:42.813] RadarControl.OnPaint[131] DrawTracks
[2026-03-24 09:37:42.813] RadarControl.OnPaint[131] DrawTargets begin
[2026-03-24 09:37:42.813] RadarControl.OnPaint[131] DrawTargets end
[2026-03-24 09:37:42.813] RadarControl.OnPaint[131] DrawCenter
[2026-03-24 09:37:42.813] RadarControl.OnPaint[131] EXIT ok
[2026-03-24 09:37:43.301] RadarControl.SetTargets: count=2, selected=none
[2026-03-24 09:37:43.313] RadarControl.OnPaint[132] ENTER width=743 height=743 targets=2 range=25,0
[2026-03-24 09:37:43.328] RadarControl.OnPaint[132] DrawRangeRings
[2026-03-24 09:37:43.329] RadarControl.OnPaint[132] DrawGrid
[2026-03-24 09:37:43.329] RadarControl.OnPaint[132] DrawTracks
[2026-03-24 09:37:43.330] RadarControl.OnPaint[132] DrawTargets begin
[2026-03-24 09:37:43.330] RadarControl.OnPaint[132] DrawTargets end
[2026-03-24 09:37:43.330] RadarControl.OnPaint[132] DrawCenter
[2026-03-24 09:37:43.331] RadarControl.OnPaint[132] EXIT ok
[2026-03-24 09:37:43.798] RadarControl.SetTargets: count=2, selected=none
[2026-03-24 09:37:43.810] RadarControl.OnPaint[133] ENTER width=743 height=743 targets=2 range=25,0
[2026-03-24 09:37:43.826] RadarControl.OnPaint[133] DrawRangeRings
[2026-03-24 09:37:43.828] RadarControl.OnPaint[133] DrawGrid
[2026-03-24 09:37:43.829] RadarControl.OnPaint[133] DrawTracks
[2026-03-24 09:37:43.829] RadarControl.OnPaint[133] DrawTargets begin
[2026-03-24 09:37:43.829] RadarControl.OnPaint[133] DrawTargets end
[2026-03-24 09:37:43.829] RadarControl.OnPaint[133] DrawCenter
[2026-03-24 09:37:43.830] RadarControl.OnPaint[133] EXIT ok
[2026-03-24 09:37:44.816] RadarControl.SetTargets: count=3, selected=none
[2026-03-24 09:37:44.827] RadarControl.OnPaint[134] ENTER width=743 height=743 targets=3 range=25,0
[2026-03-24 09:37:44.842] RadarControl.OnPaint[134] DrawRangeRings
[2026-03-24 09:37:44.843] RadarControl.OnPaint[134] DrawGrid
[2026-03-24 09:37:44.843] RadarControl.OnPaint[134] DrawTracks
[2026-03-24 09:37:44.843] RadarControl.OnPaint[134] DrawTargets begin
[2026-03-24 09:37:44.844] RadarControl.OnPaint[134] DrawTargets end
[2026-03-24 09:37:44.844] RadarControl.OnPaint[134] DrawCenter
[2026-03-24 09:37:44.845] RadarControl.OnPaint[134] EXIT ok
[2026-03-24 09:37:45.829] RadarControl.SetTargets: count=3, selected=none
[2026-03-24 09:37:45.841] RadarControl.OnPaint[135] ENTER width=743 height=743 targets=3 range=25,0
[2026-03-24 09:37:45.854] RadarControl.OnPaint[135] DrawRangeRings
[2026-03-24 09:37:45.855] RadarControl.OnPaint[135] DrawGrid
[2026-03-24 09:37:45.856] RadarControl.OnPaint[135] DrawTracks
[2026-03-24 09:37:45.856] RadarControl.OnPaint[135] DrawTargets begin
[2026-03-24 09:37:45.857] RadarControl.OnPaint[135] DrawTargets end
[2026-03-24 09:37:45.857] RadarControl.OnPaint[135] DrawCenter
[2026-03-24 09:37:45.857] RadarControl.OnPaint[135] EXIT ok
[2026-03-24 09:37:46.880] MainForm.ShowTestAircraft: begin
[2026-03-24 09:37:46.881] MainForm.ShowTestAircraft: switch tab and ensure visible
[2026-03-24 09:37:46.881] RadarControl.SetTargets: count=3, selected=none
[2026-03-24 09:37:46.891] MainForm.ShowTestAircraft: build target
[2026-03-24 09:37:46.892] MainForm.ShowTestAircraft: target built addr=ABC123 lat=55,955010 lon=37,279797 dist=3,0
[2026-03-24 09:37:46.892] MainForm.ShowTestAircraft: repository upsert done count=3
[2026-03-24 09:37:46.892] MainForm.ShowTestAircraft: track count=2
[2026-03-24 09:37:46.892] MainForm.ShowTestAircraft: before SelectTarget
[2026-03-24 09:37:46.896] MainForm.ShowTestAircraft: SelectTarget done
[2026-03-24 09:37:46.896] RadarControl.SetTargets: count=3, selected=ABC123
[2026-03-24 09:37:46.906] MainForm.ShowTestAircraft: RefreshRadarAndList done
[2026-03-24 09:37:46.906] MainForm.ShowTestAircraft: radar invalidate done
[2026-03-24 09:37:46.907] MainForm.ShowTestAircraft: completed OK
[2026-03-24 09:37:46.908] RadarControl.OnPaint[136] ENTER width=743 height=743 targets=3 range=25,0
[2026-03-24 09:37:46.923] RadarControl.OnPaint[136] DrawRangeRings
[2026-03-24 09:37:46.924] RadarControl.OnPaint[136] DrawGrid
[2026-03-24 09:37:46.924] RadarControl.OnPaint[136] DrawTracks
[2026-03-24 09:37:46.925] RadarControl.OnPaint[136] DrawTargets begin
[2026-03-24 09:37:46.925] RadarControl.OnPaint[136] DrawTargets end
[2026-03-24 09:37:46.925] RadarControl.OnPaint[136] DrawCenter
[2026-03-24 09:37:46.925] RadarControl.OnPaint[136] EXIT ok
[2026-03-24 09:37:46.963] RadarControl.SetTargets: count=3, selected=ABC123
[2026-03-24 09:37:46.974] RadarControl.OnPaint[137] ENTER width=743 height=743 targets=3 range=25,0
[2026-03-24 09:37:46.988] RadarControl.OnPaint[137] DrawRangeRings
[2026-03-24 09:37:46.989] RadarControl.OnPaint[137] DrawGrid
[2026-03-24 09:37:46.990] RadarControl.OnPaint[137] DrawTracks
[2026-03-24 09:37:46.990] RadarControl.OnPaint[137] DrawTargets begin
[2026-03-24 09:37:46.991] RadarControl.OnPaint[137] DrawTargets end
[2026-03-24 09:37:46.991] RadarControl.OnPaint[137] DrawCenter
[2026-03-24 09:37:46.991] RadarControl.OnPaint[137] EXIT ok
[2026-03-24 09:37:47.879] RadarControl.SetTargets: count=3, selected=ABC123
[2026-03-24 09:37:47.892] RadarControl.OnPaint[138] ENTER width=743 height=743 targets=3 range=25,0
[2026-03-24 09:37:47.907] RadarControl.OnPaint[138] DrawRangeRings
[2026-03-24 09:37:47.908] RadarControl.OnPaint[138] DrawGrid
[2026-03-24 09:37:47.908] RadarControl.OnPaint[138] DrawTracks
[2026-03-24 09:37:47.909] RadarControl.OnPaint[138] DrawTargets begin
[2026-03-24 09:37:47.909] RadarControl.OnPaint[138] DrawTargets end
[2026-03-24 09:37:47.910] RadarControl.OnPaint[138] DrawCenter
[2026-03-24 09:37:47.910] RadarControl.OnPaint[138] EXIT ok
[2026-03-24 09:37:48.952] RadarControl.SetTargets: count=3, selected=ABC123
[2026-03-24 09:37:48.963] RadarControl.OnPaint[139] ENTER width=743 height=743 targets=3 range=25,0
[2026-03-24 09:37:48.978] RadarControl.OnPaint[139] DrawRangeRings
[2026-03-24 09:37:48.979] RadarControl.OnPaint[139] DrawGrid
[2026-03-24 09:37:48.979] RadarControl.OnPaint[139] DrawTracks
[2026-03-24 09:37:48.980] RadarControl.OnPaint[139] DrawTargets begin
[2026-03-24 09:37:48.980] RadarControl.OnPaint[139] DrawTargets end
[2026-03-24 09:37:48.980] RadarControl.OnPaint[139] DrawCenter
[2026-03-24 09:37:48.981] RadarControl.OnPaint[139] EXIT ok
[2026-03-24 09:37:49.292] RadarControl.SetTargets: count=3, selected=ABC123
[2026-03-24 09:37:49.302] RadarControl.SetTargets: count=3, selected=ABC123
[2026-03-24 09:37:49.314] RadarControl.OnPaint[140] ENTER width=743 height=743 targets=3 range=25,0
[2026-03-24 09:37:49.330] RadarControl.OnPaint[140] DrawRangeRings
[2026-03-24 09:37:49.331] RadarControl.OnPaint[140] DrawGrid
[2026-03-24 09:37:49.332] RadarControl.OnPaint[140] DrawTracks
[2026-03-24 09:37:49.332] RadarControl.OnPaint[140] DrawTargets begin
[2026-03-24 09:37:49.333] RadarControl.OnPaint[140] DrawTargets end
[2026-03-24 09:37:49.333] RadarControl.OnPaint[140] DrawCenter
[2026-03-24 09:37:49.333] RadarControl.OnPaint[140] EXIT ok
[2026-03-24 09:37:49.373] RadarControl.SetTargets: count=3, selected=ABC123
[2026-03-24 09:37:49.385] RadarControl.OnPaint[141] ENTER width=743 height=743 targets=3 range=25,0
[2026-03-24 09:37:49.399] RadarControl.OnPaint[141] DrawRangeRings
[2026-03-24 09:37:49.400] RadarControl.OnPaint[141] DrawGrid
[2026-03-24 09:37:49.401] RadarControl.OnPaint[141] DrawTracks
[2026-03-24 09:37:49.401] RadarControl.OnPaint[141] DrawTargets begin
[2026-03-24 09:37:49.402] RadarControl.OnPaint[141] DrawTargets end
[2026-03-24 09:37:49.402] RadarControl.OnPaint[141] DrawCenter
[2026-03-24 09:37:49.402] RadarControl.OnPaint[141] EXIT ok
[2026-03-24 09:37:49.616] RadarControl.SetTargets: count=3, selected=ABC123
[2026-03-24 09:37:49.627] RadarControl.OnPaint[142] ENTER width=743 height=743 targets=3 range=25,0
[2026-03-24 09:37:49.642] RadarControl.OnPaint[142] DrawRangeRings
[2026-03-24 09:37:49.643] RadarControl.OnPaint[142] DrawGrid
[2026-03-24 09:37:49.643] RadarControl.OnPaint[142] DrawTracks
[2026-03-24 09:37:49.643] RadarControl.OnPaint[142] DrawTargets begin
[2026-03-24 09:37:49.644] RadarControl.OnPaint[142] DrawTargets end
[2026-03-24 09:37:49.644] RadarControl.OnPaint[142] DrawCenter
[2026-03-24 09:37:49.644] RadarControl.OnPaint[142] EXIT ok
[2026-03-24 09:37:49.957] RadarControl.SetTargets: count=3, selected=ABC123
[2026-03-24 09:37:49.968] RadarControl.OnPaint[143] ENTER width=743 height=743 targets=3 range=25,0
[2026-03-24 09:37:49.982] RadarControl.OnPaint[143] DrawRangeRings
[2026-03-24 09:37:49.983] RadarControl.OnPaint[143] DrawGrid
[2026-03-24 09:37:49.983] RadarControl.OnPaint[143] DrawTracks
[2026-03-24 09:37:49.984] RadarControl.OnPaint[143] DrawTargets begin
[2026-03-24 09:37:49.985] RadarControl.OnPaint[143] DrawTargets end
[2026-03-24 09:37:49.985] RadarControl.OnPaint[143] DrawCenter
[2026-03-24 09:37:49.985] RadarControl.OnPaint[143] EXIT ok
[2026-03-24 09:37:50.116] RadarControl.SetTargets: count=3, selected=ABC123
[2026-03-24 09:37:50.128] RadarControl.OnPaint[144] ENTER width=743 height=743 targets=3 range=25,0
[2026-03-24 09:37:50.142] RadarControl.OnPaint[144] DrawRangeRings
[2026-03-24 09:37:50.143] RadarControl.OnPaint[144] DrawGrid
[2026-03-24 09:37:50.143] RadarControl.OnPaint[144] DrawTracks
[2026-03-24 09:37:50.143] RadarControl.OnPaint[144] DrawTargets begin
[2026-03-24 09:37:50.145] RadarControl.OnPaint[144] DrawTargets end
[2026-03-24 09:37:50.145] RadarControl.OnPaint[144] DrawCenter
[2026-03-24 09:37:50.146] RadarControl.OnPaint[144] EXIT ok
[2026-03-24 09:37:50.366] RadarControl.SetTargets: count=3, selected=ABC123
[2026-03-24 09:37:50.376] RadarControl.OnPaint[145] ENTER width=743 height=743 targets=3 range=25,0
[2026-03-24 09:37:50.391] RadarControl.OnPaint[145] DrawRangeRings
[2026-03-24 09:37:50.392] RadarControl.OnPaint[145] DrawGrid
[2026-03-24 09:37:50.393] RadarControl.OnPaint[145] DrawTracks
[2026-03-24 09:37:50.393] RadarControl.OnPaint[145] DrawTargets begin
[2026-03-24 09:37:50.394] RadarControl.OnPaint[145] DrawTargets end
[2026-03-24 09:37:50.394] RadarControl.OnPaint[145] DrawCenter
[2026-03-24 09:37:50.394] RadarControl.OnPaint[145] EXIT ok
[2026-03-24 09:37:50.628] RadarControl.SetTargets: count=3, selected=ABC123
[2026-03-24 09:37:50.639] RadarControl.OnPaint[146] ENTER width=743 height=743 targets=3 range=25,0
[2026-03-24 09:37:50.655] RadarControl.OnPaint[146] DrawRangeRings
[2026-03-24 09:37:50.656] RadarControl.OnPaint[146] DrawGrid
[2026-03-24 09:37:50.657] RadarControl.OnPaint[146] DrawTracks
[2026-03-24 09:37:50.657] RadarControl.OnPaint[146] DrawTargets begin
[2026-03-24 09:37:50.658] RadarControl.OnPaint[146] DrawTargets end
[2026-03-24 09:37:50.658] RadarControl.OnPaint[146] DrawCenter
[2026-03-24 09:37:50.659] RadarControl.OnPaint[146] EXIT ok
[2026-03-24 09:37:50.948] RadarControl.SetTargets: count=3, selected=ABC123
[2026-03-24 09:37:50.961] RadarControl.OnPaint[147] ENTER width=743 height=743 targets=3 range=25,0
[2026-03-24 09:37:50.975] RadarControl.OnPaint[147] DrawRangeRings
[2026-03-24 09:37:50.976] RadarControl.OnPaint[147] DrawGrid
[2026-03-24 09:37:50.977] RadarControl.OnPaint[147] DrawTracks
[2026-03-24 09:37:50.977] RadarControl.OnPaint[147] DrawTargets begin
[2026-03-24 09:37:50.978] RadarControl.OnPaint[147] DrawTargets end
[2026-03-24 09:37:50.978] RadarControl.OnPaint[147] DrawCenter
[2026-03-24 09:37:50.978] RadarControl.OnPaint[147] EXIT ok
[2026-03-24 09:37:51.135] RadarControl.SetTargets: count=3, selected=ABC123
[2026-03-24 09:37:51.148] RadarControl.OnPaint[148] ENTER width=743 height=743 targets=3 range=25,0
[2026-03-24 09:37:51.162] RadarControl.OnPaint[148] DrawRangeRings
[2026-03-24 09:37:51.163] RadarControl.OnPaint[148] DrawGrid
[2026-03-24 09:37:51.163] RadarControl.OnPaint[148] DrawTracks
[2026-03-24 09:37:51.164] RadarControl.OnPaint[148] DrawTargets begin
[2026-03-24 09:37:51.164] RadarControl.OnPaint[148] DrawTargets end
[2026-03-24 09:37:51.164] RadarControl.OnPaint[148] DrawCenter
[2026-03-24 09:37:51.165] RadarControl.OnPaint[148] EXIT ok
[2026-03-24 09:37:51.396] RadarControl.SetTargets: count=3, selected=ABC123
[2026-03-24 09:37:51.407] RadarControl.OnPaint[149] ENTER width=743 height=743 targets=3 range=25,0
[2026-03-24 09:37:51.421] RadarControl.OnPaint[149] DrawRangeRings
[2026-03-24 09:37:51.422] RadarControl.OnPaint[149] DrawGrid
[2026-03-24 09:37:51.423] RadarControl.OnPaint[149] DrawTracks
[2026-03-24 09:37:51.423] RadarControl.OnPaint[149] DrawTargets begin
[2026-03-24 09:37:51.423] RadarControl.OnPaint[149] DrawTargets end
[2026-03-24 09:37:51.423] RadarControl.OnPaint[149] DrawCenter
[2026-03-24 09:37:51.424] RadarControl.OnPaint[149] EXIT ok
[2026-03-24 09:37:51.645] RadarControl.SetTargets: count=3, selected=ABC123
[2026-03-24 09:37:51.657] RadarControl.OnPaint[150] ENTER width=743 height=743 targets=3 range=25,0
[2026-03-24 09:37:51.672] RadarControl.OnPaint[150] DrawRangeRings
[2026-03-24 09:37:51.673] RadarControl.OnPaint[150] DrawGrid
[2026-03-24 09:37:51.673] RadarControl.OnPaint[150] DrawTracks
[2026-03-24 09:37:51.674] RadarControl.OnPaint[150] DrawTargets begin
[2026-03-24 09:37:51.675] RadarControl.OnPaint[150] DrawTargets end
[2026-03-24 09:37:51.675] RadarControl.OnPaint[150] DrawCenter
[2026-03-24 09:37:51.675] RadarControl.OnPaint[150] EXIT ok
[2026-03-24 09:37:51.966] RadarControl.SetTargets: count=3, selected=ABC123
[2026-03-24 09:37:51.978] RadarControl.OnPaint[151] ENTER width=743 height=743 targets=3 range=25,0
[2026-03-24 09:37:51.992] RadarControl.OnPaint[151] DrawRangeRings
[2026-03-24 09:37:51.993] RadarControl.OnPaint[151] DrawGrid
[2026-03-24 09:37:51.993] RadarControl.OnPaint[151] DrawTracks
[2026-03-24 09:37:51.994] RadarControl.OnPaint[151] DrawTargets begin
[2026-03-24 09:37:51.994] RadarControl.OnPaint[151] DrawTargets end
[2026-03-24 09:37:51.994] RadarControl.OnPaint[151] DrawCenter
[2026-03-24 09:37:51.996] RadarControl.OnPaint[151] EXIT ok
[2026-03-24 09:37:52.175] RadarControl.SetTargets: count=3, selected=ABC123
[2026-03-24 09:37:52.188] RadarControl.OnPaint[152] ENTER width=743 height=743 targets=3 range=25,0
[2026-03-24 09:37:52.201] RadarControl.OnPaint[152] DrawRangeRings
[2026-03-24 09:37:52.202] RadarControl.OnPaint[152] DrawGrid
[2026-03-24 09:37:52.203] RadarControl.OnPaint[152] DrawTracks
[2026-03-24 09:37:52.203] RadarControl.OnPaint[152] DrawTargets begin
[2026-03-24 09:37:52.204] RadarControl.OnPaint[152] DrawTargets end
[2026-03-24 09:37:52.204] RadarControl.OnPaint[152] DrawCenter
[2026-03-24 09:37:52.204] RadarControl.OnPaint[152] EXIT ok
[2026-03-24 09:37:52.425] RadarControl.SetTargets: count=3, selected=ABC123
[2026-03-24 09:37:52.437] RadarControl.OnPaint[153] ENTER width=743 height=743 targets=3 range=25,0
[2026-03-24 09:37:52.451] RadarControl.OnPaint[153] DrawRangeRings
[2026-03-24 09:37:52.452] RadarControl.OnPaint[153] DrawGrid
[2026-03-24 09:37:52.453] RadarControl.OnPaint[153] DrawTracks
[2026-03-24 09:37:52.453] RadarControl.OnPaint[153] DrawTargets begin
[2026-03-24 09:37:52.453] RadarControl.OnPaint[153] DrawTargets end
[2026-03-24 09:37:52.453] RadarControl.OnPaint[153] DrawCenter
[2026-03-24 09:37:52.455] RadarControl.OnPaint[153] EXIT ok
[2026-03-24 09:37:52.675] RadarControl.SetTargets: count=3, selected=ABC123
[2026-03-24 09:37:52.687] RadarControl.OnPaint[154] ENTER width=743 height=743 targets=3 range=25,0
[2026-03-24 09:37:52.701] RadarControl.OnPaint[154] DrawRangeRings
[2026-03-24 09:37:52.703] RadarControl.OnPaint[154] DrawGrid
[2026-03-24 09:37:52.703] RadarControl.OnPaint[154] DrawTracks
[2026-03-24 09:37:52.703] RadarControl.OnPaint[154] DrawTargets begin
[2026-03-24 09:37:52.705] RadarControl.OnPaint[154] DrawTargets end
[2026-03-24 09:37:52.705] RadarControl.OnPaint[154] DrawCenter
[2026-03-24 09:37:52.705] RadarControl.OnPaint[154] EXIT ok
[2026-03-24 09:37:52.998] RadarControl.SetTargets: count=2, selected=ABC123
[2026-03-24 09:37:53.012] RadarControl.OnPaint[155] ENTER width=743 height=743 targets=2 range=25,0
[2026-03-24 09:37:53.027] RadarControl.OnPaint[155] DrawRangeRings
[2026-03-24 09:37:53.028] RadarControl.OnPaint[155] DrawGrid
[2026-03-24 09:37:53.029] RadarControl.OnPaint[155] DrawTracks
[2026-03-24 09:37:53.029] RadarControl.OnPaint[155] DrawTargets begin
[2026-03-24 09:37:53.029] RadarControl.OnPaint[155] DrawTargets end
[2026-03-24 09:37:53.029] RadarControl.OnPaint[155] DrawCenter
[2026-03-24 09:37:53.030] RadarControl.OnPaint[155] EXIT ok
[2026-03-24 09:37:53.174] RadarControl.SetTargets: count=2, selected=ABC123
[2026-03-24 09:37:53.186] RadarControl.OnPaint[156] ENTER width=743 height=743 targets=2 range=25,0
[2026-03-24 09:37:53.201] RadarControl.OnPaint[156] DrawRangeRings
[2026-03-24 09:37:53.202] RadarControl.OnPaint[156] DrawGrid
[2026-03-24 09:37:53.203] RadarControl.OnPaint[156] DrawTracks
[2026-03-24 09:37:53.203] RadarControl.OnPaint[156] DrawTargets begin
[2026-03-24 09:37:53.203] RadarControl.OnPaint[156] DrawTargets end
[2026-03-24 09:37:53.203] RadarControl.OnPaint[156] DrawCenter
[2026-03-24 09:37:53.204] RadarControl.OnPaint[156] EXIT ok
[2026-03-24 09:37:53.424] RadarControl.SetTargets: count=2, selected=ABC123
[2026-03-24 09:37:53.436] RadarControl.OnPaint[157] ENTER width=743 height=743 targets=2 range=25,0
[2026-03-24 09:37:53.451] RadarControl.OnPaint[157] DrawRangeRings
[2026-03-24 09:37:53.452] RadarControl.OnPaint[157] DrawGrid
[2026-03-24 09:37:53.452] RadarControl.OnPaint[157] DrawTracks
[2026-03-24 09:37:53.453] RadarControl.OnPaint[157] DrawTargets begin
[2026-03-24 09:37:53.453] RadarControl.OnPaint[157] DrawTargets end
[2026-03-24 09:37:53.453] RadarControl.OnPaint[157] DrawCenter
[2026-03-24 09:37:53.454] RadarControl.OnPaint[157] EXIT ok
[2026-03-24 09:37:53.675] RadarControl.SetTargets: count=2, selected=ABC123
[2026-03-24 09:37:53.687] RadarControl.OnPaint[158] ENTER width=743 height=743 targets=2 range=25,0
[2026-03-24 09:37:53.702] RadarControl.OnPaint[158] DrawRangeRings
[2026-03-24 09:37:53.703] RadarControl.OnPaint[158] DrawGrid
[2026-03-24 09:37:53.704] RadarControl.OnPaint[158] DrawTracks
[2026-03-24 09:37:53.705] RadarControl.OnPaint[158] DrawTargets begin
[2026-03-24 09:37:53.705] RadarControl.OnPaint[158] DrawTargets end
[2026-03-24 09:37:53.708] RadarControl.OnPaint[158] DrawCenter
[2026-03-24 09:37:53.708] RadarControl.OnPaint[158] EXIT ok
[2026-03-24 09:37:54.043] RadarControl.SetTargets: count=2, selected=ABC123
[2026-03-24 09:37:54.054] RadarControl.OnPaint[159] ENTER width=743 height=743 targets=2 range=25,0
[2026-03-24 09:37:54.068] RadarControl.OnPaint[159] DrawRangeRings
[2026-03-24 09:37:54.070] RadarControl.OnPaint[159] DrawGrid
[2026-03-24 09:37:54.070] RadarControl.OnPaint[159] DrawTracks
[2026-03-24 09:37:54.071] RadarControl.OnPaint[159] DrawTargets begin
[2026-03-24 09:37:54.071] RadarControl.OnPaint[159] DrawTargets end
[2026-03-24 09:37:54.071] RadarControl.OnPaint[159] DrawCenter
[2026-03-24 09:37:54.072] RadarControl.OnPaint[159] EXIT ok
[2026-03-24 09:37:54.176] RadarControl.SetTargets: count=2, selected=ABC123
[2026-03-24 09:37:54.186] RadarControl.OnPaint[160] ENTER width=743 height=743 targets=2 range=25,0
[2026-03-24 09:37:54.201] RadarControl.OnPaint[160] DrawRangeRings
[2026-03-24 09:37:54.203] RadarControl.OnPaint[160] DrawGrid
[2026-03-24 09:37:54.203] RadarControl.OnPaint[160] DrawTracks
[2026-03-24 09:37:54.203] RadarControl.OnPaint[160] DrawTargets begin
[2026-03-24 09:37:54.203] RadarControl.OnPaint[160] DrawTargets end
[2026-03-24 09:37:54.204] RadarControl.OnPaint[160] DrawCenter
[2026-03-24 09:37:54.204] RadarControl.OnPaint[160] EXIT ok
[2026-03-24 09:37:54.425] RadarControl.SetTargets: count=2, selected=ABC123
[2026-03-24 09:37:54.437] RadarControl.OnPaint[161] ENTER width=743 height=743 targets=2 range=25,0
[2026-03-24 09:37:54.452] RadarControl.OnPaint[161] DrawRangeRings
[2026-03-24 09:37:54.453] RadarControl.OnPaint[161] DrawGrid
[2026-03-24 09:37:54.453] RadarControl.OnPaint[161] DrawTracks
[2026-03-24 09:37:54.453] RadarControl.OnPaint[161] DrawTargets begin
[2026-03-24 09:37:54.455] RadarControl.OnPaint[161] DrawTargets end
[2026-03-24 09:37:54.455] RadarControl.OnPaint[161] DrawCenter
[2026-03-24 09:37:54.455] RadarControl.OnPaint[161] EXIT ok
[2026-03-24 09:37:54.675] RadarControl.SetTargets: count=2, selected=ABC123
[2026-03-24 09:37:54.686] RadarControl.OnPaint[162] ENTER width=743 height=743 targets=2 range=25,0
[2026-03-24 09:37:54.700] RadarControl.OnPaint[162] DrawRangeRings
[2026-03-24 09:37:54.701] RadarControl.OnPaint[162] DrawGrid
[2026-03-24 09:37:54.701] RadarControl.OnPaint[162] DrawTracks
[2026-03-24 09:37:54.702] RadarControl.OnPaint[162] DrawTargets begin
[2026-03-24 09:37:54.702] RadarControl.OnPaint[162] DrawTargets end
[2026-03-24 09:37:54.702] RadarControl.OnPaint[162] DrawCenter
[2026-03-24 09:37:54.703] RadarControl.OnPaint[162] EXIT ok
[2026-03-24 09:37:55.063] RadarControl.SetTargets: count=2, selected=ABC123
[2026-03-24 09:37:55.075] RadarControl.OnPaint[163] ENTER width=743 height=743 targets=2 range=25,0
[2026-03-24 09:37:55.089] RadarControl.OnPaint[163] DrawRangeRings
[2026-03-24 09:37:55.090] RadarControl.OnPaint[163] DrawGrid
[2026-03-24 09:37:55.090] RadarControl.OnPaint[163] DrawTracks
[2026-03-24 09:37:55.091] RadarControl.OnPaint[163] DrawTargets begin
[2026-03-24 09:37:55.091] RadarControl.OnPaint[163] DrawTargets end
[2026-03-24 09:37:55.091] RadarControl.OnPaint[163] DrawCenter
[2026-03-24 09:37:55.092] RadarControl.OnPaint[163] EXIT ok
[2026-03-24 09:37:55.173] RadarControl.SetTargets: count=2, selected=ABC123
[2026-03-24 09:37:55.184] RadarControl.OnPaint[164] ENTER width=743 height=743 targets=2 range=25,0
[2026-03-24 09:37:55.198] RadarControl.OnPaint[164] DrawRangeRings
[2026-03-24 09:37:55.199] RadarControl.OnPaint[164] DrawGrid
[2026-03-24 09:37:55.200] RadarControl.OnPaint[164] DrawTracks
[2026-03-24 09:37:55.200] RadarControl.OnPaint[164] DrawTargets begin
[2026-03-24 09:37:55.201] RadarControl.OnPaint[164] DrawTargets end
[2026-03-24 09:37:55.201] RadarControl.OnPaint[164] DrawCenter
[2026-03-24 09:37:55.202] RadarControl.OnPaint[164] EXIT ok
[2026-03-24 09:37:55.425] RadarControl.SetTargets: count=2, selected=ABC123
[2026-03-24 09:37:55.436] RadarControl.OnPaint[165] ENTER width=743 height=743 targets=2 range=25,0
[2026-03-24 09:37:55.450] RadarControl.OnPaint[165] DrawRangeRings
[2026-03-24 09:37:55.452] RadarControl.OnPaint[165] DrawGrid
[2026-03-24 09:37:55.452] RadarControl.OnPaint[165] DrawTracks
[2026-03-24 09:37:55.453] RadarControl.OnPaint[165] DrawTargets begin
[2026-03-24 09:37:55.453] RadarControl.OnPaint[165] DrawTargets end
[2026-03-24 09:37:55.453] RadarControl.OnPaint[165] DrawCenter
[2026-03-24 09:37:55.453] RadarControl.OnPaint[165] EXIT ok
[2026-03-24 09:37:55.675] RadarControl.SetTargets: count=2, selected=ABC123
[2026-03-24 09:37:55.687] RadarControl.OnPaint[166] ENTER width=743 height=743 targets=2 range=25,0
[2026-03-24 09:37:55.701] RadarControl.OnPaint[166] DrawRangeRings
[2026-03-24 09:37:55.702] RadarControl.OnPaint[166] DrawGrid
[2026-03-24 09:37:55.703] RadarControl.OnPaint[166] DrawTracks
[2026-03-24 09:37:55.703] RadarControl.OnPaint[166] DrawTargets begin
[2026-03-24 09:37:55.704] RadarControl.OnPaint[166] DrawTargets end
[2026-03-24 09:37:55.704] RadarControl.OnPaint[166] DrawCenter
[2026-03-24 09:37:55.704] RadarControl.OnPaint[166] EXIT ok
[2026-03-24 09:37:56.063] RadarControl.SetTargets: count=2, selected=ABC123
[2026-03-24 09:37:56.075] RadarControl.OnPaint[167] ENTER width=743 height=743 targets=2 range=25,0
[2026-03-24 09:37:56.089] RadarControl.OnPaint[167] DrawRangeRings
[2026-03-24 09:37:56.090] RadarControl.OnPaint[167] DrawGrid
[2026-03-24 09:37:56.091] RadarControl.OnPaint[167] DrawTracks
[2026-03-24 09:37:56.091] RadarControl.OnPaint[167] DrawTargets begin
[2026-03-24 09:37:56.092] RadarControl.OnPaint[167] DrawTargets end
[2026-03-24 09:37:56.092] RadarControl.OnPaint[167] DrawCenter
[2026-03-24 09:37:56.092] RadarControl.OnPaint[167] EXIT ok
[2026-03-24 09:37:56.175] RadarControl.SetTargets: count=2, selected=ABC123
[2026-03-24 09:37:56.187] RadarControl.OnPaint[168] ENTER width=743 height=743 targets=2 range=25,0
[2026-03-24 09:37:56.202] RadarControl.OnPaint[168] DrawRangeRings
[2026-03-24 09:37:56.203] RadarControl.OnPaint[168] DrawGrid
[2026-03-24 09:37:56.203] RadarControl.OnPaint[168] DrawTracks
[2026-03-24 09:37:56.203] RadarControl.OnPaint[168] DrawTargets begin
[2026-03-24 09:37:56.204] RadarControl.OnPaint[168] DrawTargets end
[2026-03-24 09:37:56.204] RadarControl.OnPaint[168] DrawCenter
[2026-03-24 09:37:56.204] RadarControl.OnPaint[168] EXIT ok
[2026-03-24 09:37:56.425] RadarControl.SetTargets: count=2, selected=ABC123
[2026-03-24 09:37:56.437] RadarControl.OnPaint[169] ENTER width=743 height=743 targets=2 range=25,0
[2026-03-24 09:37:56.452] RadarControl.OnPaint[169] DrawRangeRings
[2026-03-24 09:37:56.453] RadarControl.OnPaint[169] DrawGrid
[2026-03-24 09:37:56.453] RadarControl.OnPaint[169] DrawTracks
[2026-03-24 09:37:56.453] RadarControl.OnPaint[169] DrawTargets begin
[2026-03-24 09:37:56.453] RadarControl.OnPaint[169] DrawTargets end
[2026-03-24 09:37:56.453] RadarControl.OnPaint[169] DrawCenter
[2026-03-24 09:37:56.454] RadarControl.OnPaint[169] EXIT ok
[2026-03-24 09:37:56.676] RadarControl.SetTargets: count=2, selected=ABC123
[2026-03-24 09:37:56.688] RadarControl.OnPaint[170] ENTER width=743 height=743 targets=2 range=25,0
[2026-03-24 09:37:56.703] RadarControl.OnPaint[170] DrawRangeRings
[2026-03-24 09:37:56.704] RadarControl.OnPaint[170] DrawGrid
[2026-03-24 09:37:56.705] RadarControl.OnPaint[170] DrawTracks
[2026-03-24 09:37:56.705] RadarControl.OnPaint[170] DrawTargets begin
[2026-03-24 09:37:56.705] RadarControl.OnPaint[170] DrawTargets end
[2026-03-24 09:37:56.706] RadarControl.OnPaint[170] DrawCenter
[2026-03-24 09:37:56.706] RadarControl.OnPaint[170] EXIT ok
[2026-03-24 09:37:56.924] RadarControl.SetTargets: count=2, selected=ABC123
[2026-03-24 09:37:56.937] RadarControl.OnPaint[171] ENTER width=743 height=743 targets=2 range=25,0
[2026-03-24 09:37:56.950] RadarControl.OnPaint[171] DrawRangeRings
[2026-03-24 09:37:56.951] RadarControl.OnPaint[171] DrawGrid
[2026-03-24 09:37:56.952] RadarControl.OnPaint[171] DrawTracks
[2026-03-24 09:37:56.952] RadarControl.OnPaint[171] DrawTargets begin
[2026-03-24 09:37:56.952] RadarControl.OnPaint[171] DrawTargets end
[2026-03-24 09:37:56.953] RadarControl.OnPaint[171] DrawCenter
[2026-03-24 09:37:56.953] RadarControl.OnPaint[171] EXIT ok
[2026-03-24 09:37:57.174] RadarControl.SetTargets: count=2, selected=ABC123
[2026-03-24 09:37:57.186] RadarControl.OnPaint[172] ENTER width=743 height=743 targets=2 range=25,0
[2026-03-24 09:37:57.200] RadarControl.OnPaint[172] DrawRangeRings
[2026-03-24 09:37:57.201] RadarControl.OnPaint[172] DrawGrid
[2026-03-24 09:37:57.202] RadarControl.OnPaint[172] DrawTracks
[2026-03-24 09:37:57.202] RadarControl.OnPaint[172] DrawTargets begin
[2026-03-24 09:37:57.203] RadarControl.OnPaint[172] DrawTargets end
[2026-03-24 09:37:57.203] RadarControl.OnPaint[172] DrawCenter
[2026-03-24 09:37:57.203] RadarControl.OnPaint[172] EXIT ok
[2026-03-24 09:37:57.424] RadarControl.SetTargets: count=2, selected=ABC123
[2026-03-24 09:37:57.436] RadarControl.OnPaint[173] ENTER width=743 height=743 targets=2 range=25,0
[2026-03-24 09:37:57.449] RadarControl.OnPaint[173] DrawRangeRings
[2026-03-24 09:37:57.450] RadarControl.OnPaint[173] DrawGrid
[2026-03-24 09:37:57.451] RadarControl.OnPaint[173] DrawTracks
[2026-03-24 09:37:57.451] RadarControl.OnPaint[173] DrawTargets begin
[2026-03-24 09:37:57.452] RadarControl.OnPaint[173] DrawTargets end
[2026-03-24 09:37:57.452] RadarControl.OnPaint[173] DrawCenter
[2026-03-24 09:37:57.452] RadarControl.OnPaint[173] EXIT ok
[2026-03-24 09:37:57.675] RadarControl.SetTargets: count=2, selected=ABC123
[2026-03-24 09:37:57.687] RadarControl.OnPaint[174] ENTER width=743 height=743 targets=2 range=25,0
[2026-03-24 09:37:57.702] RadarControl.OnPaint[174] DrawRangeRings
[2026-03-24 09:37:57.703] RadarControl.OnPaint[174] DrawGrid
[2026-03-24 09:37:57.703] RadarControl.OnPaint[174] DrawTracks
[2026-03-24 09:37:57.703] RadarControl.OnPaint[174] DrawTargets begin
[2026-03-24 09:37:57.704] RadarControl.OnPaint[174] DrawTargets end
[2026-03-24 09:37:57.704] RadarControl.OnPaint[174] DrawCenter
[2026-03-24 09:37:57.704] RadarControl.OnPaint[174] EXIT ok
[2026-03-24 09:37:58.176] RadarControl.SetTargets: count=2, selected=ABC123
[2026-03-24 09:37:58.186] RadarControl.OnPaint[175] ENTER width=743 height=743 targets=2 range=25,0
[2026-03-24 09:37:58.201] RadarControl.OnPaint[175] DrawRangeRings
[2026-03-24 09:37:58.202] RadarControl.OnPaint[175] DrawGrid
[2026-03-24 09:37:58.203] RadarControl.OnPaint[175] DrawTracks
[2026-03-24 09:37:58.203] RadarControl.OnPaint[175] DrawTargets begin
[2026-03-24 09:37:58.203] RadarControl.OnPaint[175] DrawTargets end
[2026-03-24 09:37:58.203] RadarControl.OnPaint[175] DrawCenter
[2026-03-24 09:37:58.204] RadarControl.OnPaint[175] EXIT ok
[2026-03-24 09:37:59.190] RadarControl.SetTargets: count=2, selected=ABC123
[2026-03-24 09:37:59.200] RadarControl.OnPaint[176] ENTER width=743 height=743 targets=2 range=25,0
[2026-03-24 09:37:59.215] RadarControl.OnPaint[176] DrawRangeRings
[2026-03-24 09:37:59.216] RadarControl.OnPaint[176] DrawGrid
[2026-03-24 09:37:59.217] RadarControl.OnPaint[176] DrawTracks
[2026-03-24 09:37:59.217] RadarControl.OnPaint[176] DrawTargets begin
[2026-03-24 09:37:59.217] RadarControl.OnPaint[176] DrawTargets end
[2026-03-24 09:37:59.217] RadarControl.OnPaint[176] DrawCenter
[2026-03-24 09:37:59.218] RadarControl.OnPaint[176] EXIT ok
[2026-03-24 09:38:00.217] RadarControl.SetTargets: count=0, selected=none
[2026-03-24 09:38:00.229] RadarControl.OnPaint[177] ENTER width=743 height=743 targets=0 range=25,0
[2026-03-24 09:38:00.243] RadarControl.OnPaint[177] DrawRangeRings
[2026-03-24 09:38:00.244] RadarControl.OnPaint[177] DrawGrid
[2026-03-24 09:38:00.244] RadarControl.OnPaint[177] DrawTracks
[2026-03-24 09:38:00.245] RadarControl.OnPaint[177] DrawTargets begin
[2026-03-24 09:38:00.245] RadarControl.OnPaint[177] DrawTargets end
[2026-03-24 09:38:00.245] RadarControl.OnPaint[177] DrawCenter
[2026-03-24 09:38:00.245] RadarControl.OnPaint[177] EXIT ok
[2026-03-24 09:38:00.263] RadarControl.SetTargets: count=0, selected=none
[2026-03-24 09:38:00.273] RadarControl.OnPaint[178] ENTER width=743 height=743 targets=0 range=25,0
[2026-03-24 09:38:00.288] RadarControl.OnPaint[178] DrawRangeRings
[2026-03-24 09:38:00.289] RadarControl.OnPaint[178] DrawGrid
[2026-03-24 09:38:00.290] RadarControl.OnPaint[178] DrawTracks
[2026-03-24 09:38:00.290] RadarControl.OnPaint[178] DrawTargets begin
[2026-03-24 09:38:00.290] RadarControl.OnPaint[178] DrawTargets end
[2026-03-24 09:38:00.290] RadarControl.OnPaint[178] DrawCenter
[2026-03-24 09:38:00.290] RadarControl.OnPaint[178] EXIT ok
[2026-03-24 09:38:04.225] RadarControl.SetTargets: count=2, selected=none
[2026-03-24 09:38:04.237] RadarControl.OnPaint[179] ENTER width=743 height=743 targets=2 range=25,0
[2026-03-24 09:38:04.251] RadarControl.OnPaint[179] DrawRangeRings
[2026-03-24 09:38:04.252] RadarControl.OnPaint[179] DrawGrid
[2026-03-24 09:38:04.252] RadarControl.OnPaint[179] DrawTracks
[2026-03-24 09:38:04.252] RadarControl.OnPaint[179] DrawTargets begin
[2026-03-24 09:38:04.253] RadarControl.OnPaint[179] DrawTargets end
[2026-03-24 09:38:04.253] RadarControl.OnPaint[179] DrawCenter
[2026-03-24 09:38:04.253] RadarControl.OnPaint[179] EXIT ok
[2026-03-24 09:38:05.235] RadarControl.SetTargets: count=2, selected=none
[2026-03-24 09:38:05.248] RadarControl.OnPaint[180] ENTER width=743 height=743 targets=2 range=25,0
[2026-03-24 09:38:05.263] RadarControl.OnPaint[180] DrawRangeRings
[2026-03-24 09:38:05.264] RadarControl.OnPaint[180] DrawGrid
[2026-03-24 09:38:05.264] RadarControl.OnPaint[180] DrawTracks
[2026-03-24 09:38:05.265] RadarControl.OnPaint[180] DrawTargets begin
[2026-03-24 09:38:05.265] RadarControl.OnPaint[180] DrawTargets end
[2026-03-24 09:38:05.265] RadarControl.OnPaint[180] DrawCenter
[2026-03-24 09:38:05.266] RadarControl.OnPaint[180] EXIT ok
[2026-03-24 09:38:06.272] RadarControl.SetTargets: count=2, selected=none
[2026-03-24 09:38:06.283] RadarControl.OnPaint[181] ENTER width=743 height=743 targets=2 range=25,0
[2026-03-24 09:38:06.298] RadarControl.OnPaint[181] DrawRangeRings
[2026-03-24 09:38:06.299] RadarControl.OnPaint[181] DrawGrid
[2026-03-24 09:38:06.299] RadarControl.OnPaint[181] DrawTracks
[2026-03-24 09:38:06.300] RadarControl.OnPaint[181] DrawTargets begin
[2026-03-24 09:38:06.300] RadarControl.OnPaint[181] DrawTargets end
[2026-03-24 09:38:06.300] RadarControl.OnPaint[181] DrawCenter
[2026-03-24 09:38:06.301] RadarControl.OnPaint[181] EXIT ok
[2026-03-24 09:38:07.285] RadarControl.SetTargets: count=2, selected=none
[2026-03-24 09:38:07.298] RadarControl.OnPaint[182] ENTER width=743 height=743 targets=2 range=25,0
[2026-03-24 09:38:07.311] RadarControl.OnPaint[182] DrawRangeRings
[2026-03-24 09:38:07.312] RadarControl.OnPaint[182] DrawGrid
[2026-03-24 09:38:07.312] RadarControl.OnPaint[182] DrawTracks
[2026-03-24 09:38:07.313] RadarControl.OnPaint[182] DrawTargets begin
[2026-03-24 09:38:07.313] RadarControl.OnPaint[182] DrawTargets end
[2026-03-24 09:38:07.313] RadarControl.OnPaint[182] DrawCenter
[2026-03-24 09:38:07.314] RadarControl.OnPaint[182] EXIT ok
[2026-03-24 09:38:08.286] RadarControl.SetTargets: count=2, selected=none
[2026-03-24 09:38:08.298] RadarControl.OnPaint[183] ENTER width=743 height=743 targets=2 range=25,0
[2026-03-24 09:38:08.312] RadarControl.OnPaint[183] DrawRangeRings
[2026-03-24 09:38:08.313] RadarControl.OnPaint[183] DrawGrid
[2026-03-24 09:38:08.313] RadarControl.OnPaint[183] DrawTracks
[2026-03-24 09:38:08.313] RadarControl.OnPaint[183] DrawTargets begin
[2026-03-24 09:38:08.315] RadarControl.OnPaint[183] DrawTargets end
[2026-03-24 09:38:08.315] RadarControl.OnPaint[183] DrawCenter
[2026-03-24 09:38:08.315] RadarControl.OnPaint[183] EXIT ok
[2026-03-24 09:38:09.286] RadarControl.SetTargets: count=2, selected=none
[2026-03-24 09:38:09.298] RadarControl.OnPaint[184] ENTER width=743 height=743 targets=2 range=25,0
[2026-03-24 09:38:09.312] RadarControl.OnPaint[184] DrawRangeRings
[2026-03-24 09:38:09.313] RadarControl.OnPaint[184] DrawGrid
[2026-03-24 09:38:09.313] RadarControl.OnPaint[184] DrawTracks
[2026-03-24 09:38:09.313] RadarControl.OnPaint[184] DrawTargets begin
[2026-03-24 09:38:09.314] RadarControl.OnPaint[184] DrawTargets end
[2026-03-24 09:38:09.314] RadarControl.OnPaint[184] DrawCenter
[2026-03-24 09:38:09.315] RadarControl.OnPaint[184] EXIT ok
[2026-03-24 09:38:10.286] RadarControl.SetTargets: count=2, selected=none
[2026-03-24 09:38:10.297] RadarControl.OnPaint[185] ENTER width=743 height=743 targets=2 range=25,0
[2026-03-24 09:38:10.312] RadarControl.OnPaint[185] DrawRangeRings
[2026-03-24 09:38:10.312] RadarControl.OnPaint[185] DrawGrid
[2026-03-24 09:38:10.313] RadarControl.OnPaint[185] DrawTracks
[2026-03-24 09:38:10.313] RadarControl.OnPaint[185] DrawTargets begin
[2026-03-24 09:38:10.313] RadarControl.OnPaint[185] DrawTargets end
[2026-03-24 09:38:10.313] RadarControl.OnPaint[185] DrawCenter
[2026-03-24 09:38:10.314] RadarControl.OnPaint[185] EXIT ok
[2026-03-24 09:38:11.296] RadarControl.SetTargets: count=2, selected=none
[2026-03-24 09:38:11.308] RadarControl.OnPaint[186] ENTER width=743 height=743 targets=2 range=25,0
[2026-03-24 09:38:11.324] RadarControl.OnPaint[186] DrawRangeRings
[2026-03-24 09:38:11.325] RadarControl.OnPaint[186] DrawGrid
[2026-03-24 09:38:11.325] RadarControl.OnPaint[186] DrawTracks
[2026-03-24 09:38:11.325] RadarControl.OnPaint[186] DrawTargets begin
[2026-03-24 09:38:11.325] RadarControl.OnPaint[186] DrawTargets end
[2026-03-24 09:38:11.326] RadarControl.OnPaint[186] DrawCenter
[2026-03-24 09:38:11.326] RadarControl.OnPaint[186] EXIT ok
[2026-03-24 09:38:12.533] RadarControl.SetTargets: count=2, selected=none
[2026-03-24 09:38:12.544] RadarControl.OnPaint[187] ENTER width=743 height=743 targets=2 range=25,0
[2026-03-24 09:38:12.558] RadarControl.OnPaint[187] DrawRangeRings
[2026-03-24 09:38:12.559] RadarControl.OnPaint[187] DrawGrid
[2026-03-24 09:38:12.559] RadarControl.OnPaint[187] DrawTracks
[2026-03-24 09:38:12.560] RadarControl.OnPaint[187] DrawTargets begin
[2026-03-24 09:38:12.560] RadarControl.OnPaint[187] DrawTargets end
[2026-03-24 09:38:12.560] RadarControl.OnPaint[187] DrawCenter
[2026-03-24 09:38:12.561] RadarControl.OnPaint[187] EXIT ok
[2026-03-24 09:38:13.536] RadarControl.SetTargets: count=2, selected=none
[2026-03-24 09:38:13.548] RadarControl.OnPaint[188] ENTER width=743 height=743 targets=2 range=25,0
[2026-03-24 09:38:13.562] RadarControl.OnPaint[188] DrawRangeRings
[2026-03-24 09:38:13.563] RadarControl.OnPaint[188] DrawGrid
[2026-03-24 09:38:13.563] RadarControl.OnPaint[188] DrawTracks
[2026-03-24 09:38:13.563] RadarControl.OnPaint[188] DrawTargets begin
[2026-03-24 09:38:13.564] RadarControl.OnPaint[188] DrawTargets end
[2026-03-24 09:38:13.564] RadarControl.OnPaint[188] DrawCenter
[2026-03-24 09:38:13.564] RadarControl.OnPaint[188] EXIT ok
[2026-03-24 09:38:14.534] RadarControl.SetTargets: count=2, selected=none
[2026-03-24 09:38:14.546] RadarControl.OnPaint[189] ENTER width=743 height=743 targets=2 range=25,0
[2026-03-24 09:38:14.560] RadarControl.OnPaint[189] DrawRangeRings
[2026-03-24 09:38:14.561] RadarControl.OnPaint[189] DrawGrid
[2026-03-24 09:38:14.561] RadarControl.OnPaint[189] DrawTracks
[2026-03-24 09:38:14.561] RadarControl.OnPaint[189] DrawTargets begin
[2026-03-24 09:38:14.562] RadarControl.OnPaint[189] DrawTargets end
[2026-03-24 09:38:14.562] RadarControl.OnPaint[189] DrawCenter
[2026-03-24 09:38:14.562] RadarControl.OnPaint[189] EXIT ok
[2026-03-24 09:38:15.535] RadarControl.SetTargets: count=2, selected=none
[2026-03-24 09:38:15.548] RadarControl.OnPaint[190] ENTER width=743 height=743 targets=2 range=25,0
[2026-03-24 09:38:15.561] RadarControl.OnPaint[190] DrawRangeRings
[2026-03-24 09:38:15.562] RadarControl.OnPaint[190] DrawGrid
[2026-03-24 09:38:15.563] RadarControl.OnPaint[190] DrawTracks
[2026-03-24 09:38:15.563] RadarControl.OnPaint[190] DrawTargets begin
[2026-03-24 09:38:15.563] RadarControl.OnPaint[190] DrawTargets end
[2026-03-24 09:38:15.564] RadarControl.OnPaint[190] DrawCenter
[2026-03-24 09:38:15.564] RadarControl.OnPaint[190] EXIT ok
[2026-03-24 09:38:16.534] RadarControl.SetTargets: count=2, selected=none
[2026-03-24 09:38:16.546] RadarControl.OnPaint[191] ENTER width=743 height=743 targets=2 range=25,0
[2026-03-24 09:38:16.560] RadarControl.OnPaint[191] DrawRangeRings
[2026-03-24 09:38:16.561] RadarControl.OnPaint[191] DrawGrid
[2026-03-24 09:38:16.562] RadarControl.OnPaint[191] DrawTracks
[2026-03-24 09:38:16.562] RadarControl.OnPaint[191] DrawTargets begin
[2026-03-24 09:38:16.563] RadarControl.OnPaint[191] DrawTargets end
[2026-03-24 09:38:16.563] RadarControl.OnPaint[191] DrawCenter
[2026-03-24 09:38:16.563] RadarControl.OnPaint[191] EXIT ok
[2026-03-24 09:38:17.536] RadarControl.SetTargets: count=2, selected=none
[2026-03-24 09:38:17.548] RadarControl.OnPaint[192] ENTER width=743 height=743 targets=2 range=25,0
[2026-03-24 09:38:17.562] RadarControl.OnPaint[192] DrawRangeRings
[2026-03-24 09:38:17.563] RadarControl.OnPaint[192] DrawGrid
[2026-03-24 09:38:17.563] RadarControl.OnPaint[192] DrawTracks
[2026-03-24 09:38:17.563] RadarControl.OnPaint[192] DrawTargets begin
[2026-03-24 09:38:17.564] RadarControl.OnPaint[192] DrawTargets end
[2026-03-24 09:38:17.564] RadarControl.OnPaint[192] DrawCenter
[2026-03-24 09:38:17.564] RadarControl.OnPaint[192] EXIT ok
[2026-03-24 09:38:18.533] RadarControl.SetTargets: count=2, selected=none
[2026-03-24 09:38:18.544] RadarControl.OnPaint[193] ENTER width=743 height=743 targets=2 range=25,0
[2026-03-24 09:38:18.559] RadarControl.OnPaint[193] DrawRangeRings
[2026-03-24 09:38:18.560] RadarControl.OnPaint[193] DrawGrid
[2026-03-24 09:38:18.560] RadarControl.OnPaint[193] DrawTracks
[2026-03-24 09:38:18.560] RadarControl.OnPaint[193] DrawTargets begin
[2026-03-24 09:38:18.561] RadarControl.OnPaint[193] DrawTargets end
[2026-03-24 09:38:18.561] RadarControl.OnPaint[193] DrawCenter
[2026-03-24 09:38:18.561] RadarControl.OnPaint[193] EXIT ok
[2026-03-24 09:38:19.536] RadarControl.SetTargets: count=2, selected=none
[2026-03-24 09:38:19.547] RadarControl.OnPaint[194] ENTER width=743 height=743 targets=2 range=25,0
[2026-03-24 09:38:19.561] RadarControl.OnPaint[194] DrawRangeRings
[2026-03-24 09:38:19.562] RadarControl.OnPaint[194] DrawGrid
[2026-03-24 09:38:19.563] RadarControl.OnPaint[194] DrawTracks
[2026-03-24 09:38:19.563] RadarControl.OnPaint[194] DrawTargets begin
[2026-03-24 09:38:19.563] RadarControl.OnPaint[194] DrawTargets end
[2026-03-24 09:38:19.564] RadarControl.OnPaint[194] DrawCenter
[2026-03-24 09:38:19.564] RadarControl.OnPaint[194] EXIT ok
[2026-03-24 09:38:20.549] RadarControl.SetTargets: count=1, selected=none
[2026-03-24 09:38:20.562] RadarControl.OnPaint[195] ENTER width=743 height=743 targets=1 range=25,0
[2026-03-24 09:38:20.578] RadarControl.OnPaint[195] DrawRangeRings
[2026-03-24 09:38:20.579] RadarControl.OnPaint[195] DrawGrid
[2026-03-24 09:38:20.579] RadarControl.OnPaint[195] DrawTracks
[2026-03-24 09:38:20.580] RadarControl.OnPaint[195] DrawTargets begin
[2026-03-24 09:38:20.580] RadarControl.OnPaint[195] DrawTargets end
[2026-03-24 09:38:20.580] RadarControl.OnPaint[195] DrawCenter
[2026-03-24 09:38:20.580] RadarControl.OnPaint[195] EXIT ok
[2026-03-24 09:38:21.583] RadarControl.SetTargets: count=1, selected=none
[2026-03-24 09:38:21.593] RadarControl.OnPaint[196] ENTER width=743 height=743 targets=1 range=25,0
[2026-03-24 09:38:21.607] RadarControl.OnPaint[196] DrawRangeRings
[2026-03-24 09:38:21.608] RadarControl.OnPaint[196] DrawGrid
[2026-03-24 09:38:21.608] RadarControl.OnPaint[196] DrawTracks
[2026-03-24 09:38:21.609] RadarControl.OnPaint[196] DrawTargets begin
[2026-03-24 09:38:21.609] RadarControl.OnPaint[196] DrawTargets end
[2026-03-24 09:38:21.609] RadarControl.OnPaint[196] DrawCenter
[2026-03-24 09:38:21.609] RadarControl.OnPaint[196] EXIT ok
[2026-03-24 09:38:22.596] RadarControl.SetTargets: count=1, selected=none
[2026-03-24 09:38:22.607] RadarControl.OnPaint[197] ENTER width=743 height=743 targets=1 range=25,0
[2026-03-24 09:38:22.622] RadarControl.OnPaint[197] DrawRangeRings
[2026-03-24 09:38:22.623] RadarControl.OnPaint[197] DrawGrid
[2026-03-24 09:38:22.623] RadarControl.OnPaint[197] DrawTracks
[2026-03-24 09:38:22.623] RadarControl.OnPaint[197] DrawTargets begin
[2026-03-24 09:38:22.624] RadarControl.OnPaint[197] DrawTargets end
[2026-03-24 09:38:22.624] RadarControl.OnPaint[197] DrawCenter
[2026-03-24 09:38:22.624] RadarControl.OnPaint[197] EXIT ok
[2026-03-24 09:38:23.614] RadarControl.SetTargets: count=1, selected=none
[2026-03-24 09:38:23.625] RadarControl.OnPaint[198] ENTER width=743 height=743 targets=1 range=25,0
[2026-03-24 09:38:23.639] RadarControl.OnPaint[198] DrawRangeRings
[2026-03-24 09:38:23.640] RadarControl.OnPaint[198] DrawGrid
[2026-03-24 09:38:23.641] RadarControl.OnPaint[198] DrawTracks
[2026-03-24 09:38:23.641] RadarControl.OnPaint[198] DrawTargets begin
[2026-03-24 09:38:23.642] RadarControl.OnPaint[198] DrawTargets end
[2026-03-24 09:38:23.642] RadarControl.OnPaint[198] DrawCenter
[2026-03-24 09:38:23.642] RadarControl.OnPaint[198] EXIT ok
[2026-03-24 09:38:24.356] RadarControl.SetTargets: count=1, selected=none
[2026-03-24 09:38:24.369] RadarControl.OnPaint[199] ENTER width=743 height=743 targets=1 range=31,3
[2026-03-24 09:38:24.383] RadarControl.OnPaint[199] DrawRangeRings
[2026-03-24 09:38:24.384] RadarControl.OnPaint[199] DrawGrid
[2026-03-24 09:38:24.384] RadarControl.OnPaint[199] DrawTracks
[2026-03-24 09:38:24.384] RadarControl.OnPaint[199] DrawTargets begin
[2026-03-24 09:38:24.385] RadarControl.OnPaint[199] DrawTargets end
[2026-03-24 09:38:24.385] RadarControl.OnPaint[199] DrawCenter
[2026-03-24 09:38:24.385] RadarControl.OnPaint[199] EXIT ok
[2026-03-24 09:38:24.611] RadarControl.SetTargets: count=1, selected=none
[2026-03-24 09:38:24.623] RadarControl.OnPaint[200] ENTER width=743 height=743 targets=1 range=31,3
[2026-03-24 09:38:24.638] RadarControl.OnPaint[200] DrawRangeRings
[2026-03-24 09:38:24.639] RadarControl.OnPaint[200] DrawGrid
[2026-03-24 09:38:24.639] RadarControl.OnPaint[200] DrawTracks
[2026-03-24 09:38:24.639] RadarControl.OnPaint[200] DrawTargets begin
[2026-03-24 09:38:24.640] RadarControl.OnPaint[200] DrawTargets end
[2026-03-24 09:38:24.640] RadarControl.OnPaint[200] DrawCenter
[2026-03-24 09:38:24.640] RadarControl.OnPaint[200] EXIT ok
[2026-03-24 09:38:25.737] RadarControl.SetTargets: count=1, selected=none
[2026-03-24 09:38:25.748] RadarControl.OnPaint[201] ENTER width=743 height=743 targets=1 range=25,0
[2026-03-24 09:38:25.761] RadarControl.OnPaint[201] DrawRangeRings
[2026-03-24 09:38:25.762] RadarControl.OnPaint[201] DrawGrid
[2026-03-24 09:38:25.763] RadarControl.OnPaint[201] DrawTracks
[2026-03-24 09:38:25.763] RadarControl.OnPaint[201] DrawTargets begin
[2026-03-24 09:38:25.763] RadarControl.OnPaint[201] DrawTargets end
[2026-03-24 09:38:25.764] RadarControl.OnPaint[201] DrawCenter
[2026-03-24 09:38:25.764] RadarControl.OnPaint[201] EXIT ok
[2026-03-24 09:38:25.862] RadarControl.SetTargets: count=1, selected=none
[2026-03-24 09:38:25.872] RadarControl.OnPaint[202] ENTER width=743 height=743 targets=1 range=25,0
[2026-03-24 09:38:25.886] RadarControl.OnPaint[202] DrawRangeRings
[2026-03-24 09:38:25.887] RadarControl.OnPaint[202] DrawGrid
[2026-03-24 09:38:25.887] RadarControl.OnPaint[202] DrawTracks
[2026-03-24 09:38:25.888] RadarControl.OnPaint[202] DrawTargets begin
[2026-03-24 09:38:25.888] RadarControl.OnPaint[202] DrawTargets end
[2026-03-24 09:38:25.888] RadarControl.OnPaint[202] DrawCenter
[2026-03-24 09:38:25.888] RadarControl.OnPaint[202] EXIT ok
[2026-03-24 09:38:26.160] RadarControl.SetTargets: count=1, selected=none
[2026-03-24 09:38:26.172] RadarControl.OnPaint[203] ENTER width=743 height=743 targets=1 range=20,0
[2026-03-24 09:38:26.186] RadarControl.OnPaint[203] DrawRangeRings
[2026-03-24 09:38:26.187] RadarControl.OnPaint[203] DrawGrid
[2026-03-24 09:38:26.188] RadarControl.OnPaint[203] DrawTracks
[2026-03-24 09:38:26.188] RadarControl.OnPaint[203] DrawTargets begin
[2026-03-24 09:38:26.188] RadarControl.OnPaint[203] DrawTargets end
[2026-03-24 09:38:26.188] RadarControl.OnPaint[203] DrawCenter
[2026-03-24 09:38:26.189] RadarControl.OnPaint[203] EXIT ok
[2026-03-24 09:38:26.291] RadarControl.SetTargets: count=1, selected=none
[2026-03-24 09:38:26.302] RadarControl.OnPaint[204] ENTER width=743 height=743 targets=1 range=16,0
[2026-03-24 09:38:26.316] RadarControl.OnPaint[204] DrawRangeRings
[2026-03-24 09:38:26.317] RadarControl.OnPaint[204] DrawGrid
[2026-03-24 09:38:26.318] RadarControl.OnPaint[204] DrawTracks
[2026-03-24 09:38:26.318] RadarControl.OnPaint[204] DrawTargets begin
[2026-03-24 09:38:26.318] RadarControl.OnPaint[204] DrawTargets end
[2026-03-24 09:38:26.319] RadarControl.OnPaint[204] DrawCenter
[2026-03-24 09:38:26.319] RadarControl.OnPaint[204] EXIT ok
[2026-03-24 09:38:26.860] RadarControl.SetTargets: count=1, selected=none
[2026-03-24 09:38:26.870] RadarControl.OnPaint[205] ENTER width=743 height=743 targets=1 range=16,0
[2026-03-24 09:38:26.884] RadarControl.OnPaint[205] DrawRangeRings
[2026-03-24 09:38:26.885] RadarControl.OnPaint[205] DrawGrid
[2026-03-24 09:38:26.886] RadarControl.OnPaint[205] DrawTracks
[2026-03-24 09:38:26.886] RadarControl.OnPaint[205] DrawTargets begin
[2026-03-24 09:38:26.886] RadarControl.OnPaint[205] DrawTargets end
[2026-03-24 09:38:26.886] RadarControl.OnPaint[205] DrawCenter
[2026-03-24 09:38:26.887] RadarControl.OnPaint[205] EXIT ok
[2026-03-24 09:38:27.875] RadarControl.SetTargets: count=1, selected=none
[2026-03-24 09:38:27.886] RadarControl.OnPaint[206] ENTER width=743 height=743 targets=1 range=16,0
[2026-03-24 09:38:27.900] RadarControl.OnPaint[206] DrawRangeRings
[2026-03-24 09:38:27.901] RadarControl.OnPaint[206] DrawGrid
[2026-03-24 09:38:27.901] RadarControl.OnPaint[206] DrawTracks
[2026-03-24 09:38:27.902] RadarControl.OnPaint[206] DrawTargets begin
[2026-03-24 09:38:27.902] RadarControl.OnPaint[206] DrawTargets end
[2026-03-24 09:38:27.902] RadarControl.OnPaint[206] DrawCenter
[2026-03-24 09:38:27.902] RadarControl.OnPaint[206] EXIT ok
[2026-03-24 09:38:27.926] RadarControl.SetTargets: count=1, selected=none
[2026-03-24 09:38:27.938] RadarControl.OnPaint[207] ENTER width=743 height=743 targets=1 range=20,0
[2026-03-24 09:38:27.952] RadarControl.OnPaint[207] DrawRangeRings
[2026-03-24 09:38:27.953] RadarControl.OnPaint[207] DrawGrid
[2026-03-24 09:38:27.953] RadarControl.OnPaint[207] DrawTracks
[2026-03-24 09:38:27.954] RadarControl.OnPaint[207] DrawTargets begin
[2026-03-24 09:38:27.954] RadarControl.OnPaint[207] DrawTargets end
[2026-03-24 09:38:27.954] RadarControl.OnPaint[207] DrawCenter
[2026-03-24 09:38:27.955] RadarControl.OnPaint[207] EXIT ok
[2026-03-24 09:38:28.884] RadarControl.SetTargets: count=1, selected=none
[2026-03-24 09:38:28.897] RadarControl.OnPaint[208] ENTER width=743 height=743 targets=1 range=20,0
[2026-03-24 09:38:28.911] RadarControl.OnPaint[208] DrawRangeRings
[2026-03-24 09:38:28.912] RadarControl.OnPaint[208] DrawGrid
[2026-03-24 09:38:28.912] RadarControl.OnPaint[208] DrawTracks
[2026-03-24 09:38:28.912] RadarControl.OnPaint[208] DrawTargets begin
[2026-03-24 09:38:28.913] RadarControl.OnPaint[208] DrawTargets end
[2026-03-24 09:38:28.913] RadarControl.OnPaint[208] DrawCenter
[2026-03-24 09:38:28.913] RadarControl.OnPaint[208] EXIT ok
[2026-03-24 09:38:29.875] RadarControl.SetTargets: count=1, selected=none
[2026-03-24 09:38:29.887] RadarControl.OnPaint[209] ENTER width=743 height=743 targets=1 range=20,0
[2026-03-24 09:38:29.900] RadarControl.OnPaint[209] DrawRangeRings
[2026-03-24 09:38:29.901] RadarControl.OnPaint[209] DrawGrid
[2026-03-24 09:38:29.901] RadarControl.OnPaint[209] DrawTracks
[2026-03-24 09:38:29.902] RadarControl.OnPaint[209] DrawTargets begin
[2026-03-24 09:38:29.902] RadarControl.OnPaint[209] DrawTargets end
[2026-03-24 09:38:29.902] RadarControl.OnPaint[209] DrawCenter
[2026-03-24 09:38:29.902] RadarControl.OnPaint[209] EXIT ok
[2026-03-24 09:38:30.895] RadarControl.SetTargets: count=1, selected=none
[2026-03-24 09:38:30.906] RadarControl.OnPaint[210] ENTER width=743 height=743 targets=1 range=20,0
[2026-03-24 09:38:30.923] RadarControl.OnPaint[210] DrawRangeRings
[2026-03-24 09:38:30.924] RadarControl.OnPaint[210] DrawGrid
[2026-03-24 09:38:30.925] RadarControl.OnPaint[210] DrawTracks
[2026-03-24 09:38:30.925] RadarControl.OnPaint[210] DrawTargets begin
[2026-03-24 09:38:30.926] RadarControl.OnPaint[210] DrawTargets end
[2026-03-24 09:38:30.926] RadarControl.OnPaint[210] DrawCenter
[2026-03-24 09:38:30.926] RadarControl.OnPaint[210] EXIT ok
[2026-03-24 09:38:31.909] RadarControl.SetTargets: count=1, selected=none
[2026-03-24 09:38:31.920] RadarControl.OnPaint[211] ENTER width=743 height=743 targets=1 range=20,0
[2026-03-24 09:38:31.934] RadarControl.OnPaint[211] DrawRangeRings
[2026-03-24 09:38:31.935] RadarControl.OnPaint[211] DrawGrid
[2026-03-24 09:38:31.935] RadarControl.OnPaint[211] DrawTracks
[2026-03-24 09:38:31.936] RadarControl.OnPaint[211] DrawTargets begin
[2026-03-24 09:38:31.936] RadarControl.OnPaint[211] DrawTargets end
[2026-03-24 09:38:31.936] RadarControl.OnPaint[211] DrawCenter
[2026-03-24 09:38:31.937] RadarControl.OnPaint[211] EXIT ok
[2026-03-24 09:38:32.926] RadarControl.SetTargets: count=1, selected=none
[2026-03-24 09:38:32.937] RadarControl.OnPaint[212] ENTER width=743 height=743 targets=1 range=20,0
[2026-03-24 09:38:32.952] RadarControl.OnPaint[212] DrawRangeRings
[2026-03-24 09:38:32.953] RadarControl.OnPaint[212] DrawGrid
[2026-03-24 09:38:32.954] RadarControl.OnPaint[212] DrawTracks
[2026-03-24 09:38:32.954] RadarControl.OnPaint[212] DrawTargets begin
[2026-03-24 09:38:32.954] RadarControl.OnPaint[212] DrawTargets end
[2026-03-24 09:38:32.954] RadarControl.OnPaint[212] DrawCenter
[2026-03-24 09:38:32.956] RadarControl.OnPaint[212] EXIT ok
[2026-03-24 09:38:33.952] RadarControl.SetTargets: count=1, selected=none
[2026-03-24 09:38:33.962] RadarControl.OnPaint[213] ENTER width=743 height=743 targets=1 range=20,0
[2026-03-24 09:38:33.976] RadarControl.OnPaint[213] DrawRangeRings
[2026-03-24 09:38:33.978] RadarControl.OnPaint[213] DrawGrid
[2026-03-24 09:38:33.978] RadarControl.OnPaint[213] DrawTracks
[2026-03-24 09:38:33.978] RadarControl.OnPaint[213] DrawTargets begin
[2026-03-24 09:38:33.979] RadarControl.OnPaint[213] DrawTargets end
[2026-03-24 09:38:33.979] RadarControl.OnPaint[213] DrawCenter
[2026-03-24 09:38:33.979] RadarControl.OnPaint[213] EXIT ok
[2026-03-24 09:38:34.955] RadarControl.SetTargets: count=1, selected=none
[2026-03-24 09:38:34.966] RadarControl.OnPaint[214] ENTER width=743 height=743 targets=1 range=20,0
[2026-03-24 09:38:34.981] RadarControl.OnPaint[214] DrawRangeRings
[2026-03-24 09:38:34.982] RadarControl.OnPaint[214] DrawGrid
[2026-03-24 09:38:34.982] RadarControl.OnPaint[214] DrawTracks
[2026-03-24 09:38:34.982] RadarControl.OnPaint[214] DrawTargets begin
[2026-03-24 09:38:34.983] RadarControl.OnPaint[214] DrawTargets end
[2026-03-24 09:38:34.983] RadarControl.OnPaint[214] DrawCenter
[2026-03-24 09:38:34.983] RadarControl.OnPaint[214] EXIT ok
[2026-03-24 09:38:35.979] RadarControl.SetTargets: count=1, selected=none
[2026-03-24 09:38:35.989] RadarControl.OnPaint[215] ENTER width=743 height=743 targets=1 range=20,0
[2026-03-24 09:38:36.006] RadarControl.OnPaint[215] DrawRangeRings
[2026-03-24 09:38:36.007] RadarControl.OnPaint[215] DrawGrid
[2026-03-24 09:38:36.008] RadarControl.OnPaint[215] DrawTracks
[2026-03-24 09:38:36.008] RadarControl.OnPaint[215] DrawTargets begin
[2026-03-24 09:38:36.008] RadarControl.OnPaint[215] DrawTargets end
[2026-03-24 09:38:36.008] RadarControl.OnPaint[215] DrawCenter
[2026-03-24 09:38:36.009] RadarControl.OnPaint[215] EXIT ok
[2026-03-24 09:38:36.105] RadarControl.SetTargets: count=1, selected=none
[2026-03-24 09:38:36.115] RadarControl.OnPaint[216] ENTER width=743 height=743 targets=1 range=16,0
[2026-03-24 09:38:36.130] RadarControl.OnPaint[216] DrawRangeRings
[2026-03-24 09:38:36.131] RadarControl.OnPaint[216] DrawGrid
[2026-03-24 09:38:36.132] RadarControl.OnPaint[216] DrawTracks
[2026-03-24 09:38:36.132] RadarControl.OnPaint[216] DrawTargets begin
[2026-03-24 09:38:36.132] RadarControl.OnPaint[216] DrawTargets end
[2026-03-24 09:38:36.132] RadarControl.OnPaint[216] DrawCenter
[2026-03-24 09:38:36.133] RadarControl.OnPaint[216] EXIT ok
[2026-03-24 09:38:36.997] RadarControl.SetTargets: count=1, selected=none
[2026-03-24 09:38:37.011] RadarControl.OnPaint[217] ENTER width=743 height=743 targets=1 range=16,0
[2026-03-24 09:38:37.025] RadarControl.OnPaint[217] DrawRangeRings
[2026-03-24 09:38:37.025] RadarControl.OnPaint[217] DrawGrid
[2026-03-24 09:38:37.026] RadarControl.OnPaint[217] DrawTracks
[2026-03-24 09:38:37.026] RadarControl.OnPaint[217] DrawTargets begin
[2026-03-24 09:38:37.027] RadarControl.OnPaint[217] DrawTargets end
[2026-03-24 09:38:37.027] RadarControl.OnPaint[217] DrawCenter
[2026-03-24 09:38:37.027] RadarControl.OnPaint[217] EXIT ok
[2026-03-24 09:38:37.614] RadarControl.SetTargets: count=1, selected=none
[2026-03-24 09:38:37.624] RadarControl.OnPaint[218] ENTER width=743 height=743 targets=1 range=12,8
[2026-03-24 09:38:37.638] RadarControl.OnPaint[218] DrawRangeRings
[2026-03-24 09:38:37.639] RadarControl.OnPaint[218] DrawGrid
[2026-03-24 09:38:37.640] RadarControl.OnPaint[218] DrawTracks
[2026-03-24 09:38:37.640] RadarControl.OnPaint[218] DrawTargets begin
[2026-03-24 09:38:37.640] RadarControl.OnPaint[218] DrawTargets end
[2026-03-24 09:38:37.640] RadarControl.OnPaint[218] DrawCenter
[2026-03-24 09:38:37.641] RadarControl.OnPaint[218] EXIT ok
[2026-03-24 09:38:38.013] RadarControl.SetTargets: count=1, selected=none
[2026-03-24 09:38:38.027] RadarControl.OnPaint[219] ENTER width=743 height=743 targets=1 range=12,8
[2026-03-24 09:38:38.044] RadarControl.OnPaint[219] DrawRangeRings
[2026-03-24 09:38:38.045] RadarControl.OnPaint[219] DrawGrid
[2026-03-24 09:38:38.046] RadarControl.OnPaint[219] DrawTracks
[2026-03-24 09:38:38.046] RadarControl.OnPaint[219] DrawTargets begin
[2026-03-24 09:38:38.046] RadarControl.OnPaint[219] DrawTargets end
[2026-03-24 09:38:38.047] RadarControl.OnPaint[219] DrawCenter
[2026-03-24 09:38:38.047] RadarControl.OnPaint[219] EXIT ok
[2026-03-24 09:38:38.741] RadarControl.SetTargets: count=1, selected=none
[2026-03-24 09:38:38.752] RadarControl.OnPaint[220] ENTER width=743 height=743 targets=1 range=10,2
[2026-03-24 09:38:38.764] RadarControl.OnPaint[220] DrawRangeRings
[2026-03-24 09:38:38.764] RadarControl.OnPaint[220] DrawGrid
[2026-03-24 09:38:38.765] RadarControl.OnPaint[220] DrawTracks
[2026-03-24 09:38:38.765] RadarControl.OnPaint[220] DrawTargets begin
[2026-03-24 09:38:38.765] RadarControl.OnPaint[220] DrawTargets end
[2026-03-24 09:38:38.766] RadarControl.OnPaint[220] DrawCenter
[2026-03-24 09:38:38.766] RadarControl.OnPaint[220] EXIT ok
[2026-03-24 09:38:39.064] RadarControl.SetTargets: count=2, selected=none
[2026-03-24 09:38:39.075] RadarControl.OnPaint[221] ENTER width=743 height=743 targets=2 range=10,2
[2026-03-24 09:38:39.087] RadarControl.OnPaint[221] DrawRangeRings
[2026-03-24 09:38:39.088] RadarControl.OnPaint[221] DrawGrid
[2026-03-24 09:38:39.089] RadarControl.OnPaint[221] DrawTracks
[2026-03-24 09:38:39.089] RadarControl.OnPaint[221] DrawTargets begin
[2026-03-24 09:38:39.090] RadarControl.OnPaint[221] DrawTargets end
[2026-03-24 09:38:39.090] RadarControl.OnPaint[221] DrawCenter
[2026-03-24 09:38:39.090] RadarControl.OnPaint[221] EXIT ok
[2026-03-24 09:38:40.081] RadarControl.SetTargets: count=2, selected=none
[2026-03-24 09:38:40.092] RadarControl.OnPaint[222] ENTER width=743 height=743 targets=2 range=10,2
[2026-03-24 09:38:40.103] RadarControl.OnPaint[222] DrawRangeRings
[2026-03-24 09:38:40.104] RadarControl.OnPaint[222] DrawGrid
[2026-03-24 09:38:40.105] RadarControl.OnPaint[222] DrawTracks
[2026-03-24 09:38:40.105] RadarControl.OnPaint[222] DrawTargets begin
[2026-03-24 09:38:40.106] RadarControl.OnPaint[222] DrawTargets end
[2026-03-24 09:38:40.106] RadarControl.OnPaint[222] DrawCenter
[2026-03-24 09:38:40.106] RadarControl.OnPaint[222] EXIT ok
[2026-03-24 09:38:40.303] RadarControl.SetTargets: count=2, selected=none
[2026-03-24 09:38:40.313] RadarControl.OnPaint[223] ENTER width=743 height=743 targets=2 range=8,2
[2026-03-24 09:38:40.326] RadarControl.OnPaint[223] DrawRangeRings
[2026-03-24 09:38:40.328] RadarControl.OnPaint[223] DrawGrid
[2026-03-24 09:38:40.328] RadarControl.OnPaint[223] DrawTracks
[2026-03-24 09:38:40.328] RadarControl.OnPaint[223] DrawTargets begin
[2026-03-24 09:38:40.329] RadarControl.OnPaint[223] DrawTargets end
[2026-03-24 09:38:40.329] RadarControl.OnPaint[223] DrawCenter
[2026-03-24 09:38:40.329] RadarControl.OnPaint[223] EXIT ok
[2026-03-24 09:38:41.095] RadarControl.SetTargets: count=2, selected=none
[2026-03-24 09:38:41.107] RadarControl.OnPaint[224] ENTER width=743 height=743 targets=2 range=8,2
[2026-03-24 09:38:41.119] RadarControl.OnPaint[224] DrawRangeRings
[2026-03-24 09:38:41.120] RadarControl.OnPaint[224] DrawGrid
[2026-03-24 09:38:41.120] RadarControl.OnPaint[224] DrawTracks
[2026-03-24 09:38:41.121] RadarControl.OnPaint[224] DrawTargets begin
[2026-03-24 09:38:41.121] RadarControl.OnPaint[224] DrawTargets end
[2026-03-24 09:38:41.121] RadarControl.OnPaint[224] DrawCenter
[2026-03-24 09:38:41.122] RadarControl.OnPaint[224] EXIT ok
[2026-03-24 09:38:42.117] RadarControl.SetTargets: count=2, selected=none
[2026-03-24 09:38:42.128] RadarControl.OnPaint[225] ENTER width=743 height=743 targets=2 range=8,2
[2026-03-24 09:38:42.140] RadarControl.OnPaint[225] DrawRangeRings
[2026-03-24 09:38:42.141] RadarControl.OnPaint[225] DrawGrid
[2026-03-24 09:38:42.142] RadarControl.OnPaint[225] DrawTracks
[2026-03-24 09:38:42.142] RadarControl.OnPaint[225] DrawTargets begin
[2026-03-24 09:38:42.143] RadarControl.OnPaint[225] DrawTargets end
[2026-03-24 09:38:42.143] RadarControl.OnPaint[225] DrawCenter
[2026-03-24 09:38:42.144] RadarControl.OnPaint[225] EXIT ok
[2026-03-24 09:38:43.130] RadarControl.SetTargets: count=2, selected=none
[2026-03-24 09:38:43.143] RadarControl.OnPaint[226] ENTER width=743 height=743 targets=2 range=8,2
[2026-03-24 09:38:43.155] RadarControl.OnPaint[226] DrawRangeRings
[2026-03-24 09:38:43.156] RadarControl.OnPaint[226] DrawGrid
[2026-03-24 09:38:43.157] RadarControl.OnPaint[226] DrawTracks
[2026-03-24 09:38:43.157] RadarControl.OnPaint[226] DrawTargets begin
[2026-03-24 09:38:43.157] RadarControl.OnPaint[226] DrawTargets end
[2026-03-24 09:38:43.157] RadarControl.OnPaint[226] DrawCenter
[2026-03-24 09:38:43.158] RadarControl.OnPaint[226] EXIT ok
[2026-03-24 09:38:43.159] RadarControl.SetTargets: count=2, selected=none
[2026-03-24 09:38:43.169] RadarControl.OnPaint[227] ENTER width=743 height=743 targets=2 range=10,2
[2026-03-24 09:38:43.184] RadarControl.OnPaint[227] DrawRangeRings
[2026-03-24 09:38:43.185] RadarControl.OnPaint[227] DrawGrid
[2026-03-24 09:38:43.185] RadarControl.OnPaint[227] DrawTracks
[2026-03-24 09:38:43.185] RadarControl.OnPaint[227] DrawTargets begin
[2026-03-24 09:38:43.186] RadarControl.OnPaint[227] DrawTargets end
[2026-03-24 09:38:43.186] RadarControl.OnPaint[227] DrawCenter
[2026-03-24 09:38:43.186] RadarControl.OnPaint[227] EXIT ok
[2026-03-24 09:38:44.271] RadarControl.SetTargets: count=2, selected=none
[2026-03-24 09:38:44.283] RadarControl.OnPaint[228] ENTER width=743 height=743 targets=2 range=10,2
[2026-03-24 09:38:44.296] RadarControl.OnPaint[228] DrawRangeRings
[2026-03-24 09:38:44.297] RadarControl.OnPaint[228] DrawGrid
[2026-03-24 09:38:44.297] RadarControl.OnPaint[228] DrawTracks
[2026-03-24 09:38:44.297] RadarControl.OnPaint[228] DrawTargets begin
[2026-03-24 09:38:44.298] RadarControl.OnPaint[228] DrawTargets end
[2026-03-24 09:38:44.298] RadarControl.OnPaint[228] DrawCenter
[2026-03-24 09:38:44.298] RadarControl.OnPaint[228] EXIT ok
[2026-03-24 09:38:44.515] RadarControl.SetTargets: count=2, selected=none
[2026-03-24 09:38:44.526] RadarControl.OnPaint[229] ENTER width=743 height=743 targets=2 range=12,8
[2026-03-24 09:38:44.541] RadarControl.OnPaint[229] DrawRangeRings
[2026-03-24 09:38:44.541] RadarControl.OnPaint[229] DrawGrid
[2026-03-24 09:38:44.542] RadarControl.OnPaint[229] DrawTracks
[2026-03-24 09:38:44.542] RadarControl.OnPaint[229] DrawTargets begin
[2026-03-24 09:38:44.543] RadarControl.OnPaint[229] DrawTargets end
[2026-03-24 09:38:44.543] RadarControl.OnPaint[229] DrawCenter
[2026-03-24 09:38:44.543] RadarControl.OnPaint[229] EXIT ok
[2026-03-24 09:38:45.266] RadarControl.SetTargets: count=2, selected=none
[2026-03-24 09:38:45.277] RadarControl.OnPaint[230] ENTER width=743 height=743 targets=2 range=12,8
[2026-03-24 09:38:45.291] RadarControl.OnPaint[230] DrawRangeRings
[2026-03-24 09:38:45.292] RadarControl.OnPaint[230] DrawGrid
[2026-03-24 09:38:45.292] RadarControl.OnPaint[230] DrawTracks
[2026-03-24 09:38:45.293] RadarControl.OnPaint[230] DrawTargets begin
[2026-03-24 09:38:45.293] RadarControl.OnPaint[230] DrawTargets end
[2026-03-24 09:38:45.293] RadarControl.OnPaint[230] DrawCenter
[2026-03-24 09:38:45.294] RadarControl.OnPaint[230] EXIT ok
[2026-03-24 09:38:46.271] RadarControl.SetTargets: count=2, selected=none
[2026-03-24 09:38:46.283] RadarControl.OnPaint[231] ENTER width=743 height=743 targets=2 range=12,8
[2026-03-24 09:38:46.297] RadarControl.OnPaint[231] DrawRangeRings
[2026-03-24 09:38:46.298] RadarControl.OnPaint[231] DrawGrid
[2026-03-24 09:38:46.299] RadarControl.OnPaint[231] DrawTracks
[2026-03-24 09:38:46.299] RadarControl.OnPaint[231] DrawTargets begin
[2026-03-24 09:38:46.299] RadarControl.OnPaint[231] DrawTargets end
[2026-03-24 09:38:46.300] RadarControl.OnPaint[231] DrawCenter
[2026-03-24 09:38:46.300] RadarControl.OnPaint[231] EXIT ok
[2026-03-24 09:38:47.269] RadarControl.SetTargets: count=2, selected=none
[2026-03-24 09:38:47.280] RadarControl.OnPaint[232] ENTER width=743 height=743 targets=2 range=12,8
[2026-03-24 09:38:47.294] RadarControl.OnPaint[232] DrawRangeRings
[2026-03-24 09:38:47.295] RadarControl.OnPaint[232] DrawGrid
[2026-03-24 09:38:47.295] RadarControl.OnPaint[232] DrawTracks
[2026-03-24 09:38:47.296] RadarControl.OnPaint[232] DrawTargets begin
[2026-03-24 09:38:47.296] RadarControl.OnPaint[232] DrawTargets end
[2026-03-24 09:38:47.296] RadarControl.OnPaint[232] DrawCenter
[2026-03-24 09:38:47.297] RadarControl.OnPaint[232] EXIT ok
[2026-03-24 09:38:48.265] RadarControl.SetTargets: count=2, selected=none
[2026-03-24 09:38:48.278] RadarControl.OnPaint[233] ENTER width=743 height=743 targets=2 range=12,8
[2026-03-24 09:38:48.293] RadarControl.OnPaint[233] DrawRangeRings
[2026-03-24 09:38:48.293] RadarControl.OnPaint[233] DrawGrid
[2026-03-24 09:38:48.294] RadarControl.OnPaint[233] DrawTracks
[2026-03-24 09:38:48.294] RadarControl.OnPaint[233] DrawTargets begin
[2026-03-24 09:38:48.295] RadarControl.OnPaint[233] DrawTargets end
[2026-03-24 09:38:48.295] RadarControl.OnPaint[233] DrawCenter
[2026-03-24 09:38:48.295] RadarControl.OnPaint[233] EXIT ok
[2026-03-24 09:38:48.700] RadarControl.SetTargets: count=2, selected=none
[2026-03-24 09:38:48.711] RadarControl.OnPaint[234] ENTER width=743 height=743 targets=2 range=16,0
[2026-03-24 09:38:48.725] RadarControl.OnPaint[234] DrawRangeRings
[2026-03-24 09:38:48.726] RadarControl.OnPaint[234] DrawGrid
[2026-03-24 09:38:48.726] RadarControl.OnPaint[234] DrawTracks
[2026-03-24 09:38:48.727] RadarControl.OnPaint[234] DrawTargets begin
[2026-03-24 09:38:48.727] RadarControl.OnPaint[234] DrawTargets end
[2026-03-24 09:38:48.727] RadarControl.OnPaint[234] DrawCenter
[2026-03-24 09:38:48.728] RadarControl.OnPaint[234] EXIT ok
[2026-03-24 09:38:49.329] RadarControl.SetTargets: count=2, selected=none
[2026-03-24 09:38:49.341] RadarControl.OnPaint[235] ENTER width=743 height=743 targets=2 range=16,0
[2026-03-24 09:38:49.355] RadarControl.OnPaint[235] DrawRangeRings
[2026-03-24 09:38:49.356] RadarControl.OnPaint[235] DrawGrid
[2026-03-24 09:38:49.356] RadarControl.OnPaint[235] DrawTracks
[2026-03-24 09:38:49.357] RadarControl.OnPaint[235] DrawTargets begin
[2026-03-24 09:38:49.357] RadarControl.OnPaint[235] DrawTargets end
[2026-03-24 09:38:49.357] RadarControl.OnPaint[235] DrawCenter
[2026-03-24 09:38:49.358] RadarControl.OnPaint[235] EXIT ok
[2026-03-24 09:38:50.332] RadarControl.SetTargets: count=2, selected=none
[2026-03-24 09:38:50.343] RadarControl.OnPaint[236] ENTER width=743 height=743 targets=2 range=16,0
[2026-03-24 09:38:50.357] RadarControl.OnPaint[236] DrawRangeRings
[2026-03-24 09:38:50.358] RadarControl.OnPaint[236] DrawGrid
[2026-03-24 09:38:50.359] RadarControl.OnPaint[236] DrawTracks
[2026-03-24 09:38:50.359] RadarControl.OnPaint[236] DrawTargets begin
[2026-03-24 09:38:50.360] RadarControl.OnPaint[236] DrawTargets end
[2026-03-24 09:38:50.360] RadarControl.OnPaint[236] DrawCenter
[2026-03-24 09:38:50.360] RadarControl.OnPaint[236] EXIT ok
[2026-03-24 09:38:51.315] RadarControl.SetTargets: count=2, selected=none
[2026-03-24 09:38:51.327] RadarControl.OnPaint[237] ENTER width=743 height=743 targets=2 range=16,0
[2026-03-24 09:38:51.342] RadarControl.OnPaint[237] DrawRangeRings
[2026-03-24 09:38:51.343] RadarControl.OnPaint[237] DrawGrid
[2026-03-24 09:38:51.343] RadarControl.OnPaint[237] DrawTracks
[2026-03-24 09:38:51.343] RadarControl.OnPaint[237] DrawTargets begin
[2026-03-24 09:38:51.344] RadarControl.OnPaint[237] DrawTargets end
[2026-03-24 09:38:51.344] RadarControl.OnPaint[237] DrawCenter
[2026-03-24 09:38:51.344] RadarControl.OnPaint[237] EXIT ok
[2026-03-24 09:38:52.349] RadarControl.SetTargets: count=1, selected=none
[2026-03-24 09:38:52.362] RadarControl.OnPaint[238] ENTER width=743 height=743 targets=1 range=16,0
[2026-03-24 09:38:52.377] RadarControl.OnPaint[238] DrawRangeRings
[2026-03-24 09:38:52.378] RadarControl.OnPaint[238] DrawGrid
[2026-03-24 09:38:52.379] RadarControl.OnPaint[238] DrawTracks
[2026-03-24 09:38:52.379] RadarControl.OnPaint[238] DrawTargets begin
[2026-03-24 09:38:52.379] RadarControl.OnPaint[238] DrawTargets end
[2026-03-24 09:38:52.379] RadarControl.OnPaint[238] DrawCenter
[2026-03-24 09:38:52.380] RadarControl.OnPaint[238] EXIT ok
[2026-03-24 09:38:53.399] RadarControl.SetTargets: count=1, selected=none
[2026-03-24 09:38:53.410] RadarControl.OnPaint[239] ENTER width=743 height=743 targets=1 range=16,0
[2026-03-24 09:38:53.424] RadarControl.OnPaint[239] DrawRangeRings
[2026-03-24 09:38:53.426] RadarControl.OnPaint[239] DrawGrid
[2026-03-24 09:38:53.426] RadarControl.OnPaint[239] DrawTracks
[2026-03-24 09:38:53.426] RadarControl.OnPaint[239] DrawTargets begin
[2026-03-24 09:38:53.427] RadarControl.OnPaint[239] DrawTargets end
[2026-03-24 09:38:53.427] RadarControl.OnPaint[239] DrawCenter
[2026-03-24 09:38:53.427] RadarControl.OnPaint[239] EXIT ok
[2026-03-24 09:38:54.412] RadarControl.SetTargets: count=1, selected=none
[2026-03-24 09:38:54.423] RadarControl.OnPaint[240] ENTER width=743 height=743 targets=1 range=16,0
[2026-03-24 09:38:54.437] RadarControl.OnPaint[240] DrawRangeRings
[2026-03-24 09:38:54.438] RadarControl.OnPaint[240] DrawGrid
[2026-03-24 09:38:54.438] RadarControl.OnPaint[240] DrawTracks
[2026-03-24 09:38:54.438] RadarControl.OnPaint[240] DrawTargets begin
[2026-03-24 09:38:54.439] RadarControl.OnPaint[240] DrawTargets end
[2026-03-24 09:38:54.439] RadarControl.OnPaint[240] DrawCenter
[2026-03-24 09:38:54.439] RadarControl.OnPaint[240] EXIT ok
[2026-03-24 09:38:55.525] RadarControl.SetTargets: count=1, selected=none
[2026-03-24 09:38:55.536] RadarControl.OnPaint[241] ENTER width=743 height=743 targets=1 range=16,0
[2026-03-24 09:38:55.549] RadarControl.OnPaint[241] DrawRangeRings
[2026-03-24 09:38:55.550] RadarControl.OnPaint[241] DrawGrid
[2026-03-24 09:38:55.550] RadarControl.OnPaint[241] DrawTracks
[2026-03-24 09:38:55.550] RadarControl.OnPaint[241] DrawTargets begin
[2026-03-24 09:38:55.551] RadarControl.OnPaint[241] DrawTargets end
[2026-03-24 09:38:55.551] RadarControl.OnPaint[241] DrawCenter
[2026-03-24 09:38:55.551] RadarControl.OnPaint[241] EXIT ok
[2026-03-24 09:38:56.516] RadarControl.SetTargets: count=2, selected=none
[2026-03-24 09:38:56.528] RadarControl.OnPaint[242] ENTER width=743 height=743 targets=2 range=16,0
[2026-03-24 09:38:56.544] RadarControl.OnPaint[242] DrawRangeRings
[2026-03-24 09:38:56.546] RadarControl.OnPaint[242] DrawGrid
[2026-03-24 09:38:56.546] RadarControl.OnPaint[242] DrawTracks
[2026-03-24 09:38:56.546] RadarControl.OnPaint[242] DrawTargets begin
[2026-03-24 09:38:56.547] RadarControl.OnPaint[242] DrawTargets end
[2026-03-24 09:38:56.547] RadarControl.OnPaint[242] DrawCenter
[2026-03-24 09:38:56.548] RadarControl.OnPaint[242] EXIT ok
[2026-03-24 09:38:57.519] RadarControl.SetTargets: count=2, selected=none
[2026-03-24 09:38:57.530] RadarControl.OnPaint[243] ENTER width=743 height=743 targets=2 range=16,0
[2026-03-24 09:38:57.544] RadarControl.OnPaint[243] DrawRangeRings
[2026-03-24 09:38:57.545] RadarControl.OnPaint[243] DrawGrid
[2026-03-24 09:38:57.546] RadarControl.OnPaint[243] DrawTracks
[2026-03-24 09:38:57.546] RadarControl.OnPaint[243] DrawTargets begin
[2026-03-24 09:38:57.546] RadarControl.OnPaint[243] DrawTargets end
[2026-03-24 09:38:57.547] RadarControl.OnPaint[243] DrawCenter
[2026-03-24 09:38:57.547] RadarControl.OnPaint[243] EXIT ok
[2026-03-24 09:38:58.523] RadarControl.SetTargets: count=2, selected=none
[2026-03-24 09:38:58.534] RadarControl.OnPaint[244] ENTER width=743 height=743 targets=2 range=16,0
[2026-03-24 09:38:58.548] RadarControl.OnPaint[244] DrawRangeRings
[2026-03-24 09:38:58.549] RadarControl.OnPaint[244] DrawGrid
[2026-03-24 09:38:58.550] RadarControl.OnPaint[244] DrawTracks
[2026-03-24 09:38:58.550] RadarControl.OnPaint[244] DrawTargets begin
[2026-03-24 09:38:58.550] RadarControl.OnPaint[244] DrawTargets end
[2026-03-24 09:38:58.551] RadarControl.OnPaint[244] DrawCenter
[2026-03-24 09:38:58.551] RadarControl.OnPaint[244] EXIT ok
[2026-03-24 09:38:59.574] RadarControl.SetTargets: count=2, selected=none
[2026-03-24 09:38:59.585] RadarControl.OnPaint[245] ENTER width=743 height=743 targets=2 range=16,0
[2026-03-24 09:38:59.600] RadarControl.OnPaint[245] DrawRangeRings
[2026-03-24 09:38:59.601] RadarControl.OnPaint[245] DrawGrid
[2026-03-24 09:38:59.601] RadarControl.OnPaint[245] DrawTracks
[2026-03-24 09:38:59.601] RadarControl.OnPaint[245] DrawTargets begin
[2026-03-24 09:38:59.602] RadarControl.OnPaint[245] DrawTargets end
[2026-03-24 09:38:59.602] RadarControl.OnPaint[245] DrawCenter
[2026-03-24 09:38:59.603] RadarControl.OnPaint[245] EXIT ok
[2026-03-24 09:39:00.550] RadarControl.SetTargets: count=2, selected=none
[2026-03-24 09:39:00.562] RadarControl.OnPaint[246] ENTER width=743 height=743 targets=2 range=16,0
[2026-03-24 09:39:00.576] RadarControl.OnPaint[246] DrawRangeRings
[2026-03-24 09:39:00.577] RadarControl.OnPaint[246] DrawGrid
[2026-03-24 09:39:00.577] RadarControl.OnPaint[246] DrawTracks
[2026-03-24 09:39:00.578] RadarControl.OnPaint[246] DrawTargets begin
[2026-03-24 09:39:00.578] RadarControl.OnPaint[246] DrawTargets end
[2026-03-24 09:39:00.578] RadarControl.OnPaint[246] DrawCenter
[2026-03-24 09:39:00.579] RadarControl.OnPaint[246] EXIT ok
[2026-03-24 09:39:01.598] RadarControl.SetTargets: count=2, selected=none
[2026-03-24 09:39:01.610] RadarControl.OnPaint[247] ENTER width=743 height=743 targets=2 range=16,0
[2026-03-24 09:39:01.624] RadarControl.OnPaint[247] DrawRangeRings
[2026-03-24 09:39:01.625] RadarControl.OnPaint[247] DrawGrid
[2026-03-24 09:39:01.626] RadarControl.OnPaint[247] DrawTracks
[2026-03-24 09:39:01.626] RadarControl.OnPaint[247] DrawTargets begin
[2026-03-24 09:39:01.627] RadarControl.OnPaint[247] DrawTargets end
[2026-03-24 09:39:01.627] RadarControl.OnPaint[247] DrawCenter
[2026-03-24 09:39:01.627] RadarControl.OnPaint[247] EXIT ok
[2026-03-24 09:39:02.615] RadarControl.SetTargets: count=2, selected=none
[2026-03-24 09:39:02.626] RadarControl.OnPaint[248] ENTER width=743 height=743 targets=2 range=16,0
[2026-03-24 09:39:02.640] RadarControl.OnPaint[248] DrawRangeRings
[2026-03-24 09:39:02.642] RadarControl.OnPaint[248] DrawGrid
[2026-03-24 09:39:02.642] RadarControl.OnPaint[248] DrawTracks
[2026-03-24 09:39:02.642] RadarControl.OnPaint[248] DrawTargets begin
[2026-03-24 09:39:02.643] RadarControl.OnPaint[248] DrawTargets end
[2026-03-24 09:39:02.643] RadarControl.OnPaint[248] DrawCenter
[2026-03-24 09:39:02.643] RadarControl.OnPaint[248] EXIT ok
[2026-03-24 09:39:03.649] RadarControl.SetTargets: count=2, selected=none
[2026-03-24 09:39:03.660] RadarControl.OnPaint[249] ENTER width=743 height=743 targets=2 range=16,0
[2026-03-24 09:39:03.674] RadarControl.OnPaint[249] DrawRangeRings
[2026-03-24 09:39:03.676] RadarControl.OnPaint[249] DrawGrid
[2026-03-24 09:39:03.677] RadarControl.OnPaint[249] DrawTracks
[2026-03-24 09:39:03.677] RadarControl.OnPaint[249] DrawTargets begin
[2026-03-24 09:39:03.677] RadarControl.OnPaint[249] DrawTargets end
[2026-03-24 09:39:03.678] RadarControl.OnPaint[249] DrawCenter
[2026-03-24 09:39:03.678] RadarControl.OnPaint[249] EXIT ok
[2026-03-24 09:39:04.646] RadarControl.SetTargets: count=2, selected=none
[2026-03-24 09:39:04.658] RadarControl.OnPaint[250] ENTER width=743 height=743 targets=2 range=16,0
[2026-03-24 09:39:04.673] RadarControl.OnPaint[250] DrawRangeRings
[2026-03-24 09:39:04.674] RadarControl.OnPaint[250] DrawGrid
[2026-03-24 09:39:04.674] RadarControl.OnPaint[250] DrawTracks
[2026-03-24 09:39:04.674] RadarControl.OnPaint[250] DrawTargets begin
[2026-03-24 09:39:04.675] RadarControl.OnPaint[250] DrawTargets end
[2026-03-24 09:39:04.675] RadarControl.OnPaint[250] DrawCenter
[2026-03-24 09:39:04.675] RadarControl.OnPaint[250] EXIT ok
[2026-03-24 09:39:05.692] RadarControl.SetTargets: count=2, selected=none
[2026-03-24 09:39:05.703] RadarControl.OnPaint[251] ENTER width=743 height=743 targets=2 range=16,0
[2026-03-24 09:39:05.718] RadarControl.OnPaint[251] DrawRangeRings
[2026-03-24 09:39:05.719] RadarControl.OnPaint[251] DrawGrid
[2026-03-24 09:39:05.719] RadarControl.OnPaint[251] DrawTracks
[2026-03-24 09:39:05.720] RadarControl.OnPaint[251] DrawTargets begin
[2026-03-24 09:39:05.721] RadarControl.OnPaint[251] DrawTargets end
[2026-03-24 09:39:05.721] RadarControl.OnPaint[251] DrawCenter
[2026-03-24 09:39:05.721] RadarControl.OnPaint[251] EXIT ok
[2026-03-24 09:39:06.714] RadarControl.SetTargets: count=2, selected=none
[2026-03-24 09:39:06.725] RadarControl.OnPaint[252] ENTER width=743 height=743 targets=2 range=16,0
[2026-03-24 09:39:06.740] RadarControl.OnPaint[252] DrawRangeRings
[2026-03-24 09:39:06.741] RadarControl.OnPaint[252] DrawGrid
[2026-03-24 09:39:06.742] RadarControl.OnPaint[252] DrawTracks
[2026-03-24 09:39:06.742] RadarControl.OnPaint[252] DrawTargets begin
[2026-03-24 09:39:06.742] RadarControl.OnPaint[252] DrawTargets end
[2026-03-24 09:39:06.743] RadarControl.OnPaint[252] DrawCenter
[2026-03-24 09:39:06.743] RadarControl.OnPaint[252] EXIT ok
[2026-03-24 09:39:07.743] RadarControl.SetTargets: count=2, selected=none
[2026-03-24 09:39:07.755] RadarControl.OnPaint[253] ENTER width=743 height=743 targets=2 range=16,0
[2026-03-24 09:39:07.769] RadarControl.OnPaint[253] DrawRangeRings
[2026-03-24 09:39:07.770] RadarControl.OnPaint[253] DrawGrid
[2026-03-24 09:39:07.771] RadarControl.OnPaint[253] DrawTracks
[2026-03-24 09:39:07.771] RadarControl.OnPaint[253] DrawTargets begin
[2026-03-24 09:39:07.771] RadarControl.OnPaint[253] DrawTargets end
[2026-03-24 09:39:07.772] RadarControl.OnPaint[253] DrawCenter
[2026-03-24 09:39:07.772] RadarControl.OnPaint[253] EXIT ok
[2026-03-24 09:39:08.770] RadarControl.SetTargets: count=2, selected=none
[2026-03-24 09:39:08.781] RadarControl.OnPaint[254] ENTER width=743 height=743 targets=2 range=16,0
[2026-03-24 09:39:08.796] RadarControl.OnPaint[254] DrawRangeRings
[2026-03-24 09:39:08.797] RadarControl.OnPaint[254] DrawGrid
[2026-03-24 09:39:08.798] RadarControl.OnPaint[254] DrawTracks
[2026-03-24 09:39:08.798] RadarControl.OnPaint[254] DrawTargets begin
[2026-03-24 09:39:08.799] RadarControl.OnPaint[254] DrawTargets end
[2026-03-24 09:39:08.799] RadarControl.OnPaint[254] DrawCenter
[2026-03-24 09:39:08.799] RadarControl.OnPaint[254] EXIT ok
[2026-03-24 09:39:09.874] RadarControl.SetTargets: count=2, selected=none
[2026-03-24 09:39:09.886] RadarControl.OnPaint[255] ENTER width=743 height=743 targets=2 range=16,0
[2026-03-24 09:39:09.899] RadarControl.OnPaint[255] DrawRangeRings
[2026-03-24 09:39:09.900] RadarControl.OnPaint[255] DrawGrid
[2026-03-24 09:39:09.900] RadarControl.OnPaint[255] DrawTracks
[2026-03-24 09:39:09.901] RadarControl.OnPaint[255] DrawTargets begin
[2026-03-24 09:39:09.902] RadarControl.OnPaint[255] DrawTargets end
[2026-03-24 09:39:09.902] RadarControl.OnPaint[255] DrawCenter
[2026-03-24 09:39:09.902] RadarControl.OnPaint[255] EXIT ok
[2026-03-24 09:39:10.875] RadarControl.SetTargets: count=2, selected=none
[2026-03-24 09:39:10.887] RadarControl.OnPaint[256] ENTER width=743 height=743 targets=2 range=16,0
[2026-03-24 09:39:10.901] RadarControl.OnPaint[256] DrawRangeRings
[2026-03-24 09:39:10.902] RadarControl.OnPaint[256] DrawGrid
[2026-03-24 09:39:10.903] RadarControl.OnPaint[256] DrawTracks
[2026-03-24 09:39:10.903] RadarControl.OnPaint[256] DrawTargets begin
[2026-03-24 09:39:10.903] RadarControl.OnPaint[256] DrawTargets end
[2026-03-24 09:39:10.903] RadarControl.OnPaint[256] DrawCenter
[2026-03-24 09:39:10.903] RadarControl.OnPaint[256] EXIT ok
[2026-03-24 09:39:11.875] RadarControl.SetTargets: count=2, selected=none
[2026-03-24 09:39:11.886] RadarControl.OnPaint[257] ENTER width=743 height=743 targets=2 range=16,0
[2026-03-24 09:39:11.901] RadarControl.OnPaint[257] DrawRangeRings
[2026-03-24 09:39:11.902] RadarControl.OnPaint[257] DrawGrid
[2026-03-24 09:39:11.903] RadarControl.OnPaint[257] DrawTracks
[2026-03-24 09:39:11.903] RadarControl.OnPaint[257] DrawTargets begin
[2026-03-24 09:39:11.903] RadarControl.OnPaint[257] DrawTargets end
[2026-03-24 09:39:11.903] RadarControl.OnPaint[257] DrawCenter
[2026-03-24 09:39:11.905] RadarControl.OnPaint[257] EXIT ok
[2026-03-24 09:39:12.896] RadarControl.SetTargets: count=2, selected=none
[2026-03-24 09:39:12.907] RadarControl.OnPaint[258] ENTER width=743 height=743 targets=2 range=16,0
[2026-03-24 09:39:12.921] RadarControl.OnPaint[258] DrawRangeRings
[2026-03-24 09:39:12.923] RadarControl.OnPaint[258] DrawGrid
[2026-03-24 09:39:12.923] RadarControl.OnPaint[258] DrawTracks
[2026-03-24 09:39:12.924] RadarControl.OnPaint[258] DrawTargets begin
[2026-03-24 09:39:12.925] RadarControl.OnPaint[258] DrawTargets end
[2026-03-24 09:39:12.925] RadarControl.OnPaint[258] DrawCenter
[2026-03-24 09:39:12.925] RadarControl.OnPaint[258] EXIT ok
[2026-03-24 09:39:13.891] RadarControl.SetTargets: count=2, selected=none
[2026-03-24 09:39:13.902] RadarControl.OnPaint[259] ENTER width=743 height=743 targets=2 range=16,0
[2026-03-24 09:39:13.917] RadarControl.OnPaint[259] DrawRangeRings
[2026-03-24 09:39:13.917] RadarControl.OnPaint[259] DrawGrid
[2026-03-24 09:39:13.919] RadarControl.OnPaint[259] DrawTracks
[2026-03-24 09:39:13.919] RadarControl.OnPaint[259] DrawTargets begin
[2026-03-24 09:39:13.919] RadarControl.OnPaint[259] DrawTargets end
[2026-03-24 09:39:13.919] RadarControl.OnPaint[259] DrawCenter
[2026-03-24 09:39:13.919] RadarControl.OnPaint[259] EXIT ok
[2026-03-24 09:39:14.903] RadarControl.SetTargets: count=1, selected=none
[2026-03-24 09:39:14.914] RadarControl.OnPaint[260] ENTER width=743 height=743 targets=1 range=16,0
[2026-03-24 09:39:14.928] RadarControl.OnPaint[260] DrawRangeRings
[2026-03-24 09:39:14.930] RadarControl.OnPaint[260] DrawGrid
[2026-03-24 09:39:14.930] RadarControl.OnPaint[260] DrawTracks
[2026-03-24 09:39:14.931] RadarControl.OnPaint[260] DrawTargets begin
[2026-03-24 09:39:14.931] RadarControl.OnPaint[260] DrawTargets end
[2026-03-24 09:39:14.931] RadarControl.OnPaint[260] DrawCenter
[2026-03-24 09:39:14.932] RadarControl.OnPaint[260] EXIT ok
[2026-03-24 09:39:15.918] RadarControl.SetTargets: count=1, selected=none
[2026-03-24 09:39:15.930] RadarControl.OnPaint[261] ENTER width=743 height=743 targets=1 range=16,0
[2026-03-24 09:39:15.945] RadarControl.OnPaint[261] DrawRangeRings
[2026-03-24 09:39:15.946] RadarControl.OnPaint[261] DrawGrid
[2026-03-24 09:39:15.947] RadarControl.OnPaint[261] DrawTracks
[2026-03-24 09:39:15.947] RadarControl.OnPaint[261] DrawTargets begin
[2026-03-24 09:39:15.947] RadarControl.OnPaint[261] DrawTargets end
[2026-03-24 09:39:15.948] RadarControl.OnPaint[261] DrawCenter
[2026-03-24 09:39:15.948] RadarControl.OnPaint[261] EXIT ok
[2026-03-24 09:39:16.965] RadarControl.SetTargets: count=1, selected=none
[2026-03-24 09:39:16.978] RadarControl.OnPaint[262] ENTER width=743 height=743 targets=1 range=16,0
[2026-03-24 09:39:16.993] RadarControl.OnPaint[262] DrawRangeRings
[2026-03-24 09:39:16.993] RadarControl.OnPaint[262] DrawGrid
[2026-03-24 09:39:16.994] RadarControl.OnPaint[262] DrawTracks
[2026-03-24 09:39:16.994] RadarControl.OnPaint[262] DrawTargets begin
[2026-03-24 09:39:16.995] RadarControl.OnPaint[262] DrawTargets end
[2026-03-24 09:39:16.995] RadarControl.OnPaint[262] DrawCenter
[2026-03-24 09:39:16.995] RadarControl.OnPaint[262] EXIT ok
[2026-03-24 09:39:17.980] RadarControl.SetTargets: count=1, selected=none
[2026-03-24 09:39:17.992] RadarControl.OnPaint[263] ENTER width=743 height=743 targets=1 range=16,0
[2026-03-24 09:39:18.006] RadarControl.OnPaint[263] DrawRangeRings
[2026-03-24 09:39:18.007] RadarControl.OnPaint[263] DrawGrid
[2026-03-24 09:39:18.008] RadarControl.OnPaint[263] DrawTracks
[2026-03-24 09:39:18.008] RadarControl.OnPaint[263] DrawTargets begin
[2026-03-24 09:39:18.008] RadarControl.OnPaint[263] DrawTargets end
[2026-03-24 09:39:18.008] RadarControl.OnPaint[263] DrawCenter
[2026-03-24 09:39:18.009] RadarControl.OnPaint[263] EXIT ok
[2026-03-24 09:39:19.038] RadarControl.SetTargets: count=1, selected=none
[2026-03-24 09:39:19.049] RadarControl.OnPaint[264] ENTER width=743 height=743 targets=1 range=16,0
[2026-03-24 09:39:19.063] RadarControl.OnPaint[264] DrawRangeRings
[2026-03-24 09:39:19.064] RadarControl.OnPaint[264] DrawGrid
[2026-03-24 09:39:19.065] RadarControl.OnPaint[264] DrawTracks
[2026-03-24 09:39:19.065] RadarControl.OnPaint[264] DrawTargets begin
[2026-03-24 09:39:19.065] RadarControl.OnPaint[264] DrawTargets end
[2026-03-24 09:39:19.065] RadarControl.OnPaint[264] DrawCenter
[2026-03-24 09:39:19.066] RadarControl.OnPaint[264] EXIT ok
[2026-03-24 09:39:19.771] Program.Main: Application.Run returned normally
[2026-03-31 12:02:40.683] ========== APP START ==========
[2026-03-31 12:02:44.452] Program.Main: before Application.Run
[2026-03-31 12:02:55.168] ========== APP START ==========
[2026-03-31 12:02:57.716] Program.Main: before Application.Run
[2026-03-31 12:02:57.841] RadarControl.SetTargets: count=0, selected=none
[2026-03-31 12:02:57.864] RadarControl.SetTargets: count=0, selected=none
[2026-03-31 12:02:57.881] RadarControl.SetTargets: count=0, selected=none
[2026-03-31 12:02:58.013] RadarControl.OnPaint[1] ENTER width=743 height=743 targets=0 range=39,1
[2026-03-31 12:03:05.067] RadarControl.OnPaint[1] DrawRangeRings
[2026-03-31 12:03:05.070] RadarControl.OnPaint[1] DrawGrid
[2026-03-31 12:03:05.072] RadarControl.OnPaint[1] DrawTracks
[2026-03-31 12:03:05.074] RadarControl.OnPaint[1] DrawTargets begin
[2026-03-31 12:03:05.077] RadarControl.OnPaint[1] DrawTargets end
[2026-03-31 12:03:05.079] RadarControl.OnPaint[1] DrawCenter
[2026-03-31 12:03:05.083] RadarControl.OnPaint[1] EXIT ok
[2026-03-31 12:03:05.134] RadarControl.SetTargets: count=0, selected=none
[2026-03-31 12:03:05.175] RadarControl.SetTargets: count=0, selected=none
[2026-03-31 12:03:05.209] RadarControl.SetTargets: count=0, selected=none
[2026-03-31 12:03:05.279] RadarControl.SetTargets: count=0, selected=none
[2026-03-31 12:03:12.011] RadarControl.OnPaint[2] ENTER width=743 height=743 targets=0 range=39,1
[2026-03-31 12:03:12.035] RadarControl.OnPaint[2] DrawRangeRings
[2026-03-31 12:03:12.037] RadarControl.OnPaint[2] DrawGrid
[2026-03-31 12:03:12.039] RadarControl.OnPaint[2] DrawTracks
[2026-03-31 12:03:12.040] RadarControl.OnPaint[2] DrawTargets begin
[2026-03-31 12:03:12.040] RadarControl.OnPaint[2] DrawTargets end
[2026-03-31 12:03:12.041] RadarControl.OnPaint[2] DrawCenter
[2026-03-31 12:03:12.042] RadarControl.OnPaint[2] EXIT ok
[2026-03-31 12:03:21.934] Program.Main: Application.Run returned normally
[2026-03-31 12:03:26.111] UI ThreadException: System.ObjectDisposedException: Доступ к ликвидированному объекту невозможен.
Имя объекта: "RichTextBox".
   в System.Windows.Forms.Control.CreateHandle()
   в System.Windows.Forms.TextBoxBase.CreateHandle()
   в System.Windows.Forms.Control.get_Handle()
   в System.Windows.Forms.RichTextBox.get_TextLength()
   в FlightRadarPc.UI.MainForm.ScrollToBottom(RichTextBox box) в D:\1 GIT FLARM_ALL\Base_Lan_ESP32\FlyRadarPC\FlightRadarPc_map_no_holes\UI\MainForm.cs:строка 1243
   в FlightRadarPc.UI.MainForm.AppendMonitorMessage(String message) в D:\1 GIT FLARM_ALL\Base_Lan_ESP32\FlyRadarPC\FlightRadarPc_map_no_holes\UI\MainForm.cs:строка 1722
   в FlightRadarPc.Services.DataSourceManager.<>c__DisplayClass45_0.<RaiseMonitor>b__0() в D:\1 GIT FLARM_ALL\Base_Lan_ESP32\FlyRadarPC\FlightRadarPc_map_no_holes\Services\DataSourceManager.cs:строка 392
   в FlightRadarPc.Services.DataSourceManager.<>c__DisplayClass46_0.<PostToContext>b__0(Object _) в D:\1 GIT FLARM_ALL\Base_Lan_ESP32\FlyRadarPC\FlightRadarPc_map_no_holes\Services\DataSourceManager.cs:строка 399
[2026-03-31 12:03:26.180] Program.Main: Application.Run returned normally
