[2026-03-24 09:35:10.078] ========== APP START ==========
[2026-03-24 09:35:10.081] Program.Main: before Application.Run
[2026-03-24 09:35:10.418] RadarControl.SetTargets: count=0, selected=none
[2026-03-24 09:35:10.431] RadarControl.SetTargets: count=0, selected=none
[2026-03-24 09:35:10.441] RadarControl.SetTargets: count=0, selected=none
[2026-03-24 09:35:10.608] RadarControl.OnPaint[1] ENTER width=743 height=743 targets=0 range=20,0
[2026-03-24 09:35:10.643] RadarControl.OnPaint[1] DrawRangeRings
[2026-03-24 09:35:10.646] RadarControl.OnPaint[1] DrawGrid
[2026-03-24 09:35:10.648] RadarControl.OnPaint[1] DrawTracks
[2026-03-24 09:35:10.649] RadarControl.OnPaint[1] DrawTargets begin
[2026-03-24 09:35:10.652] RadarControl.OnPaint[1] DrawTargets end
[2026-03-24 09:35:10.652] RadarControl.OnPaint[1] DrawCenter
[2026-03-24 09:35:10.655] RadarControl.OnPaint[1] EXIT ok
[2026-03-24 09:35:10.713] RadarControl.SetTargets: count=0, selected=none
[2026-03-24 09:35:10.734] RadarControl.OnPaint[2] ENTER width=743 height=743 targets=0 range=20,0
[2026-03-24 09:35:10.751] RadarControl.OnPaint[2] DrawRangeRings
[2026-03-24 09:35:10.752] RadarControl.OnPaint[2] DrawGrid
[2026-03-24 09:35:10.753] RadarControl.OnPaint[2] DrawTracks
[2026-03-24 09:35:10.753] RadarControl.OnPaint[2] DrawTargets begin
[2026-03-24 09:35:10.753] RadarControl.OnPaint[2] DrawTargets end
[2026-03-24 09:35:10.753] RadarControl.OnPaint[2] DrawCenter
[2026-03-24 09:35:10.754] RadarControl.OnPaint[2] EXIT ok
[2026-03-24 09:35:17.381] RadarControl.SetTargets: count=0, selected=none
[2026-03-24 09:35:17.392] RadarControl.OnPaint[3] ENTER width=743 height=743 targets=0 range=25,0
[2026-03-24 09:35:17.410] RadarControl.OnPaint[3] DrawRangeRings
[2026-03-24 09:35:17.411] RadarControl.OnPaint[3] DrawGrid
[2026-03-24 09:35:17.411] RadarControl.OnPaint[3] DrawTracks
[2026-03-24 09:35:17.411] RadarControl.OnPaint[3] DrawTargets begin
[2026-03-24 09:35:17.411] RadarControl.OnPaint[3] DrawTargets end
[2026-03-24 09:35:17.412] RadarControl.OnPaint[3] DrawCenter
[2026-03-24 09:35:17.412] RadarControl.OnPaint[3] EXIT ok
[2026-03-24 09:35:17.482] RadarControl.SetTargets: count=0, selected=none
[2026-03-24 09:35:17.491] RadarControl.OnPaint[4] ENTER width=743 height=743 targets=0 range=31,3
[2026-03-24 09:35:17.510] RadarControl.OnPaint[4] DrawRangeRings
[2026-03-24 09:35:17.511] RadarControl.OnPaint[4] DrawGrid
[2026-03-24 09:35:17.511] RadarControl.OnPaint[4] DrawTracks
[2026-03-24 09:35:17.512] RadarControl.OnPaint[4] DrawTargets begin
[2026-03-24 09:35:17.512] RadarControl.OnPaint[4] DrawTargets end
[2026-03-24 09:35:17.512] RadarControl.OnPaint[4] DrawCenter
[2026-03-24 09:35:17.513] RadarControl.OnPaint[4] EXIT ok
[2026-03-24 09:35:18.570] RadarControl.SetTargets: count=0, selected=none
[2026-03-24 09:35:18.583] RadarControl.OnPaint[5] ENTER width=743 height=743 targets=0 range=25,0
[2026-03-24 09:35:18.602] RadarControl.OnPaint[5] DrawRangeRings
[2026-03-24 09:35:18.603] RadarControl.OnPaint[5] DrawGrid
[2026-03-24 09:35:18.604] RadarControl.OnPaint[5] DrawTracks
[2026-03-24 09:35:18.604] RadarControl.OnPaint[5] DrawTargets begin
[2026-03-24 09:35:18.604] RadarControl.OnPaint[5] DrawTargets end
[2026-03-24 09:35:18.605] RadarControl.OnPaint[5] DrawCenter
[2026-03-24 09:35:18.605] RadarControl.OnPaint[5] EXIT ok
[2026-03-24 09:35:18.618] RadarControl.SetTargets: count=0, selected=none
[2026-03-24 09:35:18.628] RadarControl.OnPaint[6] ENTER width=743 height=743 targets=0 range=20,0
[2026-03-24 09:35:18.651] RadarControl.OnPaint[6] DrawRangeRings
[2026-03-24 09:35:18.652] RadarControl.OnPaint[6] DrawGrid
[2026-03-24 09:35:18.653] RadarControl.OnPaint[6] DrawTracks
[2026-03-24 09:35:18.653] RadarControl.OnPaint[6] DrawTargets begin
[2026-03-24 09:35:18.653] RadarControl.OnPaint[6] DrawTargets end
[2026-03-24 09:35:18.653] RadarControl.OnPaint[6] DrawCenter
[2026-03-24 09:35:18.653] RadarControl.OnPaint[6] EXIT ok
[2026-03-24 09:35:18.683] RadarControl.SetTargets: count=0, selected=none
[2026-03-24 09:35:18.694] RadarControl.OnPaint[7] ENTER width=743 height=743 targets=0 range=16,0
[2026-03-24 09:35:18.720] RadarControl.OnPaint[7] DrawRangeRings
[2026-03-24 09:35:18.721] RadarControl.OnPaint[7] DrawGrid
[2026-03-24 09:35:18.721] RadarControl.OnPaint[7] DrawTracks
[2026-03-24 09:35:18.721] RadarControl.OnPaint[7] DrawTargets begin
[2026-03-24 09:35:18.722] RadarControl.OnPaint[7] DrawTargets end
[2026-03-24 09:35:18.722] RadarControl.OnPaint[7] DrawCenter
[2026-03-24 09:35:18.722] RadarControl.OnPaint[7] EXIT ok
[2026-03-24 09:35:20.848] RadarControl.SetTargets: count=0, selected=none
[2026-03-24 09:35:20.860] RadarControl.OnPaint[8] ENTER width=743 height=743 targets=0 range=12,8
[2026-03-24 09:35:20.882] RadarControl.OnPaint[8] DrawRangeRings
[2026-03-24 09:35:20.884] RadarControl.OnPaint[8] DrawGrid
[2026-03-24 09:35:20.884] RadarControl.OnPaint[8] DrawTracks
[2026-03-24 09:35:20.884] RadarControl.OnPaint[8] DrawTargets begin
[2026-03-24 09:35:20.885] RadarControl.OnPaint[8] DrawTargets end
[2026-03-24 09:35:20.885] RadarControl.OnPaint[8] DrawCenter
[2026-03-24 09:35:20.885] RadarControl.OnPaint[8] EXIT ok
[2026-03-24 09:35:22.109] RadarControl.SetTargets: count=0, selected=none
[2026-03-24 09:35:22.122] RadarControl.OnPaint[9] ENTER width=743 height=743 targets=0 range=16,0
[2026-03-24 09:35:22.145] RadarControl.OnPaint[9] DrawRangeRings
[2026-03-24 09:35:22.146] RadarControl.OnPaint[9] DrawGrid
[2026-03-24 09:35:22.146] RadarControl.OnPaint[9] DrawTracks
[2026-03-24 09:35:22.146] RadarControl.OnPaint[9] DrawTargets begin
[2026-03-24 09:35:22.146] RadarControl.OnPaint[9] DrawTargets end
[2026-03-24 09:35:22.147] RadarControl.OnPaint[9] DrawCenter
[2026-03-24 09:35:22.147] RadarControl.OnPaint[9] EXIT ok
[2026-03-24 09:35:22.998] RadarControl.SetTargets: count=0, selected=none
[2026-03-24 09:35:23.009] RadarControl.OnPaint[10] ENTER width=743 height=743 targets=0 range=20,0
[2026-03-24 09:35:23.026] RadarControl.OnPaint[10] DrawRangeRings
[2026-03-24 09:35:23.027] RadarControl.OnPaint[10] DrawGrid
[2026-03-24 09:35:23.027] RadarControl.OnPaint[10] DrawTracks
[2026-03-24 09:35:23.028] RadarControl.OnPaint[10] DrawTargets begin
[2026-03-24 09:35:23.028] RadarControl.OnPaint[10] DrawTargets end
[2026-03-24 09:35:23.028] RadarControl.OnPaint[10] DrawCenter
[2026-03-24 09:35:23.028] RadarControl.OnPaint[10] EXIT ok
[2026-03-24 09:35:26.216] RadarControl.SetTargets: count=0, selected=none
[2026-03-24 09:35:26.227] RadarControl.OnPaint[11] ENTER width=743 height=743 targets=0 range=16,0
[2026-03-24 09:35:26.240] RadarControl.OnPaint[11] DrawRangeRings
[2026-03-24 09:35:26.241] RadarControl.OnPaint[11] DrawGrid
[2026-03-24 09:35:26.242] RadarControl.OnPaint[11] DrawTracks
[2026-03-24 09:35:26.242] RadarControl.OnPaint[11] DrawTargets begin
[2026-03-24 09:35:26.242] RadarControl.OnPaint[11] DrawTargets end
[2026-03-24 09:35:26.242] RadarControl.OnPaint[11] DrawCenter
[2026-03-24 09:35:26.243] RadarControl.OnPaint[11] EXIT ok
[2026-03-24 09:35:26.271] RadarControl.SetTargets: count=0, selected=none
[2026-03-24 09:35:26.281] RadarControl.OnPaint[12] ENTER width=743 height=743 targets=0 range=12,8
[2026-03-24 09:35:26.295] RadarControl.OnPaint[12] DrawRangeRings
[2026-03-24 09:35:26.296] RadarControl.OnPaint[12] DrawGrid
[2026-03-24 09:35:26.297] RadarControl.OnPaint[12] DrawTracks
[2026-03-24 09:35:26.297] RadarControl.OnPaint[12] DrawTargets begin
[2026-03-24 09:35:26.297] RadarControl.OnPaint[12] DrawTargets end
[2026-03-24 09:35:26.298] RadarControl.OnPaint[12] DrawCenter
[2026-03-24 09:35:26.298] RadarControl.OnPaint[12] EXIT ok
[2026-03-24 09:35:26.346] RadarControl.SetTargets: count=0, selected=none
[2026-03-24 09:35:26.357] RadarControl.OnPaint[13] ENTER width=743 height=743 targets=0 range=10,2
[2026-03-24 09:35:26.371] RadarControl.OnPaint[13] DrawRangeRings
[2026-03-24 09:35:26.371] RadarControl.OnPaint[13] DrawGrid
[2026-03-24 09:35:26.372] RadarControl.OnPaint[13] DrawTracks
[2026-03-24 09:35:26.372] RadarControl.OnPaint[13] DrawTargets begin
[2026-03-24 09:35:26.372] RadarControl.OnPaint[13] DrawTargets end
[2026-03-24 09:35:26.372] RadarControl.OnPaint[13] DrawCenter
[2026-03-24 09:35:26.373] RadarControl.OnPaint[13] EXIT ok
[2026-03-24 09:35:27.149] RadarControl.SetTargets: count=0, selected=none
[2026-03-24 09:35:27.159] RadarControl.OnPaint[14] ENTER width=743 height=743 targets=0 range=12,8
[2026-03-24 09:35:27.173] RadarControl.OnPaint[14] DrawRangeRings
[2026-03-24 09:35:27.174] RadarControl.OnPaint[14] DrawGrid
[2026-03-24 09:35:27.175] RadarControl.OnPaint[14] DrawTracks
[2026-03-24 09:35:27.175] RadarControl.OnPaint[14] DrawTargets begin
[2026-03-24 09:35:27.176] RadarControl.OnPaint[14] DrawTargets end
[2026-03-24 09:35:27.176] RadarControl.OnPaint[14] DrawCenter
[2026-03-24 09:35:27.176] RadarControl.OnPaint[14] EXIT ok
[2026-03-24 09:35:27.217] RadarControl.SetTargets: count=0, selected=none
[2026-03-24 09:35:27.228] RadarControl.OnPaint[15] ENTER width=743 height=743 targets=0 range=16,0
[2026-03-24 09:35:27.243] RadarControl.OnPaint[15] DrawRangeRings
[2026-03-24 09:35:27.244] RadarControl.OnPaint[15] DrawGrid
[2026-03-24 09:35:27.245] RadarControl.OnPaint[15] DrawTracks
[2026-03-24 09:35:27.245] RadarControl.OnPaint[15] DrawTargets begin
[2026-03-24 09:35:27.245] RadarControl.OnPaint[15] DrawTargets end
[2026-03-24 09:35:27.245] RadarControl.OnPaint[15] DrawCenter
[2026-03-24 09:35:27.246] RadarControl.OnPaint[15] EXIT ok
[2026-03-24 09:35:27.733] RadarControl.SetTargets: count=0, selected=none
[2026-03-24 09:35:27.743] RadarControl.OnPaint[16] ENTER width=743 height=743 targets=0 range=20,0
[2026-03-24 09:35:27.757] RadarControl.OnPaint[16] DrawRangeRings
[2026-03-24 09:35:27.759] RadarControl.OnPaint[16] DrawGrid
[2026-03-24 09:35:27.759] RadarControl.OnPaint[16] DrawTracks
[2026-03-24 09:35:27.759] RadarControl.OnPaint[16] DrawTargets begin
[2026-03-24 09:35:27.760] RadarControl.OnPaint[16] DrawTargets end
[2026-03-24 09:35:27.760] RadarControl.OnPaint[16] DrawCenter
[2026-03-24 09:35:27.760] RadarControl.OnPaint[16] EXIT ok
[2026-03-24 09:35:27.781] RadarControl.SetTargets: count=0, selected=none
[2026-03-24 09:35:27.790] RadarControl.OnPaint[17] ENTER width=743 height=743 targets=0 range=25,0
[2026-03-24 09:35:27.804] RadarControl.OnPaint[17] DrawRangeRings
[2026-03-24 09:35:27.806] RadarControl.OnPaint[17] DrawGrid
[2026-03-24 09:35:27.807] RadarControl.OnPaint[17] DrawTracks
[2026-03-24 09:35:27.807] RadarControl.OnPaint[17] DrawTargets begin
[2026-03-24 09:35:27.807] RadarControl.OnPaint[17] DrawTargets end
[2026-03-24 09:35:27.807] RadarControl.OnPaint[17] DrawCenter
[2026-03-24 09:35:27.808] RadarControl.OnPaint[17] EXIT ok
[2026-03-24 09:35:28.335] RadarControl.SetTargets: count=0, selected=none
[2026-03-24 09:35:28.346] RadarControl.OnPaint[18] ENTER width=743 height=743 targets=0 range=31,3
[2026-03-24 09:35:28.360] RadarControl.OnPaint[18] DrawRangeRings
[2026-03-24 09:35:28.361] RadarControl.OnPaint[18] DrawGrid
[2026-03-24 09:35:28.362] RadarControl.OnPaint[18] DrawTracks
[2026-03-24 09:35:28.362] RadarControl.OnPaint[18] DrawTargets begin
[2026-03-24 09:35:28.362] RadarControl.OnPaint[18] DrawTargets end
[2026-03-24 09:35:28.362] RadarControl.OnPaint[18] DrawCenter
[2026-03-24 09:35:28.363] RadarControl.OnPaint[18] EXIT ok
[2026-03-24 09:35:28.389] RadarControl.SetTargets: count=0, selected=none
[2026-03-24 09:35:28.399] RadarControl.OnPaint[19] ENTER width=743 height=743 targets=0 range=39,1
[2026-03-24 09:35:28.418] RadarControl.OnPaint[19] DrawRangeRings
[2026-03-24 09:35:28.420] RadarControl.OnPaint[19] DrawGrid
[2026-03-24 09:35:28.420] RadarControl.OnPaint[19] DrawTracks
[2026-03-24 09:35:28.421] RadarControl.OnPaint[19] DrawTargets begin
[2026-03-24 09:35:28.421] RadarControl.OnPaint[19] DrawTargets end
[2026-03-24 09:35:28.421] RadarControl.OnPaint[19] DrawCenter
[2026-03-24 09:35:28.421] RadarControl.OnPaint[19] EXIT ok
[2026-03-24 09:35:29.075] RadarControl.SetTargets: count=0, selected=none
[2026-03-24 09:35:29.085] RadarControl.OnPaint[20] ENTER width=743 height=743 targets=0 range=48,8
[2026-03-24 09:35:29.101] RadarControl.OnPaint[20] DrawRangeRings
[2026-03-24 09:35:29.102] RadarControl.OnPaint[20] DrawGrid
[2026-03-24 09:35:29.103] RadarControl.OnPaint[20] DrawTracks
[2026-03-24 09:35:29.103] RadarControl.OnPaint[20] DrawTargets begin
[2026-03-24 09:35:29.103] RadarControl.OnPaint[20] DrawTargets end
[2026-03-24 09:35:29.103] RadarControl.OnPaint[20] DrawCenter
[2026-03-24 09:35:29.104] RadarControl.OnPaint[20] EXIT ok
[2026-03-24 09:35:29.135] RadarControl.SetTargets: count=0, selected=none
[2026-03-24 09:35:29.145] RadarControl.OnPaint[21] ENTER width=743 height=743 targets=0 range=61,0
[2026-03-24 09:35:29.162] RadarControl.OnPaint[21] DrawRangeRings
[2026-03-24 09:35:29.163] RadarControl.OnPaint[21] DrawGrid
[2026-03-24 09:35:29.164] RadarControl.OnPaint[21] DrawTracks
[2026-03-24 09:35:29.164] RadarControl.OnPaint[21] DrawTargets begin
[2026-03-24 09:35:29.164] RadarControl.OnPaint[21] DrawTargets end
[2026-03-24 09:35:29.165] RadarControl.OnPaint[21] DrawCenter
[2026-03-24 09:35:29.165] RadarControl.OnPaint[21] EXIT ok
[2026-03-24 09:35:30.715] RadarControl.SetTargets: count=0, selected=none
[2026-03-24 09:35:30.724] RadarControl.OnPaint[22] ENTER width=743 height=743 targets=0 range=48,8
[2026-03-24 09:35:30.739] RadarControl.OnPaint[22] DrawRangeRings
[2026-03-24 09:35:30.740] RadarControl.OnPaint[22] DrawGrid
[2026-03-24 09:35:30.740] RadarControl.OnPaint[22] DrawTracks
[2026-03-24 09:35:30.741] RadarControl.OnPaint[22] DrawTargets begin
[2026-03-24 09:35:30.741] RadarControl.OnPaint[22] DrawTargets end
[2026-03-24 09:35:30.741] RadarControl.OnPaint[22] DrawCenter
[2026-03-24 09:35:30.742] RadarControl.OnPaint[22] EXIT ok
[2026-03-24 09:35:30.809] RadarControl.SetTargets: count=0, selected=none
[2026-03-24 09:35:30.819] RadarControl.OnPaint[23] ENTER width=743 height=743 targets=0 range=39,1
[2026-03-24 09:35:30.833] RadarControl.OnPaint[23] DrawRangeRings
[2026-03-24 09:35:30.834] RadarControl.OnPaint[23] DrawGrid
[2026-03-24 09:35:30.834] RadarControl.OnPaint[23] DrawTracks
[2026-03-24 09:35:30.835] RadarControl.OnPaint[23] DrawTargets begin
[2026-03-24 09:35:30.835] RadarControl.OnPaint[23] DrawTargets end
[2026-03-24 09:35:30.835] RadarControl.OnPaint[23] DrawCenter
[2026-03-24 09:35:30.835] RadarControl.OnPaint[23] EXIT ok
[2026-03-24 09:36:07.873] RadarControl.SetTargets: count=0, selected=none
[2026-03-24 09:36:07.891] RadarControl.SetTargets: count=0, selected=none
[2026-03-24 09:36:07.912] RadarControl.OnPaint[24] ENTER width=743 height=743 targets=0 range=39,1
[2026-03-24 09:36:07.928] RadarControl.OnPaint[24] DrawRangeRings
[2026-03-24 09:36:07.929] RadarControl.OnPaint[24] DrawGrid
[2026-03-24 09:36:07.929] RadarControl.OnPaint[24] DrawTracks
[2026-03-24 09:36:07.929] RadarControl.OnPaint[24] DrawTargets begin
[2026-03-24 09:36:07.929] RadarControl.OnPaint[24] DrawTargets end
[2026-03-24 09:36:07.930] RadarControl.OnPaint[24] DrawCenter
[2026-03-24 09:36:07.930] RadarControl.OnPaint[24] EXIT ok
[2026-03-24 09:36:11.545] RadarControl.SetTargets: count=1, selected=none
[2026-03-24 09:36:11.557] RadarControl.OnPaint[25] ENTER width=743 height=743 targets=1 range=39,1
[2026-03-24 09:36:11.572] RadarControl.OnPaint[25] DrawRangeRings
[2026-03-24 09:36:11.573] RadarControl.OnPaint[25] DrawGrid
[2026-03-24 09:36:11.574] RadarControl.OnPaint[25] DrawTracks
[2026-03-24 09:36:11.574] RadarControl.OnPaint[25] DrawTargets begin
[2026-03-24 09:36:11.580] RadarControl.OnPaint[25] DrawTargets end
[2026-03-24 09:36:11.581] RadarControl.OnPaint[25] DrawCenter
[2026-03-24 09:36:11.581] RadarControl.OnPaint[25] EXIT ok
[2026-03-24 09:36:12.536] RadarControl.SetTargets: count=1, selected=none
[2026-03-24 09:36:12.547] RadarControl.OnPaint[26] ENTER width=743 height=743 targets=1 range=39,1
[2026-03-24 09:36:12.563] RadarControl.OnPaint[26] DrawRangeRings
[2026-03-24 09:36:12.563] RadarControl.OnPaint[26] DrawGrid
[2026-03-24 09:36:12.565] RadarControl.OnPaint[26] DrawTracks
[2026-03-24 09:36:12.566] RadarControl.OnPaint[26] DrawTargets begin
[2026-03-24 09:36:12.566] RadarControl.OnPaint[26] DrawTargets end
[2026-03-24 09:36:12.566] RadarControl.OnPaint[26] DrawCenter
[2026-03-24 09:36:12.567] RadarControl.OnPaint[26] EXIT ok
[2026-03-24 09:36:13.545] RadarControl.SetTargets: count=1, selected=none
[2026-03-24 09:36:13.563] RadarControl.OnPaint[27] ENTER width=743 height=743 targets=1 range=39,1
[2026-03-24 09:36:13.584] RadarControl.OnPaint[27] DrawRangeRings
[2026-03-24 09:36:13.584] RadarControl.OnPaint[27] DrawGrid
[2026-03-24 09:36:13.586] RadarControl.OnPaint[27] DrawTracks
[2026-03-24 09:36:13.586] RadarControl.OnPaint[27] DrawTargets begin
[2026-03-24 09:36:13.586] RadarControl.OnPaint[27] DrawTargets end
[2026-03-24 09:36:13.586] RadarControl.OnPaint[27] DrawCenter
[2026-03-24 09:36:13.587] RadarControl.OnPaint[27] EXIT ok
[2026-03-24 09:36:14.785] RadarControl.SetTargets: count=2, selected=none
[2026-03-24 09:36:14.796] RadarControl.OnPaint[28] ENTER width=743 height=743 targets=2 range=39,1
[2026-03-24 09:36:14.812] RadarControl.OnPaint[28] DrawRangeRings
[2026-03-24 09:36:14.813] RadarControl.OnPaint[28] DrawGrid
[2026-03-24 09:36:14.813] RadarControl.OnPaint[28] DrawTracks
[2026-03-24 09:36:14.813] RadarControl.OnPaint[28] DrawTargets begin
[2026-03-24 09:36:14.813] RadarControl.OnPaint[28] DrawTargets end
[2026-03-24 09:36:14.814] RadarControl.OnPaint[28] DrawCenter
[2026-03-24 09:36:14.814] RadarControl.OnPaint[28] EXIT ok
[2026-03-24 09:36:15.131] RadarControl.SetTargets: count=2, selected=none
[2026-03-24 09:36:15.141] RadarControl.OnPaint[29] ENTER width=743 height=743 targets=2 range=48,8
[2026-03-24 09:36:15.159] RadarControl.OnPaint[29] DrawRangeRings
[2026-03-24 09:36:15.161] RadarControl.OnPaint[29] DrawGrid
[2026-03-24 09:36:15.161] RadarControl.OnPaint[29] DrawTracks
[2026-03-24 09:36:15.162] RadarControl.OnPaint[29] DrawTargets begin
[2026-03-24 09:36:15.162] RadarControl.OnPaint[29] DrawTargets end
[2026-03-24 09:36:15.162] RadarControl.OnPaint[29] DrawCenter
[2026-03-24 09:36:15.163] RadarControl.OnPaint[29] EXIT ok
[2026-03-24 09:36:15.795] RadarControl.SetTargets: count=2, selected=none
[2026-03-24 09:36:15.807] RadarControl.OnPaint[30] ENTER width=743 height=743 targets=2 range=48,8
[2026-03-24 09:36:15.821] RadarControl.OnPaint[30] DrawRangeRings
[2026-03-24 09:36:15.822] RadarControl.OnPaint[30] DrawGrid
[2026-03-24 09:36:15.823] RadarControl.OnPaint[30] DrawTracks
[2026-03-24 09:36:15.823] RadarControl.OnPaint[30] DrawTargets begin
[2026-03-24 09:36:15.824] RadarControl.OnPaint[30] DrawTargets end
[2026-03-24 09:36:15.824] RadarControl.OnPaint[30] DrawCenter
[2026-03-24 09:36:15.824] RadarControl.OnPaint[30] EXIT ok
[2026-03-24 09:36:16.803] RadarControl.SetTargets: count=2, selected=none
[2026-03-24 09:36:16.813] RadarControl.OnPaint[31] ENTER width=743 height=743 targets=2 range=48,8
[2026-03-24 09:36:16.828] RadarControl.OnPaint[31] DrawRangeRings
[2026-03-24 09:36:16.829] RadarControl.OnPaint[31] DrawGrid
[2026-03-24 09:36:16.830] RadarControl.OnPaint[31] DrawTracks
[2026-03-24 09:36:16.830] RadarControl.OnPaint[31] DrawTargets begin
[2026-03-24 09:36:16.830] RadarControl.OnPaint[31] DrawTargets end
[2026-03-24 09:36:16.830] RadarControl.OnPaint[31] DrawCenter
[2026-03-24 09:36:16.831] RadarControl.OnPaint[31] EXIT ok
[2026-03-24 09:36:17.801] RadarControl.SetTargets: count=2, selected=none
[2026-03-24 09:36:17.812] RadarControl.OnPaint[32] ENTER width=743 height=743 targets=2 range=48,8
[2026-03-24 09:36:17.833] RadarControl.OnPaint[32] DrawRangeRings
[2026-03-24 09:36:17.834] RadarControl.OnPaint[32] DrawGrid
[2026-03-24 09:36:17.834] RadarControl.OnPaint[32] DrawTracks
[2026-03-24 09:36:17.834] RadarControl.OnPaint[32] DrawTargets begin
[2026-03-24 09:36:17.835] RadarControl.OnPaint[32] DrawTargets end
[2026-03-24 09:36:17.835] RadarControl.OnPaint[32] DrawCenter
[2026-03-24 09:36:17.835] RadarControl.OnPaint[32] EXIT ok
[2026-03-24 09:36:18.835] RadarControl.SetTargets: count=2, selected=none
[2026-03-24 09:36:18.850] RadarControl.OnPaint[33] ENTER width=743 height=743 targets=2 range=48,8
[2026-03-24 09:36:18.869] RadarControl.OnPaint[33] DrawRangeRings
[2026-03-24 09:36:18.870] RadarControl.OnPaint[33] DrawGrid
[2026-03-24 09:36:18.871] RadarControl.OnPaint[33] DrawTracks
[2026-03-24 09:36:18.871] RadarControl.OnPaint[33] DrawTargets begin
[2026-03-24 09:36:18.871] RadarControl.OnPaint[33] DrawTargets end
[2026-03-24 09:36:18.872] RadarControl.OnPaint[33] DrawCenter
[2026-03-24 09:36:18.872] RadarControl.OnPaint[33] EXIT ok
[2026-03-24 09:36:19.832] RadarControl.SetTargets: count=2, selected=none
[2026-03-24 09:36:19.843] RadarControl.OnPaint[34] ENTER width=743 height=743 targets=2 range=48,8
[2026-03-24 09:36:19.859] RadarControl.OnPaint[34] DrawRangeRings
[2026-03-24 09:36:19.860] RadarControl.OnPaint[34] DrawGrid
[2026-03-24 09:36:19.860] RadarControl.OnPaint[34] DrawTracks
[2026-03-24 09:36:19.860] RadarControl.OnPaint[34] DrawTargets begin
[2026-03-24 09:36:19.861] RadarControl.OnPaint[34] DrawTargets end
[2026-03-24 09:36:19.861] RadarControl.OnPaint[34] DrawCenter
[2026-03-24 09:36:19.862] RadarControl.OnPaint[34] EXIT ok
[2026-03-24 09:36:20.053] RadarControl.SetTargets: count=2, selected=none
[2026-03-24 09:36:20.063] RadarControl.OnPaint[35] ENTER width=743 height=743 targets=2 range=39,1
[2026-03-24 09:36:20.079] RadarControl.OnPaint[35] DrawRangeRings
[2026-03-24 09:36:20.080] RadarControl.OnPaint[35] DrawGrid
[2026-03-24 09:36:20.081] RadarControl.OnPaint[35] DrawTracks
[2026-03-24 09:36:20.081] RadarControl.OnPaint[35] DrawTargets begin
[2026-03-24 09:36:20.082] RadarControl.OnPaint[35] DrawTargets end
[2026-03-24 09:36:20.082] RadarControl.OnPaint[35] DrawCenter
[2026-03-24 09:36:20.082] RadarControl.OnPaint[35] EXIT ok
[2026-03-24 09:36:20.836] RadarControl.SetTargets: count=2, selected=none
[2026-03-24 09:36:20.848] RadarControl.OnPaint[36] ENTER width=743 height=743 targets=2 range=39,1
[2026-03-24 09:36:20.863] RadarControl.OnPaint[36] DrawRangeRings
[2026-03-24 09:36:20.864] RadarControl.OnPaint[36] DrawGrid
[2026-03-24 09:36:20.865] RadarControl.OnPaint[36] DrawTracks
[2026-03-24 09:36:20.865] RadarControl.OnPaint[36] DrawTargets begin
[2026-03-24 09:36:20.866] RadarControl.OnPaint[36] DrawTargets end
[2026-03-24 09:36:20.866] RadarControl.OnPaint[36] DrawCenter
[2026-03-24 09:36:20.866] RadarControl.OnPaint[36] EXIT ok
[2026-03-24 09:36:21.017] RadarControl.SetTargets: count=2, selected=none
[2026-03-24 09:36:21.028] RadarControl.OnPaint[37] ENTER width=743 height=743 targets=2 range=31,3
[2026-03-24 09:36:21.042] RadarControl.OnPaint[37] DrawRangeRings
[2026-03-24 09:36:21.043] RadarControl.OnPaint[37] DrawGrid
[2026-03-24 09:36:21.044] RadarControl.OnPaint[37] DrawTracks
[2026-03-24 09:36:21.044] RadarControl.OnPaint[37] DrawTargets begin
[2026-03-24 09:36:21.045] RadarControl.OnPaint[37] DrawTargets end
[2026-03-24 09:36:21.045] RadarControl.OnPaint[37] DrawCenter
[2026-03-24 09:36:21.045] RadarControl.OnPaint[37] EXIT ok
[2026-03-24 09:36:21.749] RadarControl.SetTargets: count=2, selected=none
[2026-03-24 09:36:21.760] RadarControl.OnPaint[38] ENTER width=743 height=743 targets=2 range=25,0
[2026-03-24 09:36:21.776] RadarControl.OnPaint[38] DrawRangeRings
[2026-03-24 09:36:21.777] RadarControl.OnPaint[38] DrawGrid
[2026-03-24 09:36:21.777] RadarControl.OnPaint[38] DrawTracks
[2026-03-24 09:36:21.777] RadarControl.OnPaint[38] DrawTargets begin
[2026-03-24 09:36:21.778] RadarControl.OnPaint[38] DrawTargets end
[2026-03-24 09:36:21.778] RadarControl.OnPaint[38] DrawCenter
[2026-03-24 09:36:21.778] RadarControl.OnPaint[38] EXIT ok
[2026-03-24 09:36:21.847] RadarControl.SetTargets: count=2, selected=none
[2026-03-24 09:36:21.859] RadarControl.OnPaint[39] ENTER width=743 height=743 targets=2 range=25,0
[2026-03-24 09:36:21.874] RadarControl.OnPaint[39] DrawRangeRings
[2026-03-24 09:36:21.875] RadarControl.OnPaint[39] DrawGrid
[2026-03-24 09:36:21.875] RadarControl.OnPaint[39] DrawTracks
[2026-03-24 09:36:21.876] RadarControl.OnPaint[39] DrawTargets begin
[2026-03-24 09:36:21.876] RadarControl.OnPaint[39] DrawTargets end
[2026-03-24 09:36:21.876] RadarControl.OnPaint[39] DrawCenter
[2026-03-24 09:36:21.877] RadarControl.OnPaint[39] EXIT ok
[2026-03-24 09:36:22.836] RadarControl.SetTargets: count=2, selected=none
[2026-03-24 09:36:22.847] RadarControl.OnPaint[40] ENTER width=743 height=743 targets=2 range=25,0
[2026-03-24 09:36:22.862] RadarControl.OnPaint[40] DrawRangeRings
[2026-03-24 09:36:22.863] RadarControl.OnPaint[40] DrawGrid
[2026-03-24 09:36:22.863] RadarControl.OnPaint[40] DrawTracks
[2026-03-24 09:36:22.863] RadarControl.OnPaint[40] DrawTargets begin
[2026-03-24 09:36:22.864] RadarControl.OnPaint[40] DrawTargets end
[2026-03-24 09:36:22.864] RadarControl.OnPaint[40] DrawCenter
[2026-03-24 09:36:22.864] RadarControl.OnPaint[40] EXIT ok
[2026-03-24 09:36:23.492] RadarControl.SetTargets: count=2, selected=none
[2026-03-24 09:36:23.502] RadarControl.OnPaint[41] ENTER width=743 height=743 targets=2 range=31,3
[2026-03-24 09:36:23.517] RadarControl.OnPaint[41] DrawRangeRings
[2026-03-24 09:36:23.518] RadarControl.OnPaint[41] DrawGrid
[2026-03-24 09:36:23.518] RadarControl.OnPaint[41] DrawTracks
[2026-03-24 09:36:23.518] RadarControl.OnPaint[41] DrawTargets begin
[2026-03-24 09:36:23.519] RadarControl.OnPaint[41] DrawTargets end
[2026-03-24 09:36:23.519] RadarControl.OnPaint[41] DrawCenter
[2026-03-24 09:36:23.519] RadarControl.OnPaint[41] EXIT ok
[2026-03-24 09:36:24.082] RadarControl.SetTargets: count=2, selected=none
[2026-03-24 09:36:24.093] RadarControl.OnPaint[42] ENTER width=743 height=743 targets=2 range=31,3
[2026-03-24 09:36:24.108] RadarControl.OnPaint[42] DrawRangeRings
[2026-03-24 09:36:24.109] RadarControl.OnPaint[42] DrawGrid
[2026-03-24 09:36:24.110] RadarControl.OnPaint[42] DrawTracks
[2026-03-24 09:36:24.110] RadarControl.OnPaint[42] DrawTargets begin
[2026-03-24 09:36:24.111] RadarControl.OnPaint[42] DrawTargets end
[2026-03-24 09:36:24.111] RadarControl.OnPaint[42] DrawCenter
[2026-03-24 09:36:24.111] RadarControl.OnPaint[42] EXIT ok
[2026-03-24 09:36:24.138] RadarControl.SetTargets: count=2, selected=none
[2026-03-24 09:36:24.149] RadarControl.OnPaint[43] ENTER width=743 height=743 targets=2 range=39,1
[2026-03-24 09:36:24.164] RadarControl.OnPaint[43] DrawRangeRings
[2026-03-24 09:36:24.166] RadarControl.OnPaint[43] DrawGrid
[2026-03-24 09:36:24.167] RadarControl.OnPaint[43] DrawTracks
[2026-03-24 09:36:24.167] RadarControl.OnPaint[43] DrawTargets begin
[2026-03-24 09:36:24.167] RadarControl.OnPaint[43] DrawTargets end
[2026-03-24 09:36:24.168] RadarControl.OnPaint[43] DrawCenter
[2026-03-24 09:36:24.168] RadarControl.OnPaint[43] EXIT ok
[2026-03-24 09:36:24.916] RadarControl.SetTargets: count=2, selected=none
[2026-03-24 09:36:24.927] RadarControl.OnPaint[44] ENTER width=743 height=743 targets=2 range=48,8
[2026-03-24 09:36:24.943] RadarControl.OnPaint[44] DrawRangeRings
[2026-03-24 09:36:24.944] RadarControl.OnPaint[44] DrawGrid
[2026-03-24 09:36:24.945] RadarControl.OnPaint[44] DrawTracks
[2026-03-24 09:36:24.945] RadarControl.OnPaint[44] DrawTargets begin
[2026-03-24 09:36:24.946] RadarControl.OnPaint[44] DrawTargets end
[2026-03-24 09:36:24.946] RadarControl.OnPaint[44] DrawCenter
[2026-03-24 09:36:24.946] RadarControl.OnPaint[44] EXIT ok
[2026-03-24 09:36:25.037] RadarControl.SetTargets: count=2, selected=none
[2026-03-24 09:36:25.049] RadarControl.OnPaint[45] ENTER width=743 height=743 targets=2 range=61,0
[2026-03-24 09:36:25.065] RadarControl.OnPaint[45] DrawRangeRings
[2026-03-24 09:36:25.066] RadarControl.OnPaint[45] DrawGrid
[2026-03-24 09:36:25.066] RadarControl.OnPaint[45] DrawTracks
[2026-03-24 09:36:25.066] RadarControl.OnPaint[45] DrawTargets begin
[2026-03-24 09:36:25.067] RadarControl.OnPaint[45] DrawTargets end
[2026-03-24 09:36:25.067] RadarControl.OnPaint[45] DrawCenter
[2026-03-24 09:36:25.067] RadarControl.OnPaint[45] EXIT ok
[2026-03-24 09:36:25.102] RadarControl.SetTargets: count=2, selected=none
[2026-03-24 09:36:25.113] RadarControl.OnPaint[46] ENTER width=743 height=743 targets=2 range=61,0
[2026-03-24 09:36:25.128] RadarControl.OnPaint[46] DrawRangeRings
[2026-03-24 09:36:25.129] RadarControl.OnPaint[46] DrawGrid
[2026-03-24 09:36:25.130] RadarControl.OnPaint[46] DrawTracks
[2026-03-24 09:36:25.130] RadarControl.OnPaint[46] DrawTargets begin
[2026-03-24 09:36:25.130] RadarControl.OnPaint[46] DrawTargets end
[2026-03-24 09:36:25.131] RadarControl.OnPaint[46] DrawCenter
[2026-03-24 09:36:25.131] RadarControl.OnPaint[46] EXIT ok
[2026-03-24 09:36:25.993] RadarControl.SetTargets: count=2, selected=none
[2026-03-24 09:36:26.008] RadarControl.OnPaint[47] ENTER width=743 height=743 targets=2 range=76,3
[2026-03-24 09:36:26.022] RadarControl.OnPaint[47] DrawRangeRings
[2026-03-24 09:36:26.023] RadarControl.OnPaint[47] DrawGrid
[2026-03-24 09:36:26.023] RadarControl.OnPaint[47] DrawTracks
[2026-03-24 09:36:26.024] RadarControl.OnPaint[47] DrawTargets begin
[2026-03-24 09:36:26.024] RadarControl.OnPaint[47] DrawTargets end
[2026-03-24 09:36:26.025] RadarControl.OnPaint[47] DrawCenter
[2026-03-24 09:36:26.025] RadarControl.OnPaint[47] EXIT ok
[2026-03-24 09:36:26.085] RadarControl.SetTargets: count=2, selected=none
[2026-03-24 09:36:26.096] RadarControl.OnPaint[48] ENTER width=743 height=743 targets=2 range=76,3
[2026-03-24 09:36:26.111] RadarControl.OnPaint[48] DrawRangeRings
[2026-03-24 09:36:26.112] RadarControl.OnPaint[48] DrawGrid
[2026-03-24 09:36:26.113] RadarControl.OnPaint[48] DrawTracks
[2026-03-24 09:36:26.113] RadarControl.OnPaint[48] DrawTargets begin
[2026-03-24 09:36:26.113] RadarControl.OnPaint[48] DrawTargets end
[2026-03-24 09:36:26.114] RadarControl.OnPaint[48] DrawCenter
[2026-03-24 09:36:26.114] RadarControl.OnPaint[48] EXIT ok
[2026-03-24 09:36:27.103] RadarControl.SetTargets: count=2, selected=none
[2026-03-24 09:36:27.114] RadarControl.OnPaint[49] ENTER width=743 height=743 targets=2 range=76,3
[2026-03-24 09:36:27.129] RadarControl.OnPaint[49] DrawRangeRings
[2026-03-24 09:36:27.130] RadarControl.OnPaint[49] DrawGrid
[2026-03-24 09:36:27.131] RadarControl.OnPaint[49] DrawTracks
[2026-03-24 09:36:27.131] RadarControl.OnPaint[49] DrawTargets begin
[2026-03-24 09:36:27.131] RadarControl.OnPaint[49] DrawTargets end
[2026-03-24 09:36:27.132] RadarControl.OnPaint[49] DrawCenter
[2026-03-24 09:36:27.132] RadarControl.OnPaint[49] EXIT ok
[2026-03-24 09:36:27.258] RadarControl.SetTargets: count=2, selected=none
[2026-03-24 09:36:27.270] RadarControl.OnPaint[50] ENTER width=743 height=743 targets=2 range=95,4
[2026-03-24 09:36:27.283] RadarControl.OnPaint[50] DrawRangeRings
[2026-03-24 09:36:27.283] RadarControl.OnPaint[50] DrawGrid
[2026-03-24 09:36:27.285] RadarControl.OnPaint[50] DrawTracks
[2026-03-24 09:36:27.285] RadarControl.OnPaint[50] DrawTargets begin
[2026-03-24 09:36:27.285] RadarControl.OnPaint[50] DrawTargets end
[2026-03-24 09:36:27.286] RadarControl.OnPaint[50] DrawCenter
[2026-03-24 09:36:27.286] RadarControl.OnPaint[50] EXIT ok
[2026-03-24 09:36:28.115] RadarControl.SetTargets: count=2, selected=none
[2026-03-24 09:36:28.125] RadarControl.OnPaint[51] ENTER width=743 height=743 targets=2 range=95,4
[2026-03-24 09:36:28.139] RadarControl.OnPaint[51] DrawRangeRings
[2026-03-24 09:36:28.140] RadarControl.OnPaint[51] DrawGrid
[2026-03-24 09:36:28.140] RadarControl.OnPaint[51] DrawTracks
[2026-03-24 09:36:28.141] RadarControl.OnPaint[51] DrawTargets begin
[2026-03-24 09:36:28.141] RadarControl.OnPaint[51] DrawTargets end
[2026-03-24 09:36:28.141] RadarControl.OnPaint[51] DrawCenter
[2026-03-24 09:36:28.142] RadarControl.OnPaint[51] EXIT ok
[2026-03-24 09:36:29.090] RadarControl.SetTargets: count=2, selected=none
[2026-03-24 09:36:29.101] RadarControl.OnPaint[52] ENTER width=743 height=743 targets=2 range=76,3
[2026-03-24 09:36:29.116] RadarControl.OnPaint[52] DrawRangeRings
[2026-03-24 09:36:29.117] RadarControl.OnPaint[52] DrawGrid
[2026-03-24 09:36:29.118] RadarControl.OnPaint[52] DrawTracks
[2026-03-24 09:36:29.118] RadarControl.OnPaint[52] DrawTargets begin
[2026-03-24 09:36:29.118] RadarControl.OnPaint[52] DrawTargets end
[2026-03-24 09:36:29.119] RadarControl.OnPaint[52] DrawCenter
[2026-03-24 09:36:29.119] RadarControl.OnPaint[52] EXIT ok
[2026-03-24 09:36:29.154] RadarControl.SetTargets: count=2, selected=none
[2026-03-24 09:36:29.166] RadarControl.OnPaint[53] ENTER width=743 height=743 targets=2 range=76,3
[2026-03-24 09:36:29.179] RadarControl.OnPaint[53] DrawRangeRings
[2026-03-24 09:36:29.180] RadarControl.OnPaint[53] DrawGrid
[2026-03-24 09:36:29.180] RadarControl.OnPaint[53] DrawTracks
[2026-03-24 09:36:29.181] RadarControl.OnPaint[53] DrawTargets begin
[2026-03-24 09:36:29.181] RadarControl.OnPaint[53] DrawTargets end
[2026-03-24 09:36:29.182] RadarControl.OnPaint[53] DrawCenter
[2026-03-24 09:36:29.182] RadarControl.OnPaint[53] EXIT ok
[2026-03-24 09:36:30.166] RadarControl.SetTargets: count=2, selected=none
[2026-03-24 09:36:30.177] RadarControl.OnPaint[54] ENTER width=743 height=743 targets=2 range=76,3
[2026-03-24 09:36:30.191] RadarControl.OnPaint[54] DrawRangeRings
[2026-03-24 09:36:30.192] RadarControl.OnPaint[54] DrawGrid
[2026-03-24 09:36:30.193] RadarControl.OnPaint[54] DrawTracks
[2026-03-24 09:36:30.193] RadarControl.OnPaint[54] DrawTargets begin
[2026-03-24 09:36:30.196] RadarControl.OnPaint[54] DrawTargets end
[2026-03-24 09:36:30.196] RadarControl.OnPaint[54] DrawCenter
[2026-03-24 09:36:30.196] RadarControl.OnPaint[54] EXIT ok
[2026-03-24 09:36:30.738] RadarControl.SetTargets: count=2, selected=none
[2026-03-24 09:36:30.749] RadarControl.OnPaint[55] ENTER width=743 height=743 targets=2 range=61,0
[2026-03-24 09:36:30.763] RadarControl.OnPaint[55] DrawRangeRings
[2026-03-24 09:36:30.764] RadarControl.OnPaint[55] DrawGrid
[2026-03-24 09:36:30.764] RadarControl.OnPaint[55] DrawTracks
[2026-03-24 09:36:30.764] RadarControl.OnPaint[55] DrawTargets begin
[2026-03-24 09:36:30.764] RadarControl.OnPaint[55] DrawTargets end
[2026-03-24 09:36:30.765] RadarControl.OnPaint[55] DrawCenter
[2026-03-24 09:36:30.765] RadarControl.OnPaint[55] EXIT ok
[2026-03-24 09:36:31.192] RadarControl.SetTargets: count=2, selected=none
[2026-03-24 09:36:31.213] RadarControl.OnPaint[56] ENTER width=743 height=743 targets=2 range=61,0
[2026-03-24 09:36:31.228] RadarControl.OnPaint[56] DrawRangeRings
[2026-03-24 09:36:31.229] RadarControl.OnPaint[56] DrawGrid
[2026-03-24 09:36:31.230] RadarControl.OnPaint[56] DrawTracks
[2026-03-24 09:36:31.230] RadarControl.OnPaint[56] DrawTargets begin
[2026-03-24 09:36:31.231] RadarControl.OnPaint[56] DrawTargets end
[2026-03-24 09:36:31.231] RadarControl.OnPaint[56] DrawCenter
[2026-03-24 09:36:31.231] RadarControl.OnPaint[56] EXIT ok
[2026-03-24 09:36:32.216] RadarControl.SetTargets: count=2, selected=none
[2026-03-24 09:36:32.227] RadarControl.OnPaint[57] ENTER width=743 height=743 targets=2 range=61,0
[2026-03-24 09:36:32.241] RadarControl.OnPaint[57] DrawRangeRings
[2026-03-24 09:36:32.242] RadarControl.OnPaint[57] DrawGrid
[2026-03-24 09:36:32.242] RadarControl.OnPaint[57] DrawTracks
[2026-03-24 09:36:32.243] RadarControl.OnPaint[57] DrawTargets begin
[2026-03-24 09:36:32.243] RadarControl.OnPaint[57] DrawTargets end
[2026-03-24 09:36:32.243] RadarControl.OnPaint[57] DrawCenter
[2026-03-24 09:36:32.243] RadarControl.OnPaint[57] EXIT ok
[2026-03-24 09:36:33.209] RadarControl.SetTargets: count=1, selected=none
[2026-03-24 09:36:33.221] RadarControl.OnPaint[58] ENTER width=743 height=743 targets=1 range=61,0
[2026-03-24 09:36:33.234] RadarControl.OnPaint[58] DrawRangeRings
[2026-03-24 09:36:33.236] RadarControl.OnPaint[58] DrawGrid
[2026-03-24 09:36:33.236] RadarControl.OnPaint[58] DrawTracks
[2026-03-24 09:36:33.236] RadarControl.OnPaint[58] DrawTargets begin
[2026-03-24 09:36:33.237] RadarControl.OnPaint[58] DrawTargets end
[2026-03-24 09:36:33.237] RadarControl.OnPaint[58] DrawCenter
[2026-03-24 09:36:33.237] RadarControl.OnPaint[58] EXIT ok
[2026-03-24 09:36:33.869] RadarControl.SetTargets: count=1, selected=none
[2026-03-24 09:36:33.879] RadarControl.OnPaint[59] ENTER width=743 height=743 targets=1 range=48,8
[2026-03-24 09:36:33.893] RadarControl.OnPaint[59] DrawRangeRings
[2026-03-24 09:36:33.894] RadarControl.OnPaint[59] DrawGrid
[2026-03-24 09:36:33.894] RadarControl.OnPaint[59] DrawTracks
[2026-03-24 09:36:33.894] RadarControl.OnPaint[59] DrawTargets begin
[2026-03-24 09:36:33.895] RadarControl.OnPaint[59] DrawTargets end
[2026-03-24 09:36:33.895] RadarControl.OnPaint[59] DrawCenter
[2026-03-24 09:36:33.895] RadarControl.OnPaint[59] EXIT ok
[2026-03-24 09:36:34.211] RadarControl.SetTargets: count=1, selected=none
[2026-03-24 09:36:34.222] RadarControl.OnPaint[60] ENTER width=743 height=743 targets=1 range=48,8
[2026-03-24 09:36:34.236] RadarControl.OnPaint[60] DrawRangeRings
[2026-03-24 09:36:34.238] RadarControl.OnPaint[60] DrawGrid
[2026-03-24 09:36:34.238] RadarControl.OnPaint[60] DrawTracks
[2026-03-24 09:36:34.238] RadarControl.OnPaint[60] DrawTargets begin
[2026-03-24 09:36:34.239] RadarControl.OnPaint[60] DrawTargets end
[2026-03-24 09:36:34.239] RadarControl.OnPaint[60] DrawCenter
[2026-03-24 09:36:34.239] RadarControl.OnPaint[60] EXIT ok
[2026-03-24 09:36:35.077] RadarControl.SetTargets: count=1, selected=none
[2026-03-24 09:36:35.088] RadarControl.OnPaint[61] ENTER width=743 height=743 targets=1 range=39,1
[2026-03-24 09:36:35.102] RadarControl.OnPaint[61] DrawRangeRings
[2026-03-24 09:36:35.103] RadarControl.OnPaint[61] DrawGrid
[2026-03-24 09:36:35.103] RadarControl.OnPaint[61] DrawTracks
[2026-03-24 09:36:35.103] RadarControl.OnPaint[61] DrawTargets begin
[2026-03-24 09:36:35.103] RadarControl.OnPaint[61] DrawTargets end
[2026-03-24 09:36:35.103] RadarControl.OnPaint[61] DrawCenter
[2026-03-24 09:36:35.103] RadarControl.OnPaint[61] EXIT ok
[2026-03-24 09:36:35.208] RadarControl.SetTargets: count=1, selected=none
[2026-03-24 09:36:35.219] RadarControl.SetTargets: count=1, selected=none
[2026-03-24 09:36:35.229] RadarControl.OnPaint[62] ENTER width=743 height=743 targets=1 range=31,3
[2026-03-24 09:36:35.243] RadarControl.OnPaint[62] DrawRangeRings
[2026-03-24 09:36:35.244] RadarControl.OnPaint[62] DrawGrid
[2026-03-24 09:36:35.244] RadarControl.OnPaint[62] DrawTracks
[2026-03-24 09:36:35.244] RadarControl.OnPaint[62] DrawTargets begin
[2026-03-24 09:36:35.246] RadarControl.OnPaint[62] DrawTargets end
[2026-03-24 09:36:35.246] RadarControl.OnPaint[62] DrawCenter
[2026-03-24 09:36:35.246] RadarControl.OnPaint[62] EXIT ok
[2026-03-24 09:36:36.249] RadarControl.SetTargets: count=1, selected=none
[2026-03-24 09:36:36.260] RadarControl.OnPaint[63] ENTER width=743 height=743 targets=1 range=31,3
[2026-03-24 09:36:36.273] RadarControl.OnPaint[63] DrawRangeRings
[2026-03-24 09:36:36.275] RadarControl.OnPaint[63] DrawGrid
[2026-03-24 09:36:36.275] RadarControl.OnPaint[63] DrawTracks
[2026-03-24 09:36:36.276] RadarControl.OnPaint[63] DrawTargets begin
[2026-03-24 09:36:36.276] RadarControl.OnPaint[63] DrawTargets end
[2026-03-24 09:36:36.276] RadarControl.OnPaint[63] DrawCenter
[2026-03-24 09:36:36.277] RadarControl.OnPaint[63] EXIT ok
[2026-03-24 09:36:37.256] RadarControl.SetTargets: count=1, selected=none
[2026-03-24 09:36:37.268] RadarControl.OnPaint[64] ENTER width=743 height=743 targets=1 range=31,3
[2026-03-24 09:36:37.282] RadarControl.OnPaint[64] DrawRangeRings
[2026-03-24 09:36:37.283] RadarControl.OnPaint[64] DrawGrid
[2026-03-24 09:36:37.284] RadarControl.OnPaint[64] DrawTracks
[2026-03-24 09:36:37.284] RadarControl.OnPaint[64] DrawTargets begin
[2026-03-24 09:36:37.284] RadarControl.OnPaint[64] DrawTargets end
[2026-03-24 09:36:37.284] RadarControl.OnPaint[64] DrawCenter
[2026-03-24 09:36:37.285] RadarControl.OnPaint[64] EXIT ok
[2026-03-24 09:36:38.261] RadarControl.SetTargets: count=1, selected=none
[2026-03-24 09:36:38.273] RadarControl.OnPaint[65] ENTER width=743 height=743 targets=1 range=31,3
[2026-03-24 09:36:38.291] RadarControl.OnPaint[65] DrawRangeRings
[2026-03-24 09:36:38.292] RadarControl.OnPaint[65] DrawGrid
[2026-03-24 09:36:38.293] RadarControl.OnPaint[65] DrawTracks
[2026-03-24 09:36:38.293] RadarControl.OnPaint[65] DrawTargets begin
[2026-03-24 09:36:38.293] RadarControl.OnPaint[65] DrawTargets end
[2026-03-24 09:36:38.293] RadarControl.OnPaint[65] DrawCenter
[2026-03-24 09:36:38.293] RadarControl.OnPaint[65] EXIT ok
[2026-03-24 09:36:39.255] RadarControl.SetTargets: count=1, selected=none
[2026-03-24 09:36:39.268] RadarControl.OnPaint[66] ENTER width=743 height=743 targets=1 range=31,3
[2026-03-24 09:36:39.283] RadarControl.OnPaint[66] DrawRangeRings
[2026-03-24 09:36:39.285] RadarControl.OnPaint[66] DrawGrid
[2026-03-24 09:36:39.286] RadarControl.OnPaint[66] DrawTracks
[2026-03-24 09:36:39.286] RadarControl.OnPaint[66] DrawTargets begin
[2026-03-24 09:36:39.286] RadarControl.OnPaint[66] DrawTargets end
[2026-03-24 09:36:39.287] RadarControl.OnPaint[66] DrawCenter
[2026-03-24 09:36:39.287] RadarControl.OnPaint[66] EXIT ok
[2026-03-24 09:36:40.287] RadarControl.SetTargets: count=1, selected=none
[2026-03-24 09:36:40.298] RadarControl.OnPaint[67] ENTER width=743 height=743 targets=1 range=31,3
[2026-03-24 09:36:40.312] RadarControl.OnPaint[67] DrawRangeRings
[2026-03-24 09:36:40.313] RadarControl.OnPaint[67] DrawGrid
[2026-03-24 09:36:40.313] RadarControl.OnPaint[67] DrawTracks
[2026-03-24 09:36:40.313] RadarControl.OnPaint[67] DrawTargets begin
[2026-03-24 09:36:40.314] RadarControl.OnPaint[67] DrawTargets end
[2026-03-24 09:36:40.314] RadarControl.OnPaint[67] DrawCenter
[2026-03-24 09:36:40.314] RadarControl.OnPaint[67] EXIT ok
[2026-03-24 09:36:41.137] RadarControl.SetTargets: count=1, selected=none
[2026-03-24 09:36:41.149] RadarControl.OnPaint[68] ENTER width=743 height=743 targets=1 range=25,0
[2026-03-24 09:36:41.163] RadarControl.OnPaint[68] DrawRangeRings
[2026-03-24 09:36:41.164] RadarControl.OnPaint[68] DrawGrid
[2026-03-24 09:36:41.164] RadarControl.OnPaint[68] DrawTracks
[2026-03-24 09:36:41.164] RadarControl.OnPaint[68] DrawTargets begin
[2026-03-24 09:36:41.166] RadarControl.OnPaint[68] DrawTargets end
[2026-03-24 09:36:41.166] RadarControl.OnPaint[68] DrawCenter
[2026-03-24 09:36:41.166] RadarControl.OnPaint[68] EXIT ok
[2026-03-24 09:36:41.359] RadarControl.SetTargets: count=1, selected=none
[2026-03-24 09:36:41.371] RadarControl.OnPaint[69] ENTER width=743 height=743 targets=1 range=25,0
[2026-03-24 09:36:41.386] RadarControl.OnPaint[69] DrawRangeRings
[2026-03-24 09:36:41.387] RadarControl.OnPaint[69] DrawGrid
[2026-03-24 09:36:41.388] RadarControl.OnPaint[69] DrawTracks
[2026-03-24 09:36:41.388] RadarControl.OnPaint[69] DrawTargets begin
[2026-03-24 09:36:41.388] RadarControl.OnPaint[69] DrawTargets end
[2026-03-24 09:36:41.388] RadarControl.OnPaint[69] DrawCenter
[2026-03-24 09:36:41.389] RadarControl.OnPaint[69] EXIT ok
[2026-03-24 09:36:42.411] RadarControl.SetTargets: count=1, selected=none
[2026-03-24 09:36:42.422] RadarControl.OnPaint[70] ENTER width=743 height=743 targets=1 range=25,0
[2026-03-24 09:36:42.436] RadarControl.OnPaint[70] DrawRangeRings
[2026-03-24 09:36:42.437] RadarControl.OnPaint[70] DrawGrid
[2026-03-24 09:36:42.437] RadarControl.OnPaint[70] DrawTracks
[2026-03-24 09:36:42.438] RadarControl.OnPaint[70] DrawTargets begin
[2026-03-24 09:36:42.438] RadarControl.OnPaint[70] DrawTargets end
[2026-03-24 09:36:42.438] RadarControl.OnPaint[70] DrawCenter
[2026-03-24 09:36:42.439] RadarControl.OnPaint[70] EXIT ok
[2026-03-24 09:36:43.403] RadarControl.SetTargets: count=1, selected=none
[2026-03-24 09:36:43.415] RadarControl.OnPaint[71] ENTER width=743 height=743 targets=1 range=25,0
[2026-03-24 09:36:43.429] RadarControl.OnPaint[71] DrawRangeRings
[2026-03-24 09:36:43.430] RadarControl.OnPaint[71] DrawGrid
[2026-03-24 09:36:43.431] RadarControl.OnPaint[71] DrawTracks
[2026-03-24 09:36:43.431] RadarControl.OnPaint[71] DrawTargets begin
[2026-03-24 09:36:43.432] RadarControl.OnPaint[71] DrawTargets end
[2026-03-24 09:36:43.432] RadarControl.OnPaint[71] DrawCenter
[2026-03-24 09:36:43.432] RadarControl.OnPaint[71] EXIT ok
[2026-03-24 09:36:44.520] RadarControl.SetTargets: count=1, selected=none
[2026-03-24 09:36:44.531] RadarControl.OnPaint[72] ENTER width=743 height=743 targets=1 range=25,0
[2026-03-24 09:36:44.545] RadarControl.OnPaint[72] DrawRangeRings
[2026-03-24 09:36:44.546] RadarControl.OnPaint[72] DrawGrid
[2026-03-24 09:36:44.547] RadarControl.OnPaint[72] DrawTracks
[2026-03-24 09:36:44.547] RadarControl.OnPaint[72] DrawTargets begin
[2026-03-24 09:36:44.547] RadarControl.OnPaint[72] DrawTargets end
[2026-03-24 09:36:44.547] RadarControl.OnPaint[72] DrawCenter
[2026-03-24 09:36:44.548] RadarControl.OnPaint[72] EXIT ok
[2026-03-24 09:36:45.535] RadarControl.SetTargets: count=1, selected=none
[2026-03-24 09:36:45.546] RadarControl.OnPaint[73] ENTER width=743 height=743 targets=1 range=25,0
[2026-03-24 09:36:45.559] RadarControl.OnPaint[73] DrawRangeRings
[2026-03-24 09:36:45.560] RadarControl.OnPaint[73] DrawGrid
[2026-03-24 09:36:45.561] RadarControl.OnPaint[73] DrawTracks
[2026-03-24 09:36:45.561] RadarControl.OnPaint[73] DrawTargets begin
[2026-03-24 09:36:45.561] RadarControl.OnPaint[73] DrawTargets end
[2026-03-24 09:36:45.562] RadarControl.OnPaint[73] DrawCenter
[2026-03-24 09:36:45.562] RadarControl.OnPaint[73] EXIT ok
[2026-03-24 09:36:45.669] RadarControl.SetTargets: count=1, selected=none
[2026-03-24 09:36:45.679] RadarControl.OnPaint[74] ENTER width=743 height=743 targets=1 range=20,0
[2026-03-24 09:36:45.693] RadarControl.OnPaint[74] DrawRangeRings
[2026-03-24 09:36:45.693] RadarControl.OnPaint[74] DrawGrid
[2026-03-24 09:36:45.694] RadarControl.OnPaint[74] DrawTracks
[2026-03-24 09:36:45.694] RadarControl.OnPaint[74] DrawTargets begin
[2026-03-24 09:36:45.694] RadarControl.OnPaint[74] DrawTargets end
[2026-03-24 09:36:45.694] RadarControl.OnPaint[74] DrawCenter
[2026-03-24 09:36:45.695] RadarControl.OnPaint[74] EXIT ok
[2026-03-24 09:36:46.535] RadarControl.SetTargets: count=1, selected=none
[2026-03-24 09:36:46.545] RadarControl.OnPaint[75] ENTER width=743 height=743 targets=1 range=20,0
[2026-03-24 09:36:46.559] RadarControl.OnPaint[75] DrawRangeRings
[2026-03-24 09:36:46.560] RadarControl.OnPaint[75] DrawGrid
[2026-03-24 09:36:46.560] RadarControl.OnPaint[75] DrawTracks
[2026-03-24 09:36:46.560] RadarControl.OnPaint[75] DrawTargets begin
[2026-03-24 09:36:46.561] RadarControl.OnPaint[75] DrawTargets end
[2026-03-24 09:36:46.561] RadarControl.OnPaint[75] DrawCenter
[2026-03-24 09:36:46.561] RadarControl.OnPaint[75] EXIT ok
[2026-03-24 09:36:47.536] RadarControl.SetTargets: count=1, selected=none
[2026-03-24 09:36:47.547] RadarControl.OnPaint[76] ENTER width=743 height=743 targets=1 range=20,0
[2026-03-24 09:36:47.561] RadarControl.OnPaint[76] DrawRangeRings
[2026-03-24 09:36:47.562] RadarControl.OnPaint[76] DrawGrid
[2026-03-24 09:36:47.563] RadarControl.OnPaint[76] DrawTracks
[2026-03-24 09:36:47.563] RadarControl.OnPaint[76] DrawTargets begin
[2026-03-24 09:36:47.563] RadarControl.OnPaint[76] DrawTargets end
[2026-03-24 09:36:47.563] RadarControl.OnPaint[76] DrawCenter
[2026-03-24 09:36:47.564] RadarControl.OnPaint[76] EXIT ok
[2026-03-24 09:36:48.536] RadarControl.SetTargets: count=2, selected=none
[2026-03-24 09:36:48.547] RadarControl.OnPaint[77] ENTER width=743 height=743 targets=2 range=20,0
[2026-03-24 09:36:48.561] RadarControl.OnPaint[77] DrawRangeRings
[2026-03-24 09:36:48.562] RadarControl.OnPaint[77] DrawGrid
[2026-03-24 09:36:48.563] RadarControl.OnPaint[77] DrawTracks
[2026-03-24 09:36:48.563] RadarControl.OnPaint[77] DrawTargets begin
[2026-03-24 09:36:48.563] RadarControl.OnPaint[77] DrawTargets end
[2026-03-24 09:36:48.563] RadarControl.OnPaint[77] DrawCenter
[2026-03-24 09:36:48.564] RadarControl.OnPaint[77] EXIT ok
[2026-03-24 09:36:49.554] RadarControl.SetTargets: count=2, selected=none
[2026-03-24 09:36:49.566] RadarControl.OnPaint[78] ENTER width=743 height=743 targets=2 range=20,0
[2026-03-24 09:36:49.579] RadarControl.OnPaint[78] DrawRangeRings
[2026-03-24 09:36:49.580] RadarControl.OnPaint[78] DrawGrid
[2026-03-24 09:36:49.580] RadarControl.OnPaint[78] DrawTracks
[2026-03-24 09:36:49.581] RadarControl.OnPaint[78] DrawTargets begin
[2026-03-24 09:36:49.581] RadarControl.OnPaint[78] DrawTargets end
[2026-03-24 09:36:49.582] RadarControl.OnPaint[78] DrawCenter
[2026-03-24 09:36:49.582] RadarControl.OnPaint[78] EXIT ok
[2026-03-24 09:36:50.568] RadarControl.SetTargets: count=2, selected=none
[2026-03-24 09:36:50.579] RadarControl.OnPaint[79] ENTER width=743 height=743 targets=2 range=20,0
[2026-03-24 09:36:50.594] RadarControl.OnPaint[79] DrawRangeRings
[2026-03-24 09:36:50.595] RadarControl.OnPaint[79] DrawGrid
[2026-03-24 09:36:50.595] RadarControl.OnPaint[79] DrawTracks
[2026-03-24 09:36:50.596] RadarControl.OnPaint[79] DrawTargets begin
[2026-03-24 09:36:50.596] RadarControl.OnPaint[79] DrawTargets end
[2026-03-24 09:36:50.596] RadarControl.OnPaint[79] DrawCenter
[2026-03-24 09:36:50.597] RadarControl.OnPaint[79] EXIT ok
[2026-03-24 09:36:51.579] RadarControl.SetTargets: count=2, selected=none
[2026-03-24 09:36:51.593] RadarControl.OnPaint[80] ENTER width=743 height=743 targets=2 range=20,0
[2026-03-24 09:36:51.607] RadarControl.OnPaint[80] DrawRangeRings
[2026-03-24 09:36:51.608] RadarControl.OnPaint[80] DrawGrid
[2026-03-24 09:36:51.608] RadarControl.OnPaint[80] DrawTracks
[2026-03-24 09:36:51.609] RadarControl.OnPaint[80] DrawTargets begin
[2026-03-24 09:36:51.609] RadarControl.OnPaint[80] DrawTargets end
[2026-03-24 09:36:51.609] RadarControl.OnPaint[80] DrawCenter
[2026-03-24 09:36:51.610] RadarControl.OnPaint[80] EXIT ok
[2026-03-24 09:36:52.604] RadarControl.SetTargets: count=2, selected=none
[2026-03-24 09:36:52.616] RadarControl.OnPaint[81] ENTER width=743 height=743 targets=2 range=20,0
[2026-03-24 09:36:52.630] RadarControl.OnPaint[81] DrawRangeRings
[2026-03-24 09:36:52.632] RadarControl.OnPaint[81] DrawGrid
[2026-03-24 09:36:52.633] RadarControl.OnPaint[81] DrawTracks
[2026-03-24 09:36:52.633] RadarControl.OnPaint[81] DrawTargets begin
[2026-03-24 09:36:52.634] RadarControl.OnPaint[81] DrawTargets end
[2026-03-24 09:36:52.634] RadarControl.OnPaint[81] DrawCenter
[2026-03-24 09:36:52.634] RadarControl.OnPaint[81] EXIT ok
[2026-03-24 09:36:53.623] RadarControl.SetTargets: count=1, selected=none
[2026-03-24 09:36:53.634] RadarControl.OnPaint[82] ENTER width=743 height=743 targets=1 range=20,0
[2026-03-24 09:36:53.647] RadarControl.OnPaint[82] DrawRangeRings
[2026-03-24 09:36:53.649] RadarControl.OnPaint[82] DrawGrid
[2026-03-24 09:36:53.649] RadarControl.OnPaint[82] DrawTracks
[2026-03-24 09:36:53.650] RadarControl.OnPaint[82] DrawTargets begin
[2026-03-24 09:36:53.650] RadarControl.OnPaint[82] DrawTargets end
[2026-03-24 09:36:53.650] RadarControl.OnPaint[82] DrawCenter
[2026-03-24 09:36:53.651] RadarControl.OnPaint[82] EXIT ok
[2026-03-24 09:36:54.662] RadarControl.SetTargets: count=1, selected=none
[2026-03-24 09:36:54.673] RadarControl.OnPaint[83] ENTER width=743 height=743 targets=1 range=20,0
[2026-03-24 09:36:54.687] RadarControl.OnPaint[83] DrawRangeRings
[2026-03-24 09:36:54.688] RadarControl.OnPaint[83] DrawGrid
[2026-03-24 09:36:54.689] RadarControl.OnPaint[83] DrawTracks
[2026-03-24 09:36:54.689] RadarControl.OnPaint[83] DrawTargets begin
[2026-03-24 09:36:54.690] RadarControl.OnPaint[83] DrawTargets end
[2026-03-24 09:36:54.690] RadarControl.OnPaint[83] DrawCenter
[2026-03-24 09:36:54.690] RadarControl.OnPaint[83] EXIT ok
[2026-03-24 09:36:54.779] RadarControl.SetTargets: count=1, selected=none
[2026-03-24 09:36:54.790] RadarControl.OnPaint[84] ENTER width=743 height=743 targets=1 range=25,0
[2026-03-24 09:36:54.803] RadarControl.OnPaint[84] DrawRangeRings
[2026-03-24 09:36:54.804] RadarControl.OnPaint[84] DrawGrid
[2026-03-24 09:36:54.805] RadarControl.OnPaint[84] DrawTracks
[2026-03-24 09:36:54.805] RadarControl.OnPaint[84] DrawTargets begin
[2026-03-24 09:36:54.805] RadarControl.OnPaint[84] DrawTargets end
[2026-03-24 09:36:54.806] RadarControl.OnPaint[84] DrawCenter
[2026-03-24 09:36:54.806] RadarControl.OnPaint[84] EXIT ok
[2026-03-24 09:36:55.666] RadarControl.SetTargets: count=1, selected=none
[2026-03-24 09:36:55.678] RadarControl.OnPaint[85] ENTER width=743 height=743 targets=1 range=25,0
[2026-03-24 09:36:55.693] RadarControl.OnPaint[85] DrawRangeRings
[2026-03-24 09:36:55.694] RadarControl.OnPaint[85] DrawGrid
[2026-03-24 09:36:55.694] RadarControl.OnPaint[85] DrawTracks
[2026-03-24 09:36:55.695] RadarControl.OnPaint[85] DrawTargets begin
[2026-03-24 09:36:55.695] RadarControl.OnPaint[85] DrawTargets end
[2026-03-24 09:36:55.695] RadarControl.OnPaint[85] DrawCenter
[2026-03-24 09:36:55.696] RadarControl.OnPaint[85] EXIT ok
[2026-03-24 09:36:56.815] RadarControl.SetTargets: count=1, selected=none
[2026-03-24 09:36:56.827] RadarControl.OnPaint[86] ENTER width=743 height=743 targets=1 range=25,0
[2026-03-24 09:36:56.840] RadarControl.OnPaint[86] DrawRangeRings
[2026-03-24 09:36:56.841] RadarControl.OnPaint[86] DrawGrid
[2026-03-24 09:36:56.842] RadarControl.OnPaint[86] DrawTracks
[2026-03-24 09:36:56.842] RadarControl.OnPaint[86] DrawTargets begin
[2026-03-24 09:36:56.842] RadarControl.OnPaint[86] DrawTargets end
[2026-03-24 09:36:56.842] RadarControl.OnPaint[86] DrawCenter
[2026-03-24 09:36:56.843] RadarControl.OnPaint[86] EXIT ok
[2026-03-24 09:36:57.816] RadarControl.SetTargets: count=1, selected=none
[2026-03-24 09:36:57.827] RadarControl.OnPaint[87] ENTER width=743 height=743 targets=1 range=25,0
[2026-03-24 09:36:57.842] RadarControl.OnPaint[87] DrawRangeRings
[2026-03-24 09:36:57.843] RadarControl.OnPaint[87] DrawGrid
[2026-03-24 09:36:57.843] RadarControl.OnPaint[87] DrawTracks
[2026-03-24 09:36:57.843] RadarControl.OnPaint[87] DrawTargets begin
[2026-03-24 09:36:57.843] RadarControl.OnPaint[87] DrawTargets end
[2026-03-24 09:36:57.843] RadarControl.OnPaint[87] DrawCenter
[2026-03-24 09:36:57.844] RadarControl.OnPaint[87] EXIT ok
[2026-03-24 09:36:58.823] RadarControl.SetTargets: count=1, selected=none
[2026-03-24 09:36:58.835] RadarControl.OnPaint[88] ENTER width=743 height=743 targets=1 range=25,0
[2026-03-24 09:36:58.852] RadarControl.OnPaint[88] DrawRangeRings
[2026-03-24 09:36:58.853] RadarControl.OnPaint[88] DrawGrid
[2026-03-24 09:36:58.853] RadarControl.OnPaint[88] DrawTracks
[2026-03-24 09:36:58.853] RadarControl.OnPaint[88] DrawTargets begin
[2026-03-24 09:36:58.854] RadarControl.OnPaint[88] DrawTargets end
[2026-03-24 09:36:58.854] RadarControl.OnPaint[88] DrawCenter
[2026-03-24 09:36:58.855] RadarControl.OnPaint[88] EXIT ok
[2026-03-24 09:36:59.831] RadarControl.SetTargets: count=1, selected=none
[2026-03-24 09:36:59.842] RadarControl.OnPaint[89] ENTER width=743 height=743 targets=1 range=25,0
[2026-03-24 09:36:59.857] RadarControl.OnPaint[89] DrawRangeRings
[2026-03-24 09:36:59.858] RadarControl.OnPaint[89] DrawGrid
[2026-03-24 09:36:59.859] RadarControl.OnPaint[89] DrawTracks
[2026-03-24 09:36:59.859] RadarControl.OnPaint[89] DrawTargets begin
[2026-03-24 09:36:59.859] RadarControl.OnPaint[89] DrawTargets end
[2026-03-24 09:36:59.859] RadarControl.OnPaint[89] DrawCenter
[2026-03-24 09:36:59.860] RadarControl.OnPaint[89] EXIT ok
[2026-03-24 09:37:00.855] RadarControl.SetTargets: count=1, selected=none
[2026-03-24 09:37:00.866] RadarControl.OnPaint[90] ENTER width=743 height=743 targets=1 range=25,0
[2026-03-24 09:37:00.880] RadarControl.OnPaint[90] DrawRangeRings
[2026-03-24 09:37:00.880] RadarControl.OnPaint[90] DrawGrid
[2026-03-24 09:37:00.881] RadarControl.OnPaint[90] DrawTracks
[2026-03-24 09:37:00.881] RadarControl.OnPaint[90] DrawTargets begin
[2026-03-24 09:37:00.882] RadarControl.OnPaint[90] DrawTargets end
[2026-03-24 09:37:00.882] RadarControl.OnPaint[90] DrawCenter
[2026-03-24 09:37:00.882] RadarControl.OnPaint[90] EXIT ok
[2026-03-24 09:37:01.847] RadarControl.SetTargets: count=1, selected=none
[2026-03-24 09:37:01.859] RadarControl.OnPaint[91] ENTER width=743 height=743 targets=1 range=25,0
[2026-03-24 09:37:01.874] RadarControl.OnPaint[91] DrawRangeRings
[2026-03-24 09:37:01.875] RadarControl.OnPaint[91] DrawGrid
[2026-03-24 09:37:01.876] RadarControl.OnPaint[91] DrawTracks
[2026-03-24 09:37:01.876] RadarControl.OnPaint[91] DrawTargets begin
[2026-03-24 09:37:01.876] RadarControl.OnPaint[91] DrawTargets end
[2026-03-24 09:37:01.876] RadarControl.OnPaint[91] DrawCenter
[2026-03-24 09:37:01.877] RadarControl.OnPaint[91] EXIT ok
[2026-03-24 09:37:02.865] RadarControl.SetTargets: count=1, selected=none
[2026-03-24 09:37:02.876] RadarControl.OnPaint[92] ENTER width=743 height=743 targets=1 range=25,0
[2026-03-24 09:37:02.891] RadarControl.OnPaint[92] DrawRangeRings
[2026-03-24 09:37:02.892] RadarControl.OnPaint[92] DrawGrid
[2026-03-24 09:37:02.893] RadarControl.OnPaint[92] DrawTracks
[2026-03-24 09:37:02.893] RadarControl.OnPaint[92] DrawTargets begin
[2026-03-24 09:37:02.893] RadarControl.OnPaint[92] DrawTargets end
[2026-03-24 09:37:02.893] RadarControl.OnPaint[92] DrawCenter
[2026-03-24 09:37:02.894] RadarControl.OnPaint[92] EXIT ok
[2026-03-24 09:37:03.863] RadarControl.SetTargets: count=1, selected=none
[2026-03-24 09:37:03.876] RadarControl.OnPaint[93] ENTER width=743 height=743 targets=1 range=25,0
[2026-03-24 09:37:03.890] RadarControl.OnPaint[93] DrawRangeRings
[2026-03-24 09:37:03.891] RadarControl.OnPaint[93] DrawGrid
[2026-03-24 09:37:03.892] RadarControl.OnPaint[93] DrawTracks
[2026-03-24 09:37:03.892] RadarControl.OnPaint[93] DrawTargets begin
[2026-03-24 09:37:03.892] RadarControl.OnPaint[93] DrawTargets end
[2026-03-24 09:37:03.893] RadarControl.OnPaint[93] DrawCenter
[2026-03-24 09:37:03.893] RadarControl.OnPaint[93] EXIT ok
[2026-03-24 09:37:04.907] RadarControl.SetTargets: count=1, selected=none
[2026-03-24 09:37:04.919] RadarControl.OnPaint[94] ENTER width=743 height=743 targets=1 range=25,0
[2026-03-24 09:37:04.933] RadarControl.OnPaint[94] DrawRangeRings
[2026-03-24 09:37:04.934] RadarControl.OnPaint[94] DrawGrid
[2026-03-24 09:37:04.935] RadarControl.OnPaint[94] DrawTracks
[2026-03-24 09:37:04.935] RadarControl.OnPaint[94] DrawTargets begin
[2026-03-24 09:37:04.935] RadarControl.OnPaint[94] DrawTargets end
[2026-03-24 09:37:04.936] RadarControl.OnPaint[94] DrawCenter
[2026-03-24 09:37:04.936] RadarControl.OnPaint[94] EXIT ok
[2026-03-24 09:37:05.942] RadarControl.SetTargets: count=1, selected=none
[2026-03-24 09:37:05.953] RadarControl.OnPaint[95] ENTER width=743 height=743 targets=1 range=25,0
[2026-03-24 09:37:05.970] RadarControl.OnPaint[95] DrawRangeRings
[2026-03-24 09:37:05.971] RadarControl.OnPaint[95] DrawGrid
[2026-03-24 09:37:05.971] RadarControl.OnPaint[95] DrawTracks
[2026-03-24 09:37:05.972] RadarControl.OnPaint[95] DrawTargets begin
[2026-03-24 09:37:05.972] RadarControl.OnPaint[95] DrawTargets end
[2026-03-24 09:37:05.972] RadarControl.OnPaint[95] DrawCenter
[2026-03-24 09:37:05.973] RadarControl.OnPaint[95] EXIT ok
[2026-03-24 09:37:06.931] RadarControl.SetTargets: count=1, selected=none
[2026-03-24 09:37:06.943] RadarControl.OnPaint[96] ENTER width=743 height=743 targets=1 range=25,0
[2026-03-24 09:37:06.958] RadarControl.OnPaint[96] DrawRangeRings
[2026-03-24 09:37:06.959] RadarControl.OnPaint[96] DrawGrid
[2026-03-24 09:37:06.960] RadarControl.OnPaint[96] DrawTracks
[2026-03-24 09:37:06.960] RadarControl.OnPaint[96] DrawTargets begin
[2026-03-24 09:37:06.960] RadarControl.OnPaint[96] DrawTargets end
[2026-03-24 09:37:06.961] RadarControl.OnPaint[96] DrawCenter
[2026-03-24 09:37:06.961] RadarControl.OnPaint[96] EXIT ok
[2026-03-24 09:37:07.991] RadarControl.SetTargets: count=1, selected=none
[2026-03-24 09:37:08.002] RadarControl.OnPaint[97] ENTER width=743 height=743 targets=1 range=25,0
[2026-03-24 09:37:08.017] RadarControl.OnPaint[97] DrawRangeRings
[2026-03-24 09:37:08.018] RadarControl.OnPaint[97] DrawGrid
[2026-03-24 09:37:08.018] RadarControl.OnPaint[97] DrawTracks
[2026-03-24 09:37:08.019] RadarControl.OnPaint[97] DrawTargets begin
[2026-03-24 09:37:08.019] RadarControl.OnPaint[97] DrawTargets end
[2026-03-24 09:37:08.019] RadarControl.OnPaint[97] DrawCenter
[2026-03-24 09:37:08.019] RadarControl.OnPaint[97] EXIT ok
[2026-03-24 09:37:08.993] RadarControl.SetTargets: count=2, selected=none
[2026-03-24 09:37:09.003] RadarControl.OnPaint[98] ENTER width=743 height=743 targets=2 range=25,0
[2026-03-24 09:37:09.019] RadarControl.OnPaint[98] DrawRangeRings
[2026-03-24 09:37:09.020] RadarControl.OnPaint[98] DrawGrid
[2026-03-24 09:37:09.020] RadarControl.OnPaint[98] DrawTracks
[2026-03-24 09:37:09.021] RadarControl.OnPaint[98] DrawTargets begin
[2026-03-24 09:37:09.021] RadarControl.OnPaint[98] DrawTargets end
[2026-03-24 09:37:09.021] RadarControl.OnPaint[98] DrawCenter
[2026-03-24 09:37:09.022] RadarControl.OnPaint[98] EXIT ok
[2026-03-24 09:37:10.007] RadarControl.SetTargets: count=2, selected=none
[2026-03-24 09:37:10.020] RadarControl.OnPaint[99] ENTER width=743 height=743 targets=2 range=25,0
[2026-03-24 09:37:10.038] RadarControl.OnPaint[99] DrawRangeRings
[2026-03-24 09:37:10.040] RadarControl.OnPaint[99] DrawGrid
[2026-03-24 09:37:10.040] RadarControl.OnPaint[99] DrawTracks
[2026-03-24 09:37:10.040] RadarControl.OnPaint[99] DrawTargets begin
[2026-03-24 09:37:10.041] RadarControl.OnPaint[99] DrawTargets end
[2026-03-24 09:37:10.041] RadarControl.OnPaint[99] DrawCenter
[2026-03-24 09:37:10.041] RadarControl.OnPaint[99] EXIT ok
[2026-03-24 09:37:11.031] RadarControl.SetTargets: count=2, selected=none
[2026-03-24 09:37:11.042] RadarControl.OnPaint[100] ENTER width=743 height=743 targets=2 range=25,0
[2026-03-24 09:37:11.056] RadarControl.OnPaint[100] DrawRangeRings
[2026-03-24 09:37:11.057] RadarControl.OnPaint[100] DrawGrid
[2026-03-24 09:37:11.058] RadarControl.OnPaint[100] DrawTracks
[2026-03-24 09:37:11.058] RadarControl.OnPaint[100] DrawTargets begin
[2026-03-24 09:37:11.059] RadarControl.OnPaint[100] DrawTargets end
[2026-03-24 09:37:11.059] RadarControl.OnPaint[100] DrawCenter
[2026-03-24 09:37:11.060] RadarControl.OnPaint[100] EXIT ok
[2026-03-24 09:37:12.145] RadarControl.SetTargets: count=2, selected=none
[2026-03-24 09:37:12.156] RadarControl.OnPaint[101] ENTER width=743 height=743 targets=2 range=25,0
[2026-03-24 09:37:12.173] RadarControl.OnPaint[101] DrawRangeRings
[2026-03-24 09:37:12.174] RadarControl.OnPaint[101] DrawGrid
[2026-03-24 09:37:12.174] RadarControl.OnPaint[101] DrawTracks
[2026-03-24 09:37:12.175] RadarControl.OnPaint[101] DrawTargets begin
[2026-03-24 09:37:12.175] RadarControl.OnPaint[101] DrawTargets end
[2026-03-24 09:37:12.175] RadarControl.OnPaint[101] DrawCenter
[2026-03-24 09:37:12.176] RadarControl.OnPaint[101] EXIT ok
[2026-03-24 09:37:13.173] RadarControl.SetTargets: count=2, selected=none
[2026-03-24 09:37:13.184] RadarControl.OnPaint[102] ENTER width=743 height=743 targets=2 range=25,0
[2026-03-24 09:37:13.199] RadarControl.OnPaint[102] DrawRangeRings
[2026-03-24 09:37:13.200] RadarControl.OnPaint[102] DrawGrid
[2026-03-24 09:37:13.200] RadarControl.OnPaint[102] DrawTracks
[2026-03-24 09:37:13.201] RadarControl.OnPaint[102] DrawTargets begin
[2026-03-24 09:37:13.201] RadarControl.OnPaint[102] DrawTargets end
[2026-03-24 09:37:13.201] RadarControl.OnPaint[102] DrawCenter
[2026-03-24 09:37:13.202] RadarControl.OnPaint[102] EXIT ok
[2026-03-24 09:37:14.175] RadarControl.SetTargets: count=2, selected=none
[2026-03-24 09:37:14.188] RadarControl.OnPaint[103] ENTER width=743 height=743 targets=2 range=25,0
[2026-03-24 09:37:14.202] RadarControl.OnPaint[103] DrawRangeRings
[2026-03-24 09:37:14.203] RadarControl.OnPaint[103] DrawGrid
[2026-03-24 09:37:14.203] RadarControl.OnPaint[103] DrawTracks
[2026-03-24 09:37:14.204] RadarControl.OnPaint[103] DrawTargets begin
[2026-03-24 09:37:14.205] RadarControl.OnPaint[103] DrawTargets end
[2026-03-24 09:37:14.205] RadarControl.OnPaint[103] DrawCenter
[2026-03-24 09:37:14.205] RadarControl.OnPaint[103] EXIT ok
[2026-03-24 09:37:15.190] RadarControl.SetTargets: count=2, selected=none
[2026-03-24 09:37:15.202] RadarControl.OnPaint[104] ENTER width=743 height=743 targets=2 range=25,0
[2026-03-24 09:37:15.216] RadarControl.OnPaint[104] DrawRangeRings
[2026-03-24 09:37:15.217] RadarControl.OnPaint[104] DrawGrid
[2026-03-24 09:37:15.217] RadarControl.OnPaint[104] DrawTracks
[2026-03-24 09:37:15.218] RadarControl.OnPaint[104] DrawTargets begin
[2026-03-24 09:37:15.218] RadarControl.OnPaint[104] DrawTargets end
[2026-03-24 09:37:15.218] RadarControl.OnPaint[104] DrawCenter
[2026-03-24 09:37:15.219] RadarControl.OnPaint[104] EXIT ok
[2026-03-24 09:37:16.193] RadarControl.SetTargets: count=2, selected=none
[2026-03-24 09:37:16.206] RadarControl.OnPaint[105] ENTER width=743 height=743 targets=2 range=25,0
[2026-03-24 09:37:16.221] RadarControl.OnPaint[105] DrawRangeRings
[2026-03-24 09:37:16.222] RadarControl.OnPaint[105] DrawGrid
[2026-03-24 09:37:16.222] RadarControl.OnPaint[105] DrawTracks
[2026-03-24 09:37:16.223] RadarControl.OnPaint[105] DrawTargets begin
[2026-03-24 09:37:16.223] RadarControl.OnPaint[105] DrawTargets end
[2026-03-24 09:37:16.223] RadarControl.OnPaint[105] DrawCenter
[2026-03-24 09:37:16.223] RadarControl.OnPaint[105] EXIT ok
[2026-03-24 09:37:17.191] RadarControl.SetTargets: count=2, selected=none
[2026-03-24 09:37:17.202] RadarControl.OnPaint[106] ENTER width=743 height=743 targets=2 range=25,0
[2026-03-24 09:37:17.215] RadarControl.OnPaint[106] DrawRangeRings
[2026-03-24 09:37:17.216] RadarControl.OnPaint[106] DrawGrid
[2026-03-24 09:37:17.217] RadarControl.OnPaint[106] DrawTracks
[2026-03-24 09:37:17.217] RadarControl.OnPaint[106] DrawTargets begin
[2026-03-24 09:37:17.217] RadarControl.OnPaint[106] DrawTargets end
[2026-03-24 09:37:17.217] RadarControl.OnPaint[106] DrawCenter
[2026-03-24 09:37:17.218] RadarControl.OnPaint[106] EXIT ok
[2026-03-24 09:37:18.209] RadarControl.SetTargets: count=2, selected=none
[2026-03-24 09:37:18.219] RadarControl.OnPaint[107] ENTER width=743 height=743 targets=2 range=25,0
[2026-03-24 09:37:18.235] RadarControl.OnPaint[107] DrawRangeRings
[2026-03-24 09:37:18.236] RadarControl.OnPaint[107] DrawGrid
[2026-03-24 09:37:18.236] RadarControl.OnPaint[107] DrawTracks
[2026-03-24 09:37:18.237] RadarControl.OnPaint[107] DrawTargets begin
[2026-03-24 09:37:18.237] RadarControl.OnPaint[107] DrawTargets end
[2026-03-24 09:37:18.237] RadarControl.OnPaint[107] DrawCenter
[2026-03-24 09:37:18.238] RadarControl.OnPaint[107] EXIT ok
[2026-03-24 09:37:19.229] RadarControl.SetTargets: count=2, selected=none
[2026-03-24 09:37:19.240] RadarControl.OnPaint[108] ENTER width=743 height=743 targets=2 range=25,0
[2026-03-24 09:37:19.257] RadarControl.OnPaint[108] DrawRangeRings
[2026-03-24 09:37:19.258] RadarControl.OnPaint[108] DrawGrid
[2026-03-24 09:37:19.258] RadarControl.OnPaint[108] DrawTracks
[2026-03-24 09:37:19.259] RadarControl.OnPaint[108] DrawTargets begin
[2026-03-24 09:37:19.259] RadarControl.OnPaint[108] DrawTargets end
[2026-03-24 09:37:19.260] RadarControl.OnPaint[108] DrawCenter
[2026-03-24 09:37:19.260] RadarControl.OnPaint[108] EXIT ok
[2026-03-24 09:37:20.267] RadarControl.SetTargets: count=2, selected=none
[2026-03-24 09:37:20.277] RadarControl.OnPaint[109] ENTER width=743 height=743 targets=2 range=25,0
[2026-03-24 09:37:20.293] RadarControl.OnPaint[109] DrawRangeRings
[2026-03-24 09:37:20.294] RadarControl.OnPaint[109] DrawGrid
[2026-03-24 09:37:20.294] RadarControl.OnPaint[109] DrawTracks
[2026-03-24 09:37:20.295] RadarControl.OnPaint[109] DrawTargets begin
[2026-03-24 09:37:20.295] RadarControl.OnPaint[109] DrawTargets end
[2026-03-24 09:37:20.295] RadarControl.OnPaint[109] DrawCenter
[2026-03-24 09:37:20.296] RadarControl.OnPaint[109] EXIT ok
[2026-03-24 09:37:21.262] RadarControl.SetTargets: count=2, selected=none
[2026-03-24 09:37:21.273] RadarControl.OnPaint[110] ENTER width=743 height=743 targets=2 range=25,0
[2026-03-24 09:37:21.288] RadarControl.OnPaint[110] DrawRangeRings
[2026-03-24 09:37:21.289] RadarControl.OnPaint[110] DrawGrid
[2026-03-24 09:37:21.290] RadarControl.OnPaint[110] DrawTracks
[2026-03-24 09:37:21.290] RadarControl.OnPaint[110] DrawTargets begin
[2026-03-24 09:37:21.291] RadarControl.OnPaint[110] DrawTargets end
[2026-03-24 09:37:21.291] RadarControl.OnPaint[110] DrawCenter
[2026-03-24 09:37:21.291] RadarControl.OnPaint[110] EXIT ok
[2026-03-24 09:37:22.291] RadarControl.SetTargets: count=2, selected=none
[2026-03-24 09:37:22.302] RadarControl.OnPaint[111] ENTER width=743 height=743 targets=2 range=25,0
[2026-03-24 09:37:22.319] RadarControl.OnPaint[111] DrawRangeRings
[2026-03-24 09:37:22.321] RadarControl.OnPaint[111] DrawGrid
[2026-03-24 09:37:22.321] RadarControl.OnPaint[111] DrawTracks
[2026-03-24 09:37:22.321] RadarControl.OnPaint[111] DrawTargets begin
[2026-03-24 09:37:22.322] RadarControl.OnPaint[111] DrawTargets end
[2026-03-24 09:37:22.322] RadarControl.OnPaint[111] DrawCenter
[2026-03-24 09:37:22.322] RadarControl.OnPaint[111] EXIT ok
[2026-03-24 09:37:23.327] RadarControl.SetTargets: count=2, selected=none
[2026-03-24 09:37:23.338] RadarControl.OnPaint[112] ENTER width=743 height=743 targets=2 range=25,0
[2026-03-24 09:37:23.356] RadarControl.OnPaint[112] DrawRangeRings
[2026-03-24 09:37:23.357] RadarControl.OnPaint[112] DrawGrid
[2026-03-24 09:37:23.358] RadarControl.OnPaint[112] DrawTracks
[2026-03-24 09:37:23.358] RadarControl.OnPaint[112] DrawTargets begin
[2026-03-24 09:37:23.359] RadarControl.OnPaint[112] DrawTargets end
[2026-03-24 09:37:23.359] RadarControl.OnPaint[112] DrawCenter
[2026-03-24 09:37:23.359] RadarControl.OnPaint[112] EXIT ok
[2026-03-24 09:37:24.349] RadarControl.SetTargets: count=2, selected=none
[2026-03-24 09:37:24.361] RadarControl.OnPaint[113] ENTER width=743 height=743 targets=2 range=25,0
[2026-03-24 09:37:24.375] RadarControl.OnPaint[113] DrawRangeRings
[2026-03-24 09:37:24.377] RadarControl.OnPaint[113] DrawGrid
[2026-03-24 09:37:24.377] RadarControl.OnPaint[113] DrawTracks
[2026-03-24 09:37:24.377] RadarControl.OnPaint[113] DrawTargets begin
[2026-03-24 09:37:24.378] RadarControl.OnPaint[113] DrawTargets end
[2026-03-24 09:37:24.378] RadarControl.OnPaint[113] DrawCenter
[2026-03-24 09:37:24.378] RadarControl.OnPaint[113] EXIT ok
[2026-03-24 09:37:25.411] RadarControl.SetTargets: count=2, selected=none
[2026-03-24 09:37:25.423] RadarControl.OnPaint[114] ENTER width=743 height=743 targets=2 range=25,0
[2026-03-24 09:37:25.437] RadarControl.OnPaint[114] DrawRangeRings
[2026-03-24 09:37:25.438] RadarControl.OnPaint[114] DrawGrid
[2026-03-24 09:37:25.439] RadarControl.OnPaint[114] DrawTracks
[2026-03-24 09:37:25.439] RadarControl.OnPaint[114] DrawTargets begin
[2026-03-24 09:37:25.440] RadarControl.OnPaint[114] DrawTargets end
[2026-03-24 09:37:25.440] RadarControl.OnPaint[114] DrawCenter
[2026-03-24 09:37:25.440] RadarControl.OnPaint[114] EXIT ok
[2026-03-24 09:37:26.379] RadarControl.SetTargets: count=2, selected=none
[2026-03-24 09:37:26.393] RadarControl.OnPaint[115] ENTER width=743 height=743 targets=2 range=25,0
[2026-03-24 09:37:26.407] RadarControl.OnPaint[115] DrawRangeRings
[2026-03-24 09:37:26.408] RadarControl.OnPaint[115] DrawGrid
[2026-03-24 09:37:26.409] RadarControl.OnPaint[115] DrawTracks
[2026-03-24 09:37:26.409] RadarControl.OnPaint[115] DrawTargets begin
[2026-03-24 09:37:26.412] RadarControl.OnPaint[115] DrawTargets end
[2026-03-24 09:37:26.412] RadarControl.OnPaint[115] DrawCenter
[2026-03-24 09:37:26.413] RadarControl.OnPaint[115] EXIT ok
[2026-03-24 09:37:27.505] RadarControl.SetTargets: count=1, selected=none
[2026-03-24 09:37:27.516] RadarControl.OnPaint[116] ENTER width=743 height=743 targets=1 range=25,0
[2026-03-24 09:37:27.530] RadarControl.OnPaint[116] DrawRangeRings
[2026-03-24 09:37:27.531] RadarControl.OnPaint[116] DrawGrid
[2026-03-24 09:37:27.531] RadarControl.OnPaint[116] DrawTracks
[2026-03-24 09:37:27.531] RadarControl.OnPaint[116] DrawTargets begin
[2026-03-24 09:37:27.532] RadarControl.OnPaint[116] DrawTargets end
[2026-03-24 09:37:27.532] RadarControl.OnPaint[116] DrawCenter
[2026-03-24 09:37:27.532] RadarControl.OnPaint[116] EXIT ok
[2026-03-24 09:37:28.502] RadarControl.SetTargets: count=1, selected=none
[2026-03-24 09:37:28.513] RadarControl.OnPaint[117] ENTER width=743 height=743 targets=1 range=25,0
[2026-03-24 09:37:28.526] RadarControl.OnPaint[117] DrawRangeRings
[2026-03-24 09:37:28.527] RadarControl.OnPaint[117] DrawGrid
[2026-03-24 09:37:28.528] RadarControl.OnPaint[117] DrawTracks
[2026-03-24 09:37:28.528] RadarControl.OnPaint[117] DrawTargets begin
[2026-03-24 09:37:28.528] RadarControl.OnPaint[117] DrawTargets end
[2026-03-24 09:37:28.528] RadarControl.OnPaint[117] DrawCenter
[2026-03-24 09:37:28.529] RadarControl.OnPaint[117] EXIT ok
[2026-03-24 09:37:29.505] RadarControl.SetTargets: count=1, selected=none
[2026-03-24 09:37:29.517] RadarControl.OnPaint[118] ENTER width=743 height=743 targets=1 range=25,0
[2026-03-24 09:37:29.531] RadarControl.OnPaint[118] DrawRangeRings
[2026-03-24 09:37:29.533] RadarControl.OnPaint[118] DrawGrid
[2026-03-24 09:37:29.533] RadarControl.OnPaint[118] DrawTracks
[2026-03-24 09:37:29.533] RadarControl.OnPaint[118] DrawTargets begin
[2026-03-24 09:37:29.534] RadarControl.OnPaint[118] DrawTargets end
[2026-03-24 09:37:29.534] RadarControl.OnPaint[118] DrawCenter
[2026-03-24 09:37:29.534] RadarControl.OnPaint[118] EXIT ok
[2026-03-24 09:37:30.502] RadarControl.SetTargets: count=1, selected=none
[2026-03-24 09:37:30.513] RadarControl.OnPaint[119] ENTER width=743 height=743 targets=1 range=25,0
[2026-03-24 09:37:30.527] RadarControl.OnPaint[119] DrawRangeRings
[2026-03-24 09:37:30.528] RadarControl.OnPaint[119] DrawGrid
[2026-03-24 09:37:30.529] RadarControl.OnPaint[119] DrawTracks
[2026-03-24 09:37:30.529] RadarControl.OnPaint[119] DrawTargets begin
[2026-03-24 09:37:30.529] RadarControl.OnPaint[119] DrawTargets end
[2026-03-24 09:37:30.529] RadarControl.OnPaint[119] DrawCenter
[2026-03-24 09:37:30.530] RadarControl.OnPaint[119] EXIT ok
[2026-03-24 09:37:31.508] RadarControl.SetTargets: count=1, selected=none
[2026-03-24 09:37:31.520] RadarControl.OnPaint[120] ENTER width=743 height=743 targets=1 range=25,0
[2026-03-24 09:37:31.534] RadarControl.OnPaint[120] DrawRangeRings
[2026-03-24 09:37:31.535] RadarControl.OnPaint[120] DrawGrid
[2026-03-24 09:37:31.536] RadarControl.OnPaint[120] DrawTracks
[2026-03-24 09:37:31.536] RadarControl.OnPaint[120] DrawTargets begin
[2026-03-24 09:37:31.536] RadarControl.OnPaint[120] DrawTargets end
[2026-03-24 09:37:31.537] RadarControl.OnPaint[120] DrawCenter
[2026-03-24 09:37:31.537] RadarControl.OnPaint[120] EXIT ok
[2026-03-24 09:37:32.543] RadarControl.SetTargets: count=1, selected=none
[2026-03-24 09:37:32.555] RadarControl.OnPaint[121] ENTER width=743 height=743 targets=1 range=25,0
[2026-03-24 09:37:32.570] RadarControl.OnPaint[121] DrawRangeRings
[2026-03-24 09:37:32.571] RadarControl.OnPaint[121] DrawGrid
[2026-03-24 09:37:32.571] RadarControl.OnPaint[121] DrawTracks
[2026-03-24 09:37:32.571] RadarControl.OnPaint[121] DrawTargets begin
[2026-03-24 09:37:32.572] RadarControl.OnPaint[121] DrawTargets end
[2026-03-24 09:37:32.572] RadarControl.OnPaint[121] DrawCenter
[2026-03-24 09:37:32.572] RadarControl.OnPaint[121] EXIT ok
[2026-03-24 09:37:33.555] RadarControl.SetTargets: count=1, selected=none
[2026-03-24 09:37:33.565] RadarControl.OnPaint[122] ENTER width=743 height=743 targets=1 range=25,0
[2026-03-24 09:37:33.580] RadarControl.OnPaint[122] DrawRangeRings
[2026-03-24 09:37:33.581] RadarControl.OnPaint[122] DrawGrid
[2026-03-24 09:37:33.582] RadarControl.OnPaint[122] DrawTracks
[2026-03-24 09:37:33.582] RadarControl.OnPaint[122] DrawTargets begin
[2026-03-24 09:37:33.583] RadarControl.OnPaint[122] DrawTargets end
[2026-03-24 09:37:33.583] RadarControl.OnPaint[122] DrawCenter
[2026-03-24 09:37:33.583] RadarControl.OnPaint[122] EXIT ok
[2026-03-24 09:37:34.578] RadarControl.SetTargets: count=1, selected=none
[2026-03-24 09:37:34.589] RadarControl.OnPaint[123] ENTER width=743 height=743 targets=1 range=25,0
[2026-03-24 09:37:34.603] RadarControl.OnPaint[123] DrawRangeRings
[2026-03-24 09:37:34.603] RadarControl.OnPaint[123] DrawGrid
[2026-03-24 09:37:34.604] RadarControl.OnPaint[123] DrawTracks
[2026-03-24 09:37:34.604] RadarControl.OnPaint[123] DrawTargets begin
[2026-03-24 09:37:34.605] RadarControl.OnPaint[123] DrawTargets end
[2026-03-24 09:37:34.605] RadarControl.OnPaint[123] DrawCenter
[2026-03-24 09:37:34.605] RadarControl.OnPaint[123] EXIT ok
[2026-03-24 09:37:35.597] RadarControl.SetTargets: count=1, selected=none
[2026-03-24 09:37:35.607] RadarControl.OnPaint[124] ENTER width=743 height=743 targets=1 range=25,0
[2026-03-24 09:37:35.622] RadarControl.OnPaint[124] DrawRangeRings
[2026-03-24 09:37:35.623] RadarControl.OnPaint[124] DrawGrid
[2026-03-24 09:37:35.624] RadarControl.OnPaint[124] DrawTracks
[2026-03-24 09:37:35.624] RadarControl.OnPaint[124] DrawTargets begin
[2026-03-24 09:37:35.624] RadarControl.OnPaint[124] DrawTargets end
[2026-03-24 09:37:35.624] RadarControl.OnPaint[124] DrawCenter
[2026-03-24 09:37:35.625] RadarControl.OnPaint[124] EXIT ok
[2026-03-24 09:37:36.627] RadarControl.SetTargets: count=1, selected=none
[2026-03-24 09:37:36.638] RadarControl.OnPaint[125] ENTER width=743 height=743 targets=1 range=25,0
[2026-03-24 09:37:36.655] RadarControl.OnPaint[125] DrawRangeRings
[2026-03-24 09:37:36.656] RadarControl.OnPaint[125] DrawGrid
[2026-03-24 09:37:36.657] RadarControl.OnPaint[125] DrawTracks
[2026-03-24 09:37:36.657] RadarControl.OnPaint[125] DrawTargets begin
[2026-03-24 09:37:36.658] RadarControl.OnPaint[125] DrawTargets end
[2026-03-24 09:37:36.658] RadarControl.OnPaint[125] DrawCenter
[2026-03-24 09:37:36.658] RadarControl.OnPaint[125] EXIT ok
[2026-03-24 09:37:37.663] RadarControl.SetTargets: count=1, selected=none
[2026-03-24 09:37:37.673] RadarControl.OnPaint[126] ENTER width=743 height=743 targets=1 range=25,0
[2026-03-24 09:37:37.688] RadarControl.OnPaint[126] DrawRangeRings
[2026-03-24 09:37:37.689] RadarControl.OnPaint[126] DrawGrid
[2026-03-24 09:37:37.689] RadarControl.OnPaint[126] DrawTracks
[2026-03-24 09:37:37.690] RadarControl.OnPaint[126] DrawTargets begin
[2026-03-24 09:37:37.690] RadarControl.OnPaint[126] DrawTargets end
[2026-03-24 09:37:37.690] RadarControl.OnPaint[126] DrawCenter
[2026-03-24 09:37:37.691] RadarControl.OnPaint[126] EXIT ok
[2026-03-24 09:37:38.775] RadarControl.SetTargets: count=1, selected=none
[2026-03-24 09:37:38.785] RadarControl.OnPaint[127] ENTER width=743 height=743 targets=1 range=25,0
[2026-03-24 09:37:38.799] RadarControl.OnPaint[127] DrawRangeRings
[2026-03-24 09:37:38.800] RadarControl.OnPaint[127] DrawGrid
[2026-03-24 09:37:38.800] RadarControl.OnPaint[127] DrawTracks
[2026-03-24 09:37:38.800] RadarControl.OnPaint[127] DrawTargets begin
[2026-03-24 09:37:38.800] RadarControl.OnPaint[127] DrawTargets end
[2026-03-24 09:37:38.801] RadarControl.OnPaint[127] DrawCenter
[2026-03-24 09:37:38.801] RadarControl.OnPaint[127] EXIT ok
[2026-03-24 09:37:39.785] RadarControl.SetTargets: count=1, selected=none
[2026-03-24 09:37:39.797] RadarControl.OnPaint[128] ENTER width=743 height=743 targets=1 range=25,0
[2026-03-24 09:37:39.811] RadarControl.OnPaint[128] DrawRangeRings
[2026-03-24 09:37:39.812] RadarControl.OnPaint[128] DrawGrid
[2026-03-24 09:37:39.813] RadarControl.OnPaint[128] DrawTracks
[2026-03-24 09:37:39.813] RadarControl.OnPaint[128] DrawTargets begin
[2026-03-24 09:37:39.816] RadarControl.OnPaint[128] DrawTargets end
[2026-03-24 09:37:39.816] RadarControl.OnPaint[128] DrawCenter
[2026-03-24 09:37:39.817] RadarControl.OnPaint[128] EXIT ok
[2026-03-24 09:37:40.785] RadarControl.SetTargets: count=1, selected=none
[2026-03-24 09:37:40.797] RadarControl.OnPaint[129] ENTER width=743 height=743 targets=1 range=25,0
[2026-03-24 09:37:40.811] RadarControl.OnPaint[129] DrawRangeRings
[2026-03-24 09:37:40.812] RadarControl.OnPaint[129] DrawGrid
[2026-03-24 09:37:40.813] RadarControl.OnPaint[129] DrawTracks
[2026-03-24 09:37:40.813] RadarControl.OnPaint[129] DrawTargets begin
[2026-03-24 09:37:40.813] RadarControl.OnPaint[129] DrawTargets end
[2026-03-24 09:37:40.813] RadarControl.OnPaint[129] DrawCenter
[2026-03-24 09:37:40.814] RadarControl.OnPaint[129] EXIT ok
[2026-03-24 09:37:41.785] RadarControl.SetTargets: count=1, selected=none
[2026-03-24 09:37:41.798] RadarControl.OnPaint[130] ENTER width=743 height=743 targets=1 range=25,0
[2026-03-24 09:37:41.812] RadarControl.OnPaint[130] DrawRangeRings
[2026-03-24 09:37:41.813] RadarControl.OnPaint[130] DrawGrid
[2026-03-24 09:37:41.814] RadarControl.OnPaint[130] DrawTracks
[2026-03-24 09:37:41.814] RadarControl.OnPaint[130] DrawTargets begin
[2026-03-24 09:37:41.814] RadarControl.OnPaint[130] DrawTargets end
[2026-03-24 09:37:41.815] RadarControl.OnPaint[130] DrawCenter
[2026-03-24 09:37:41.815] RadarControl.OnPaint[130] EXIT ok
[2026-03-24 09:37:42.786] RadarControl.SetTargets: count=1, selected=none
[2026-03-24 09:37:42.797] RadarControl.OnPaint[131] ENTER width=743 height=743 targets=1 range=25,0
[2026-03-24 09:37:42.811] RadarControl.OnPaint[131] DrawRangeRings
[2026-03-24 09:37:42.812] RadarControl.OnPaint[131] DrawGrid
[2026-03-24 09:37:42.813] RadarControl.OnPaint[131] DrawTracks
[2026-03-24 09:37:42.813] RadarControl.OnPaint[131] DrawTargets begin
[2026-03-24 09:37:42.813] RadarControl.OnPaint[131] DrawTargets end
[2026-03-24 09:37:42.813] RadarControl.OnPaint[131] DrawCenter
[2026-03-24 09:37:42.813] RadarControl.OnPaint[131] EXIT ok
[2026-03-24 09:37:43.301] RadarControl.SetTargets: count=2, selected=none
[2026-03-24 09:37:43.313] RadarControl.OnPaint[132] ENTER width=743 height=743 targets=2 range=25,0
[2026-03-24 09:37:43.328] RadarControl.OnPaint[132] DrawRangeRings
[2026-03-24 09:37:43.329] RadarControl.OnPaint[132] DrawGrid
[2026-03-24 09:37:43.329] RadarControl.OnPaint[132] DrawTracks
[2026-03-24 09:37:43.330] RadarControl.OnPaint[132] DrawTargets begin
[2026-03-24 09:37:43.330] RadarControl.OnPaint[132] DrawTargets end
[2026-03-24 09:37:43.330] RadarControl.OnPaint[132] DrawCenter
[2026-03-24 09:37:43.331] RadarControl.OnPaint[132] EXIT ok
[2026-03-24 09:37:43.798] RadarControl.SetTargets: count=2, selected=none
[2026-03-24 09:37:43.810] RadarControl.OnPaint[133] ENTER width=743 height=743 targets=2 range=25,0
[2026-03-24 09:37:43.826] RadarControl.OnPaint[133] DrawRangeRings
[2026-03-24 09:37:43.828] RadarControl.OnPaint[133] DrawGrid
[2026-03-24 09:37:43.829] RadarControl.OnPaint[133] DrawTracks
[2026-03-24 09:37:43.829] RadarControl.OnPaint[133] DrawTargets begin
[2026-03-24 09:37:43.829] RadarControl.OnPaint[133] DrawTargets end
[2026-03-24 09:37:43.829] RadarControl.OnPaint[133] DrawCenter
[2026-03-24 09:37:43.830] RadarControl.OnPaint[133] EXIT ok
[2026-03-24 09:37:44.816] RadarControl.SetTargets: count=3, selected=none
[2026-03-24 09:37:44.827] RadarControl.OnPaint[134] ENTER width=743 height=743 targets=3 range=25,0
[2026-03-24 09:37:44.842] RadarControl.OnPaint[134] DrawRangeRings
[2026-03-24 09:37:44.843] RadarControl.OnPaint[134] DrawGrid
[2026-03-24 09:37:44.843] RadarControl.OnPaint[134] DrawTracks
[2026-03-24 09:37:44.843] RadarControl.OnPaint[134] DrawTargets begin
[2026-03-24 09:37:44.844] RadarControl.OnPaint[134] DrawTargets end
[2026-03-24 09:37:44.844] RadarControl.OnPaint[134] DrawCenter
[2026-03-24 09:37:44.845] RadarControl.OnPaint[134] EXIT ok
[2026-03-24 09:37:45.829] RadarControl.SetTargets: count=3, selected=none
[2026-03-24 09:37:45.841] RadarControl.OnPaint[135] ENTER width=743 height=743 targets=3 range=25,0
[2026-03-24 09:37:45.854] RadarControl.OnPaint[135] DrawRangeRings
[2026-03-24 09:37:45.855] RadarControl.OnPaint[135] DrawGrid
[2026-03-24 09:37:45.856] RadarControl.OnPaint[135] DrawTracks
[2026-03-24 09:37:45.856] RadarControl.OnPaint[135] DrawTargets begin
[2026-03-24 09:37:45.857] RadarControl.OnPaint[135] DrawTargets end
[2026-03-24 09:37:45.857] RadarControl.OnPaint[135] DrawCenter
[2026-03-24 09:37:45.857] RadarControl.OnPaint[135] EXIT ok
[2026-03-24 09:37:46.880] MainForm.ShowTestAircraft: begin
[2026-03-24 09:37:46.881] MainForm.ShowTestAircraft: switch tab and ensure visible
[2026-03-24 09:37:46.881] RadarControl.SetTargets: count=3, selected=none
[2026-03-24 09:37:46.891] MainForm.ShowTestAircraft: build target
[2026-03-24 09:37:46.892] MainForm.ShowTestAircraft: target built addr=ABC123 lat=55,955010 lon=37,279797 dist=3,0
[2026-03-24 09:37:46.892] MainForm.ShowTestAircraft: repository upsert done count=3
[2026-03-24 09:37:46.892] MainForm.ShowTestAircraft: track count=2
[2026-03-24 09:37:46.892] MainForm.ShowTestAircraft: before SelectTarget
[2026-03-24 09:37:46.896] MainForm.ShowTestAircraft: SelectTarget done
[2026-03-24 09:37:46.896] RadarControl.SetTargets: count=3, selected=ABC123
[2026-03-24 09:37:46.906] MainForm.ShowTestAircraft: RefreshRadarAndList done
[2026-03-24 09:37:46.906] MainForm.ShowTestAircraft: radar invalidate done
[2026-03-24 09:37:46.907] MainForm.ShowTestAircraft: completed OK
[2026-03-24 09:37:46.908] RadarControl.OnPaint[136] ENTER width=743 height=743 targets=3 range=25,0
[2026-03-24 09:37:46.923] RadarControl.OnPaint[136] DrawRangeRings
[2026-03-24 09:37:46.924] RadarControl.OnPaint[136] DrawGrid
[2026-03-24 09:37:46.924] RadarControl.OnPaint[136] DrawTracks
[2026-03-24 09:37:46.925] RadarControl.OnPaint[136] DrawTargets begin
[2026-03-24 09:37:46.925] RadarControl.OnPaint[136] DrawTargets end
[2026-03-24 09:37:46.925] RadarControl.OnPaint[136] DrawCenter
[2026-03-24 09:37:46.925] RadarControl.OnPaint[136] EXIT ok
[2026-03-24 09:37:46.963] RadarControl.SetTargets: count=3, selected=ABC123
[2026-03-24 09:37:46.974] RadarControl.OnPaint[137] ENTER width=743 height=743 targets=3 range=25,0
[2026-03-24 09:37:46.988] RadarControl.OnPaint[137] DrawRangeRings
[2026-03-24 09:37:46.989] RadarControl.OnPaint[137] DrawGrid
[2026-03-24 09:37:46.990] RadarControl.OnPaint[137] DrawTracks
[2026-03-24 09:37:46.990] RadarControl.OnPaint[137] DrawTargets begin
[2026-03-24 09:37:46.991] RadarControl.OnPaint[137] DrawTargets end
[2026-03-24 09:37:46.991] RadarControl.OnPaint[137] DrawCenter
[2026-03-24 09:37:46.991] RadarControl.OnPaint[137] EXIT ok
[2026-03-24 09:37:47.879] RadarControl.SetTargets: count=3, selected=ABC123
[2026-03-24 09:37:47.892] RadarControl.OnPaint[138] ENTER width=743 height=743 targets=3 range=25,0
[2026-03-24 09:37:47.907] RadarControl.OnPaint[138] DrawRangeRings
[2026-03-24 09:37:47.908] RadarControl.OnPaint[138] DrawGrid
[2026-03-24 09:37:47.908] RadarControl.OnPaint[138] DrawTracks
[2026-03-24 09:37:47.909] RadarControl.OnPaint[138] DrawTargets begin
[2026-03-24 09:37:47.909] RadarControl.OnPaint[138] DrawTargets end
[2026-03-24 09:37:47.910] RadarControl.OnPaint[138] DrawCenter
[2026-03-24 09:37:47.910] RadarControl.OnPaint[138] EXIT ok
[2026-03-24 09:37:48.952] RadarControl.SetTargets: count=3, selected=ABC123
[2026-03-24 09:37:48.963] RadarControl.OnPaint[139] ENTER width=743 height=743 targets=3 range=25,0
[2026-03-24 09:37:48.978] RadarControl.OnPaint[139] DrawRangeRings
[2026-03-24 09:37:48.979] RadarControl.OnPaint[139] DrawGrid
[2026-03-24 09:37:48.979] RadarControl.OnPaint[139] DrawTracks
[2026-03-24 09:37:48.980] RadarControl.OnPaint[139] DrawTargets begin
[2026-03-24 09:37:48.980] RadarControl.OnPaint[139] DrawTargets end
[2026-03-24 09:37:48.980] RadarControl.OnPaint[139] DrawCenter
[2026-03-24 09:37:48.981] RadarControl.OnPaint[139] EXIT ok
[2026-03-24 09:37:49.292] RadarControl.SetTargets: count=3, selected=ABC123
[2026-03-24 09:37:49.302] RadarControl.SetTargets: count=3, selected=ABC123
[2026-03-24 09:37:49.314] RadarControl.OnPaint[140] ENTER width=743 height=743 targets=3 range=25,0
[2026-03-24 09:37:49.330] RadarControl.OnPaint[140] DrawRangeRings
[2026-03-24 09:37:49.331] RadarControl.OnPaint[140] DrawGrid
[2026-03-24 09:37:49.332] RadarControl.OnPaint[140] DrawTracks
[2026-03-24 09:37:49.332] RadarControl.OnPaint[140] DrawTargets begin
[2026-03-24 09:37:49.333] RadarControl.OnPaint[140] DrawTargets end
[2026-03-24 09:37:49.333] RadarControl.OnPaint[140] DrawCenter
[2026-03-24 09:37:49.333] RadarControl.OnPaint[140] EXIT ok
[2026-03-24 09:37:49.373] RadarControl.SetTargets: count=3, selected=ABC123
[2026-03-24 09:37:49.385] RadarControl.OnPaint[141] ENTER width=743 height=743 targets=3 range=25,0
[2026-03-24 09:37:49.399] RadarControl.OnPaint[141] DrawRangeRings
[2026-03-24 09:37:49.400] RadarControl.OnPaint[141] DrawGrid
[2026-03-24 09:37:49.401] RadarControl.OnPaint[141] DrawTracks
[2026-03-24 09:37:49.401] RadarControl.OnPaint[141] DrawTargets begin
[2026-03-24 09:37:49.402] RadarControl.OnPaint[141] DrawTargets end
[2026-03-24 09:37:49.402] RadarControl.OnPaint[141] DrawCenter
[2026-03-24 09:37:49.402] RadarControl.OnPaint[141] EXIT ok
[2026-03-24 09:37:49.616] RadarControl.SetTargets: count=3, selected=ABC123
[2026-03-24 09:37:49.627] RadarControl.OnPaint[142] ENTER width=743 height=743 targets=3 range=25,0
[2026-03-24 09:37:49.642] RadarControl.OnPaint[142] DrawRangeRings
[2026-03-24 09:37:49.643] RadarControl.OnPaint[142] DrawGrid
[2026-03-24 09:37:49.643] RadarControl.OnPaint[142] DrawTracks
[2026-03-24 09:37:49.643] RadarControl.OnPaint[142] DrawTargets begin
[2026-03-24 09:37:49.644] RadarControl.OnPaint[142] DrawTargets end
[2026-03-24 09:37:49.644] RadarControl.OnPaint[142] DrawCenter
[2026-03-24 09:37:49.644] RadarControl.OnPaint[142] EXIT ok
[2026-03-24 09:37:49.957] RadarControl.SetTargets: count=3, selected=ABC123
[2026-03-24 09:37:49.968] RadarControl.OnPaint[143] ENTER width=743 height=743 targets=3 range=25,0
[2026-03-24 09:37:49.982] RadarControl.OnPaint[143] DrawRangeRings
[2026-03-24 09:37:49.983] RadarControl.OnPaint[143] DrawGrid
[2026-03-24 09:37:49.983] RadarControl.OnPaint[143] DrawTracks
[2026-03-24 09:37:49.984] RadarControl.OnPaint[143] DrawTargets begin
[2026-03-24 09:37:49.985] RadarControl.OnPaint[143] DrawTargets end
[2026-03-24 09:37:49.985] RadarControl.OnPaint[143] DrawCenter
[2026-03-24 09:37:49.985] RadarControl.OnPaint[143] EXIT ok
[2026-03-24 09:37:50.116] RadarControl.SetTargets: count=3, selected=ABC123
[2026-03-24 09:37:50.128] RadarControl.OnPaint[144] ENTER width=743 height=743 targets=3 range=25,0
[2026-03-24 09:37:50.142] RadarControl.OnPaint[144] DrawRangeRings
[2026-03-24 09:37:50.143] RadarControl.OnPaint[144] DrawGrid
[2026-03-24 09:37:50.143] RadarControl.OnPaint[144] DrawTracks
[2026-03-24 09:37:50.143] RadarControl.OnPaint[144] DrawTargets begin
[2026-03-24 09:37:50.145] RadarControl.OnPaint[144] DrawTargets end
[2026-03-24 09:37:50.145] RadarControl.OnPaint[144] DrawCenter
[2026-03-24 09:37:50.146] RadarControl.OnPaint[144] EXIT ok
[2026-03-24 09:37:50.366] RadarControl.SetTargets: count=3, selected=ABC123
[2026-03-24 09:37:50.376] RadarControl.OnPaint[145] ENTER width=743 height=743 targets=3 range=25,0
[2026-03-24 09:37:50.391] RadarControl.OnPaint[145] DrawRangeRings
[2026-03-24 09:37:50.392] RadarControl.OnPaint[145] DrawGrid
[2026-03-24 09:37:50.393] RadarControl.OnPaint[145] DrawTracks
[2026-03-24 09:37:50.393] RadarControl.OnPaint[145] DrawTargets begin
[2026-03-24 09:37:50.394] RadarControl.OnPaint[145] DrawTargets end
[2026-03-24 09:37:50.394] RadarControl.OnPaint[145] DrawCenter
[2026-03-24 09:37:50.394] RadarControl.OnPaint[145] EXIT ok
[2026-03-24 09:37:50.628] RadarControl.SetTargets: count=3, selected=ABC123
[2026-03-24 09:37:50.639] RadarControl.OnPaint[146] ENTER width=743 height=743 targets=3 range=25,0
[2026-03-24 09:37:50.655] RadarControl.OnPaint[146] DrawRangeRings
[2026-03-24 09:37:50.656] RadarControl.OnPaint[146] DrawGrid
[2026-03-24 09:37:50.657] RadarControl.OnPaint[146] DrawTracks
[2026-03-24 09:37:50.657] RadarControl.OnPaint[146] DrawTargets begin
[2026-03-24 09:37:50.658] RadarControl.OnPaint[146] DrawTargets end
[2026-03-24 09:37:50.658] RadarControl.OnPaint[146] DrawCenter
[2026-03-24 09:37:50.659] RadarControl.OnPaint[146] EXIT ok
[2026-03-24 09:37:50.948] RadarControl.SetTargets: count=3, selected=ABC123
[2026-03-24 09:37:50.961] RadarControl.OnPaint[147] ENTER width=743 height=743 targets=3 range=25,0
[2026-03-24 09:37:50.975] RadarControl.OnPaint[147] DrawRangeRings
[2026-03-24 09:37:50.976] RadarControl.OnPaint[147] DrawGrid
[2026-03-24 09:37:50.977] RadarControl.OnPaint[147] DrawTracks
[2026-03-24 09:37:50.977] RadarControl.OnPaint[147] DrawTargets begin
[2026-03-24 09:37:50.978] RadarControl.OnPaint[147] DrawTargets end
[2026-03-24 09:37:50.978] RadarControl.OnPaint[147] DrawCenter
[2026-03-24 09:37:50.978] RadarControl.OnPaint[147] EXIT ok
[2026-03-24 09:37:51.135] RadarControl.SetTargets: count=3, selected=ABC123
[2026-03-24 09:37:51.148] RadarControl.OnPaint[148] ENTER width=743 height=743 targets=3 range=25,0
[2026-03-24 09:37:51.162] RadarControl.OnPaint[148] DrawRangeRings
[2026-03-24 09:37:51.163] RadarControl.OnPaint[148] DrawGrid
[2026-03-24 09:37:51.163] RadarControl.OnPaint[148] DrawTracks
[2026-03-24 09:37:51.164] RadarControl.OnPaint[148] DrawTargets begin
[2026-03-24 09:37:51.164] RadarControl.OnPaint[148] DrawTargets end
[2026-03-24 09:37:51.164] RadarControl.OnPaint[148] DrawCenter
[2026-03-24 09:37:51.165] RadarControl.OnPaint[148] EXIT ok
[2026-03-24 09:37:51.396] RadarControl.SetTargets: count=3, selected=ABC123
[2026-03-24 09:37:51.407] RadarControl.OnPaint[149] ENTER width=743 height=743 targets=3 range=25,0
[2026-03-24 09:37:51.421] RadarControl.OnPaint[149] DrawRangeRings
[2026-03-24 09:37:51.422] RadarControl.OnPaint[149] DrawGrid
[2026-03-24 09:37:51.423] RadarControl.OnPaint[149] DrawTracks
[2026-03-24 09:37:51.423] RadarControl.OnPaint[149] DrawTargets begin
[2026-03-24 09:37:51.423] RadarControl.OnPaint[149] DrawTargets end
[2026-03-24 09:37:51.423] RadarControl.OnPaint[149] DrawCenter
[2026-03-24 09:37:51.424] RadarControl.OnPaint[149] EXIT ok
[2026-03-24 09:37:51.645] RadarControl.SetTargets: count=3, selected=ABC123
[2026-03-24 09:37:51.657] RadarControl.OnPaint[150] ENTER width=743 height=743 targets=3 range=25,0
[2026-03-24 09:37:51.672] RadarControl.OnPaint[150] DrawRangeRings
[2026-03-24 09:37:51.673] RadarControl.OnPaint[150] DrawGrid
[2026-03-24 09:37:51.673] RadarControl.OnPaint[150] DrawTracks
[2026-03-24 09:37:51.674] RadarControl.OnPaint[150] DrawTargets begin
[2026-03-24 09:37:51.675] RadarControl.OnPaint[150] DrawTargets end
[2026-03-24 09:37:51.675] RadarControl.OnPaint[150] DrawCenter
[2026-03-24 09:37:51.675] RadarControl.OnPaint[150] EXIT ok
[2026-03-24 09:37:51.966] RadarControl.SetTargets: count=3, selected=ABC123
[2026-03-24 09:37:51.978] RadarControl.OnPaint[151] ENTER width=743 height=743 targets=3 range=25,0
[2026-03-24 09:37:51.992] RadarControl.OnPaint[151] DrawRangeRings
[2026-03-24 09:37:51.993] RadarControl.OnPaint[151] DrawGrid
[2026-03-24 09:37:51.993] RadarControl.OnPaint[151] DrawTracks
[2026-03-24 09:37:51.994] RadarControl.OnPaint[151] DrawTargets begin
[2026-03-24 09:37:51.994] RadarControl.OnPaint[151] DrawTargets end
[2026-03-24 09:37:51.994] RadarControl.OnPaint[151] DrawCenter
[2026-03-24 09:37:51.996] RadarControl.OnPaint[151] EXIT ok
[2026-03-24 09:37:52.175] RadarControl.SetTargets: count=3, selected=ABC123
[2026-03-24 09:37:52.188] RadarControl.OnPaint[152] ENTER width=743 height=743 targets=3 range=25,0
[2026-03-24 09:37:52.201] RadarControl.OnPaint[152] DrawRangeRings
[2026-03-24 09:37:52.202] RadarControl.OnPaint[152] DrawGrid
[2026-03-24 09:37:52.203] RadarControl.OnPaint[152] DrawTracks
[2026-03-24 09:37:52.203] RadarControl.OnPaint[152] DrawTargets begin
[2026-03-24 09:37:52.204] RadarControl.OnPaint[152] DrawTargets end
[2026-03-24 09:37:52.204] RadarControl.OnPaint[152] DrawCenter
[2026-03-24 09:37:52.204] RadarControl.OnPaint[152] EXIT ok
[2026-03-24 09:37:52.425] RadarControl.SetTargets: count=3, selected=ABC123
[2026-03-24 09:37:52.437] RadarControl.OnPaint[153] ENTER width=743 height=743 targets=3 range=25,0
[2026-03-24 09:37:52.451] RadarControl.OnPaint[153] DrawRangeRings
[2026-03-24 09:37:52.452] RadarControl.OnPaint[153] DrawGrid
[2026-03-24 09:37:52.453] RadarControl.OnPaint[153] DrawTracks
[2026-03-24 09:37:52.453] RadarControl.OnPaint[153] DrawTargets begin
[2026-03-24 09:37:52.453] RadarControl.OnPaint[153] DrawTargets end
[2026-03-24 09:37:52.453] RadarControl.OnPaint[153] DrawCenter
[2026-03-24 09:37:52.455] RadarControl.OnPaint[153] EXIT ok
[2026-03-24 09:37:52.675] RadarControl.SetTargets: count=3, selected=ABC123
[2026-03-24 09:37:52.687] RadarControl.OnPaint[154] ENTER width=743 height=743 targets=3 range=25,0
[2026-03-24 09:37:52.701] RadarControl.OnPaint[154] DrawRangeRings
[2026-03-24 09:37:52.703] RadarControl.OnPaint[154] DrawGrid
[2026-03-24 09:37:52.703] RadarControl.OnPaint[154] DrawTracks
[2026-03-24 09:37:52.703] RadarControl.OnPaint[154] DrawTargets begin
[2026-03-24 09:37:52.705] RadarControl.OnPaint[154] DrawTargets end
[2026-03-24 09:37:52.705] RadarControl.OnPaint[154] DrawCenter
[2026-03-24 09:37:52.705] RadarControl.OnPaint[154] EXIT ok
[2026-03-24 09:37:52.998] RadarControl.SetTargets: count=2, selected=ABC123
[2026-03-24 09:37:53.012] RadarControl.OnPaint[155] ENTER width=743 height=743 targets=2 range=25,0
[2026-03-24 09:37:53.027] RadarControl.OnPaint[155] DrawRangeRings
[2026-03-24 09:37:53.028] RadarControl.OnPaint[155] DrawGrid
[2026-03-24 09:37:53.029] RadarControl.OnPaint[155] DrawTracks
[2026-03-24 09:37:53.029] RadarControl.OnPaint[155] DrawTargets begin
[2026-03-24 09:37:53.029] RadarControl.OnPaint[155] DrawTargets end
[2026-03-24 09:37:53.029] RadarControl.OnPaint[155] DrawCenter
[2026-03-24 09:37:53.030] RadarControl.OnPaint[155] EXIT ok
[2026-03-24 09:37:53.174] RadarControl.SetTargets: count=2, selected=ABC123
[2026-03-24 09:37:53.186] RadarControl.OnPaint[156] ENTER width=743 height=743 targets=2 range=25,0
[2026-03-24 09:37:53.201] RadarControl.OnPaint[156] DrawRangeRings
[2026-03-24 09:37:53.202] RadarControl.OnPaint[156] DrawGrid
[2026-03-24 09:37:53.203] RadarControl.OnPaint[156] DrawTracks
[2026-03-24 09:37:53.203] RadarControl.OnPaint[156] DrawTargets begin
[2026-03-24 09:37:53.203] RadarControl.OnPaint[156] DrawTargets end
[2026-03-24 09:37:53.203] RadarControl.OnPaint[156] DrawCenter
[2026-03-24 09:37:53.204] RadarControl.OnPaint[156] EXIT ok
[2026-03-24 09:37:53.424] RadarControl.SetTargets: count=2, selected=ABC123
[2026-03-24 09:37:53.436] RadarControl.OnPaint[157] ENTER width=743 height=743 targets=2 range=25,0
[2026-03-24 09:37:53.451] RadarControl.OnPaint[157] DrawRangeRings
[2026-03-24 09:37:53.452] RadarControl.OnPaint[157] DrawGrid
[2026-03-24 09:37:53.452] RadarControl.OnPaint[157] DrawTracks
[2026-03-24 09:37:53.453] RadarControl.OnPaint[157] DrawTargets begin
[2026-03-24 09:37:53.453] RadarControl.OnPaint[157] DrawTargets end
[2026-03-24 09:37:53.453] RadarControl.OnPaint[157] DrawCenter
[2026-03-24 09:37:53.454] RadarControl.OnPaint[157] EXIT ok
[2026-03-24 09:37:53.675] RadarControl.SetTargets: count=2, selected=ABC123
[2026-03-24 09:37:53.687] RadarControl.OnPaint[158] ENTER width=743 height=743 targets=2 range=25,0
[2026-03-24 09:37:53.702] RadarControl.OnPaint[158] DrawRangeRings
[2026-03-24 09:37:53.703] RadarControl.OnPaint[158] DrawGrid
[2026-03-24 09:37:53.704] RadarControl.OnPaint[158] DrawTracks
[2026-03-24 09:37:53.705] RadarControl.OnPaint[158] DrawTargets begin
[2026-03-24 09:37:53.705] RadarControl.OnPaint[158] DrawTargets end
[2026-03-24 09:37:53.708] RadarControl.OnPaint[158] DrawCenter
[2026-03-24 09:37:53.708] RadarControl.OnPaint[158] EXIT ok
[2026-03-24 09:37:54.043] RadarControl.SetTargets: count=2, selected=ABC123
[2026-03-24 09:37:54.054] RadarControl.OnPaint[159] ENTER width=743 height=743 targets=2 range=25,0
[2026-03-24 09:37:54.068] RadarControl.OnPaint[159] DrawRangeRings
[2026-03-24 09:37:54.070] RadarControl.OnPaint[159] DrawGrid
[2026-03-24 09:37:54.070] RadarControl.OnPaint[159] DrawTracks
[2026-03-24 09:37:54.071] RadarControl.OnPaint[159] DrawTargets begin
[2026-03-24 09:37:54.071] RadarControl.OnPaint[159] DrawTargets end
[2026-03-24 09:37:54.071] RadarControl.OnPaint[159] DrawCenter
[2026-03-24 09:37:54.072] RadarControl.OnPaint[159] EXIT ok
[2026-03-24 09:37:54.176] RadarControl.SetTargets: count=2, selected=ABC123
[2026-03-24 09:37:54.186] RadarControl.OnPaint[160] ENTER width=743 height=743 targets=2 range=25,0
[2026-03-24 09:37:54.201] RadarControl.OnPaint[160] DrawRangeRings
[2026-03-24 09:37:54.203] RadarControl.OnPaint[160] DrawGrid
[2026-03-24 09:37:54.203] RadarControl.OnPaint[160] DrawTracks
[2026-03-24 09:37:54.203] RadarControl.OnPaint[160] DrawTargets begin
[2026-03-24 09:37:54.203] RadarControl.OnPaint[160] DrawTargets end
[2026-03-24 09:37:54.204] RadarControl.OnPaint[160] DrawCenter
[2026-03-24 09:37:54.204] RadarControl.OnPaint[160] EXIT ok
[2026-03-24 09:37:54.425] RadarControl.SetTargets: count=2, selected=ABC123
[2026-03-24 09:37:54.437] RadarControl.OnPaint[161] ENTER width=743 height=743 targets=2 range=25,0
[2026-03-24 09:37:54.452] RadarControl.OnPaint[161] DrawRangeRings
[2026-03-24 09:37:54.453] RadarControl.OnPaint[161] DrawGrid
[2026-03-24 09:37:54.453] RadarControl.OnPaint[161] DrawTracks
[2026-03-24 09:37:54.453] RadarControl.OnPaint[161] DrawTargets begin
[2026-03-24 09:37:54.455] RadarControl.OnPaint[161] DrawTargets end
[2026-03-24 09:37:54.455] RadarControl.OnPaint[161] DrawCenter
[2026-03-24 09:37:54.455] RadarControl.OnPaint[161] EXIT ok
[2026-03-24 09:37:54.675] RadarControl.SetTargets: count=2, selected=ABC123
[2026-03-24 09:37:54.686] RadarControl.OnPaint[162] ENTER width=743 height=743 targets=2 range=25,0
[2026-03-24 09:37:54.700] RadarControl.OnPaint[162] DrawRangeRings
[2026-03-24 09:37:54.701] RadarControl.OnPaint[162] DrawGrid
[2026-03-24 09:37:54.701] RadarControl.OnPaint[162] DrawTracks
[2026-03-24 09:37:54.702] RadarControl.OnPaint[162] DrawTargets begin
[2026-03-24 09:37:54.702] RadarControl.OnPaint[162] DrawTargets end
[2026-03-24 09:37:54.702] RadarControl.OnPaint[162] DrawCenter
[2026-03-24 09:37:54.703] RadarControl.OnPaint[162] EXIT ok
[2026-03-24 09:37:55.063] RadarControl.SetTargets: count=2, selected=ABC123
[2026-03-24 09:37:55.075] RadarControl.OnPaint[163] ENTER width=743 height=743 targets=2 range=25,0
[2026-03-24 09:37:55.089] RadarControl.OnPaint[163] DrawRangeRings
[2026-03-24 09:37:55.090] RadarControl.OnPaint[163] DrawGrid
[2026-03-24 09:37:55.090] RadarControl.OnPaint[163] DrawTracks
[2026-03-24 09:37:55.091] RadarControl.OnPaint[163] DrawTargets begin
[2026-03-24 09:37:55.091] RadarControl.OnPaint[163] DrawTargets end
[2026-03-24 09:37:55.091] RadarControl.OnPaint[163] DrawCenter
[2026-03-24 09:37:55.092] RadarControl.OnPaint[163] EXIT ok
[2026-03-24 09:37:55.173] RadarControl.SetTargets: count=2, selected=ABC123
[2026-03-24 09:37:55.184] RadarControl.OnPaint[164] ENTER width=743 height=743 targets=2 range=25,0
[2026-03-24 09:37:55.198] RadarControl.OnPaint[164] DrawRangeRings
[2026-03-24 09:37:55.199] RadarControl.OnPaint[164] DrawGrid
[2026-03-24 09:37:55.200] RadarControl.OnPaint[164] DrawTracks
[2026-03-24 09:37:55.200] RadarControl.OnPaint[164] DrawTargets begin
[2026-03-24 09:37:55.201] RadarControl.OnPaint[164] DrawTargets end
[2026-03-24 09:37:55.201] RadarControl.OnPaint[164] DrawCenter
[2026-03-24 09:37:55.202] RadarControl.OnPaint[164] EXIT ok
[2026-03-24 09:37:55.425] RadarControl.SetTargets: count=2, selected=ABC123
[2026-03-24 09:37:55.436] RadarControl.OnPaint[165] ENTER width=743 height=743 targets=2 range=25,0
[2026-03-24 09:37:55.450] RadarControl.OnPaint[165] DrawRangeRings
[2026-03-24 09:37:55.452] RadarControl.OnPaint[165] DrawGrid
[2026-03-24 09:37:55.452] RadarControl.OnPaint[165] DrawTracks
[2026-03-24 09:37:55.453] RadarControl.OnPaint[165] DrawTargets begin
[2026-03-24 09:37:55.453] RadarControl.OnPaint[165] DrawTargets end
[2026-03-24 09:37:55.453] RadarControl.OnPaint[165] DrawCenter
[2026-03-24 09:37:55.453] RadarControl.OnPaint[165] EXIT ok
[2026-03-24 09:37:55.675] RadarControl.SetTargets: count=2, selected=ABC123
[2026-03-24 09:37:55.687] RadarControl.OnPaint[166] ENTER width=743 height=743 targets=2 range=25,0
[2026-03-24 09:37:55.701] RadarControl.OnPaint[166] DrawRangeRings
[2026-03-24 09:37:55.702] RadarControl.OnPaint[166] DrawGrid
[2026-03-24 09:37:55.703] RadarControl.OnPaint[166] DrawTracks
[2026-03-24 09:37:55.703] RadarControl.OnPaint[166] DrawTargets begin
[2026-03-24 09:37:55.704] RadarControl.OnPaint[166] DrawTargets end
[2026-03-24 09:37:55.704] RadarControl.OnPaint[166] DrawCenter
[2026-03-24 09:37:55.704] RadarControl.OnPaint[166] EXIT ok
[2026-03-24 09:37:56.063] RadarControl.SetTargets: count=2, selected=ABC123
[2026-03-24 09:37:56.075] RadarControl.OnPaint[167] ENTER width=743 height=743 targets=2 range=25,0
[2026-03-24 09:37:56.089] RadarControl.OnPaint[167] DrawRangeRings
[2026-03-24 09:37:56.090] RadarControl.OnPaint[167] DrawGrid
[2026-03-24 09:37:56.091] RadarControl.OnPaint[167] DrawTracks
[2026-03-24 09:37:56.091] RadarControl.OnPaint[167] DrawTargets begin
[2026-03-24 09:37:56.092] RadarControl.OnPaint[167] DrawTargets end
[2026-03-24 09:37:56.092] RadarControl.OnPaint[167] DrawCenter
[2026-03-24 09:37:56.092] RadarControl.OnPaint[167] EXIT ok
[2026-03-24 09:37:56.175] RadarControl.SetTargets: count=2, selected=ABC123
[2026-03-24 09:37:56.187] RadarControl.OnPaint[168] ENTER width=743 height=743 targets=2 range=25,0
[2026-03-24 09:37:56.202] RadarControl.OnPaint[168] DrawRangeRings
[2026-03-24 09:37:56.203] RadarControl.OnPaint[168] DrawGrid
[2026-03-24 09:37:56.203] RadarControl.OnPaint[168] DrawTracks
[2026-03-24 09:37:56.203] RadarControl.OnPaint[168] DrawTargets begin
[2026-03-24 09:37:56.204] RadarControl.OnPaint[168] DrawTargets end
[2026-03-24 09:37:56.204] RadarControl.OnPaint[168] DrawCenter
[2026-03-24 09:37:56.204] RadarControl.OnPaint[168] EXIT ok
[2026-03-24 09:37:56.425] RadarControl.SetTargets: count=2, selected=ABC123
[2026-03-24 09:37:56.437] RadarControl.OnPaint[169] ENTER width=743 height=743 targets=2 range=25,0
[2026-03-24 09:37:56.452] RadarControl.OnPaint[169] DrawRangeRings
[2026-03-24 09:37:56.453] RadarControl.OnPaint[169] DrawGrid
[2026-03-24 09:37:56.453] RadarControl.OnPaint[169] DrawTracks
[2026-03-24 09:37:56.453] RadarControl.OnPaint[169] DrawTargets begin
[2026-03-24 09:37:56.453] RadarControl.OnPaint[169] DrawTargets end
[2026-03-24 09:37:56.453] RadarControl.OnPaint[169] DrawCenter
[2026-03-24 09:37:56.454] RadarControl.OnPaint[169] EXIT ok
[2026-03-24 09:37:56.676] RadarControl.SetTargets: count=2, selected=ABC123
[2026-03-24 09:37:56.688] RadarControl.OnPaint[170] ENTER width=743 height=743 targets=2 range=25,0
[2026-03-24 09:37:56.703] RadarControl.OnPaint[170] DrawRangeRings
[2026-03-24 09:37:56.704] RadarControl.OnPaint[170] DrawGrid
[2026-03-24 09:37:56.705] RadarControl.OnPaint[170] DrawTracks
[2026-03-24 09:37:56.705] RadarControl.OnPaint[170] DrawTargets begin
[2026-03-24 09:37:56.705] RadarControl.OnPaint[170] DrawTargets end
[2026-03-24 09:37:56.706] RadarControl.OnPaint[170] DrawCenter
[2026-03-24 09:37:56.706] RadarControl.OnPaint[170] EXIT ok
[2026-03-24 09:37:56.924] RadarControl.SetTargets: count=2, selected=ABC123
[2026-03-24 09:37:56.937] RadarControl.OnPaint[171] ENTER width=743 height=743 targets=2 range=25,0
[2026-03-24 09:37:56.950] RadarControl.OnPaint[171] DrawRangeRings
[2026-03-24 09:37:56.951] RadarControl.OnPaint[171] DrawGrid
[2026-03-24 09:37:56.952] RadarControl.OnPaint[171] DrawTracks
[2026-03-24 09:37:56.952] RadarControl.OnPaint[171] DrawTargets begin
[2026-03-24 09:37:56.952] RadarControl.OnPaint[171] DrawTargets end
[2026-03-24 09:37:56.953] RadarControl.OnPaint[171] DrawCenter
[2026-03-24 09:37:56.953] RadarControl.OnPaint[171] EXIT ok
[2026-03-24 09:37:57.174] RadarControl.SetTargets: count=2, selected=ABC123
[2026-03-24 09:37:57.186] RadarControl.OnPaint[172] ENTER width=743 height=743 targets=2 range=25,0
[2026-03-24 09:37:57.200] RadarControl.OnPaint[172] DrawRangeRings
[2026-03-24 09:37:57.201] RadarControl.OnPaint[172] DrawGrid
[2026-03-24 09:37:57.202] RadarControl.OnPaint[172] DrawTracks
[2026-03-24 09:37:57.202] RadarControl.OnPaint[172] DrawTargets begin
[2026-03-24 09:37:57.203] RadarControl.OnPaint[172] DrawTargets end
[2026-03-24 09:37:57.203] RadarControl.OnPaint[172] DrawCenter
[2026-03-24 09:37:57.203] RadarControl.OnPaint[172] EXIT ok
[2026-03-24 09:37:57.424] RadarControl.SetTargets: count=2, selected=ABC123
[2026-03-24 09:37:57.436] RadarControl.OnPaint[173] ENTER width=743 height=743 targets=2 range=25,0
[2026-03-24 09:37:57.449] RadarControl.OnPaint[173] DrawRangeRings
[2026-03-24 09:37:57.450] RadarControl.OnPaint[173] DrawGrid
[2026-03-24 09:37:57.451] RadarControl.OnPaint[173] DrawTracks
[2026-03-24 09:37:57.451] RadarControl.OnPaint[173] DrawTargets begin
[2026-03-24 09:37:57.452] RadarControl.OnPaint[173] DrawTargets end
[2026-03-24 09:37:57.452] RadarControl.OnPaint[173] DrawCenter
[2026-03-24 09:37:57.452] RadarControl.OnPaint[173] EXIT ok
[2026-03-24 09:37:57.675] RadarControl.SetTargets: count=2, selected=ABC123
[2026-03-24 09:37:57.687] RadarControl.OnPaint[174] ENTER width=743 height=743 targets=2 range=25,0
[2026-03-24 09:37:57.702] RadarControl.OnPaint[174] DrawRangeRings
[2026-03-24 09:37:57.703] RadarControl.OnPaint[174] DrawGrid
[2026-03-24 09:37:57.703] RadarControl.OnPaint[174] DrawTracks
[2026-03-24 09:37:57.703] RadarControl.OnPaint[174] DrawTargets begin
[2026-03-24 09:37:57.704] RadarControl.OnPaint[174] DrawTargets end
[2026-03-24 09:37:57.704] RadarControl.OnPaint[174] DrawCenter
[2026-03-24 09:37:57.704] RadarControl.OnPaint[174] EXIT ok
[2026-03-24 09:37:58.176] RadarControl.SetTargets: count=2, selected=ABC123
[2026-03-24 09:37:58.186] RadarControl.OnPaint[175] ENTER width=743 height=743 targets=2 range=25,0
[2026-03-24 09:37:58.201] RadarControl.OnPaint[175] DrawRangeRings
[2026-03-24 09:37:58.202] RadarControl.OnPaint[175] DrawGrid
[2026-03-24 09:37:58.203] RadarControl.OnPaint[175] DrawTracks
[2026-03-24 09:37:58.203] RadarControl.OnPaint[175] DrawTargets begin
[2026-03-24 09:37:58.203] RadarControl.OnPaint[175] DrawTargets end
[2026-03-24 09:37:58.203] RadarControl.OnPaint[175] DrawCenter
[2026-03-24 09:37:58.204] RadarControl.OnPaint[175] EXIT ok
[2026-03-24 09:37:59.190] RadarControl.SetTargets: count=2, selected=ABC123
[2026-03-24 09:37:59.200] RadarControl.OnPaint[176] ENTER width=743 height=743 targets=2 range=25,0
[2026-03-24 09:37:59.215] RadarControl.OnPaint[176] DrawRangeRings
[2026-03-24 09:37:59.216] RadarControl.OnPaint[176] DrawGrid
[2026-03-24 09:37:59.217] RadarControl.OnPaint[176] DrawTracks
[2026-03-24 09:37:59.217] RadarControl.OnPaint[176] DrawTargets begin
[2026-03-24 09:37:59.217] RadarControl.OnPaint[176] DrawTargets end
[2026-03-24 09:37:59.217] RadarControl.OnPaint[176] DrawCenter
[2026-03-24 09:37:59.218] RadarControl.OnPaint[176] EXIT ok
[2026-03-24 09:38:00.217] RadarControl.SetTargets: count=0, selected=none
[2026-03-24 09:38:00.229] RadarControl.OnPaint[177] ENTER width=743 height=743 targets=0 range=25,0
[2026-03-24 09:38:00.243] RadarControl.OnPaint[177] DrawRangeRings
[2026-03-24 09:38:00.244] RadarControl.OnPaint[177] DrawGrid
[2026-03-24 09:38:00.244] RadarControl.OnPaint[177] DrawTracks
[2026-03-24 09:38:00.245] RadarControl.OnPaint[177] DrawTargets begin
[2026-03-24 09:38:00.245] RadarControl.OnPaint[177] DrawTargets end
[2026-03-24 09:38:00.245] RadarControl.OnPaint[177] DrawCenter
[2026-03-24 09:38:00.245] RadarControl.OnPaint[177] EXIT ok
[2026-03-24 09:38:00.263] RadarControl.SetTargets: count=0, selected=none
[2026-03-24 09:38:00.273] RadarControl.OnPaint[178] ENTER width=743 height=743 targets=0 range=25,0
[2026-03-24 09:38:00.288] RadarControl.OnPaint[178] DrawRangeRings
[2026-03-24 09:38:00.289] RadarControl.OnPaint[178] DrawGrid
[2026-03-24 09:38:00.290] RadarControl.OnPaint[178] DrawTracks
[2026-03-24 09:38:00.290] RadarControl.OnPaint[178] DrawTargets begin
[2026-03-24 09:38:00.290] RadarControl.OnPaint[178] DrawTargets end
[2026-03-24 09:38:00.290] RadarControl.OnPaint[178] DrawCenter
[2026-03-24 09:38:00.290] RadarControl.OnPaint[178] EXIT ok
[2026-03-24 09:38:04.225] RadarControl.SetTargets: count=2, selected=none
[2026-03-24 09:38:04.237] RadarControl.OnPaint[179] ENTER width=743 height=743 targets=2 range=25,0
[2026-03-24 09:38:04.251] RadarControl.OnPaint[179] DrawRangeRings
[2026-03-24 09:38:04.252] RadarControl.OnPaint[179] DrawGrid
[2026-03-24 09:38:04.252] RadarControl.OnPaint[179] DrawTracks
[2026-03-24 09:38:04.252] RadarControl.OnPaint[179] DrawTargets begin
[2026-03-24 09:38:04.253] RadarControl.OnPaint[179] DrawTargets end
[2026-03-24 09:38:04.253] RadarControl.OnPaint[179] DrawCenter
[2026-03-24 09:38:04.253] RadarControl.OnPaint[179] EXIT ok
[2026-03-24 09:38:05.235] RadarControl.SetTargets: count=2, selected=none
[2026-03-24 09:38:05.248] RadarControl.OnPaint[180] ENTER width=743 height=743 targets=2 range=25,0
[2026-03-24 09:38:05.263] RadarControl.OnPaint[180] DrawRangeRings
[2026-03-24 09:38:05.264] RadarControl.OnPaint[180] DrawGrid
[2026-03-24 09:38:05.264] RadarControl.OnPaint[180] DrawTracks
[2026-03-24 09:38:05.265] RadarControl.OnPaint[180] DrawTargets begin
[2026-03-24 09:38:05.265] RadarControl.OnPaint[180] DrawTargets end
[2026-03-24 09:38:05.265] RadarControl.OnPaint[180] DrawCenter
[2026-03-24 09:38:05.266] RadarControl.OnPaint[180] EXIT ok
[2026-03-24 09:38:06.272] RadarControl.SetTargets: count=2, selected=none
[2026-03-24 09:38:06.283] RadarControl.OnPaint[181] ENTER width=743 height=743 targets=2 range=25,0
[2026-03-24 09:38:06.298] RadarControl.OnPaint[181] DrawRangeRings
[2026-03-24 09:38:06.299] RadarControl.OnPaint[181] DrawGrid
[2026-03-24 09:38:06.299] RadarControl.OnPaint[181] DrawTracks
[2026-03-24 09:38:06.300] RadarControl.OnPaint[181] DrawTargets begin
[2026-03-24 09:38:06.300] RadarControl.OnPaint[181] DrawTargets end
[2026-03-24 09:38:06.300] RadarControl.OnPaint[181] DrawCenter
[2026-03-24 09:38:06.301] RadarControl.OnPaint[181] EXIT ok
[2026-03-24 09:38:07.285] RadarControl.SetTargets: count=2, selected=none
[2026-03-24 09:38:07.298] RadarControl.OnPaint[182] ENTER width=743 height=743 targets=2 range=25,0
[2026-03-24 09:38:07.311] RadarControl.OnPaint[182] DrawRangeRings
[2026-03-24 09:38:07.312] RadarControl.OnPaint[182] DrawGrid
[2026-03-24 09:38:07.312] RadarControl.OnPaint[182] DrawTracks
[2026-03-24 09:38:07.313] RadarControl.OnPaint[182] DrawTargets begin
[2026-03-24 09:38:07.313] RadarControl.OnPaint[182] DrawTargets end
[2026-03-24 09:38:07.313] RadarControl.OnPaint[182] DrawCenter
[2026-03-24 09:38:07.314] RadarControl.OnPaint[182] EXIT ok
[2026-03-24 09:38:08.286] RadarControl.SetTargets: count=2, selected=none
[2026-03-24 09:38:08.298] RadarControl.OnPaint[183] ENTER width=743 height=743 targets=2 range=25,0
[2026-03-24 09:38:08.312] RadarControl.OnPaint[183] DrawRangeRings
[2026-03-24 09:38:08.313] RadarControl.OnPaint[183] DrawGrid
[2026-03-24 09:38:08.313] RadarControl.OnPaint[183] DrawTracks
[2026-03-24 09:38:08.313] RadarControl.OnPaint[183] DrawTargets begin
[2026-03-24 09:38:08.315] RadarControl.OnPaint[183] DrawTargets end
[2026-03-24 09:38:08.315] RadarControl.OnPaint[183] DrawCenter
[2026-03-24 09:38:08.315] RadarControl.OnPaint[183] EXIT ok
[2026-03-24 09:38:09.286] RadarControl.SetTargets: count=2, selected=none
[2026-03-24 09:38:09.298] RadarControl.OnPaint[184] ENTER width=743 height=743 targets=2 range=25,0
[2026-03-24 09:38:09.312] RadarControl.OnPaint[184] DrawRangeRings
[2026-03-24 09:38:09.313] RadarControl.OnPaint[184] DrawGrid
[2026-03-24 09:38:09.313] RadarControl.OnPaint[184] DrawTracks
[2026-03-24 09:38:09.313] RadarControl.OnPaint[184] DrawTargets begin
[2026-03-24 09:38:09.314] RadarControl.OnPaint[184] DrawTargets end
[2026-03-24 09:38:09.314] RadarControl.OnPaint[184] DrawCenter
[2026-03-24 09:38:09.315] RadarControl.OnPaint[184] EXIT ok
[2026-03-24 09:38:10.286] RadarControl.SetTargets: count=2, selected=none
[2026-03-24 09:38:10.297] RadarControl.OnPaint[185] ENTER width=743 height=743 targets=2 range=25,0
[2026-03-24 09:38:10.312] RadarControl.OnPaint[185] DrawRangeRings
[2026-03-24 09:38:10.312] RadarControl.OnPaint[185] DrawGrid
[2026-03-24 09:38:10.313] RadarControl.OnPaint[185] DrawTracks
[2026-03-24 09:38:10.313] RadarControl.OnPaint[185] DrawTargets begin
[2026-03-24 09:38:10.313] RadarControl.OnPaint[185] DrawTargets end
[2026-03-24 09:38:10.313] RadarControl.OnPaint[185] DrawCenter
[2026-03-24 09:38:10.314] RadarControl.OnPaint[185] EXIT ok
[2026-03-24 09:38:11.296] RadarControl.SetTargets: count=2, selected=none
[2026-03-24 09:38:11.308] RadarControl.OnPaint[186] ENTER width=743 height=743 targets=2 range=25,0
[2026-03-24 09:38:11.324] RadarControl.OnPaint[186] DrawRangeRings
[2026-03-24 09:38:11.325] RadarControl.OnPaint[186] DrawGrid
[2026-03-24 09:38:11.325] RadarControl.OnPaint[186] DrawTracks
[2026-03-24 09:38:11.325] RadarControl.OnPaint[186] DrawTargets begin
[2026-03-24 09:38:11.325] RadarControl.OnPaint[186] DrawTargets end
[2026-03-24 09:38:11.326] RadarControl.OnPaint[186] DrawCenter
[2026-03-24 09:38:11.326] RadarControl.OnPaint[186] EXIT ok
[2026-03-24 09:38:12.533] RadarControl.SetTargets: count=2, selected=none
[2026-03-24 09:38:12.544] RadarControl.OnPaint[187] ENTER width=743 height=743 targets=2 range=25,0
[2026-03-24 09:38:12.558] RadarControl.OnPaint[187] DrawRangeRings
[2026-03-24 09:38:12.559] RadarControl.OnPaint[187] DrawGrid
[2026-03-24 09:38:12.559] RadarControl.OnPaint[187] DrawTracks
[2026-03-24 09:38:12.560] RadarControl.OnPaint[187] DrawTargets begin
[2026-03-24 09:38:12.560] RadarControl.OnPaint[187] DrawTargets end
[2026-03-24 09:38:12.560] RadarControl.OnPaint[187] DrawCenter
[2026-03-24 09:38:12.561] RadarControl.OnPaint[187] EXIT ok
[2026-03-24 09:38:13.536] RadarControl.SetTargets: count=2, selected=none
[2026-03-24 09:38:13.548] RadarControl.OnPaint[188] ENTER width=743 height=743 targets=2 range=25,0
[2026-03-24 09:38:13.562] RadarControl.OnPaint[188] DrawRangeRings
[2026-03-24 09:38:13.563] RadarControl.OnPaint[188] DrawGrid
[2026-03-24 09:38:13.563] RadarControl.OnPaint[188] DrawTracks
[2026-03-24 09:38:13.563] RadarControl.OnPaint[188] DrawTargets begin
[2026-03-24 09:38:13.564] RadarControl.OnPaint[188] DrawTargets end
[2026-03-24 09:38:13.564] RadarControl.OnPaint[188] DrawCenter
[2026-03-24 09:38:13.564] RadarControl.OnPaint[188] EXIT ok
[2026-03-24 09:38:14.534] RadarControl.SetTargets: count=2, selected=none
[2026-03-24 09:38:14.546] RadarControl.OnPaint[189] ENTER width=743 height=743 targets=2 range=25,0
[2026-03-24 09:38:14.560] RadarControl.OnPaint[189] DrawRangeRings
[2026-03-24 09:38:14.561] RadarControl.OnPaint[189] DrawGrid
[2026-03-24 09:38:14.561] RadarControl.OnPaint[189] DrawTracks
[2026-03-24 09:38:14.561] RadarControl.OnPaint[189] DrawTargets begin
[2026-03-24 09:38:14.562] RadarControl.OnPaint[189] DrawTargets end
[2026-03-24 09:38:14.562] RadarControl.OnPaint[189] DrawCenter
[2026-03-24 09:38:14.562] RadarControl.OnPaint[189] EXIT ok
[2026-03-24 09:38:15.535] RadarControl.SetTargets: count=2, selected=none
[2026-03-24 09:38:15.548] RadarControl.OnPaint[190] ENTER width=743 height=743 targets=2 range=25,0
[2026-03-24 09:38:15.561] RadarControl.OnPaint[190] DrawRangeRings
[2026-03-24 09:38:15.562] RadarControl.OnPaint[190] DrawGrid
[2026-03-24 09:38:15.563] RadarControl.OnPaint[190] DrawTracks
[2026-03-24 09:38:15.563] RadarControl.OnPaint[190] DrawTargets begin
[2026-03-24 09:38:15.563] RadarControl.OnPaint[190] DrawTargets end
[2026-03-24 09:38:15.564] RadarControl.OnPaint[190] DrawCenter
[2026-03-24 09:38:15.564] RadarControl.OnPaint[190] EXIT ok
[2026-03-24 09:38:16.534] RadarControl.SetTargets: count=2, selected=none
[2026-03-24 09:38:16.546] RadarControl.OnPaint[191] ENTER width=743 height=743 targets=2 range=25,0
[2026-03-24 09:38:16.560] RadarControl.OnPaint[191] DrawRangeRings
[2026-03-24 09:38:16.561] RadarControl.OnPaint[191] DrawGrid
[2026-03-24 09:38:16.562] RadarControl.OnPaint[191] DrawTracks
[2026-03-24 09:38:16.562] RadarControl.OnPaint[191] DrawTargets begin
[2026-03-24 09:38:16.563] RadarControl.OnPaint[191] DrawTargets end
[2026-03-24 09:38:16.563] RadarControl.OnPaint[191] DrawCenter
[2026-03-24 09:38:16.563] RadarControl.OnPaint[191] EXIT ok
[2026-03-24 09:38:17.536] RadarControl.SetTargets: count=2, selected=none
[2026-03-24 09:38:17.548] RadarControl.OnPaint[192] ENTER width=743 height=743 targets=2 range=25,0
[2026-03-24 09:38:17.562] RadarControl.OnPaint[192] DrawRangeRings
[2026-03-24 09:38:17.563] RadarControl.OnPaint[192] DrawGrid
[2026-03-24 09:38:17.563] RadarControl.OnPaint[192] DrawTracks
[2026-03-24 09:38:17.563] RadarControl.OnPaint[192] DrawTargets begin
[2026-03-24 09:38:17.564] RadarControl.OnPaint[192] DrawTargets end
[2026-03-24 09:38:17.564] RadarControl.OnPaint[192] DrawCenter
[2026-03-24 09:38:17.564] RadarControl.OnPaint[192] EXIT ok
[2026-03-24 09:38:18.533] RadarControl.SetTargets: count=2, selected=none
[2026-03-24 09:38:18.544] RadarControl.OnPaint[193] ENTER width=743 height=743 targets=2 range=25,0
[2026-03-24 09:38:18.559] RadarControl.OnPaint[193] DrawRangeRings
[2026-03-24 09:38:18.560] RadarControl.OnPaint[193] DrawGrid
[2026-03-24 09:38:18.560] RadarControl.OnPaint[193] DrawTracks
[2026-03-24 09:38:18.560] RadarControl.OnPaint[193] DrawTargets begin
[2026-03-24 09:38:18.561] RadarControl.OnPaint[193] DrawTargets end
[2026-03-24 09:38:18.561] RadarControl.OnPaint[193] DrawCenter
[2026-03-24 09:38:18.561] RadarControl.OnPaint[193] EXIT ok
[2026-03-24 09:38:19.536] RadarControl.SetTargets: count=2, selected=none
[2026-03-24 09:38:19.547] RadarControl.OnPaint[194] ENTER width=743 height=743 targets=2 range=25,0
[2026-03-24 09:38:19.561] RadarControl.OnPaint[194] DrawRangeRings
[2026-03-24 09:38:19.562] RadarControl.OnPaint[194] DrawGrid
[2026-03-24 09:38:19.563] RadarControl.OnPaint[194] DrawTracks
[2026-03-24 09:38:19.563] RadarControl.OnPaint[194] DrawTargets begin
[2026-03-24 09:38:19.563] RadarControl.OnPaint[194] DrawTargets end
[2026-03-24 09:38:19.564] RadarControl.OnPaint[194] DrawCenter
[2026-03-24 09:38:19.564] RadarControl.OnPaint[194] EXIT ok
[2026-03-24 09:38:20.549] RadarControl.SetTargets: count=1, selected=none
[2026-03-24 09:38:20.562] RadarControl.OnPaint[195] ENTER width=743 height=743 targets=1 range=25,0
[2026-03-24 09:38:20.578] RadarControl.OnPaint[195] DrawRangeRings
[2026-03-24 09:38:20.579] RadarControl.OnPaint[195] DrawGrid
[2026-03-24 09:38:20.579] RadarControl.OnPaint[195] DrawTracks
[2026-03-24 09:38:20.580] RadarControl.OnPaint[195] DrawTargets begin
[2026-03-24 09:38:20.580] RadarControl.OnPaint[195] DrawTargets end
[2026-03-24 09:38:20.580] RadarControl.OnPaint[195] DrawCenter
[2026-03-24 09:38:20.580] RadarControl.OnPaint[195] EXIT ok
[2026-03-24 09:38:21.583] RadarControl.SetTargets: count=1, selected=none
[2026-03-24 09:38:21.593] RadarControl.OnPaint[196] ENTER width=743 height=743 targets=1 range=25,0
[2026-03-24 09:38:21.607] RadarControl.OnPaint[196] DrawRangeRings
[2026-03-24 09:38:21.608] RadarControl.OnPaint[196] DrawGrid
[2026-03-24 09:38:21.608] RadarControl.OnPaint[196] DrawTracks
[2026-03-24 09:38:21.609] RadarControl.OnPaint[196] DrawTargets begin
[2026-03-24 09:38:21.609] RadarControl.OnPaint[196] DrawTargets end
[2026-03-24 09:38:21.609] RadarControl.OnPaint[196] DrawCenter
[2026-03-24 09:38:21.609] RadarControl.OnPaint[196] EXIT ok
[2026-03-24 09:38:22.596] RadarControl.SetTargets: count=1, selected=none
[2026-03-24 09:38:22.607] RadarControl.OnPaint[197] ENTER width=743 height=743 targets=1 range=25,0
[2026-03-24 09:38:22.622] RadarControl.OnPaint[197] DrawRangeRings
[2026-03-24 09:38:22.623] RadarControl.OnPaint[197] DrawGrid
[2026-03-24 09:38:22.623] RadarControl.OnPaint[197] DrawTracks
[2026-03-24 09:38:22.623] RadarControl.OnPaint[197] DrawTargets begin
[2026-03-24 09:38:22.624] RadarControl.OnPaint[197] DrawTargets end
[2026-03-24 09:38:22.624] RadarControl.OnPaint[197] DrawCenter
[2026-03-24 09:38:22.624] RadarControl.OnPaint[197] EXIT ok
[2026-03-24 09:38:23.614] RadarControl.SetTargets: count=1, selected=none
[2026-03-24 09:38:23.625] RadarControl.OnPaint[198] ENTER width=743 height=743 targets=1 range=25,0
[2026-03-24 09:38:23.639] RadarControl.OnPaint[198] DrawRangeRings
[2026-03-24 09:38:23.640] RadarControl.OnPaint[198] DrawGrid
[2026-03-24 09:38:23.641] RadarControl.OnPaint[198] DrawTracks
[2026-03-24 09:38:23.641] RadarControl.OnPaint[198] DrawTargets begin
[2026-03-24 09:38:23.642] RadarControl.OnPaint[198] DrawTargets end
[2026-03-24 09:38:23.642] RadarControl.OnPaint[198] DrawCenter
[2026-03-24 09:38:23.642] RadarControl.OnPaint[198] EXIT ok
[2026-03-24 09:38:24.356] RadarControl.SetTargets: count=1, selected=none
[2026-03-24 09:38:24.369] RadarControl.OnPaint[199] ENTER width=743 height=743 targets=1 range=31,3
[2026-03-24 09:38:24.383] RadarControl.OnPaint[199] DrawRangeRings
[2026-03-24 09:38:24.384] RadarControl.OnPaint[199] DrawGrid
[2026-03-24 09:38:24.384] RadarControl.OnPaint[199] DrawTracks
[2026-03-24 09:38:24.384] RadarControl.OnPaint[199] DrawTargets begin
[2026-03-24 09:38:24.385] RadarControl.OnPaint[199] DrawTargets end
[2026-03-24 09:38:24.385] RadarControl.OnPaint[199] DrawCenter
[2026-03-24 09:38:24.385] RadarControl.OnPaint[199] EXIT ok
[2026-03-24 09:38:24.611] RadarControl.SetTargets: count=1, selected=none
[2026-03-24 09:38:24.623] RadarControl.OnPaint[200] ENTER width=743 height=743 targets=1 range=31,3
[2026-03-24 09:38:24.638] RadarControl.OnPaint[200] DrawRangeRings
[2026-03-24 09:38:24.639] RadarControl.OnPaint[200] DrawGrid
[2026-03-24 09:38:24.639] RadarControl.OnPaint[200] DrawTracks
[2026-03-24 09:38:24.639] RadarControl.OnPaint[200] DrawTargets begin
[2026-03-24 09:38:24.640] RadarControl.OnPaint[200] DrawTargets end
[2026-03-24 09:38:24.640] RadarControl.OnPaint[200] DrawCenter
[2026-03-24 09:38:24.640] RadarControl.OnPaint[200] EXIT ok
[2026-03-24 09:38:25.737] RadarControl.SetTargets: count=1, selected=none
[2026-03-24 09:38:25.748] RadarControl.OnPaint[201] ENTER width=743 height=743 targets=1 range=25,0
[2026-03-24 09:38:25.761] RadarControl.OnPaint[201] DrawRangeRings
[2026-03-24 09:38:25.762] RadarControl.OnPaint[201] DrawGrid
[2026-03-24 09:38:25.763] RadarControl.OnPaint[201] DrawTracks
[2026-03-24 09:38:25.763] RadarControl.OnPaint[201] DrawTargets begin
[2026-03-24 09:38:25.763] RadarControl.OnPaint[201] DrawTargets end
[2026-03-24 09:38:25.764] RadarControl.OnPaint[201] DrawCenter
[2026-03-24 09:38:25.764] RadarControl.OnPaint[201] EXIT ok
[2026-03-24 09:38:25.862] RadarControl.SetTargets: count=1, selected=none
[2026-03-24 09:38:25.872] RadarControl.OnPaint[202] ENTER width=743 height=743 targets=1 range=25,0
[2026-03-24 09:38:25.886] RadarControl.OnPaint[202] DrawRangeRings
[2026-03-24 09:38:25.887] RadarControl.OnPaint[202] DrawGrid
[2026-03-24 09:38:25.887] RadarControl.OnPaint[202] DrawTracks
[2026-03-24 09:38:25.888] RadarControl.OnPaint[202] DrawTargets begin
[2026-03-24 09:38:25.888] RadarControl.OnPaint[202] DrawTargets end
[2026-03-24 09:38:25.888] RadarControl.OnPaint[202] DrawCenter
[2026-03-24 09:38:25.888] RadarControl.OnPaint[202] EXIT ok
[2026-03-24 09:38:26.160] RadarControl.SetTargets: count=1, selected=none
[2026-03-24 09:38:26.172] RadarControl.OnPaint[203] ENTER width=743 height=743 targets=1 range=20,0
[2026-03-24 09:38:26.186] RadarControl.OnPaint[203] DrawRangeRings
[2026-03-24 09:38:26.187] RadarControl.OnPaint[203] DrawGrid
[2026-03-24 09:38:26.188] RadarControl.OnPaint[203] DrawTracks
[2026-03-24 09:38:26.188] RadarControl.OnPaint[203] DrawTargets begin
[2026-03-24 09:38:26.188] RadarControl.OnPaint[203] DrawTargets end
[2026-03-24 09:38:26.188] RadarControl.OnPaint[203] DrawCenter
[2026-03-24 09:38:26.189] RadarControl.OnPaint[203] EXIT ok
[2026-03-24 09:38:26.291] RadarControl.SetTargets: count=1, selected=none
[2026-03-24 09:38:26.302] RadarControl.OnPaint[204] ENTER width=743 height=743 targets=1 range=16,0
[2026-03-24 09:38:26.316] RadarControl.OnPaint[204] DrawRangeRings
[2026-03-24 09:38:26.317] RadarControl.OnPaint[204] DrawGrid
[2026-03-24 09:38:26.318] RadarControl.OnPaint[204] DrawTracks
[2026-03-24 09:38:26.318] RadarControl.OnPaint[204] DrawTargets begin
[2026-03-24 09:38:26.318] RadarControl.OnPaint[204] DrawTargets end
[2026-03-24 09:38:26.319] RadarControl.OnPaint[204] DrawCenter
[2026-03-24 09:38:26.319] RadarControl.OnPaint[204] EXIT ok
[2026-03-24 09:38:26.860] RadarControl.SetTargets: count=1, selected=none
[2026-03-24 09:38:26.870] RadarControl.OnPaint[205] ENTER width=743 height=743 targets=1 range=16,0
[2026-03-24 09:38:26.884] RadarControl.OnPaint[205] DrawRangeRings
[2026-03-24 09:38:26.885] RadarControl.OnPaint[205] DrawGrid
[2026-03-24 09:38:26.886] RadarControl.OnPaint[205] DrawTracks
[2026-03-24 09:38:26.886] RadarControl.OnPaint[205] DrawTargets begin
[2026-03-24 09:38:26.886] RadarControl.OnPaint[205] DrawTargets end
[2026-03-24 09:38:26.886] RadarControl.OnPaint[205] DrawCenter
[2026-03-24 09:38:26.887] RadarControl.OnPaint[205] EXIT ok
[2026-03-24 09:38:27.875] RadarControl.SetTargets: count=1, selected=none
[2026-03-24 09:38:27.886] RadarControl.OnPaint[206] ENTER width=743 height=743 targets=1 range=16,0
[2026-03-24 09:38:27.900] RadarControl.OnPaint[206] DrawRangeRings
[2026-03-24 09:38:27.901] RadarControl.OnPaint[206] DrawGrid
[2026-03-24 09:38:27.901] RadarControl.OnPaint[206] DrawTracks
[2026-03-24 09:38:27.902] RadarControl.OnPaint[206] DrawTargets begin
[2026-03-24 09:38:27.902] RadarControl.OnPaint[206] DrawTargets end
[2026-03-24 09:38:27.902] RadarControl.OnPaint[206] DrawCenter
[2026-03-24 09:38:27.902] RadarControl.OnPaint[206] EXIT ok
[2026-03-24 09:38:27.926] RadarControl.SetTargets: count=1, selected=none
[2026-03-24 09:38:27.938] RadarControl.OnPaint[207] ENTER width=743 height=743 targets=1 range=20,0
[2026-03-24 09:38:27.952] RadarControl.OnPaint[207] DrawRangeRings
[2026-03-24 09:38:27.953] RadarControl.OnPaint[207] DrawGrid
[2026-03-24 09:38:27.953] RadarControl.OnPaint[207] DrawTracks
[2026-03-24 09:38:27.954] RadarControl.OnPaint[207] DrawTargets begin
[2026-03-24 09:38:27.954] RadarControl.OnPaint[207] DrawTargets end
[2026-03-24 09:38:27.954] RadarControl.OnPaint[207] DrawCenter
[2026-03-24 09:38:27.955] RadarControl.OnPaint[207] EXIT ok
[2026-03-24 09:38:28.884] RadarControl.SetTargets: count=1, selected=none
[2026-03-24 09:38:28.897] RadarControl.OnPaint[208] ENTER width=743 height=743 targets=1 range=20,0
[2026-03-24 09:38:28.911] RadarControl.OnPaint[208] DrawRangeRings
[2026-03-24 09:38:28.912] RadarControl.OnPaint[208] DrawGrid
[2026-03-24 09:38:28.912] RadarControl.OnPaint[208] DrawTracks
[2026-03-24 09:38:28.912] RadarControl.OnPaint[208] DrawTargets begin
[2026-03-24 09:38:28.913] RadarControl.OnPaint[208] DrawTargets end
[2026-03-24 09:38:28.913] RadarControl.OnPaint[208] DrawCenter
[2026-03-24 09:38:28.913] RadarControl.OnPaint[208] EXIT ok
[2026-03-24 09:38:29.875] RadarControl.SetTargets: count=1, selected=none
[2026-03-24 09:38:29.887] RadarControl.OnPaint[209] ENTER width=743 height=743 targets=1 range=20,0
[2026-03-24 09:38:29.900] RadarControl.OnPaint[209] DrawRangeRings
[2026-03-24 09:38:29.901] RadarControl.OnPaint[209] DrawGrid
[2026-03-24 09:38:29.901] RadarControl.OnPaint[209] DrawTracks
[2026-03-24 09:38:29.902] RadarControl.OnPaint[209] DrawTargets begin
[2026-03-24 09:38:29.902] RadarControl.OnPaint[209] DrawTargets end
[2026-03-24 09:38:29.902] RadarControl.OnPaint[209] DrawCenter
[2026-03-24 09:38:29.902] RadarControl.OnPaint[209] EXIT ok
[2026-03-24 09:38:30.895] RadarControl.SetTargets: count=1, selected=none
[2026-03-24 09:38:30.906] RadarControl.OnPaint[210] ENTER width=743 height=743 targets=1 range=20,0
[2026-03-24 09:38:30.923] RadarControl.OnPaint[210] DrawRangeRings
[2026-03-24 09:38:30.924] RadarControl.OnPaint[210] DrawGrid
[2026-03-24 09:38:30.925] RadarControl.OnPaint[210] DrawTracks
[2026-03-24 09:38:30.925] RadarControl.OnPaint[210] DrawTargets begin
[2026-03-24 09:38:30.926] RadarControl.OnPaint[210] DrawTargets end
[2026-03-24 09:38:30.926] RadarControl.OnPaint[210] DrawCenter
[2026-03-24 09:38:30.926] RadarControl.OnPaint[210] EXIT ok
[2026-03-24 09:38:31.909] RadarControl.SetTargets: count=1, selected=none
[2026-03-24 09:38:31.920] RadarControl.OnPaint[211] ENTER width=743 height=743 targets=1 range=20,0
[2026-03-24 09:38:31.934] RadarControl.OnPaint[211] DrawRangeRings
[2026-03-24 09:38:31.935] RadarControl.OnPaint[211] DrawGrid
[2026-03-24 09:38:31.935] RadarControl.OnPaint[211] DrawTracks
[2026-03-24 09:38:31.936] RadarControl.OnPaint[211] DrawTargets begin
[2026-03-24 09:38:31.936] RadarControl.OnPaint[211] DrawTargets end
[2026-03-24 09:38:31.936] RadarControl.OnPaint[211] DrawCenter
[2026-03-24 09:38:31.937] RadarControl.OnPaint[211] EXIT ok
[2026-03-24 09:38:32.926] RadarControl.SetTargets: count=1, selected=none
[2026-03-24 09:38:32.937] RadarControl.OnPaint[212] ENTER width=743 height=743 targets=1 range=20,0
[2026-03-24 09:38:32.952] RadarControl.OnPaint[212] DrawRangeRings
[2026-03-24 09:38:32.953] RadarControl.OnPaint[212] DrawGrid
[2026-03-24 09:38:32.954] RadarControl.OnPaint[212] DrawTracks
[2026-03-24 09:38:32.954] RadarControl.OnPaint[212] DrawTargets begin
[2026-03-24 09:38:32.954] RadarControl.OnPaint[212] DrawTargets end
[2026-03-24 09:38:32.954] RadarControl.OnPaint[212] DrawCenter
[2026-03-24 09:38:32.956] RadarControl.OnPaint[212] EXIT ok
[2026-03-24 09:38:33.952] RadarControl.SetTargets: count=1, selected=none
[2026-03-24 09:38:33.962] RadarControl.OnPaint[213] ENTER width=743 height=743 targets=1 range=20,0
[2026-03-24 09:38:33.976] RadarControl.OnPaint[213] DrawRangeRings
[2026-03-24 09:38:33.978] RadarControl.OnPaint[213] DrawGrid
[2026-03-24 09:38:33.978] RadarControl.OnPaint[213] DrawTracks
[2026-03-24 09:38:33.978] RadarControl.OnPaint[213] DrawTargets begin
[2026-03-24 09:38:33.979] RadarControl.OnPaint[213] DrawTargets end
[2026-03-24 09:38:33.979] RadarControl.OnPaint[213] DrawCenter
[2026-03-24 09:38:33.979] RadarControl.OnPaint[213] EXIT ok
[2026-03-24 09:38:34.955] RadarControl.SetTargets: count=1, selected=none
[2026-03-24 09:38:34.966] RadarControl.OnPaint[214] ENTER width=743 height=743 targets=1 range=20,0
[2026-03-24 09:38:34.981] RadarControl.OnPaint[214] DrawRangeRings
[2026-03-24 09:38:34.982] RadarControl.OnPaint[214] DrawGrid
[2026-03-24 09:38:34.982] RadarControl.OnPaint[214] DrawTracks
[2026-03-24 09:38:34.982] RadarControl.OnPaint[214] DrawTargets begin
[2026-03-24 09:38:34.983] RadarControl.OnPaint[214] DrawTargets end
[2026-03-24 09:38:34.983] RadarControl.OnPaint[214] DrawCenter
[2026-03-24 09:38:34.983] RadarControl.OnPaint[214] EXIT ok
[2026-03-24 09:38:35.979] RadarControl.SetTargets: count=1, selected=none
[2026-03-24 09:38:35.989] RadarControl.OnPaint[215] ENTER width=743 height=743 targets=1 range=20,0
[2026-03-24 09:38:36.006] RadarControl.OnPaint[215] DrawRangeRings
[2026-03-24 09:38:36.007] RadarControl.OnPaint[215] DrawGrid
[2026-03-24 09:38:36.008] RadarControl.OnPaint[215] DrawTracks
[2026-03-24 09:38:36.008] RadarControl.OnPaint[215] DrawTargets begin
[2026-03-24 09:38:36.008] RadarControl.OnPaint[215] DrawTargets end
[2026-03-24 09:38:36.008] RadarControl.OnPaint[215] DrawCenter
[2026-03-24 09:38:36.009] RadarControl.OnPaint[215] EXIT ok
[2026-03-24 09:38:36.105] RadarControl.SetTargets: count=1, selected=none
[2026-03-24 09:38:36.115] RadarControl.OnPaint[216] ENTER width=743 height=743 targets=1 range=16,0
[2026-03-24 09:38:36.130] RadarControl.OnPaint[216] DrawRangeRings
[2026-03-24 09:38:36.131] RadarControl.OnPaint[216] DrawGrid
[2026-03-24 09:38:36.132] RadarControl.OnPaint[216] DrawTracks
[2026-03-24 09:38:36.132] RadarControl.OnPaint[216] DrawTargets begin
[2026-03-24 09:38:36.132] RadarControl.OnPaint[216] DrawTargets end
[2026-03-24 09:38:36.132] RadarControl.OnPaint[216] DrawCenter
[2026-03-24 09:38:36.133] RadarControl.OnPaint[216] EXIT ok
[2026-03-24 09:38:36.997] RadarControl.SetTargets: count=1, selected=none
[2026-03-24 09:38:37.011] RadarControl.OnPaint[217] ENTER width=743 height=743 targets=1 range=16,0
[2026-03-24 09:38:37.025] RadarControl.OnPaint[217] DrawRangeRings
[2026-03-24 09:38:37.025] RadarControl.OnPaint[217] DrawGrid
[2026-03-24 09:38:37.026] RadarControl.OnPaint[217] DrawTracks
[2026-03-24 09:38:37.026] RadarControl.OnPaint[217] DrawTargets begin
[2026-03-24 09:38:37.027] RadarControl.OnPaint[217] DrawTargets end
[2026-03-24 09:38:37.027] RadarControl.OnPaint[217] DrawCenter
[2026-03-24 09:38:37.027] RadarControl.OnPaint[217] EXIT ok
[2026-03-24 09:38:37.614] RadarControl.SetTargets: count=1, selected=none
[2026-03-24 09:38:37.624] RadarControl.OnPaint[218] ENTER width=743 height=743 targets=1 range=12,8
[2026-03-24 09:38:37.638] RadarControl.OnPaint[218] DrawRangeRings
[2026-03-24 09:38:37.639] RadarControl.OnPaint[218] DrawGrid
[2026-03-24 09:38:37.640] RadarControl.OnPaint[218] DrawTracks
[2026-03-24 09:38:37.640] RadarControl.OnPaint[218] DrawTargets begin
[2026-03-24 09:38:37.640] RadarControl.OnPaint[218] DrawTargets end
[2026-03-24 09:38:37.640] RadarControl.OnPaint[218] DrawCenter
[2026-03-24 09:38:37.641] RadarControl.OnPaint[218] EXIT ok
[2026-03-24 09:38:38.013] RadarControl.SetTargets: count=1, selected=none
[2026-03-24 09:38:38.027] RadarControl.OnPaint[219] ENTER width=743 height=743 targets=1 range=12,8
[2026-03-24 09:38:38.044] RadarControl.OnPaint[219] DrawRangeRings
[2026-03-24 09:38:38.045] RadarControl.OnPaint[219] DrawGrid
[2026-03-24 09:38:38.046] RadarControl.OnPaint[219] DrawTracks
[2026-03-24 09:38:38.046] RadarControl.OnPaint[219] DrawTargets begin
[2026-03-24 09:38:38.046] RadarControl.OnPaint[219] DrawTargets end
[2026-03-24 09:38:38.047] RadarControl.OnPaint[219] DrawCenter
[2026-03-24 09:38:38.047] RadarControl.OnPaint[219] EXIT ok
[2026-03-24 09:38:38.741] RadarControl.SetTargets: count=1, selected=none
[2026-03-24 09:38:38.752] RadarControl.OnPaint[220] ENTER width=743 height=743 targets=1 range=10,2
[2026-03-24 09:38:38.764] RadarControl.OnPaint[220] DrawRangeRings
[2026-03-24 09:38:38.764] RadarControl.OnPaint[220] DrawGrid
[2026-03-24 09:38:38.765] RadarControl.OnPaint[220] DrawTracks
[2026-03-24 09:38:38.765] RadarControl.OnPaint[220] DrawTargets begin
[2026-03-24 09:38:38.765] RadarControl.OnPaint[220] DrawTargets end
[2026-03-24 09:38:38.766] RadarControl.OnPaint[220] DrawCenter
[2026-03-24 09:38:38.766] RadarControl.OnPaint[220] EXIT ok
[2026-03-24 09:38:39.064] RadarControl.SetTargets: count=2, selected=none
[2026-03-24 09:38:39.075] RadarControl.OnPaint[221] ENTER width=743 height=743 targets=2 range=10,2
[2026-03-24 09:38:39.087] RadarControl.OnPaint[221] DrawRangeRings
[2026-03-24 09:38:39.088] RadarControl.OnPaint[221] DrawGrid
[2026-03-24 09:38:39.089] RadarControl.OnPaint[221] DrawTracks
[2026-03-24 09:38:39.089] RadarControl.OnPaint[221] DrawTargets begin
[2026-03-24 09:38:39.090] RadarControl.OnPaint[221] DrawTargets end
[2026-03-24 09:38:39.090] RadarControl.OnPaint[221] DrawCenter
[2026-03-24 09:38:39.090] RadarControl.OnPaint[221] EXIT ok
[2026-03-24 09:38:40.081] RadarControl.SetTargets: count=2, selected=none
[2026-03-24 09:38:40.092] RadarControl.OnPaint[222] ENTER width=743 height=743 targets=2 range=10,2
[2026-03-24 09:38:40.103] RadarControl.OnPaint[222] DrawRangeRings
[2026-03-24 09:38:40.104] RadarControl.OnPaint[222] DrawGrid
[2026-03-24 09:38:40.105] RadarControl.OnPaint[222] DrawTracks
[2026-03-24 09:38:40.105] RadarControl.OnPaint[222] DrawTargets begin
[2026-03-24 09:38:40.106] RadarControl.OnPaint[222] DrawTargets end
[2026-03-24 09:38:40.106] RadarControl.OnPaint[222] DrawCenter
[2026-03-24 09:38:40.106] RadarControl.OnPaint[222] EXIT ok
[2026-03-24 09:38:40.303] RadarControl.SetTargets: count=2, selected=none
[2026-03-24 09:38:40.313] RadarControl.OnPaint[223] ENTER width=743 height=743 targets=2 range=8,2
[2026-03-24 09:38:40.326] RadarControl.OnPaint[223] DrawRangeRings
[2026-03-24 09:38:40.328] RadarControl.OnPaint[223] DrawGrid
[2026-03-24 09:38:40.328] RadarControl.OnPaint[223] DrawTracks
[2026-03-24 09:38:40.328] RadarControl.OnPaint[223] DrawTargets begin
[2026-03-24 09:38:40.329] RadarControl.OnPaint[223] DrawTargets end
[2026-03-24 09:38:40.329] RadarControl.OnPaint[223] DrawCenter
[2026-03-24 09:38:40.329] RadarControl.OnPaint[223] EXIT ok
[2026-03-24 09:38:41.095] RadarControl.SetTargets: count=2, selected=none
[2026-03-24 09:38:41.107] RadarControl.OnPaint[224] ENTER width=743 height=743 targets=2 range=8,2
[2026-03-24 09:38:41.119] RadarControl.OnPaint[224] DrawRangeRings
[2026-03-24 09:38:41.120] RadarControl.OnPaint[224] DrawGrid
[2026-03-24 09:38:41.120] RadarControl.OnPaint[224] DrawTracks
[2026-03-24 09:38:41.121] RadarControl.OnPaint[224] DrawTargets begin
[2026-03-24 09:38:41.121] RadarControl.OnPaint[224] DrawTargets end
[2026-03-24 09:38:41.121] RadarControl.OnPaint[224] DrawCenter
[2026-03-24 09:38:41.122] RadarControl.OnPaint[224] EXIT ok
[2026-03-24 09:38:42.117] RadarControl.SetTargets: count=2, selected=none
[2026-03-24 09:38:42.128] RadarControl.OnPaint[225] ENTER width=743 height=743 targets=2 range=8,2
[2026-03-24 09:38:42.140] RadarControl.OnPaint[225] DrawRangeRings
[2026-03-24 09:38:42.141] RadarControl.OnPaint[225] DrawGrid
[2026-03-24 09:38:42.142] RadarControl.OnPaint[225] DrawTracks
[2026-03-24 09:38:42.142] RadarControl.OnPaint[225] DrawTargets begin
[2026-03-24 09:38:42.143] RadarControl.OnPaint[225] DrawTargets end
[2026-03-24 09:38:42.143] RadarControl.OnPaint[225] DrawCenter
[2026-03-24 09:38:42.144] RadarControl.OnPaint[225] EXIT ok
[2026-03-24 09:38:43.130] RadarControl.SetTargets: count=2, selected=none
[2026-03-24 09:38:43.143] RadarControl.OnPaint[226] ENTER width=743 height=743 targets=2 range=8,2
[2026-03-24 09:38:43.155] RadarControl.OnPaint[226] DrawRangeRings
[2026-03-24 09:38:43.156] RadarControl.OnPaint[226] DrawGrid
[2026-03-24 09:38:43.157] RadarControl.OnPaint[226] DrawTracks
[2026-03-24 09:38:43.157] RadarControl.OnPaint[226] DrawTargets begin
[2026-03-24 09:38:43.157] RadarControl.OnPaint[226] DrawTargets end
[2026-03-24 09:38:43.157] RadarControl.OnPaint[226] DrawCenter
[2026-03-24 09:38:43.158] RadarControl.OnPaint[226] EXIT ok
[2026-03-24 09:38:43.159] RadarControl.SetTargets: count=2, selected=none
[2026-03-24 09:38:43.169] RadarControl.OnPaint[227] ENTER width=743 height=743 targets=2 range=10,2
[2026-03-24 09:38:43.184] RadarControl.OnPaint[227] DrawRangeRings
[2026-03-24 09:38:43.185] RadarControl.OnPaint[227] DrawGrid
[2026-03-24 09:38:43.185] RadarControl.OnPaint[227] DrawTracks
[2026-03-24 09:38:43.185] RadarControl.OnPaint[227] DrawTargets begin
[2026-03-24 09:38:43.186] RadarControl.OnPaint[227] DrawTargets end
[2026-03-24 09:38:43.186] RadarControl.OnPaint[227] DrawCenter
[2026-03-24 09:38:43.186] RadarControl.OnPaint[227] EXIT ok
[2026-03-24 09:38:44.271] RadarControl.SetTargets: count=2, selected=none
[2026-03-24 09:38:44.283] RadarControl.OnPaint[228] ENTER width=743 height=743 targets=2 range=10,2
[2026-03-24 09:38:44.296] RadarControl.OnPaint[228] DrawRangeRings
[2026-03-24 09:38:44.297] RadarControl.OnPaint[228] DrawGrid
[2026-03-24 09:38:44.297] RadarControl.OnPaint[228] DrawTracks
[2026-03-24 09:38:44.297] RadarControl.OnPaint[228] DrawTargets begin
[2026-03-24 09:38:44.298] RadarControl.OnPaint[228] DrawTargets end
[2026-03-24 09:38:44.298] RadarControl.OnPaint[228] DrawCenter
[2026-03-24 09:38:44.298] RadarControl.OnPaint[228] EXIT ok
[2026-03-24 09:38:44.515] RadarControl.SetTargets: count=2, selected=none
[2026-03-24 09:38:44.526] RadarControl.OnPaint[229] ENTER width=743 height=743 targets=2 range=12,8
[2026-03-24 09:38:44.541] RadarControl.OnPaint[229] DrawRangeRings
[2026-03-24 09:38:44.541] RadarControl.OnPaint[229] DrawGrid
[2026-03-24 09:38:44.542] RadarControl.OnPaint[229] DrawTracks
[2026-03-24 09:38:44.542] RadarControl.OnPaint[229] DrawTargets begin
[2026-03-24 09:38:44.543] RadarControl.OnPaint[229] DrawTargets end
[2026-03-24 09:38:44.543] RadarControl.OnPaint[229] DrawCenter
[2026-03-24 09:38:44.543] RadarControl.OnPaint[229] EXIT ok
[2026-03-24 09:38:45.266] RadarControl.SetTargets: count=2, selected=none
[2026-03-24 09:38:45.277] RadarControl.OnPaint[230] ENTER width=743 height=743 targets=2 range=12,8
[2026-03-24 09:38:45.291] RadarControl.OnPaint[230] DrawRangeRings
[2026-03-24 09:38:45.292] RadarControl.OnPaint[230] DrawGrid
[2026-03-24 09:38:45.292] RadarControl.OnPaint[230] DrawTracks
[2026-03-24 09:38:45.293] RadarControl.OnPaint[230] DrawTargets begin
[2026-03-24 09:38:45.293] RadarControl.OnPaint[230] DrawTargets end
[2026-03-24 09:38:45.293] RadarControl.OnPaint[230] DrawCenter
[2026-03-24 09:38:45.294] RadarControl.OnPaint[230] EXIT ok
[2026-03-24 09:38:46.271] RadarControl.SetTargets: count=2, selected=none
[2026-03-24 09:38:46.283] RadarControl.OnPaint[231] ENTER width=743 height=743 targets=2 range=12,8
[2026-03-24 09:38:46.297] RadarControl.OnPaint[231] DrawRangeRings
[2026-03-24 09:38:46.298] RadarControl.OnPaint[231] DrawGrid
[2026-03-24 09:38:46.299] RadarControl.OnPaint[231] DrawTracks
[2026-03-24 09:38:46.299] RadarControl.OnPaint[231] DrawTargets begin
[2026-03-24 09:38:46.299] RadarControl.OnPaint[231] DrawTargets end
[2026-03-24 09:38:46.300] RadarControl.OnPaint[231] DrawCenter
[2026-03-24 09:38:46.300] RadarControl.OnPaint[231] EXIT ok
[2026-03-24 09:38:47.269] RadarControl.SetTargets: count=2, selected=none
[2026-03-24 09:38:47.280] RadarControl.OnPaint[232] ENTER width=743 height=743 targets=2 range=12,8
[2026-03-24 09:38:47.294] RadarControl.OnPaint[232] DrawRangeRings
[2026-03-24 09:38:47.295] RadarControl.OnPaint[232] DrawGrid
[2026-03-24 09:38:47.295] RadarControl.OnPaint[232] DrawTracks
[2026-03-24 09:38:47.296] RadarControl.OnPaint[232] DrawTargets begin
[2026-03-24 09:38:47.296] RadarControl.OnPaint[232] DrawTargets end
[2026-03-24 09:38:47.296] RadarControl.OnPaint[232] DrawCenter
[2026-03-24 09:38:47.297] RadarControl.OnPaint[232] EXIT ok
[2026-03-24 09:38:48.265] RadarControl.SetTargets: count=2, selected=none
[2026-03-24 09:38:48.278] RadarControl.OnPaint[233] ENTER width=743 height=743 targets=2 range=12,8
[2026-03-24 09:38:48.293] RadarControl.OnPaint[233] DrawRangeRings
[2026-03-24 09:38:48.293] RadarControl.OnPaint[233] DrawGrid
[2026-03-24 09:38:48.294] RadarControl.OnPaint[233] DrawTracks
[2026-03-24 09:38:48.294] RadarControl.OnPaint[233] DrawTargets begin
[2026-03-24 09:38:48.295] RadarControl.OnPaint[233] DrawTargets end
[2026-03-24 09:38:48.295] RadarControl.OnPaint[233] DrawCenter
[2026-03-24 09:38:48.295] RadarControl.OnPaint[233] EXIT ok
[2026-03-24 09:38:48.700] RadarControl.SetTargets: count=2, selected=none
[2026-03-24 09:38:48.711] RadarControl.OnPaint[234] ENTER width=743 height=743 targets=2 range=16,0
[2026-03-24 09:38:48.725] RadarControl.OnPaint[234] DrawRangeRings
[2026-03-24 09:38:48.726] RadarControl.OnPaint[234] DrawGrid
[2026-03-24 09:38:48.726] RadarControl.OnPaint[234] DrawTracks
[2026-03-24 09:38:48.727] RadarControl.OnPaint[234] DrawTargets begin
[2026-03-24 09:38:48.727] RadarControl.OnPaint[234] DrawTargets end
[2026-03-24 09:38:48.727] RadarControl.OnPaint[234] DrawCenter
[2026-03-24 09:38:48.728] RadarControl.OnPaint[234] EXIT ok
[2026-03-24 09:38:49.329] RadarControl.SetTargets: count=2, selected=none
[2026-03-24 09:38:49.341] RadarControl.OnPaint[235] ENTER width=743 height=743 targets=2 range=16,0
[2026-03-24 09:38:49.355] RadarControl.OnPaint[235] DrawRangeRings
[2026-03-24 09:38:49.356] RadarControl.OnPaint[235] DrawGrid
[2026-03-24 09:38:49.356] RadarControl.OnPaint[235] DrawTracks
[2026-03-24 09:38:49.357] RadarControl.OnPaint[235] DrawTargets begin
[2026-03-24 09:38:49.357] RadarControl.OnPaint[235] DrawTargets end
[2026-03-24 09:38:49.357] RadarControl.OnPaint[235] DrawCenter
[2026-03-24 09:38:49.358] RadarControl.OnPaint[235] EXIT ok
[2026-03-24 09:38:50.332] RadarControl.SetTargets: count=2, selected=none
[2026-03-24 09:38:50.343] RadarControl.OnPaint[236] ENTER width=743 height=743 targets=2 range=16,0
[2026-03-24 09:38:50.357] RadarControl.OnPaint[236] DrawRangeRings
[2026-03-24 09:38:50.358] RadarControl.OnPaint[236] DrawGrid
[2026-03-24 09:38:50.359] RadarControl.OnPaint[236] DrawTracks
[2026-03-24 09:38:50.359] RadarControl.OnPaint[236] DrawTargets begin
[2026-03-24 09:38:50.360] RadarControl.OnPaint[236] DrawTargets end
[2026-03-24 09:38:50.360] RadarControl.OnPaint[236] DrawCenter
[2026-03-24 09:38:50.360] RadarControl.OnPaint[236] EXIT ok
[2026-03-24 09:38:51.315] RadarControl.SetTargets: count=2, selected=none
[2026-03-24 09:38:51.327] RadarControl.OnPaint[237] ENTER width=743 height=743 targets=2 range=16,0
[2026-03-24 09:38:51.342] RadarControl.OnPaint[237] DrawRangeRings
[2026-03-24 09:38:51.343] RadarControl.OnPaint[237] DrawGrid
[2026-03-24 09:38:51.343] RadarControl.OnPaint[237] DrawTracks
[2026-03-24 09:38:51.343] RadarControl.OnPaint[237] DrawTargets begin
[2026-03-24 09:38:51.344] RadarControl.OnPaint[237] DrawTargets end
[2026-03-24 09:38:51.344] RadarControl.OnPaint[237] DrawCenter
[2026-03-24 09:38:51.344] RadarControl.OnPaint[237] EXIT ok
[2026-03-24 09:38:52.349] RadarControl.SetTargets: count=1, selected=none
[2026-03-24 09:38:52.362] RadarControl.OnPaint[238] ENTER width=743 height=743 targets=1 range=16,0
[2026-03-24 09:38:52.377] RadarControl.OnPaint[238] DrawRangeRings
[2026-03-24 09:38:52.378] RadarControl.OnPaint[238] DrawGrid
[2026-03-24 09:38:52.379] RadarControl.OnPaint[238] DrawTracks
[2026-03-24 09:38:52.379] RadarControl.OnPaint[238] DrawTargets begin
[2026-03-24 09:38:52.379] RadarControl.OnPaint[238] DrawTargets end
[2026-03-24 09:38:52.379] RadarControl.OnPaint[238] DrawCenter
[2026-03-24 09:38:52.380] RadarControl.OnPaint[238] EXIT ok
[2026-03-24 09:38:53.399] RadarControl.SetTargets: count=1, selected=none
[2026-03-24 09:38:53.410] RadarControl.OnPaint[239] ENTER width=743 height=743 targets=1 range=16,0
[2026-03-24 09:38:53.424] RadarControl.OnPaint[239] DrawRangeRings
[2026-03-24 09:38:53.426] RadarControl.OnPaint[239] DrawGrid
[2026-03-24 09:38:53.426] RadarControl.OnPaint[239] DrawTracks
[2026-03-24 09:38:53.426] RadarControl.OnPaint[239] DrawTargets begin
[2026-03-24 09:38:53.427] RadarControl.OnPaint[239] DrawTargets end
[2026-03-24 09:38:53.427] RadarControl.OnPaint[239] DrawCenter
[2026-03-24 09:38:53.427] RadarControl.OnPaint[239] EXIT ok
[2026-03-24 09:38:54.412] RadarControl.SetTargets: count=1, selected=none
[2026-03-24 09:38:54.423] RadarControl.OnPaint[240] ENTER width=743 height=743 targets=1 range=16,0
[2026-03-24 09:38:54.437] RadarControl.OnPaint[240] DrawRangeRings
[2026-03-24 09:38:54.438] RadarControl.OnPaint[240] DrawGrid
[2026-03-24 09:38:54.438] RadarControl.OnPaint[240] DrawTracks
[2026-03-24 09:38:54.438] RadarControl.OnPaint[240] DrawTargets begin
[2026-03-24 09:38:54.439] RadarControl.OnPaint[240] DrawTargets end
[2026-03-24 09:38:54.439] RadarControl.OnPaint[240] DrawCenter
[2026-03-24 09:38:54.439] RadarControl.OnPaint[240] EXIT ok
[2026-03-24 09:38:55.525] RadarControl.SetTargets: count=1, selected=none
[2026-03-24 09:38:55.536] RadarControl.OnPaint[241] ENTER width=743 height=743 targets=1 range=16,0
[2026-03-24 09:38:55.549] RadarControl.OnPaint[241] DrawRangeRings
[2026-03-24 09:38:55.550] RadarControl.OnPaint[241] DrawGrid
[2026-03-24 09:38:55.550] RadarControl.OnPaint[241] DrawTracks
[2026-03-24 09:38:55.550] RadarControl.OnPaint[241] DrawTargets begin
[2026-03-24 09:38:55.551] RadarControl.OnPaint[241] DrawTargets end
[2026-03-24 09:38:55.551] RadarControl.OnPaint[241] DrawCenter
[2026-03-24 09:38:55.551] RadarControl.OnPaint[241] EXIT ok
[2026-03-24 09:38:56.516] RadarControl.SetTargets: count=2, selected=none
[2026-03-24 09:38:56.528] RadarControl.OnPaint[242] ENTER width=743 height=743 targets=2 range=16,0
[2026-03-24 09:38:56.544] RadarControl.OnPaint[242] DrawRangeRings
[2026-03-24 09:38:56.546] RadarControl.OnPaint[242] DrawGrid
[2026-03-24 09:38:56.546] RadarControl.OnPaint[242] DrawTracks
[2026-03-24 09:38:56.546] RadarControl.OnPaint[242] DrawTargets begin
[2026-03-24 09:38:56.547] RadarControl.OnPaint[242] DrawTargets end
[2026-03-24 09:38:56.547] RadarControl.OnPaint[242] DrawCenter
[2026-03-24 09:38:56.548] RadarControl.OnPaint[242] EXIT ok
[2026-03-24 09:38:57.519] RadarControl.SetTargets: count=2, selected=none
[2026-03-24 09:38:57.530] RadarControl.OnPaint[243] ENTER width=743 height=743 targets=2 range=16,0
[2026-03-24 09:38:57.544] RadarControl.OnPaint[243] DrawRangeRings
[2026-03-24 09:38:57.545] RadarControl.OnPaint[243] DrawGrid
[2026-03-24 09:38:57.546] RadarControl.OnPaint[243] DrawTracks
[2026-03-24 09:38:57.546] RadarControl.OnPaint[243] DrawTargets begin
[2026-03-24 09:38:57.546] RadarControl.OnPaint[243] DrawTargets end
[2026-03-24 09:38:57.547] RadarControl.OnPaint[243] DrawCenter
[2026-03-24 09:38:57.547] RadarControl.OnPaint[243] EXIT ok
[2026-03-24 09:38:58.523] RadarControl.SetTargets: count=2, selected=none
[2026-03-24 09:38:58.534] RadarControl.OnPaint[244] ENTER width=743 height=743 targets=2 range=16,0
[2026-03-24 09:38:58.548] RadarControl.OnPaint[244] DrawRangeRings
[2026-03-24 09:38:58.549] RadarControl.OnPaint[244] DrawGrid
[2026-03-24 09:38:58.550] RadarControl.OnPaint[244] DrawTracks
[2026-03-24 09:38:58.550] RadarControl.OnPaint[244] DrawTargets begin
[2026-03-24 09:38:58.550] RadarControl.OnPaint[244] DrawTargets end
[2026-03-24 09:38:58.551] RadarControl.OnPaint[244] DrawCenter
[2026-03-24 09:38:58.551] RadarControl.OnPaint[244] EXIT ok
[2026-03-24 09:38:59.574] RadarControl.SetTargets: count=2, selected=none
[2026-03-24 09:38:59.585] RadarControl.OnPaint[245] ENTER width=743 height=743 targets=2 range=16,0
[2026-03-24 09:38:59.600] RadarControl.OnPaint[245] DrawRangeRings
[2026-03-24 09:38:59.601] RadarControl.OnPaint[245] DrawGrid
[2026-03-24 09:38:59.601] RadarControl.OnPaint[245] DrawTracks
[2026-03-24 09:38:59.601] RadarControl.OnPaint[245] DrawTargets begin
[2026-03-24 09:38:59.602] RadarControl.OnPaint[245] DrawTargets end
[2026-03-24 09:38:59.602] RadarControl.OnPaint[245] DrawCenter
[2026-03-24 09:38:59.603] RadarControl.OnPaint[245] EXIT ok
[2026-03-24 09:39:00.550] RadarControl.SetTargets: count=2, selected=none
[2026-03-24 09:39:00.562] RadarControl.OnPaint[246] ENTER width=743 height=743 targets=2 range=16,0
[2026-03-24 09:39:00.576] RadarControl.OnPaint[246] DrawRangeRings
[2026-03-24 09:39:00.577] RadarControl.OnPaint[246] DrawGrid
[2026-03-24 09:39:00.577] RadarControl.OnPaint[246] DrawTracks
[2026-03-24 09:39:00.578] RadarControl.OnPaint[246] DrawTargets begin
[2026-03-24 09:39:00.578] RadarControl.OnPaint[246] DrawTargets end
[2026-03-24 09:39:00.578] RadarControl.OnPaint[246] DrawCenter
[2026-03-24 09:39:00.579] RadarControl.OnPaint[246] EXIT ok
[2026-03-24 09:39:01.598] RadarControl.SetTargets: count=2, selected=none
[2026-03-24 09:39:01.610] RadarControl.OnPaint[247] ENTER width=743 height=743 targets=2 range=16,0
[2026-03-24 09:39:01.624] RadarControl.OnPaint[247] DrawRangeRings
[2026-03-24 09:39:01.625] RadarControl.OnPaint[247] DrawGrid
[2026-03-24 09:39:01.626] RadarControl.OnPaint[247] DrawTracks
[2026-03-24 09:39:01.626] RadarControl.OnPaint[247] DrawTargets begin
[2026-03-24 09:39:01.627] RadarControl.OnPaint[247] DrawTargets end
[2026-03-24 09:39:01.627] RadarControl.OnPaint[247] DrawCenter
[2026-03-24 09:39:01.627] RadarControl.OnPaint[247] EXIT ok
[2026-03-24 09:39:02.615] RadarControl.SetTargets: count=2, selected=none
[2026-03-24 09:39:02.626] RadarControl.OnPaint[248] ENTER width=743 height=743 targets=2 range=16,0
[2026-03-24 09:39:02.640] RadarControl.OnPaint[248] DrawRangeRings
[2026-03-24 09:39:02.642] RadarControl.OnPaint[248] DrawGrid
[2026-03-24 09:39:02.642] RadarControl.OnPaint[248] DrawTracks
[2026-03-24 09:39:02.642] RadarControl.OnPaint[248] DrawTargets begin
[2026-03-24 09:39:02.643] RadarControl.OnPaint[248] DrawTargets end
[2026-03-24 09:39:02.643] RadarControl.OnPaint[248] DrawCenter
[2026-03-24 09:39:02.643] RadarControl.OnPaint[248] EXIT ok
[2026-03-24 09:39:03.649] RadarControl.SetTargets: count=2, selected=none
[2026-03-24 09:39:03.660] RadarControl.OnPaint[249] ENTER width=743 height=743 targets=2 range=16,0
[2026-03-24 09:39:03.674] RadarControl.OnPaint[249] DrawRangeRings
[2026-03-24 09:39:03.676] RadarControl.OnPaint[249] DrawGrid
[2026-03-24 09:39:03.677] RadarControl.OnPaint[249] DrawTracks
[2026-03-24 09:39:03.677] RadarControl.OnPaint[249] DrawTargets begin
[2026-03-24 09:39:03.677] RadarControl.OnPaint[249] DrawTargets end
[2026-03-24 09:39:03.678] RadarControl.OnPaint[249] DrawCenter
[2026-03-24 09:39:03.678] RadarControl.OnPaint[249] EXIT ok
[2026-03-24 09:39:04.646] RadarControl.SetTargets: count=2, selected=none
[2026-03-24 09:39:04.658] RadarControl.OnPaint[250] ENTER width=743 height=743 targets=2 range=16,0
[2026-03-24 09:39:04.673] RadarControl.OnPaint[250] DrawRangeRings
[2026-03-24 09:39:04.674] RadarControl.OnPaint[250] DrawGrid
[2026-03-24 09:39:04.674] RadarControl.OnPaint[250] DrawTracks
[2026-03-24 09:39:04.674] RadarControl.OnPaint[250] DrawTargets begin
[2026-03-24 09:39:04.675] RadarControl.OnPaint[250] DrawTargets end
[2026-03-24 09:39:04.675] RadarControl.OnPaint[250] DrawCenter
[2026-03-24 09:39:04.675] RadarControl.OnPaint[250] EXIT ok
[2026-03-24 09:39:05.692] RadarControl.SetTargets: count=2, selected=none
[2026-03-24 09:39:05.703] RadarControl.OnPaint[251] ENTER width=743 height=743 targets=2 range=16,0
[2026-03-24 09:39:05.718] RadarControl.OnPaint[251] DrawRangeRings
[2026-03-24 09:39:05.719] RadarControl.OnPaint[251] DrawGrid
[2026-03-24 09:39:05.719] RadarControl.OnPaint[251] DrawTracks
[2026-03-24 09:39:05.720] RadarControl.OnPaint[251] DrawTargets begin
[2026-03-24 09:39:05.721] RadarControl.OnPaint[251] DrawTargets end
[2026-03-24 09:39:05.721] RadarControl.OnPaint[251] DrawCenter
[2026-03-24 09:39:05.721] RadarControl.OnPaint[251] EXIT ok
[2026-03-24 09:39:06.714] RadarControl.SetTargets: count=2, selected=none
[2026-03-24 09:39:06.725] RadarControl.OnPaint[252] ENTER width=743 height=743 targets=2 range=16,0
[2026-03-24 09:39:06.740] RadarControl.OnPaint[252] DrawRangeRings
[2026-03-24 09:39:06.741] RadarControl.OnPaint[252] DrawGrid
[2026-03-24 09:39:06.742] RadarControl.OnPaint[252] DrawTracks
[2026-03-24 09:39:06.742] RadarControl.OnPaint[252] DrawTargets begin
[2026-03-24 09:39:06.742] RadarControl.OnPaint[252] DrawTargets end
[2026-03-24 09:39:06.743] RadarControl.OnPaint[252] DrawCenter
[2026-03-24 09:39:06.743] RadarControl.OnPaint[252] EXIT ok
[2026-03-24 09:39:07.743] RadarControl.SetTargets: count=2, selected=none
[2026-03-24 09:39:07.755] RadarControl.OnPaint[253] ENTER width=743 height=743 targets=2 range=16,0
[2026-03-24 09:39:07.769] RadarControl.OnPaint[253] DrawRangeRings
[2026-03-24 09:39:07.770] RadarControl.OnPaint[253] DrawGrid
[2026-03-24 09:39:07.771] RadarControl.OnPaint[253] DrawTracks
[2026-03-24 09:39:07.771] RadarControl.OnPaint[253] DrawTargets begin
[2026-03-24 09:39:07.771] RadarControl.OnPaint[253] DrawTargets end
[2026-03-24 09:39:07.772] RadarControl.OnPaint[253] DrawCenter
[2026-03-24 09:39:07.772] RadarControl.OnPaint[253] EXIT ok
[2026-03-24 09:39:08.770] RadarControl.SetTargets: count=2, selected=none
[2026-03-24 09:39:08.781] RadarControl.OnPaint[254] ENTER width=743 height=743 targets=2 range=16,0
[2026-03-24 09:39:08.796] RadarControl.OnPaint[254] DrawRangeRings
[2026-03-24 09:39:08.797] RadarControl.OnPaint[254] DrawGrid
[2026-03-24 09:39:08.798] RadarControl.OnPaint[254] DrawTracks
[2026-03-24 09:39:08.798] RadarControl.OnPaint[254] DrawTargets begin
[2026-03-24 09:39:08.799] RadarControl.OnPaint[254] DrawTargets end
[2026-03-24 09:39:08.799] RadarControl.OnPaint[254] DrawCenter
[2026-03-24 09:39:08.799] RadarControl.OnPaint[254] EXIT ok
[2026-03-24 09:39:09.874] RadarControl.SetTargets: count=2, selected=none
[2026-03-24 09:39:09.886] RadarControl.OnPaint[255] ENTER width=743 height=743 targets=2 range=16,0
[2026-03-24 09:39:09.899] RadarControl.OnPaint[255] DrawRangeRings
[2026-03-24 09:39:09.900] RadarControl.OnPaint[255] DrawGrid
[2026-03-24 09:39:09.900] RadarControl.OnPaint[255] DrawTracks
[2026-03-24 09:39:09.901] RadarControl.OnPaint[255] DrawTargets begin
[2026-03-24 09:39:09.902] RadarControl.OnPaint[255] DrawTargets end
[2026-03-24 09:39:09.902] RadarControl.OnPaint[255] DrawCenter
[2026-03-24 09:39:09.902] RadarControl.OnPaint[255] EXIT ok
[2026-03-24 09:39:10.875] RadarControl.SetTargets: count=2, selected=none
[2026-03-24 09:39:10.887] RadarControl.OnPaint[256] ENTER width=743 height=743 targets=2 range=16,0
[2026-03-24 09:39:10.901] RadarControl.OnPaint[256] DrawRangeRings
[2026-03-24 09:39:10.902] RadarControl.OnPaint[256] DrawGrid
[2026-03-24 09:39:10.903] RadarControl.OnPaint[256] DrawTracks
[2026-03-24 09:39:10.903] RadarControl.OnPaint[256] DrawTargets begin
[2026-03-24 09:39:10.903] RadarControl.OnPaint[256] DrawTargets end
[2026-03-24 09:39:10.903] RadarControl.OnPaint[256] DrawCenter
[2026-03-24 09:39:10.903] RadarControl.OnPaint[256] EXIT ok
[2026-03-24 09:39:11.875] RadarControl.SetTargets: count=2, selected=none
[2026-03-24 09:39:11.886] RadarControl.OnPaint[257] ENTER width=743 height=743 targets=2 range=16,0
[2026-03-24 09:39:11.901] RadarControl.OnPaint[257] DrawRangeRings
[2026-03-24 09:39:11.902] RadarControl.OnPaint[257] DrawGrid
[2026-03-24 09:39:11.903] RadarControl.OnPaint[257] DrawTracks
[2026-03-24 09:39:11.903] RadarControl.OnPaint[257] DrawTargets begin
[2026-03-24 09:39:11.903] RadarControl.OnPaint[257] DrawTargets end
[2026-03-24 09:39:11.903] RadarControl.OnPaint[257] DrawCenter
[2026-03-24 09:39:11.905] RadarControl.OnPaint[257] EXIT ok
[2026-03-24 09:39:12.896] RadarControl.SetTargets: count=2, selected=none
[2026-03-24 09:39:12.907] RadarControl.OnPaint[258] ENTER width=743 height=743 targets=2 range=16,0
[2026-03-24 09:39:12.921] RadarControl.OnPaint[258] DrawRangeRings
[2026-03-24 09:39:12.923] RadarControl.OnPaint[258] DrawGrid
[2026-03-24 09:39:12.923] RadarControl.OnPaint[258] DrawTracks
[2026-03-24 09:39:12.924] RadarControl.OnPaint[258] DrawTargets begin
[2026-03-24 09:39:12.925] RadarControl.OnPaint[258] DrawTargets end
[2026-03-24 09:39:12.925] RadarControl.OnPaint[258] DrawCenter
[2026-03-24 09:39:12.925] RadarControl.OnPaint[258] EXIT ok
[2026-03-24 09:39:13.891] RadarControl.SetTargets: count=2, selected=none
[2026-03-24 09:39:13.902] RadarControl.OnPaint[259] ENTER width=743 height=743 targets=2 range=16,0
[2026-03-24 09:39:13.917] RadarControl.OnPaint[259] DrawRangeRings
[2026-03-24 09:39:13.917] RadarControl.OnPaint[259] DrawGrid
[2026-03-24 09:39:13.919] RadarControl.OnPaint[259] DrawTracks
[2026-03-24 09:39:13.919] RadarControl.OnPaint[259] DrawTargets begin
[2026-03-24 09:39:13.919] RadarControl.OnPaint[259] DrawTargets end
[2026-03-24 09:39:13.919] RadarControl.OnPaint[259] DrawCenter
[2026-03-24 09:39:13.919] RadarControl.OnPaint[259] EXIT ok
[2026-03-24 09:39:14.903] RadarControl.SetTargets: count=1, selected=none
[2026-03-24 09:39:14.914] RadarControl.OnPaint[260] ENTER width=743 height=743 targets=1 range=16,0
[2026-03-24 09:39:14.928] RadarControl.OnPaint[260] DrawRangeRings
[2026-03-24 09:39:14.930] RadarControl.OnPaint[260] DrawGrid
[2026-03-24 09:39:14.930] RadarControl.OnPaint[260] DrawTracks
[2026-03-24 09:39:14.931] RadarControl.OnPaint[260] DrawTargets begin
[2026-03-24 09:39:14.931] RadarControl.OnPaint[260] DrawTargets end
[2026-03-24 09:39:14.931] RadarControl.OnPaint[260] DrawCenter
[2026-03-24 09:39:14.932] RadarControl.OnPaint[260] EXIT ok
[2026-03-24 09:39:15.918] RadarControl.SetTargets: count=1, selected=none
[2026-03-24 09:39:15.930] RadarControl.OnPaint[261] ENTER width=743 height=743 targets=1 range=16,0
[2026-03-24 09:39:15.945] RadarControl.OnPaint[261] DrawRangeRings
[2026-03-24 09:39:15.946] RadarControl.OnPaint[261] DrawGrid
[2026-03-24 09:39:15.947] RadarControl.OnPaint[261] DrawTracks
[2026-03-24 09:39:15.947] RadarControl.OnPaint[261] DrawTargets begin
[2026-03-24 09:39:15.947] RadarControl.OnPaint[261] DrawTargets end
[2026-03-24 09:39:15.948] RadarControl.OnPaint[261] DrawCenter
[2026-03-24 09:39:15.948] RadarControl.OnPaint[261] EXIT ok
[2026-03-24 09:39:16.965] RadarControl.SetTargets: count=1, selected=none
[2026-03-24 09:39:16.978] RadarControl.OnPaint[262] ENTER width=743 height=743 targets=1 range=16,0
[2026-03-24 09:39:16.993] RadarControl.OnPaint[262] DrawRangeRings
[2026-03-24 09:39:16.993] RadarControl.OnPaint[262] DrawGrid
[2026-03-24 09:39:16.994] RadarControl.OnPaint[262] DrawTracks
[2026-03-24 09:39:16.994] RadarControl.OnPaint[262] DrawTargets begin
[2026-03-24 09:39:16.995] RadarControl.OnPaint[262] DrawTargets end
[2026-03-24 09:39:16.995] RadarControl.OnPaint[262] DrawCenter
[2026-03-24 09:39:16.995] RadarControl.OnPaint[262] EXIT ok
[2026-03-24 09:39:17.980] RadarControl.SetTargets: count=1, selected=none
[2026-03-24 09:39:17.992] RadarControl.OnPaint[263] ENTER width=743 height=743 targets=1 range=16,0
[2026-03-24 09:39:18.006] RadarControl.OnPaint[263] DrawRangeRings
[2026-03-24 09:39:18.007] RadarControl.OnPaint[263] DrawGrid
[2026-03-24 09:39:18.008] RadarControl.OnPaint[263] DrawTracks
[2026-03-24 09:39:18.008] RadarControl.OnPaint[263] DrawTargets begin
[2026-03-24 09:39:18.008] RadarControl.OnPaint[263] DrawTargets end
[2026-03-24 09:39:18.008] RadarControl.OnPaint[263] DrawCenter
[2026-03-24 09:39:18.009] RadarControl.OnPaint[263] EXIT ok
[2026-03-24 09:39:19.038] RadarControl.SetTargets: count=1, selected=none
[2026-03-24 09:39:19.049] RadarControl.OnPaint[264] ENTER width=743 height=743 targets=1 range=16,0
[2026-03-24 09:39:19.063] RadarControl.OnPaint[264] DrawRangeRings
[2026-03-24 09:39:19.064] RadarControl.OnPaint[264] DrawGrid
[2026-03-24 09:39:19.065] RadarControl.OnPaint[264] DrawTracks
[2026-03-24 09:39:19.065] RadarControl.OnPaint[264] DrawTargets begin
[2026-03-24 09:39:19.065] RadarControl.OnPaint[264] DrawTargets end
[2026-03-24 09:39:19.065] RadarControl.OnPaint[264] DrawCenter
[2026-03-24 09:39:19.066] RadarControl.OnPaint[264] EXIT ok
[2026-03-24 09:39:19.771] Program.Main: Application.Run returned normally
[2026-03-24 09:40:13.888] ========== APP START ==========
[2026-03-24 09:40:13.916] Program.Main: before Application.Run
[2026-03-24 09:40:14.345] RadarControl.SetTargets: count=0, selected=none
[2026-03-24 09:40:14.358] RadarControl.SetTargets: count=0, selected=none
[2026-03-24 09:40:14.369] RadarControl.SetTargets: count=0, selected=none
[2026-03-24 09:40:14.527] RadarControl.OnPaint[1] ENTER width=743 height=743 targets=0 range=39,1
[2026-03-24 09:40:14.586] RadarControl.OnPaint[1] DrawRangeRings
[2026-03-24 09:40:14.588] RadarControl.OnPaint[1] DrawGrid
[2026-03-24 09:40:14.589] RadarControl.OnPaint[1] DrawTracks
[2026-03-24 09:40:14.590] RadarControl.OnPaint[1] DrawTargets begin
[2026-03-24 09:40:14.592] RadarControl.OnPaint[1] DrawTargets end
[2026-03-24 09:40:14.593] RadarControl.OnPaint[1] DrawCenter
[2026-03-24 09:40:14.596] RadarControl.OnPaint[1] EXIT ok
[2026-03-24 09:40:14.639] RadarControl.SetTargets: count=0, selected=none
[2026-03-24 09:40:14.652] RadarControl.OnPaint[2] ENTER width=743 height=743 targets=0 range=39,1
[2026-03-24 09:40:14.668] RadarControl.OnPaint[2] DrawRangeRings
[2026-03-24 09:40:14.669] RadarControl.OnPaint[2] DrawGrid
[2026-03-24 09:40:14.670] RadarControl.OnPaint[2] DrawTracks
[2026-03-24 09:40:14.670] RadarControl.OnPaint[2] DrawTargets begin
[2026-03-24 09:40:14.670] RadarControl.OnPaint[2] DrawTargets end
[2026-03-24 09:40:14.670] RadarControl.OnPaint[2] DrawCenter
[2026-03-24 09:40:14.671] RadarControl.OnPaint[2] EXIT ok
[2026-03-24 09:40:15.377] RadarControl.SetTargets: count=1, selected=none
[2026-03-24 09:40:15.390] RadarControl.OnPaint[3] ENTER width=743 height=743 targets=1 range=39,1
[2026-03-24 09:40:15.403] RadarControl.OnPaint[3] DrawRangeRings
[2026-03-24 09:40:15.405] RadarControl.OnPaint[3] DrawGrid
[2026-03-24 09:40:15.405] RadarControl.OnPaint[3] DrawTracks
[2026-03-24 09:40:15.406] RadarControl.OnPaint[3] DrawTargets begin
[2026-03-24 09:40:15.411] RadarControl.OnPaint[3] DrawTargets end
[2026-03-24 09:40:15.411] RadarControl.OnPaint[3] DrawCenter
[2026-03-24 09:40:15.411] RadarControl.OnPaint[3] EXIT ok
[2026-03-24 09:40:16.376] RadarControl.SetTargets: count=1, selected=none
[2026-03-24 09:40:16.387] RadarControl.OnPaint[4] ENTER width=743 height=743 targets=1 range=39,1
[2026-03-24 09:40:16.405] RadarControl.OnPaint[4] DrawRangeRings
[2026-03-24 09:40:16.406] RadarControl.OnPaint[4] DrawGrid
[2026-03-24 09:40:16.407] RadarControl.OnPaint[4] DrawTracks
[2026-03-24 09:40:16.408] RadarControl.OnPaint[4] DrawTargets begin
[2026-03-24 09:40:16.408] RadarControl.OnPaint[4] DrawTargets end
[2026-03-24 09:40:16.409] RadarControl.OnPaint[4] DrawCenter
[2026-03-24 09:40:16.409] RadarControl.OnPaint[4] EXIT ok
[2026-03-24 09:40:17.394] RadarControl.SetTargets: count=1, selected=none
[2026-03-24 09:40:17.405] RadarControl.OnPaint[5] ENTER width=743 height=743 targets=1 range=39,1
[2026-03-24 09:40:17.420] RadarControl.OnPaint[5] DrawRangeRings
[2026-03-24 09:40:17.421] RadarControl.OnPaint[5] DrawGrid
[2026-03-24 09:40:17.422] RadarControl.OnPaint[5] DrawTracks
[2026-03-24 09:40:17.422] RadarControl.OnPaint[5] DrawTargets begin
[2026-03-24 09:40:17.422] RadarControl.OnPaint[5] DrawTargets end
[2026-03-24 09:40:17.422] RadarControl.OnPaint[5] DrawCenter
[2026-03-24 09:40:17.423] RadarControl.OnPaint[5] EXIT ok
[2026-03-24 09:40:18.390] RadarControl.SetTargets: count=1, selected=none
[2026-03-24 09:40:18.401] RadarControl.OnPaint[6] ENTER width=743 height=743 targets=1 range=39,1
[2026-03-24 09:40:18.415] RadarControl.OnPaint[6] DrawRangeRings
[2026-03-24 09:40:18.416] RadarControl.OnPaint[6] DrawGrid
[2026-03-24 09:40:18.416] RadarControl.OnPaint[6] DrawTracks
[2026-03-24 09:40:18.416] RadarControl.OnPaint[6] DrawTargets begin
[2026-03-24 09:40:18.417] RadarControl.OnPaint[6] DrawTargets end
[2026-03-24 09:40:18.417] RadarControl.OnPaint[6] DrawCenter
[2026-03-24 09:40:18.417] RadarControl.OnPaint[6] EXIT ok
[2026-03-24 09:40:19.389] RadarControl.SetTargets: count=1, selected=none
[2026-03-24 09:40:19.400] RadarControl.OnPaint[7] ENTER width=743 height=743 targets=1 range=39,1
[2026-03-24 09:40:19.414] RadarControl.OnPaint[7] DrawRangeRings
[2026-03-24 09:40:19.414] RadarControl.OnPaint[7] DrawGrid
[2026-03-24 09:40:19.416] RadarControl.OnPaint[7] DrawTracks
[2026-03-24 09:40:19.416] RadarControl.OnPaint[7] DrawTargets begin
[2026-03-24 09:40:19.416] RadarControl.OnPaint[7] DrawTargets end
[2026-03-24 09:40:19.416] RadarControl.OnPaint[7] DrawCenter
[2026-03-24 09:40:19.417] RadarControl.OnPaint[7] EXIT ok
[2026-03-24 09:40:20.390] RadarControl.SetTargets: count=1, selected=none
[2026-03-24 09:40:20.402] RadarControl.OnPaint[8] ENTER width=743 height=743 targets=1 range=39,1
[2026-03-24 09:40:20.419] RadarControl.OnPaint[8] DrawRangeRings
[2026-03-24 09:40:20.420] RadarControl.OnPaint[8] DrawGrid
[2026-03-24 09:40:20.421] RadarControl.OnPaint[8] DrawTracks
[2026-03-24 09:40:20.421] RadarControl.OnPaint[8] DrawTargets begin
[2026-03-24 09:40:20.422] RadarControl.OnPaint[8] DrawTargets end
[2026-03-24 09:40:20.422] RadarControl.OnPaint[8] DrawCenter
[2026-03-24 09:40:20.422] RadarControl.OnPaint[8] EXIT ok
[2026-03-24 09:40:21.404] RadarControl.SetTargets: count=1, selected=none
[2026-03-24 09:40:21.416] RadarControl.OnPaint[9] ENTER width=743 height=743 targets=1 range=39,1
[2026-03-24 09:40:21.430] RadarControl.OnPaint[9] DrawRangeRings
[2026-03-24 09:40:21.431] RadarControl.OnPaint[9] DrawGrid
[2026-03-24 09:40:21.431] RadarControl.OnPaint[9] DrawTracks
[2026-03-24 09:40:21.431] RadarControl.OnPaint[9] DrawTargets begin
[2026-03-24 09:40:21.432] RadarControl.OnPaint[9] DrawTargets end
[2026-03-24 09:40:21.432] RadarControl.OnPaint[9] DrawCenter
[2026-03-24 09:40:21.432] RadarControl.OnPaint[9] EXIT ok
[2026-03-24 09:40:22.406] RadarControl.SetTargets: count=1, selected=none
[2026-03-24 09:40:22.418] RadarControl.OnPaint[10] ENTER width=743 height=743 targets=1 range=39,1
[2026-03-24 09:40:22.432] RadarControl.OnPaint[10] DrawRangeRings
[2026-03-24 09:40:22.434] RadarControl.OnPaint[10] DrawGrid
[2026-03-24 09:40:22.434] RadarControl.OnPaint[10] DrawTracks
[2026-03-24 09:40:22.434] RadarControl.OnPaint[10] DrawTargets begin
[2026-03-24 09:40:22.435] RadarControl.OnPaint[10] DrawTargets end
[2026-03-24 09:40:22.435] RadarControl.OnPaint[10] DrawCenter
[2026-03-24 09:40:22.435] RadarControl.OnPaint[10] EXIT ok
[2026-03-24 09:40:23.406] RadarControl.SetTargets: count=1, selected=none
[2026-03-24 09:40:23.417] RadarControl.OnPaint[11] ENTER width=743 height=743 targets=1 range=39,1
[2026-03-24 09:40:23.432] RadarControl.OnPaint[11] DrawRangeRings
[2026-03-24 09:40:23.433] RadarControl.OnPaint[11] DrawGrid
[2026-03-24 09:40:23.433] RadarControl.OnPaint[11] DrawTracks
[2026-03-24 09:40:23.433] RadarControl.OnPaint[11] DrawTargets begin
[2026-03-24 09:40:23.433] RadarControl.OnPaint[11] DrawTargets end
[2026-03-24 09:40:23.434] RadarControl.OnPaint[11] DrawCenter
[2026-03-24 09:40:23.434] RadarControl.OnPaint[11] EXIT ok
[2026-03-24 09:40:24.423] RadarControl.SetTargets: count=1, selected=none
[2026-03-24 09:40:24.436] RadarControl.OnPaint[12] ENTER width=743 height=743 targets=1 range=39,1
[2026-03-24 09:40:24.450] RadarControl.OnPaint[12] DrawRangeRings
[2026-03-24 09:40:24.451] RadarControl.OnPaint[12] DrawGrid
[2026-03-24 09:40:24.452] RadarControl.OnPaint[12] DrawTracks
[2026-03-24 09:40:24.452] RadarControl.OnPaint[12] DrawTargets begin
[2026-03-24 09:40:24.452] RadarControl.OnPaint[12] DrawTargets end
[2026-03-24 09:40:24.453] RadarControl.OnPaint[12] DrawCenter
[2026-03-24 09:40:24.453] RadarControl.OnPaint[12] EXIT ok
[2026-03-24 09:40:25.655] RadarControl.SetTargets: count=1, selected=none
[2026-03-24 09:40:25.666] RadarControl.OnPaint[13] ENTER width=743 height=743 targets=1 range=39,1
[2026-03-24 09:40:25.680] RadarControl.OnPaint[13] DrawRangeRings
[2026-03-24 09:40:25.681] RadarControl.OnPaint[13] DrawGrid
[2026-03-24 09:40:25.681] RadarControl.OnPaint[13] DrawTracks
[2026-03-24 09:40:25.682] RadarControl.OnPaint[13] DrawTargets begin
[2026-03-24 09:40:25.682] RadarControl.OnPaint[13] DrawTargets end
[2026-03-24 09:40:25.682] RadarControl.OnPaint[13] DrawCenter
[2026-03-24 09:40:25.683] RadarControl.OnPaint[13] EXIT ok
[2026-03-24 09:40:26.853] UI ThreadException: System.ObjectDisposedException: Доступ к ликвидированному объекту невозможен.
Имя объекта: "RichTextBox".
   в System.Windows.Forms.Control.CreateHandle()
   в System.Windows.Forms.TextBoxBase.CreateHandle()
   в System.Windows.Forms.Control.get_Handle()
   в System.Windows.Forms.RichTextBox.get_TextLength()
   в FlightRadarPc.UI.MainForm.ScrollToBottom(RichTextBox box) в D:\1 GIT FLARM_ALL\Base_Lan_ESP32\FlyRadarPC\FlightRadarPc_map_no_holes\UI\MainForm.cs:строка 1243
   в FlightRadarPc.UI.MainForm.AppendMonitorMessage(String message) в D:\1 GIT FLARM_ALL\Base_Lan_ESP32\FlyRadarPC\FlightRadarPc_map_no_holes\UI\MainForm.cs:строка 1722
   в FlightRadarPc.Services.DataSourceManager.<>c__DisplayClass45_0.<RaiseMonitor>b__0() в D:\1 GIT FLARM_ALL\Base_Lan_ESP32\FlyRadarPC\FlightRadarPc_map_no_holes\Services\DataSourceManager.cs:строка 392
   в FlightRadarPc.Services.DataSourceManager.<>c__DisplayClass46_0.<PostToContext>b__0(Object _) в D:\1 GIT FLARM_ALL\Base_Lan_ESP32\FlyRadarPC\FlightRadarPc_map_no_holes\Services\DataSourceManager.cs:строка 399
[2026-03-24 09:40:26.965] Program.Main: Application.Run returned normally
[2026-03-25 11:18:49.462] ========== APP START ==========
[2026-03-25 11:18:49.467] Program.Main: before Application.Run
[2026-03-25 11:18:49.970] RadarControl.SetTargets: count=0, selected=none
[2026-03-25 11:18:49.981] RadarControl.SetTargets: count=0, selected=none
[2026-03-25 11:18:49.989] RadarControl.SetTargets: count=0, selected=none
[2026-03-25 11:18:50.096] RadarControl.OnPaint[1] ENTER width=743 height=743 targets=0 range=39,1
[2026-03-25 11:18:50.185] RadarControl.OnPaint[1] DrawRangeRings
[2026-03-25 11:18:50.187] RadarControl.OnPaint[1] DrawGrid
[2026-03-25 11:18:50.188] RadarControl.OnPaint[1] DrawTracks
[2026-03-25 11:18:50.189] RadarControl.OnPaint[1] DrawTargets begin
[2026-03-25 11:18:50.191] RadarControl.OnPaint[1] DrawTargets end
[2026-03-25 11:18:50.192] RadarControl.OnPaint[1] DrawCenter
[2026-03-25 11:18:50.194] RadarControl.OnPaint[1] EXIT ok
[2026-03-25 11:18:50.261] RadarControl.SetTargets: count=0, selected=none
[2026-03-25 11:18:50.270] RadarControl.OnPaint[2] ENTER width=743 height=743 targets=0 range=39,1
[2026-03-25 11:18:50.284] RadarControl.OnPaint[2] DrawRangeRings
[2026-03-25 11:18:50.285] RadarControl.OnPaint[2] DrawGrid
[2026-03-25 11:18:50.286] RadarControl.OnPaint[2] DrawTracks
[2026-03-25 11:18:50.286] RadarControl.OnPaint[2] DrawTargets begin
[2026-03-25 11:18:50.286] RadarControl.OnPaint[2] DrawTargets end
[2026-03-25 11:18:50.286] RadarControl.OnPaint[2] DrawCenter
[2026-03-25 11:18:50.287] RadarControl.OnPaint[2] EXIT ok
[2026-03-25 11:18:57.549] RadarControl.SetTargets: count=0, selected=none
[2026-03-25 11:18:57.558] RadarControl.OnPaint[3] ENTER width=743 height=743 targets=0 range=48,8
[2026-03-25 11:18:57.620] RadarControl.OnPaint[3] DrawRangeRings
[2026-03-25 11:18:57.621] RadarControl.OnPaint[3] DrawGrid
[2026-03-25 11:18:57.625] RadarControl.OnPaint[3] DrawTracks
[2026-03-25 11:18:57.625] RadarControl.OnPaint[3] DrawTargets begin
[2026-03-25 11:18:57.626] RadarControl.OnPaint[3] DrawTargets end
[2026-03-25 11:18:57.626] RadarControl.OnPaint[3] DrawCenter
[2026-03-25 11:18:57.626] RadarControl.OnPaint[3] EXIT ok
[2026-03-25 11:18:58.480] RadarControl.SetTargets: count=0, selected=none
[2026-03-25 11:18:58.489] RadarControl.OnPaint[4] ENTER width=743 height=743 targets=0 range=39,1
[2026-03-25 11:18:58.502] RadarControl.OnPaint[4] DrawRangeRings
[2026-03-25 11:18:58.503] RadarControl.OnPaint[4] DrawGrid
[2026-03-25 11:18:58.504] RadarControl.OnPaint[4] DrawTracks
[2026-03-25 11:18:58.504] RadarControl.OnPaint[4] DrawTargets begin
[2026-03-25 11:18:58.504] RadarControl.OnPaint[4] DrawTargets end
[2026-03-25 11:18:58.505] RadarControl.OnPaint[4] DrawCenter
[2026-03-25 11:18:58.505] RadarControl.OnPaint[4] EXIT ok
[2026-03-25 11:18:58.510] RadarControl.SetTargets: count=0, selected=none
[2026-03-25 11:18:58.518] RadarControl.OnPaint[5] ENTER width=743 height=743 targets=0 range=31,3
[2026-03-25 11:18:58.532] RadarControl.OnPaint[5] DrawRangeRings
[2026-03-25 11:18:58.533] RadarControl.OnPaint[5] DrawGrid
[2026-03-25 11:18:58.534] RadarControl.OnPaint[5] DrawTracks
[2026-03-25 11:18:58.534] RadarControl.OnPaint[5] DrawTargets begin
[2026-03-25 11:18:58.534] RadarControl.OnPaint[5] DrawTargets end
[2026-03-25 11:18:58.534] RadarControl.OnPaint[5] DrawCenter
[2026-03-25 11:18:58.535] RadarControl.OnPaint[5] EXIT ok
[2026-03-25 11:18:58.580] RadarControl.SetTargets: count=0, selected=none
[2026-03-25 11:18:58.593] RadarControl.OnPaint[6] ENTER width=743 height=743 targets=0 range=25,0
[2026-03-25 11:18:58.606] RadarControl.OnPaint[6] DrawRangeRings
[2026-03-25 11:18:58.607] RadarControl.OnPaint[6] DrawGrid
[2026-03-25 11:18:58.608] RadarControl.OnPaint[6] DrawTracks
[2026-03-25 11:18:58.608] RadarControl.OnPaint[6] DrawTargets begin
[2026-03-25 11:18:58.608] RadarControl.OnPaint[6] DrawTargets end
[2026-03-25 11:18:58.608] RadarControl.OnPaint[6] DrawCenter
[2026-03-25 11:18:58.609] RadarControl.OnPaint[6] EXIT ok
[2026-03-25 11:18:59.145] RadarControl.SetTargets: count=0, selected=none
[2026-03-25 11:18:59.153] RadarControl.OnPaint[7] ENTER width=743 height=743 targets=0 range=31,3
[2026-03-25 11:18:59.166] RadarControl.OnPaint[7] DrawRangeRings
[2026-03-25 11:18:59.167] RadarControl.OnPaint[7] DrawGrid
[2026-03-25 11:18:59.168] RadarControl.OnPaint[7] DrawTracks
[2026-03-25 11:18:59.168] RadarControl.OnPaint[7] DrawTargets begin
[2026-03-25 11:18:59.168] RadarControl.OnPaint[7] DrawTargets end
[2026-03-25 11:18:59.168] RadarControl.OnPaint[7] DrawCenter
[2026-03-25 11:18:59.168] RadarControl.OnPaint[7] EXIT ok
[2026-03-25 11:18:59.212] RadarControl.SetTargets: count=0, selected=none
[2026-03-25 11:18:59.220] RadarControl.OnPaint[8] ENTER width=743 height=743 targets=0 range=39,1
[2026-03-25 11:18:59.233] RadarControl.OnPaint[8] DrawRangeRings
[2026-03-25 11:18:59.234] RadarControl.OnPaint[8] DrawGrid
[2026-03-25 11:18:59.235] RadarControl.OnPaint[8] DrawTracks
[2026-03-25 11:18:59.235] RadarControl.OnPaint[8] DrawTargets begin
[2026-03-25 11:18:59.235] RadarControl.OnPaint[8] DrawTargets end
[2026-03-25 11:18:59.235] RadarControl.OnPaint[8] DrawCenter
[2026-03-25 11:18:59.236] RadarControl.OnPaint[8] EXIT ok
[2026-03-25 11:19:15.809] RadarControl.SetTargets: count=1, selected=none
[2026-03-25 11:19:15.825] RadarControl.OnPaint[9] ENTER width=743 height=743 targets=1 range=39,1
[2026-03-25 11:19:15.839] RadarControl.OnPaint[9] DrawRangeRings
[2026-03-25 11:19:15.840] RadarControl.OnPaint[9] DrawGrid
[2026-03-25 11:19:15.840] RadarControl.OnPaint[9] DrawTracks
[2026-03-25 11:19:15.840] RadarControl.OnPaint[9] DrawTargets begin
[2026-03-25 11:19:15.846] RadarControl.OnPaint[9] DrawTargets end
[2026-03-25 11:19:15.846] RadarControl.OnPaint[9] DrawCenter
[2026-03-25 11:19:15.847] RadarControl.OnPaint[9] EXIT ok
[2026-03-25 11:19:18.128] MainForm.ShowTestAircraft: begin
[2026-03-25 11:19:18.129] MainForm.ShowTestAircraft: switch tab and ensure visible
[2026-03-25 11:19:18.129] RadarControl.SetTargets: count=1, selected=none
[2026-03-25 11:19:18.139] MainForm.ShowTestAircraft: build target
[2026-03-25 11:19:18.139] MainForm.ShowTestAircraft: target built addr=ABC123 lat=55,955010 lon=37,279797 dist=3,0
[2026-03-25 11:19:18.140] MainForm.ShowTestAircraft: repository upsert done count=1
[2026-03-25 11:19:18.140] MainForm.ShowTestAircraft: track count=2
[2026-03-25 11:19:18.140] MainForm.ShowTestAircraft: before SelectTarget
[2026-03-25 11:19:18.144] MainForm.ShowTestAircraft: SelectTarget done
[2026-03-25 11:19:18.144] RadarControl.SetTargets: count=1, selected=ABC123
[2026-03-25 11:19:18.151] MainForm.ShowTestAircraft: RefreshRadarAndList done
[2026-03-25 11:19:18.151] MainForm.ShowTestAircraft: radar invalidate done
[2026-03-25 11:19:18.152] MainForm.ShowTestAircraft: completed OK
[2026-03-25 11:19:18.154] RadarControl.OnPaint[10] ENTER width=743 height=743 targets=1 range=39,1
[2026-03-25 11:19:18.167] RadarControl.OnPaint[10] DrawRangeRings
[2026-03-25 11:19:18.168] RadarControl.OnPaint[10] DrawGrid
[2026-03-25 11:19:18.169] RadarControl.OnPaint[10] DrawTracks
[2026-03-25 11:19:18.170] RadarControl.OnPaint[10] DrawTargets begin
[2026-03-25 11:19:18.170] RadarControl.OnPaint[10] DrawTargets end
[2026-03-25 11:19:18.170] RadarControl.OnPaint[10] DrawCenter
[2026-03-25 11:19:18.171] RadarControl.OnPaint[10] EXIT ok
[2026-03-25 11:19:18.312] RadarControl.SetTargets: count=1, selected=ABC123
[2026-03-25 11:19:18.321] RadarControl.OnPaint[11] ENTER width=743 height=743 targets=1 range=39,1
[2026-03-25 11:19:18.334] RadarControl.OnPaint[11] DrawRangeRings
[2026-03-25 11:19:18.335] RadarControl.OnPaint[11] DrawGrid
[2026-03-25 11:19:18.336] RadarControl.OnPaint[11] DrawTracks
[2026-03-25 11:19:18.336] RadarControl.OnPaint[11] DrawTargets begin
[2026-03-25 11:19:18.336] RadarControl.OnPaint[11] DrawTargets end
[2026-03-25 11:19:18.336] RadarControl.OnPaint[11] DrawCenter
[2026-03-25 11:19:18.337] RadarControl.OnPaint[11] EXIT ok
[2026-03-25 11:19:19.877] RadarControl.SetTargets: count=1, selected=ABC123
[2026-03-25 11:19:19.885] RadarControl.SetTargets: count=1, selected=ABC123
[2026-03-25 11:19:19.895] RadarControl.OnPaint[12] ENTER width=743 height=743 targets=1 range=39,1
[2026-03-25 11:19:19.910] RadarControl.OnPaint[12] DrawRangeRings
[2026-03-25 11:19:19.911] RadarControl.OnPaint[12] DrawGrid
[2026-03-25 11:19:19.911] RadarControl.OnPaint[12] DrawTracks
[2026-03-25 11:19:19.912] RadarControl.OnPaint[12] DrawTargets begin
[2026-03-25 11:19:19.912] RadarControl.OnPaint[12] DrawTargets end
[2026-03-25 11:19:19.912] RadarControl.OnPaint[12] DrawCenter
[2026-03-25 11:19:19.913] RadarControl.OnPaint[12] EXIT ok
[2026-03-25 11:19:20.053] RadarControl.SetTargets: count=1, selected=ABC123
[2026-03-25 11:19:20.062] RadarControl.OnPaint[13] ENTER width=743 height=743 targets=1 range=39,1
[2026-03-25 11:19:20.076] RadarControl.OnPaint[13] DrawRangeRings
[2026-03-25 11:19:20.076] RadarControl.OnPaint[13] DrawGrid
[2026-03-25 11:19:20.077] RadarControl.OnPaint[13] DrawTracks
[2026-03-25 11:19:20.077] RadarControl.OnPaint[13] DrawTargets begin
[2026-03-25 11:19:20.078] RadarControl.OnPaint[13] DrawTargets end
[2026-03-25 11:19:20.078] RadarControl.OnPaint[13] DrawCenter
[2026-03-25 11:19:20.078] RadarControl.OnPaint[13] EXIT ok
[2026-03-25 11:19:20.307] RadarControl.SetTargets: count=1, selected=ABC123
[2026-03-25 11:19:20.317] RadarControl.OnPaint[14] ENTER width=743 height=743 targets=1 range=39,1
[2026-03-25 11:19:20.331] RadarControl.OnPaint[14] DrawRangeRings
[2026-03-25 11:19:20.332] RadarControl.OnPaint[14] DrawGrid
[2026-03-25 11:19:20.332] RadarControl.OnPaint[14] DrawTracks
[2026-03-25 11:19:20.332] RadarControl.OnPaint[14] DrawTargets begin
[2026-03-25 11:19:20.333] RadarControl.OnPaint[14] DrawTargets end
[2026-03-25 11:19:20.333] RadarControl.OnPaint[14] DrawCenter
[2026-03-25 11:19:20.333] RadarControl.OnPaint[14] EXIT ok
[2026-03-25 11:19:20.563] RadarControl.SetTargets: count=1, selected=ABC123
[2026-03-25 11:19:20.573] RadarControl.OnPaint[15] ENTER width=743 height=743 targets=1 range=39,1
[2026-03-25 11:19:20.587] RadarControl.OnPaint[15] DrawRangeRings
[2026-03-25 11:19:20.588] RadarControl.OnPaint[15] DrawGrid
[2026-03-25 11:19:20.589] RadarControl.OnPaint[15] DrawTracks
[2026-03-25 11:19:20.589] RadarControl.OnPaint[15] DrawTargets begin
[2026-03-25 11:19:20.589] RadarControl.OnPaint[15] DrawTargets end
[2026-03-25 11:19:20.589] RadarControl.OnPaint[15] DrawCenter
[2026-03-25 11:19:20.590] RadarControl.OnPaint[15] EXIT ok
[2026-03-25 11:19:20.808] RadarControl.SetTargets: count=1, selected=ABC123
[2026-03-25 11:19:20.818] RadarControl.OnPaint[16] ENTER width=743 height=743 targets=1 range=39,1
[2026-03-25 11:19:20.832] RadarControl.OnPaint[16] DrawRangeRings
[2026-03-25 11:19:20.833] RadarControl.OnPaint[16] DrawGrid
[2026-03-25 11:19:20.833] RadarControl.OnPaint[16] DrawTracks
[2026-03-25 11:19:20.833] RadarControl.OnPaint[16] DrawTargets begin
[2026-03-25 11:19:20.834] RadarControl.OnPaint[16] DrawTargets end
[2026-03-25 11:19:20.834] RadarControl.OnPaint[16] DrawCenter
[2026-03-25 11:19:20.834] RadarControl.OnPaint[16] EXIT ok
[2026-03-25 11:19:21.057] RadarControl.SetTargets: count=1, selected=ABC123
[2026-03-25 11:19:21.067] RadarControl.OnPaint[17] ENTER width=743 height=743 targets=1 range=39,1
[2026-03-25 11:19:21.081] RadarControl.OnPaint[17] DrawRangeRings
[2026-03-25 11:19:21.082] RadarControl.OnPaint[17] DrawGrid
[2026-03-25 11:19:21.083] RadarControl.OnPaint[17] DrawTracks
[2026-03-25 11:19:21.083] RadarControl.OnPaint[17] DrawTargets begin
[2026-03-25 11:19:21.083] RadarControl.OnPaint[17] DrawTargets end
[2026-03-25 11:19:21.083] RadarControl.OnPaint[17] DrawCenter
[2026-03-25 11:19:21.084] RadarControl.OnPaint[17] EXIT ok
[2026-03-25 11:19:21.313] RadarControl.SetTargets: count=1, selected=ABC123
[2026-03-25 11:19:21.323] RadarControl.OnPaint[18] ENTER width=743 height=743 targets=1 range=39,1
[2026-03-25 11:19:21.337] RadarControl.OnPaint[18] DrawRangeRings
[2026-03-25 11:19:21.337] RadarControl.OnPaint[18] DrawGrid
[2026-03-25 11:19:21.338] RadarControl.OnPaint[18] DrawTracks
[2026-03-25 11:19:21.338] RadarControl.OnPaint[18] DrawTargets begin
[2026-03-25 11:19:21.338] RadarControl.OnPaint[18] DrawTargets end
[2026-03-25 11:19:21.339] RadarControl.OnPaint[18] DrawCenter
[2026-03-25 11:19:21.339] RadarControl.OnPaint[18] EXIT ok
[2026-03-25 11:19:21.553] RadarControl.SetTargets: count=1, selected=ABC123
[2026-03-25 11:19:21.563] RadarControl.OnPaint[19] ENTER width=743 height=743 targets=1 range=39,1
[2026-03-25 11:19:21.577] RadarControl.OnPaint[19] DrawRangeRings
[2026-03-25 11:19:21.577] RadarControl.OnPaint[19] DrawGrid
[2026-03-25 11:19:21.578] RadarControl.OnPaint[19] DrawTracks
[2026-03-25 11:19:21.578] RadarControl.OnPaint[19] DrawTargets begin
[2026-03-25 11:19:21.578] RadarControl.OnPaint[19] DrawTargets end
[2026-03-25 11:19:21.579] RadarControl.OnPaint[19] DrawCenter
[2026-03-25 11:19:21.579] RadarControl.OnPaint[19] EXIT ok
[2026-03-25 11:19:21.809] RadarControl.SetTargets: count=1, selected=ABC123
[2026-03-25 11:19:21.819] RadarControl.OnPaint[20] ENTER width=743 height=743 targets=1 range=39,1
[2026-03-25 11:19:21.835] RadarControl.OnPaint[20] DrawRangeRings
[2026-03-25 11:19:21.836] RadarControl.OnPaint[20] DrawGrid
[2026-03-25 11:19:21.837] RadarControl.OnPaint[20] DrawTracks
[2026-03-25 11:19:21.837] RadarControl.OnPaint[20] DrawTargets begin
[2026-03-25 11:19:21.838] RadarControl.OnPaint[20] DrawTargets end
[2026-03-25 11:19:21.838] RadarControl.OnPaint[20] DrawCenter
[2026-03-25 11:19:21.838] RadarControl.OnPaint[20] EXIT ok
[2026-03-25 11:19:22.065] RadarControl.SetTargets: count=1, selected=ABC123
[2026-03-25 11:19:22.079] RadarControl.OnPaint[21] ENTER width=743 height=743 targets=1 range=39,1
[2026-03-25 11:19:22.092] RadarControl.OnPaint[21] DrawRangeRings
[2026-03-25 11:19:22.093] RadarControl.OnPaint[21] DrawGrid
[2026-03-25 11:19:22.094] RadarControl.OnPaint[21] DrawTracks
[2026-03-25 11:19:22.094] RadarControl.OnPaint[21] DrawTargets begin
[2026-03-25 11:19:22.094] RadarControl.OnPaint[21] DrawTargets end
[2026-03-25 11:19:22.094] RadarControl.OnPaint[21] DrawCenter
[2026-03-25 11:19:22.095] RadarControl.OnPaint[21] EXIT ok
[2026-03-25 11:19:22.304] RadarControl.SetTargets: count=1, selected=ABC123
[2026-03-25 11:19:22.313] RadarControl.OnPaint[22] ENTER width=743 height=743 targets=1 range=39,1
[2026-03-25 11:19:22.327] RadarControl.OnPaint[22] DrawRangeRings
[2026-03-25 11:19:22.328] RadarControl.OnPaint[22] DrawGrid
[2026-03-25 11:19:22.328] RadarControl.OnPaint[22] DrawTracks
[2026-03-25 11:19:22.329] RadarControl.OnPaint[22] DrawTargets begin
[2026-03-25 11:19:22.329] RadarControl.OnPaint[22] DrawTargets end
[2026-03-25 11:19:22.329] RadarControl.OnPaint[22] DrawCenter
[2026-03-25 11:19:22.330] RadarControl.OnPaint[22] EXIT ok
[2026-03-25 11:19:22.559] RadarControl.SetTargets: count=1, selected=ABC123
[2026-03-25 11:19:22.568] RadarControl.OnPaint[23] ENTER width=743 height=743 targets=1 range=39,1
[2026-03-25 11:19:22.581] RadarControl.OnPaint[23] DrawRangeRings
[2026-03-25 11:19:22.582] RadarControl.OnPaint[23] DrawGrid
[2026-03-25 11:19:22.583] RadarControl.OnPaint[23] DrawTracks
[2026-03-25 11:19:22.583] RadarControl.OnPaint[23] DrawTargets begin
[2026-03-25 11:19:22.583] RadarControl.OnPaint[23] DrawTargets end
[2026-03-25 11:19:22.584] RadarControl.OnPaint[23] DrawCenter
[2026-03-25 11:19:22.584] RadarControl.OnPaint[23] EXIT ok
[2026-03-25 11:19:22.815] RadarControl.SetTargets: count=1, selected=ABC123
[2026-03-25 11:19:22.824] RadarControl.OnPaint[24] ENTER width=743 height=743 targets=1 range=39,1
[2026-03-25 11:19:22.838] RadarControl.OnPaint[24] DrawRangeRings
[2026-03-25 11:19:22.839] RadarControl.OnPaint[24] DrawGrid
[2026-03-25 11:19:22.839] RadarControl.OnPaint[24] DrawTracks
[2026-03-25 11:19:22.840] RadarControl.OnPaint[24] DrawTargets begin
[2026-03-25 11:19:22.840] RadarControl.OnPaint[24] DrawTargets end
[2026-03-25 11:19:22.840] RadarControl.OnPaint[24] DrawCenter
[2026-03-25 11:19:22.840] RadarControl.OnPaint[24] EXIT ok
[2026-03-25 11:19:23.054] RadarControl.SetTargets: count=1, selected=ABC123
[2026-03-25 11:19:23.063] RadarControl.OnPaint[25] ENTER width=743 height=743 targets=1 range=39,1
[2026-03-25 11:19:23.078] RadarControl.OnPaint[25] DrawRangeRings
[2026-03-25 11:19:23.079] RadarControl.OnPaint[25] DrawGrid
[2026-03-25 11:19:23.079] RadarControl.OnPaint[25] DrawTracks
[2026-03-25 11:19:23.080] RadarControl.OnPaint[25] DrawTargets begin
[2026-03-25 11:19:23.080] RadarControl.OnPaint[25] DrawTargets end
[2026-03-25 11:19:23.080] RadarControl.OnPaint[25] DrawCenter
[2026-03-25 11:19:23.080] RadarControl.OnPaint[25] EXIT ok
[2026-03-25 11:19:23.310] RadarControl.SetTargets: count=1, selected=ABC123
[2026-03-25 11:19:23.319] RadarControl.OnPaint[26] ENTER width=743 height=743 targets=1 range=39,1
[2026-03-25 11:19:23.333] RadarControl.OnPaint[26] DrawRangeRings
[2026-03-25 11:19:23.334] RadarControl.OnPaint[26] DrawGrid
[2026-03-25 11:19:23.334] RadarControl.OnPaint[26] DrawTracks
[2026-03-25 11:19:23.334] RadarControl.OnPaint[26] DrawTargets begin
[2026-03-25 11:19:23.335] RadarControl.OnPaint[26] DrawTargets end
[2026-03-25 11:19:23.335] RadarControl.OnPaint[26] DrawCenter
[2026-03-25 11:19:23.335] RadarControl.OnPaint[26] EXIT ok
[2026-03-25 11:19:23.566] RadarControl.SetTargets: count=1, selected=ABC123
[2026-03-25 11:19:23.575] RadarControl.OnPaint[27] ENTER width=743 height=743 targets=1 range=39,1
[2026-03-25 11:19:23.588] RadarControl.OnPaint[27] DrawRangeRings
[2026-03-25 11:19:23.589] RadarControl.OnPaint[27] DrawGrid
[2026-03-25 11:19:23.590] RadarControl.OnPaint[27] DrawTracks
[2026-03-25 11:19:23.590] RadarControl.OnPaint[27] DrawTargets begin
[2026-03-25 11:19:23.590] RadarControl.OnPaint[27] DrawTargets end
[2026-03-25 11:19:23.590] RadarControl.OnPaint[27] DrawCenter
[2026-03-25 11:19:23.591] RadarControl.OnPaint[27] EXIT ok
[2026-03-25 11:19:23.806] RadarControl.SetTargets: count=1, selected=ABC123
[2026-03-25 11:19:23.816] RadarControl.OnPaint[28] ENTER width=743 height=743 targets=1 range=39,1
[2026-03-25 11:19:23.829] RadarControl.OnPaint[28] DrawRangeRings
[2026-03-25 11:19:23.830] RadarControl.OnPaint[28] DrawGrid
[2026-03-25 11:19:23.831] RadarControl.OnPaint[28] DrawTracks
[2026-03-25 11:19:23.831] RadarControl.OnPaint[28] DrawTargets begin
[2026-03-25 11:19:23.831] RadarControl.OnPaint[28] DrawTargets end
[2026-03-25 11:19:23.832] RadarControl.OnPaint[28] DrawCenter
[2026-03-25 11:19:23.832] RadarControl.OnPaint[28] EXIT ok
[2026-03-25 11:19:24.060] RadarControl.SetTargets: count=1, selected=ABC123
[2026-03-25 11:19:24.070] RadarControl.OnPaint[29] ENTER width=743 height=743 targets=1 range=39,1
[2026-03-25 11:19:24.084] RadarControl.OnPaint[29] DrawRangeRings
[2026-03-25 11:19:24.085] RadarControl.OnPaint[29] DrawGrid
[2026-03-25 11:19:24.085] RadarControl.OnPaint[29] DrawTracks
[2026-03-25 11:19:24.085] RadarControl.OnPaint[29] DrawTargets begin
[2026-03-25 11:19:24.086] RadarControl.OnPaint[29] DrawTargets end
[2026-03-25 11:19:24.086] RadarControl.OnPaint[29] DrawCenter
[2026-03-25 11:19:24.086] RadarControl.OnPaint[29] EXIT ok
[2026-03-25 11:19:24.315] RadarControl.SetTargets: count=1, selected=ABC123
[2026-03-25 11:19:24.325] RadarControl.OnPaint[30] ENTER width=743 height=743 targets=1 range=39,1
[2026-03-25 11:19:24.338] RadarControl.OnPaint[30] DrawRangeRings
[2026-03-25 11:19:24.339] RadarControl.OnPaint[30] DrawGrid
[2026-03-25 11:19:24.340] RadarControl.OnPaint[30] DrawTracks
[2026-03-25 11:19:24.340] RadarControl.OnPaint[30] DrawTargets begin
[2026-03-25 11:19:24.340] RadarControl.OnPaint[30] DrawTargets end
[2026-03-25 11:19:24.341] RadarControl.OnPaint[30] DrawCenter
[2026-03-25 11:19:24.341] RadarControl.OnPaint[30] EXIT ok
[2026-03-25 11:19:24.554] RadarControl.SetTargets: count=1, selected=ABC123
[2026-03-25 11:19:24.564] RadarControl.OnPaint[31] ENTER width=743 height=743 targets=1 range=39,1
[2026-03-25 11:19:24.578] RadarControl.OnPaint[31] DrawRangeRings
[2026-03-25 11:19:24.579] RadarControl.OnPaint[31] DrawGrid
[2026-03-25 11:19:24.579] RadarControl.OnPaint[31] DrawTracks
[2026-03-25 11:19:24.580] RadarControl.OnPaint[31] DrawTargets begin
[2026-03-25 11:19:24.580] RadarControl.OnPaint[31] DrawTargets end
[2026-03-25 11:19:24.580] RadarControl.OnPaint[31] DrawCenter
[2026-03-25 11:19:24.580] RadarControl.OnPaint[31] EXIT ok
[2026-03-25 11:19:24.809] RadarControl.SetTargets: count=1, selected=ABC123
[2026-03-25 11:19:24.819] RadarControl.OnPaint[32] ENTER width=743 height=743 targets=1 range=39,1
[2026-03-25 11:19:24.832] RadarControl.OnPaint[32] DrawRangeRings
[2026-03-25 11:19:24.833] RadarControl.OnPaint[32] DrawGrid
[2026-03-25 11:19:24.834] RadarControl.OnPaint[32] DrawTracks
[2026-03-25 11:19:24.834] RadarControl.OnPaint[32] DrawTargets begin
[2026-03-25 11:19:24.834] RadarControl.OnPaint[32] DrawTargets end
[2026-03-25 11:19:24.834] RadarControl.OnPaint[32] DrawCenter
[2026-03-25 11:19:24.835] RadarControl.OnPaint[32] EXIT ok
[2026-03-25 11:19:25.064] RadarControl.SetTargets: count=1, selected=ABC123
[2026-03-25 11:19:25.074] RadarControl.OnPaint[33] ENTER width=743 height=743 targets=1 range=39,1
[2026-03-25 11:19:25.088] RadarControl.OnPaint[33] DrawRangeRings
[2026-03-25 11:19:25.089] RadarControl.OnPaint[33] DrawGrid
[2026-03-25 11:19:25.089] RadarControl.OnPaint[33] DrawTracks
[2026-03-25 11:19:25.089] RadarControl.OnPaint[33] DrawTargets begin
[2026-03-25 11:19:25.090] RadarControl.OnPaint[33] DrawTargets end
[2026-03-25 11:19:25.090] RadarControl.OnPaint[33] DrawCenter
[2026-03-25 11:19:25.090] RadarControl.OnPaint[33] EXIT ok
[2026-03-25 11:19:25.304] RadarControl.SetTargets: count=1, selected=ABC123
[2026-03-25 11:19:25.314] RadarControl.OnPaint[34] ENTER width=743 height=743 targets=1 range=39,1
[2026-03-25 11:19:25.329] RadarControl.OnPaint[34] DrawRangeRings
[2026-03-25 11:19:25.330] RadarControl.OnPaint[34] DrawGrid
[2026-03-25 11:19:25.331] RadarControl.OnPaint[34] DrawTracks
[2026-03-25 11:19:25.331] RadarControl.OnPaint[34] DrawTargets begin
[2026-03-25 11:19:25.331] RadarControl.OnPaint[34] DrawTargets end
[2026-03-25 11:19:25.332] RadarControl.OnPaint[34] DrawCenter
[2026-03-25 11:19:25.332] RadarControl.OnPaint[34] EXIT ok
[2026-03-25 11:19:25.559] RadarControl.SetTargets: count=1, selected=ABC123
[2026-03-25 11:19:25.571] RadarControl.OnPaint[35] ENTER width=743 height=743 targets=1 range=39,1
[2026-03-25 11:19:25.584] RadarControl.OnPaint[35] DrawRangeRings
[2026-03-25 11:19:25.585] RadarControl.OnPaint[35] DrawGrid
[2026-03-25 11:19:25.586] RadarControl.OnPaint[35] DrawTracks
[2026-03-25 11:19:25.586] RadarControl.OnPaint[35] DrawTargets begin
[2026-03-25 11:19:25.586] RadarControl.OnPaint[35] DrawTargets end
[2026-03-25 11:19:25.587] RadarControl.OnPaint[35] DrawCenter
[2026-03-25 11:19:25.587] RadarControl.OnPaint[35] EXIT ok
[2026-03-25 11:19:25.815] RadarControl.SetTargets: count=1, selected=ABC123
[2026-03-25 11:19:25.824] RadarControl.OnPaint[36] ENTER width=743 height=743 targets=1 range=39,1
[2026-03-25 11:19:25.837] RadarControl.OnPaint[36] DrawRangeRings
[2026-03-25 11:19:25.838] RadarControl.OnPaint[36] DrawGrid
[2026-03-25 11:19:25.839] RadarControl.OnPaint[36] DrawTracks
[2026-03-25 11:19:25.839] RadarControl.OnPaint[36] DrawTargets begin
[2026-03-25 11:19:25.839] RadarControl.OnPaint[36] DrawTargets end
[2026-03-25 11:19:25.840] RadarControl.OnPaint[36] DrawCenter
[2026-03-25 11:19:25.840] RadarControl.OnPaint[36] EXIT ok
[2026-03-25 11:19:26.054] RadarControl.SetTargets: count=1, selected=ABC123
[2026-03-25 11:19:26.064] RadarControl.OnPaint[37] ENTER width=743 height=743 targets=1 range=39,1
[2026-03-25 11:19:26.077] RadarControl.OnPaint[37] DrawRangeRings
[2026-03-25 11:19:26.078] RadarControl.OnPaint[37] DrawGrid
[2026-03-25 11:19:26.079] RadarControl.OnPaint[37] DrawTracks
[2026-03-25 11:19:26.079] RadarControl.OnPaint[37] DrawTargets begin
[2026-03-25 11:19:26.079] RadarControl.OnPaint[37] DrawTargets end
[2026-03-25 11:19:26.079] RadarControl.OnPaint[37] DrawCenter
[2026-03-25 11:19:26.080] RadarControl.OnPaint[37] EXIT ok
[2026-03-25 11:19:26.310] RadarControl.SetTargets: count=1, selected=ABC123
[2026-03-25 11:19:26.320] RadarControl.OnPaint[38] ENTER width=743 height=743 targets=1 range=39,1
[2026-03-25 11:19:26.333] RadarControl.OnPaint[38] DrawRangeRings
[2026-03-25 11:19:26.334] RadarControl.OnPaint[38] DrawGrid
[2026-03-25 11:19:26.335] RadarControl.OnPaint[38] DrawTracks
[2026-03-25 11:19:26.335] RadarControl.OnPaint[38] DrawTargets begin
[2026-03-25 11:19:26.335] RadarControl.OnPaint[38] DrawTargets end
[2026-03-25 11:19:26.335] RadarControl.OnPaint[38] DrawCenter
[2026-03-25 11:19:26.336] RadarControl.OnPaint[38] EXIT ok
[2026-03-25 11:19:26.553] RadarControl.SetTargets: count=1, selected=ABC123
[2026-03-25 11:19:26.564] RadarControl.OnPaint[39] ENTER width=743 height=743 targets=1 range=39,1
[2026-03-25 11:19:26.578] RadarControl.OnPaint[39] DrawRangeRings
[2026-03-25 11:19:26.579] RadarControl.OnPaint[39] DrawGrid
[2026-03-25 11:19:26.579] RadarControl.OnPaint[39] DrawTracks
[2026-03-25 11:19:26.580] RadarControl.OnPaint[39] DrawTargets begin
[2026-03-25 11:19:26.580] RadarControl.OnPaint[39] DrawTargets end
[2026-03-25 11:19:26.580] RadarControl.OnPaint[39] DrawCenter
[2026-03-25 11:19:26.580] RadarControl.OnPaint[39] EXIT ok
[2026-03-25 11:19:26.806] RadarControl.SetTargets: count=1, selected=ABC123
[2026-03-25 11:19:26.815] RadarControl.OnPaint[40] ENTER width=743 height=743 targets=1 range=39,1
[2026-03-25 11:19:26.829] RadarControl.OnPaint[40] DrawRangeRings
[2026-03-25 11:19:26.830] RadarControl.OnPaint[40] DrawGrid
[2026-03-25 11:19:26.830] RadarControl.OnPaint[40] DrawTracks
[2026-03-25 11:19:26.831] RadarControl.OnPaint[40] DrawTargets begin
[2026-03-25 11:19:26.831] RadarControl.OnPaint[40] DrawTargets end
[2026-03-25 11:19:26.831] RadarControl.OnPaint[40] DrawCenter
[2026-03-25 11:19:26.831] RadarControl.OnPaint[40] EXIT ok
[2026-03-25 11:19:27.062] RadarControl.SetTargets: count=1, selected=ABC123
[2026-03-25 11:19:27.072] RadarControl.OnPaint[41] ENTER width=743 height=743 targets=1 range=39,1
[2026-03-25 11:19:27.088] RadarControl.OnPaint[41] DrawRangeRings
[2026-03-25 11:19:27.090] RadarControl.OnPaint[41] DrawGrid
[2026-03-25 11:19:27.090] RadarControl.OnPaint[41] DrawTracks
[2026-03-25 11:19:27.090] RadarControl.OnPaint[41] DrawTargets begin
[2026-03-25 11:19:27.091] RadarControl.OnPaint[41] DrawTargets end
[2026-03-25 11:19:27.091] RadarControl.OnPaint[41] DrawCenter
[2026-03-25 11:19:27.091] RadarControl.OnPaint[41] EXIT ok
[2026-03-25 11:19:27.316] RadarControl.SetTargets: count=1, selected=ABC123
[2026-03-25 11:19:27.325] RadarControl.OnPaint[42] ENTER width=743 height=743 targets=1 range=39,1
[2026-03-25 11:19:27.338] RadarControl.OnPaint[42] DrawRangeRings
[2026-03-25 11:19:27.339] RadarControl.OnPaint[42] DrawGrid
[2026-03-25 11:19:27.340] RadarControl.OnPaint[42] DrawTracks
[2026-03-25 11:19:27.340] RadarControl.OnPaint[42] DrawTargets begin
[2026-03-25 11:19:27.340] RadarControl.OnPaint[42] DrawTargets end
[2026-03-25 11:19:27.340] RadarControl.OnPaint[42] DrawCenter
[2026-03-25 11:19:27.341] RadarControl.OnPaint[42] EXIT ok
[2026-03-25 11:19:27.556] RadarControl.SetTargets: count=1, selected=ABC123
[2026-03-25 11:19:27.565] RadarControl.OnPaint[43] ENTER width=743 height=743 targets=1 range=39,1
[2026-03-25 11:19:27.583] RadarControl.OnPaint[43] DrawRangeRings
[2026-03-25 11:19:27.584] RadarControl.OnPaint[43] DrawGrid
[2026-03-25 11:19:27.584] RadarControl.OnPaint[43] DrawTracks
[2026-03-25 11:19:27.584] RadarControl.OnPaint[43] DrawTargets begin
[2026-03-25 11:19:27.585] RadarControl.OnPaint[43] DrawTargets end
[2026-03-25 11:19:27.585] RadarControl.OnPaint[43] DrawCenter
[2026-03-25 11:19:27.585] RadarControl.OnPaint[43] EXIT ok
[2026-03-25 11:19:27.812] RadarControl.SetTargets: count=1, selected=ABC123
[2026-03-25 11:19:27.821] RadarControl.OnPaint[44] ENTER width=743 height=743 targets=1 range=39,1
[2026-03-25 11:19:27.834] RadarControl.OnPaint[44] DrawRangeRings
[2026-03-25 11:19:27.835] RadarControl.OnPaint[44] DrawGrid
[2026-03-25 11:19:27.836] RadarControl.OnPaint[44] DrawTracks
[2026-03-25 11:19:27.836] RadarControl.OnPaint[44] DrawTargets begin
[2026-03-25 11:19:27.836] RadarControl.OnPaint[44] DrawTargets end
[2026-03-25 11:19:27.837] RadarControl.OnPaint[44] DrawCenter
[2026-03-25 11:19:27.837] RadarControl.OnPaint[44] EXIT ok
[2026-03-25 11:19:28.067] RadarControl.SetTargets: count=1, selected=ABC123
[2026-03-25 11:19:28.077] RadarControl.OnPaint[45] ENTER width=743 height=743 targets=1 range=39,1
[2026-03-25 11:19:28.112] RadarControl.OnPaint[45] DrawRangeRings
[2026-03-25 11:19:28.113] RadarControl.OnPaint[45] DrawGrid
[2026-03-25 11:19:28.113] RadarControl.OnPaint[45] DrawTracks
[2026-03-25 11:19:28.113] RadarControl.OnPaint[45] DrawTargets begin
[2026-03-25 11:19:28.114] RadarControl.OnPaint[45] DrawTargets end
[2026-03-25 11:19:28.114] RadarControl.OnPaint[45] DrawCenter
[2026-03-25 11:19:28.114] RadarControl.OnPaint[45] EXIT ok
[2026-03-25 11:19:28.307] RadarControl.SetTargets: count=1, selected=ABC123
[2026-03-25 11:19:28.316] RadarControl.OnPaint[46] ENTER width=743 height=743 targets=1 range=39,1
[2026-03-25 11:19:28.330] RadarControl.OnPaint[46] DrawRangeRings
[2026-03-25 11:19:28.331] RadarControl.OnPaint[46] DrawGrid
[2026-03-25 11:19:28.332] RadarControl.OnPaint[46] DrawTracks
[2026-03-25 11:19:28.332] RadarControl.OnPaint[46] DrawTargets begin
[2026-03-25 11:19:28.333] RadarControl.OnPaint[46] DrawTargets end
[2026-03-25 11:19:28.333] RadarControl.OnPaint[46] DrawCenter
[2026-03-25 11:19:28.333] RadarControl.OnPaint[46] EXIT ok
[2026-03-25 11:19:28.563] RadarControl.SetTargets: count=1, selected=ABC123
[2026-03-25 11:19:28.572] RadarControl.OnPaint[47] ENTER width=743 height=743 targets=1 range=39,1
[2026-03-25 11:19:28.585] RadarControl.OnPaint[47] DrawRangeRings
[2026-03-25 11:19:28.586] RadarControl.OnPaint[47] DrawGrid
[2026-03-25 11:19:28.587] RadarControl.OnPaint[47] DrawTracks
[2026-03-25 11:19:28.587] RadarControl.OnPaint[47] DrawTargets begin
[2026-03-25 11:19:28.587] RadarControl.OnPaint[47] DrawTargets end
[2026-03-25 11:19:28.588] RadarControl.OnPaint[47] DrawCenter
[2026-03-25 11:19:28.588] RadarControl.OnPaint[47] EXIT ok
[2026-03-25 11:19:28.803] RadarControl.SetTargets: count=1, selected=ABC123
[2026-03-25 11:19:28.812] RadarControl.OnPaint[48] ENTER width=743 height=743 targets=1 range=39,1
[2026-03-25 11:19:28.825] RadarControl.OnPaint[48] DrawRangeRings
[2026-03-25 11:19:28.826] RadarControl.OnPaint[48] DrawGrid
[2026-03-25 11:19:28.827] RadarControl.OnPaint[48] DrawTracks
[2026-03-25 11:19:28.827] RadarControl.OnPaint[48] DrawTargets begin
[2026-03-25 11:19:28.828] RadarControl.OnPaint[48] DrawTargets end
[2026-03-25 11:19:28.828] RadarControl.OnPaint[48] DrawCenter
[2026-03-25 11:19:28.828] RadarControl.OnPaint[48] EXIT ok
[2026-03-25 11:19:29.058] RadarControl.SetTargets: count=1, selected=ABC123
[2026-03-25 11:19:29.067] RadarControl.OnPaint[49] ENTER width=743 height=743 targets=1 range=39,1
[2026-03-25 11:19:29.083] RadarControl.OnPaint[49] DrawRangeRings
[2026-03-25 11:19:29.084] RadarControl.OnPaint[49] DrawGrid
[2026-03-25 11:19:29.085] RadarControl.OnPaint[49] DrawTracks
[2026-03-25 11:19:29.085] RadarControl.OnPaint[49] DrawTargets begin
[2026-03-25 11:19:29.085] RadarControl.OnPaint[49] DrawTargets end
[2026-03-25 11:19:29.086] RadarControl.OnPaint[49] DrawCenter
[2026-03-25 11:19:29.086] RadarControl.OnPaint[49] EXIT ok
[2026-03-25 11:19:29.314] RadarControl.SetTargets: count=1, selected=ABC123
[2026-03-25 11:19:29.323] RadarControl.OnPaint[50] ENTER width=743 height=743 targets=1 range=39,1
[2026-03-25 11:19:29.337] RadarControl.OnPaint[50] DrawRangeRings
[2026-03-25 11:19:29.337] RadarControl.OnPaint[50] DrawGrid
[2026-03-25 11:19:29.338] RadarControl.OnPaint[50] DrawTracks
[2026-03-25 11:19:29.338] RadarControl.OnPaint[50] DrawTargets begin
[2026-03-25 11:19:29.338] RadarControl.OnPaint[50] DrawTargets end
[2026-03-25 11:19:29.339] RadarControl.OnPaint[50] DrawCenter
[2026-03-25 11:19:29.339] RadarControl.OnPaint[50] EXIT ok
[2026-03-25 11:19:29.554] RadarControl.SetTargets: count=1, selected=ABC123
[2026-03-25 11:19:29.563] RadarControl.OnPaint[51] ENTER width=743 height=743 targets=1 range=39,1
[2026-03-25 11:19:29.577] RadarControl.OnPaint[51] DrawRangeRings
[2026-03-25 11:19:29.578] RadarControl.OnPaint[51] DrawGrid
[2026-03-25 11:19:29.578] RadarControl.OnPaint[51] DrawTracks
[2026-03-25 11:19:29.579] RadarControl.OnPaint[51] DrawTargets begin
[2026-03-25 11:19:29.579] RadarControl.OnPaint[51] DrawTargets end
[2026-03-25 11:19:29.579] RadarControl.OnPaint[51] DrawCenter
[2026-03-25 11:19:29.579] RadarControl.OnPaint[51] EXIT ok
[2026-03-25 11:19:29.810] RadarControl.SetTargets: count=1, selected=ABC123
[2026-03-25 11:19:29.819] RadarControl.OnPaint[52] ENTER width=743 height=743 targets=1 range=39,1
[2026-03-25 11:19:29.833] RadarControl.OnPaint[52] DrawRangeRings
[2026-03-25 11:19:29.834] RadarControl.OnPaint[52] DrawGrid
[2026-03-25 11:19:29.834] RadarControl.OnPaint[52] DrawTracks
[2026-03-25 11:19:29.835] RadarControl.OnPaint[52] DrawTargets begin
[2026-03-25 11:19:29.835] RadarControl.OnPaint[52] DrawTargets end
[2026-03-25 11:19:29.835] RadarControl.OnPaint[52] DrawCenter
[2026-03-25 11:19:29.835] RadarControl.OnPaint[52] EXIT ok
[2026-03-25 11:19:30.063] RadarControl.SetTargets: count=1, selected=ABC123
[2026-03-25 11:19:30.072] RadarControl.OnPaint[53] ENTER width=743 height=743 targets=1 range=39,1
[2026-03-25 11:19:30.086] RadarControl.OnPaint[53] DrawRangeRings
[2026-03-25 11:19:30.087] RadarControl.OnPaint[53] DrawGrid
[2026-03-25 11:19:30.087] RadarControl.OnPaint[53] DrawTracks
[2026-03-25 11:19:30.087] RadarControl.OnPaint[53] DrawTargets begin
[2026-03-25 11:19:30.088] RadarControl.OnPaint[53] DrawTargets end
[2026-03-25 11:19:30.088] RadarControl.OnPaint[53] DrawCenter
[2026-03-25 11:19:30.088] RadarControl.OnPaint[53] EXIT ok
[2026-03-25 11:19:30.303] RadarControl.SetTargets: count=1, selected=ABC123
[2026-03-25 11:19:30.312] RadarControl.OnPaint[54] ENTER width=743 height=743 targets=1 range=39,1
[2026-03-25 11:19:30.325] RadarControl.OnPaint[54] DrawRangeRings
[2026-03-25 11:19:30.326] RadarControl.OnPaint[54] DrawGrid
[2026-03-25 11:19:30.327] RadarControl.OnPaint[54] DrawTracks
[2026-03-25 11:19:30.327] RadarControl.OnPaint[54] DrawTargets begin
[2026-03-25 11:19:30.327] RadarControl.OnPaint[54] DrawTargets end
[2026-03-25 11:19:30.328] RadarControl.OnPaint[54] DrawCenter
[2026-03-25 11:19:30.328] RadarControl.OnPaint[54] EXIT ok
[2026-03-25 11:19:30.559] RadarControl.SetTargets: count=1, selected=ABC123
[2026-03-25 11:19:30.568] RadarControl.OnPaint[55] ENTER width=743 height=743 targets=1 range=39,1
[2026-03-25 11:19:30.582] RadarControl.OnPaint[55] DrawRangeRings
[2026-03-25 11:19:30.583] RadarControl.OnPaint[55] DrawGrid
[2026-03-25 11:19:30.583] RadarControl.OnPaint[55] DrawTracks
[2026-03-25 11:19:30.583] RadarControl.OnPaint[55] DrawTargets begin
[2026-03-25 11:19:30.584] RadarControl.OnPaint[55] DrawTargets end
[2026-03-25 11:19:30.584] RadarControl.OnPaint[55] DrawCenter
[2026-03-25 11:19:30.584] RadarControl.OnPaint[55] EXIT ok
[2026-03-25 11:19:30.815] RadarControl.SetTargets: count=1, selected=ABC123
[2026-03-25 11:19:30.824] RadarControl.OnPaint[56] ENTER width=743 height=743 targets=1 range=39,1
[2026-03-25 11:19:30.838] RadarControl.OnPaint[56] DrawRangeRings
[2026-03-25 11:19:30.838] RadarControl.OnPaint[56] DrawGrid
[2026-03-25 11:19:30.839] RadarControl.OnPaint[56] DrawTracks
[2026-03-25 11:19:30.839] RadarControl.OnPaint[56] DrawTargets begin
[2026-03-25 11:19:30.839] RadarControl.OnPaint[56] DrawTargets end
[2026-03-25 11:19:30.840] RadarControl.OnPaint[56] DrawCenter
[2026-03-25 11:19:30.840] RadarControl.OnPaint[56] EXIT ok
[2026-03-25 11:19:31.054] RadarControl.SetTargets: count=1, selected=ABC123
[2026-03-25 11:19:31.063] RadarControl.OnPaint[57] ENTER width=743 height=743 targets=1 range=39,1
[2026-03-25 11:19:31.077] RadarControl.OnPaint[57] DrawRangeRings
[2026-03-25 11:19:31.078] RadarControl.OnPaint[57] DrawGrid
[2026-03-25 11:19:31.078] RadarControl.OnPaint[57] DrawTracks
[2026-03-25 11:19:31.078] RadarControl.OnPaint[57] DrawTargets begin
[2026-03-25 11:19:31.079] RadarControl.OnPaint[57] DrawTargets end
[2026-03-25 11:19:31.079] RadarControl.OnPaint[57] DrawCenter
[2026-03-25 11:19:31.079] RadarControl.OnPaint[57] EXIT ok
[2026-03-25 11:19:31.309] RadarControl.SetTargets: count=1, selected=ABC123
[2026-03-25 11:19:31.318] RadarControl.OnPaint[58] ENTER width=743 height=743 targets=1 range=39,1
[2026-03-25 11:19:31.332] RadarControl.OnPaint[58] DrawRangeRings
[2026-03-25 11:19:31.332] RadarControl.OnPaint[58] DrawGrid
[2026-03-25 11:19:31.333] RadarControl.OnPaint[58] DrawTracks
[2026-03-25 11:19:31.333] RadarControl.OnPaint[58] DrawTargets begin
[2026-03-25 11:19:31.334] RadarControl.OnPaint[58] DrawTargets end
[2026-03-25 11:19:31.334] RadarControl.OnPaint[58] DrawCenter
[2026-03-25 11:19:31.334] RadarControl.OnPaint[58] EXIT ok
[2026-03-25 11:19:31.565] RadarControl.SetTargets: count=1, selected=ABC123
[2026-03-25 11:19:31.619] RadarControl.OnPaint[59] ENTER width=743 height=743 targets=1 range=39,1
[2026-03-25 11:19:31.632] RadarControl.OnPaint[59] DrawRangeRings
[2026-03-25 11:19:31.633] RadarControl.OnPaint[59] DrawGrid
[2026-03-25 11:19:31.634] RadarControl.OnPaint[59] DrawTracks
[2026-03-25 11:19:31.634] RadarControl.OnPaint[59] DrawTargets begin
[2026-03-25 11:19:31.634] RadarControl.OnPaint[59] DrawTargets end
[2026-03-25 11:19:31.634] RadarControl.OnPaint[59] DrawCenter
[2026-03-25 11:19:31.635] RadarControl.OnPaint[59] EXIT ok
[2026-03-25 11:19:31.769] RadarControl.SetTargets: count=1, selected=ABC123
[2026-03-25 11:19:31.782] RadarControl.OnPaint[60] ENTER width=743 height=743 targets=1 range=48,8
[2026-03-25 11:19:31.795] RadarControl.OnPaint[60] DrawRangeRings
[2026-03-25 11:19:31.797] RadarControl.OnPaint[60] DrawGrid
[2026-03-25 11:19:31.797] RadarControl.OnPaint[60] DrawTracks
[2026-03-25 11:19:31.797] RadarControl.OnPaint[60] DrawTargets begin
[2026-03-25 11:19:31.798] RadarControl.OnPaint[60] DrawTargets end
[2026-03-25 11:19:31.798] RadarControl.OnPaint[60] DrawCenter
[2026-03-25 11:19:31.798] RadarControl.OnPaint[60] EXIT ok
[2026-03-25 11:19:31.824] RadarControl.SetTargets: count=1, selected=ABC123
[2026-03-25 11:19:31.832] RadarControl.OnPaint[61] ENTER width=743 height=743 targets=1 range=48,8
[2026-03-25 11:19:31.846] RadarControl.OnPaint[61] DrawRangeRings
[2026-03-25 11:19:31.847] RadarControl.OnPaint[61] DrawGrid
[2026-03-25 11:19:31.848] RadarControl.OnPaint[61] DrawTracks
[2026-03-25 11:19:31.848] RadarControl.OnPaint[61] DrawTargets begin
[2026-03-25 11:19:31.848] RadarControl.OnPaint[61] DrawTargets end
[2026-03-25 11:19:31.848] RadarControl.OnPaint[61] DrawCenter
[2026-03-25 11:19:31.849] RadarControl.OnPaint[61] EXIT ok
[2026-03-25 11:19:31.869] RadarControl.SetTargets: count=1, selected=ABC123
[2026-03-25 11:19:31.878] RadarControl.OnPaint[62] ENTER width=743 height=743 targets=1 range=61,0
[2026-03-25 11:19:31.893] RadarControl.OnPaint[62] DrawRangeRings
[2026-03-25 11:19:31.894] RadarControl.OnPaint[62] DrawGrid
[2026-03-25 11:19:31.895] RadarControl.OnPaint[62] DrawTracks
[2026-03-25 11:19:31.895] RadarControl.OnPaint[62] DrawTargets begin
[2026-03-25 11:19:31.895] RadarControl.OnPaint[62] DrawTargets end
[2026-03-25 11:19:31.895] RadarControl.OnPaint[62] DrawCenter
[2026-03-25 11:19:31.896] RadarControl.OnPaint[62] EXIT ok
[2026-03-25 11:19:32.060] RadarControl.SetTargets: count=1, selected=ABC123
[2026-03-25 11:19:32.069] RadarControl.OnPaint[63] ENTER width=743 height=743 targets=1 range=61,0
[2026-03-25 11:19:32.083] RadarControl.OnPaint[63] DrawRangeRings
[2026-03-25 11:19:32.086] RadarControl.OnPaint[63] DrawGrid
[2026-03-25 11:19:32.087] RadarControl.OnPaint[63] DrawTracks
[2026-03-25 11:19:32.087] RadarControl.OnPaint[63] DrawTargets begin
[2026-03-25 11:19:32.087] RadarControl.OnPaint[63] DrawTargets end
[2026-03-25 11:19:32.088] RadarControl.OnPaint[63] DrawCenter
[2026-03-25 11:19:32.088] RadarControl.OnPaint[63] EXIT ok
[2026-03-25 11:19:32.315] RadarControl.SetTargets: count=1, selected=ABC123
[2026-03-25 11:19:32.324] RadarControl.OnPaint[64] ENTER width=743 height=743 targets=1 range=61,0
[2026-03-25 11:19:32.338] RadarControl.OnPaint[64] DrawRangeRings
[2026-03-25 11:19:32.338] RadarControl.OnPaint[64] DrawGrid
[2026-03-25 11:19:32.339] RadarControl.OnPaint[64] DrawTracks
[2026-03-25 11:19:32.339] RadarControl.OnPaint[64] DrawTargets begin
[2026-03-25 11:19:32.339] RadarControl.OnPaint[64] DrawTargets end
[2026-03-25 11:19:32.340] RadarControl.OnPaint[64] DrawCenter
[2026-03-25 11:19:32.340] RadarControl.OnPaint[64] EXIT ok
[2026-03-25 11:19:32.555] RadarControl.SetTargets: count=1, selected=ABC123
[2026-03-25 11:19:32.564] RadarControl.OnPaint[65] ENTER width=743 height=743 targets=1 range=61,0
[2026-03-25 11:19:32.578] RadarControl.OnPaint[65] DrawRangeRings
[2026-03-25 11:19:32.579] RadarControl.OnPaint[65] DrawGrid
[2026-03-25 11:19:32.579] RadarControl.OnPaint[65] DrawTracks
[2026-03-25 11:19:32.579] RadarControl.OnPaint[65] DrawTargets begin
[2026-03-25 11:19:32.580] RadarControl.OnPaint[65] DrawTargets end
[2026-03-25 11:19:32.580] RadarControl.OnPaint[65] DrawCenter
[2026-03-25 11:19:32.580] RadarControl.OnPaint[65] EXIT ok
[2026-03-25 11:19:32.809] RadarControl.SetTargets: count=1, selected=ABC123
[2026-03-25 11:19:32.818] RadarControl.OnPaint[66] ENTER width=743 height=743 targets=1 range=61,0
[2026-03-25 11:19:32.832] RadarControl.OnPaint[66] DrawRangeRings
[2026-03-25 11:19:32.833] RadarControl.OnPaint[66] DrawGrid
[2026-03-25 11:19:32.834] RadarControl.OnPaint[66] DrawTracks
[2026-03-25 11:19:32.834] RadarControl.OnPaint[66] DrawTargets begin
[2026-03-25 11:19:32.834] RadarControl.OnPaint[66] DrawTargets end
[2026-03-25 11:19:32.834] RadarControl.OnPaint[66] DrawCenter
[2026-03-25 11:19:32.835] RadarControl.OnPaint[66] EXIT ok
[2026-03-25 11:19:33.064] RadarControl.SetTargets: count=1, selected=ABC123
[2026-03-25 11:19:33.073] RadarControl.OnPaint[67] ENTER width=743 height=743 targets=1 range=61,0
[2026-03-25 11:19:33.087] RadarControl.OnPaint[67] DrawRangeRings
[2026-03-25 11:19:33.088] RadarControl.OnPaint[67] DrawGrid
[2026-03-25 11:19:33.088] RadarControl.OnPaint[67] DrawTracks
[2026-03-25 11:19:33.088] RadarControl.OnPaint[67] DrawTargets begin
[2026-03-25 11:19:33.089] RadarControl.OnPaint[67] DrawTargets end
[2026-03-25 11:19:33.089] RadarControl.OnPaint[67] DrawCenter
[2026-03-25 11:19:33.089] RadarControl.OnPaint[67] EXIT ok
[2026-03-25 11:19:33.304] RadarControl.SetTargets: count=1, selected=ABC123
[2026-03-25 11:19:33.318] RadarControl.OnPaint[68] ENTER width=743 height=743 targets=1 range=61,0
[2026-03-25 11:19:33.332] RadarControl.OnPaint[68] DrawRangeRings
[2026-03-25 11:19:33.333] RadarControl.OnPaint[68] DrawGrid
[2026-03-25 11:19:33.334] RadarControl.OnPaint[68] DrawTracks
[2026-03-25 11:19:33.334] RadarControl.OnPaint[68] DrawTargets begin
[2026-03-25 11:19:33.334] RadarControl.OnPaint[68] DrawTargets end
[2026-03-25 11:19:33.334] RadarControl.OnPaint[68] DrawCenter
[2026-03-25 11:19:33.335] RadarControl.OnPaint[68] EXIT ok
[2026-03-25 11:19:33.355] RadarControl.SetTargets: count=1, selected=ABC123
[2026-03-25 11:19:33.363] RadarControl.OnPaint[69] ENTER width=743 height=743 targets=1 range=48,8
[2026-03-25 11:19:33.377] RadarControl.OnPaint[69] DrawRangeRings
[2026-03-25 11:19:33.378] RadarControl.OnPaint[69] DrawGrid
[2026-03-25 11:19:33.379] RadarControl.OnPaint[69] DrawTracks
[2026-03-25 11:19:33.379] RadarControl.OnPaint[69] DrawTargets begin
[2026-03-25 11:19:33.379] RadarControl.OnPaint[69] DrawTargets end
[2026-03-25 11:19:33.379] RadarControl.OnPaint[69] DrawCenter
[2026-03-25 11:19:33.380] RadarControl.OnPaint[69] EXIT ok
[2026-03-25 11:19:33.434] RadarControl.SetTargets: count=1, selected=ABC123
[2026-03-25 11:19:33.442] RadarControl.OnPaint[70] ENTER width=743 height=743 targets=1 range=39,1
[2026-03-25 11:19:33.456] RadarControl.OnPaint[70] DrawRangeRings
[2026-03-25 11:19:33.457] RadarControl.OnPaint[70] DrawGrid
[2026-03-25 11:19:33.457] RadarControl.OnPaint[70] DrawTracks
[2026-03-25 11:19:33.458] RadarControl.OnPaint[70] DrawTargets begin
[2026-03-25 11:19:33.458] RadarControl.OnPaint[70] DrawTargets end
[2026-03-25 11:19:33.458] RadarControl.OnPaint[70] DrawCenter
[2026-03-25 11:19:33.458] RadarControl.OnPaint[70] EXIT ok
[2026-03-25 11:19:33.559] RadarControl.SetTargets: count=1, selected=ABC123
[2026-03-25 11:19:33.569] RadarControl.OnPaint[71] ENTER width=743 height=743 targets=1 range=39,1
[2026-03-25 11:19:33.583] RadarControl.OnPaint[71] DrawRangeRings
[2026-03-25 11:19:33.584] RadarControl.OnPaint[71] DrawGrid
[2026-03-25 11:19:33.584] RadarControl.OnPaint[71] DrawTracks
[2026-03-25 11:19:33.585] RadarControl.OnPaint[71] DrawTargets begin
[2026-03-25 11:19:33.585] RadarControl.OnPaint[71] DrawTargets end
[2026-03-25 11:19:33.585] RadarControl.OnPaint[71] DrawCenter
[2026-03-25 11:19:33.585] RadarControl.OnPaint[71] EXIT ok
[2026-03-25 11:19:33.772] RadarControl.SetTargets: count=1, selected=ABC123
[2026-03-25 11:19:33.781] RadarControl.OnPaint[72] ENTER width=743 height=743 targets=1 range=31,3
[2026-03-25 11:19:33.795] RadarControl.OnPaint[72] DrawRangeRings
[2026-03-25 11:19:33.796] RadarControl.OnPaint[72] DrawGrid
[2026-03-25 11:19:33.796] RadarControl.OnPaint[72] DrawTracks
[2026-03-25 11:19:33.797] RadarControl.OnPaint[72] DrawTargets begin
[2026-03-25 11:19:33.797] RadarControl.OnPaint[72] DrawTargets end
[2026-03-25 11:19:33.797] RadarControl.OnPaint[72] DrawCenter
[2026-03-25 11:19:33.797] RadarControl.OnPaint[72] EXIT ok
[2026-03-25 11:19:33.824] RadarControl.SetTargets: count=1, selected=ABC123
[2026-03-25 11:19:33.833] RadarControl.OnPaint[73] ENTER width=743 height=743 targets=1 range=31,3
[2026-03-25 11:19:33.848] RadarControl.OnPaint[73] DrawRangeRings
[2026-03-25 11:19:33.849] RadarControl.OnPaint[73] DrawGrid
[2026-03-25 11:19:33.849] RadarControl.OnPaint[73] DrawTracks
[2026-03-25 11:19:33.849] RadarControl.OnPaint[73] DrawTargets begin
[2026-03-25 11:19:33.850] RadarControl.OnPaint[73] DrawTargets end
[2026-03-25 11:19:33.850] RadarControl.OnPaint[73] DrawCenter
[2026-03-25 11:19:33.850] RadarControl.OnPaint[73] EXIT ok
[2026-03-25 11:19:33.851] RadarControl.SetTargets: count=1, selected=ABC123
[2026-03-25 11:19:33.860] RadarControl.OnPaint[74] ENTER width=743 height=743 targets=1 range=25,0
[2026-03-25 11:19:33.874] RadarControl.OnPaint[74] DrawRangeRings
[2026-03-25 11:19:33.875] RadarControl.OnPaint[74] DrawGrid
[2026-03-25 11:19:33.875] RadarControl.OnPaint[74] DrawTracks
[2026-03-25 11:19:33.875] RadarControl.OnPaint[74] DrawTargets begin
[2026-03-25 11:19:33.876] RadarControl.OnPaint[74] DrawTargets end
[2026-03-25 11:19:33.876] RadarControl.OnPaint[74] DrawCenter
[2026-03-25 11:19:33.876] RadarControl.OnPaint[74] EXIT ok
[2026-03-25 11:19:34.054] RadarControl.SetTargets: count=1, selected=ABC123
[2026-03-25 11:19:34.063] RadarControl.OnPaint[75] ENTER width=743 height=743 targets=1 range=25,0
[2026-03-25 11:19:34.077] RadarControl.OnPaint[75] DrawRangeRings
[2026-03-25 11:19:34.078] RadarControl.OnPaint[75] DrawGrid
[2026-03-25 11:19:34.078] RadarControl.OnPaint[75] DrawTracks
[2026-03-25 11:19:34.078] RadarControl.OnPaint[75] DrawTargets begin
[2026-03-25 11:19:34.079] RadarControl.OnPaint[75] DrawTargets end
[2026-03-25 11:19:34.079] RadarControl.OnPaint[75] DrawCenter
[2026-03-25 11:19:34.079] RadarControl.OnPaint[75] EXIT ok
[2026-03-25 11:19:34.296] RadarControl.SetTargets: count=1, selected=ABC123
[2026-03-25 11:19:34.305] RadarControl.OnPaint[76] ENTER width=743 height=743 targets=1 range=20,0
[2026-03-25 11:19:34.383] RadarControl.OnPaint[76] DrawRangeRings
[2026-03-25 11:19:34.385] RadarControl.OnPaint[76] DrawGrid
[2026-03-25 11:19:34.385] RadarControl.OnPaint[76] DrawTracks
[2026-03-25 11:19:34.385] RadarControl.OnPaint[76] DrawTargets begin
[2026-03-25 11:19:34.386] RadarControl.OnPaint[76] DrawTargets end
[2026-03-25 11:19:34.386] RadarControl.OnPaint[76] DrawCenter
[2026-03-25 11:19:34.386] RadarControl.OnPaint[76] EXIT ok
[2026-03-25 11:19:34.389] RadarControl.SetTargets: count=1, selected=ABC123
[2026-03-25 11:19:34.399] RadarControl.OnPaint[77] ENTER width=743 height=743 targets=1 range=16,0
[2026-03-25 11:19:34.413] RadarControl.OnPaint[77] DrawRangeRings
[2026-03-25 11:19:34.414] RadarControl.OnPaint[77] DrawGrid
[2026-03-25 11:19:34.414] RadarControl.OnPaint[77] DrawTracks
[2026-03-25 11:19:34.414] RadarControl.OnPaint[77] DrawTargets begin
[2026-03-25 11:19:34.415] RadarControl.OnPaint[77] DrawTargets end
[2026-03-25 11:19:34.415] RadarControl.OnPaint[77] DrawCenter
[2026-03-25 11:19:34.415] RadarControl.OnPaint[77] EXIT ok
[2026-03-25 11:19:34.439] RadarControl.SetTargets: count=1, selected=ABC123
[2026-03-25 11:19:34.447] RadarControl.OnPaint[78] ENTER width=743 height=743 targets=1 range=16,0
[2026-03-25 11:19:34.462] RadarControl.OnPaint[78] DrawRangeRings
[2026-03-25 11:19:34.464] RadarControl.OnPaint[78] DrawGrid
[2026-03-25 11:19:34.464] RadarControl.OnPaint[78] DrawTracks
[2026-03-25 11:19:34.465] RadarControl.OnPaint[78] DrawTargets begin
[2026-03-25 11:19:34.465] RadarControl.OnPaint[78] DrawTargets end
[2026-03-25 11:19:34.465] RadarControl.OnPaint[78] DrawCenter
[2026-03-25 11:19:34.465] RadarControl.OnPaint[78] EXIT ok
[2026-03-25 11:19:34.566] RadarControl.SetTargets: count=1, selected=ABC123
[2026-03-25 11:19:34.575] RadarControl.OnPaint[79] ENTER width=743 height=743 targets=1 range=16,0
[2026-03-25 11:19:34.589] RadarControl.OnPaint[79] DrawRangeRings
[2026-03-25 11:19:34.590] RadarControl.OnPaint[79] DrawGrid
[2026-03-25 11:19:34.590] RadarControl.OnPaint[79] DrawTracks
[2026-03-25 11:19:34.590] RadarControl.OnPaint[79] DrawTargets begin
[2026-03-25 11:19:34.591] RadarControl.OnPaint[79] DrawTargets end
[2026-03-25 11:19:34.591] RadarControl.OnPaint[79] DrawCenter
[2026-03-25 11:19:34.591] RadarControl.OnPaint[79] EXIT ok
[2026-03-25 11:19:34.806] RadarControl.SetTargets: count=1, selected=ABC123
[2026-03-25 11:19:34.816] RadarControl.OnPaint[80] ENTER width=743 height=743 targets=1 range=16,0
[2026-03-25 11:19:34.830] RadarControl.OnPaint[80] DrawRangeRings
[2026-03-25 11:19:34.831] RadarControl.OnPaint[80] DrawGrid
[2026-03-25 11:19:34.831] RadarControl.OnPaint[80] DrawTracks
[2026-03-25 11:19:34.831] RadarControl.OnPaint[80] DrawTargets begin
[2026-03-25 11:19:34.832] RadarControl.OnPaint[80] DrawTargets end
[2026-03-25 11:19:34.832] RadarControl.OnPaint[80] DrawCenter
[2026-03-25 11:19:34.832] RadarControl.OnPaint[80] EXIT ok
[2026-03-25 11:19:35.061] RadarControl.SetTargets: count=1, selected=ABC123
[2026-03-25 11:19:35.071] RadarControl.OnPaint[81] ENTER width=743 height=743 targets=1 range=16,0
[2026-03-25 11:19:35.085] RadarControl.OnPaint[81] DrawRangeRings
[2026-03-25 11:19:35.086] RadarControl.OnPaint[81] DrawGrid
[2026-03-25 11:19:35.086] RadarControl.OnPaint[81] DrawTracks
[2026-03-25 11:19:35.086] RadarControl.OnPaint[81] DrawTargets begin
[2026-03-25 11:19:35.087] RadarControl.OnPaint[81] DrawTargets end
[2026-03-25 11:19:35.087] RadarControl.OnPaint[81] DrawCenter
[2026-03-25 11:19:35.087] RadarControl.OnPaint[81] EXIT ok
[2026-03-25 11:19:35.316] RadarControl.SetTargets: count=1, selected=ABC123
[2026-03-25 11:19:35.326] RadarControl.OnPaint[82] ENTER width=743 height=743 targets=1 range=16,0
[2026-03-25 11:19:35.339] RadarControl.OnPaint[82] DrawRangeRings
[2026-03-25 11:19:35.340] RadarControl.OnPaint[82] DrawGrid
[2026-03-25 11:19:35.341] RadarControl.OnPaint[82] DrawTracks
[2026-03-25 11:19:35.341] RadarControl.OnPaint[82] DrawTargets begin
[2026-03-25 11:19:35.341] RadarControl.OnPaint[82] DrawTargets end
[2026-03-25 11:19:35.341] RadarControl.OnPaint[82] DrawCenter
[2026-03-25 11:19:35.342] RadarControl.OnPaint[82] EXIT ok
[2026-03-25 11:19:35.556] RadarControl.SetTargets: count=1, selected=ABC123
[2026-03-25 11:19:35.565] RadarControl.OnPaint[83] ENTER width=743 height=743 targets=1 range=16,0
[2026-03-25 11:19:35.579] RadarControl.OnPaint[83] DrawRangeRings
[2026-03-25 11:19:35.580] RadarControl.OnPaint[83] DrawGrid
[2026-03-25 11:19:35.580] RadarControl.OnPaint[83] DrawTracks
[2026-03-25 11:19:35.580] RadarControl.OnPaint[83] DrawTargets begin
[2026-03-25 11:19:35.581] RadarControl.OnPaint[83] DrawTargets end
[2026-03-25 11:19:35.581] RadarControl.OnPaint[83] DrawCenter
[2026-03-25 11:19:35.581] RadarControl.OnPaint[83] EXIT ok
[2026-03-25 11:19:35.812] RadarControl.SetTargets: count=1, selected=ABC123
[2026-03-25 11:19:35.821] RadarControl.OnPaint[84] ENTER width=743 height=743 targets=1 range=16,0
[2026-03-25 11:19:35.834] RadarControl.OnPaint[84] DrawRangeRings
[2026-03-25 11:19:35.835] RadarControl.OnPaint[84] DrawGrid
[2026-03-25 11:19:35.836] RadarControl.OnPaint[84] DrawTracks
[2026-03-25 11:19:35.836] RadarControl.OnPaint[84] DrawTargets begin
[2026-03-25 11:19:35.836] RadarControl.OnPaint[84] DrawTargets end
[2026-03-25 11:19:35.837] RadarControl.OnPaint[84] DrawCenter
[2026-03-25 11:19:35.837] RadarControl.OnPaint[84] EXIT ok
[2026-03-25 11:19:36.067] RadarControl.SetTargets: count=1, selected=ABC123
[2026-03-25 11:19:36.076] RadarControl.OnPaint[85] ENTER width=743 height=743 targets=1 range=16,0
[2026-03-25 11:19:36.089] RadarControl.OnPaint[85] DrawRangeRings
[2026-03-25 11:19:36.090] RadarControl.OnPaint[85] DrawGrid
[2026-03-25 11:19:36.091] RadarControl.OnPaint[85] DrawTracks
[2026-03-25 11:19:36.091] RadarControl.OnPaint[85] DrawTargets begin
[2026-03-25 11:19:36.091] RadarControl.OnPaint[85] DrawTargets end
[2026-03-25 11:19:36.092] RadarControl.OnPaint[85] DrawCenter
[2026-03-25 11:19:36.092] RadarControl.OnPaint[85] EXIT ok
[2026-03-25 11:19:36.307] RadarControl.SetTargets: count=1, selected=ABC123
[2026-03-25 11:19:36.317] RadarControl.OnPaint[86] ENTER width=743 height=743 targets=1 range=16,0
[2026-03-25 11:19:36.330] RadarControl.OnPaint[86] DrawRangeRings
[2026-03-25 11:19:36.331] RadarControl.OnPaint[86] DrawGrid
[2026-03-25 11:19:36.331] RadarControl.OnPaint[86] DrawTracks
[2026-03-25 11:19:36.332] RadarControl.OnPaint[86] DrawTargets begin
[2026-03-25 11:19:36.332] RadarControl.OnPaint[86] DrawTargets end
[2026-03-25 11:19:36.332] RadarControl.OnPaint[86] DrawCenter
[2026-03-25 11:19:36.333] RadarControl.OnPaint[86] EXIT ok
[2026-03-25 11:19:36.561] RadarControl.SetTargets: count=1, selected=ABC123
[2026-03-25 11:19:36.571] RadarControl.OnPaint[87] ENTER width=743 height=743 targets=1 range=16,0
[2026-03-25 11:19:36.585] RadarControl.OnPaint[87] DrawRangeRings
[2026-03-25 11:19:36.586] RadarControl.OnPaint[87] DrawGrid
[2026-03-25 11:19:36.586] RadarControl.OnPaint[87] DrawTracks
[2026-03-25 11:19:36.587] RadarControl.OnPaint[87] DrawTargets begin
[2026-03-25 11:19:36.587] RadarControl.OnPaint[87] DrawTargets end
[2026-03-25 11:19:36.587] RadarControl.OnPaint[87] DrawCenter
[2026-03-25 11:19:36.587] RadarControl.OnPaint[87] EXIT ok
[2026-03-25 11:19:36.817] RadarControl.SetTargets: count=1, selected=ABC123
[2026-03-25 11:19:36.827] RadarControl.OnPaint[88] ENTER width=743 height=743 targets=1 range=16,0
[2026-03-25 11:19:36.841] RadarControl.OnPaint[88] DrawRangeRings
[2026-03-25 11:19:36.842] RadarControl.OnPaint[88] DrawGrid
[2026-03-25 11:19:36.842] RadarControl.OnPaint[88] DrawTracks
[2026-03-25 11:19:36.842] RadarControl.OnPaint[88] DrawTargets begin
[2026-03-25 11:19:36.843] RadarControl.OnPaint[88] DrawTargets end
[2026-03-25 11:19:36.843] RadarControl.OnPaint[88] DrawCenter
[2026-03-25 11:19:36.843] RadarControl.OnPaint[88] EXIT ok
[2026-03-25 11:19:37.056] RadarControl.SetTargets: count=1, selected=ABC123
[2026-03-25 11:19:37.066] RadarControl.OnPaint[89] ENTER width=743 height=743 targets=1 range=16,0
[2026-03-25 11:19:37.079] RadarControl.OnPaint[89] DrawRangeRings
[2026-03-25 11:19:37.080] RadarControl.OnPaint[89] DrawGrid
[2026-03-25 11:19:37.081] RadarControl.OnPaint[89] DrawTracks
[2026-03-25 11:19:37.081] RadarControl.OnPaint[89] DrawTargets begin
[2026-03-25 11:19:37.081] RadarControl.OnPaint[89] DrawTargets end
[2026-03-25 11:19:37.082] RadarControl.OnPaint[89] DrawCenter
[2026-03-25 11:19:37.082] RadarControl.OnPaint[89] EXIT ok
[2026-03-25 11:19:37.312] RadarControl.SetTargets: count=1, selected=ABC123
[2026-03-25 11:19:37.321] RadarControl.OnPaint[90] ENTER width=743 height=743 targets=1 range=16,0
[2026-03-25 11:19:37.334] RadarControl.OnPaint[90] DrawRangeRings
[2026-03-25 11:19:37.335] RadarControl.OnPaint[90] DrawGrid
[2026-03-25 11:19:37.336] RadarControl.OnPaint[90] DrawTracks
[2026-03-25 11:19:37.338] RadarControl.OnPaint[90] DrawTargets begin
[2026-03-25 11:19:37.339] RadarControl.OnPaint[90] DrawTargets end
[2026-03-25 11:19:37.339] RadarControl.OnPaint[90] DrawCenter
[2026-03-25 11:19:37.339] RadarControl.OnPaint[90] EXIT ok
[2026-03-25 11:19:37.553] RadarControl.SetTargets: count=1, selected=ABC123
[2026-03-25 11:19:37.562] RadarControl.OnPaint[91] ENTER width=743 height=743 targets=1 range=16,0
[2026-03-25 11:19:37.576] RadarControl.OnPaint[91] DrawRangeRings
[2026-03-25 11:19:37.577] RadarControl.OnPaint[91] DrawGrid
[2026-03-25 11:19:37.577] RadarControl.OnPaint[91] DrawTracks
[2026-03-25 11:19:37.578] RadarControl.OnPaint[91] DrawTargets begin
[2026-03-25 11:19:37.578] RadarControl.OnPaint[91] DrawTargets end
[2026-03-25 11:19:37.578] RadarControl.OnPaint[91] DrawCenter
[2026-03-25 11:19:37.578] RadarControl.OnPaint[91] EXIT ok
[2026-03-25 11:19:37.808] RadarControl.SetTargets: count=1, selected=ABC123
[2026-03-25 11:19:37.818] RadarControl.OnPaint[92] ENTER width=743 height=743 targets=1 range=16,0
[2026-03-25 11:19:37.831] RadarControl.OnPaint[92] DrawRangeRings
[2026-03-25 11:19:37.832] RadarControl.OnPaint[92] DrawGrid
[2026-03-25 11:19:37.833] RadarControl.OnPaint[92] DrawTracks
[2026-03-25 11:19:37.833] RadarControl.OnPaint[92] DrawTargets begin
[2026-03-25 11:19:37.833] RadarControl.OnPaint[92] DrawTargets end
[2026-03-25 11:19:37.834] RadarControl.OnPaint[92] DrawCenter
[2026-03-25 11:19:37.834] RadarControl.OnPaint[92] EXIT ok
[2026-03-25 11:19:38.064] RadarControl.SetTargets: count=1, selected=ABC123
[2026-03-25 11:19:38.073] RadarControl.OnPaint[93] ENTER width=743 height=743 targets=1 range=16,0
[2026-03-25 11:19:38.087] RadarControl.OnPaint[93] DrawRangeRings
[2026-03-25 11:19:38.088] RadarControl.OnPaint[93] DrawGrid
[2026-03-25 11:19:38.088] RadarControl.OnPaint[93] DrawTracks
[2026-03-25 11:19:38.088] RadarControl.OnPaint[93] DrawTargets begin
[2026-03-25 11:19:38.089] RadarControl.OnPaint[93] DrawTargets end
[2026-03-25 11:19:38.089] RadarControl.OnPaint[93] DrawCenter
[2026-03-25 11:19:38.089] RadarControl.OnPaint[93] EXIT ok
[2026-03-25 11:19:38.303] RadarControl.SetTargets: count=1, selected=ABC123
[2026-03-25 11:19:38.321] RadarControl.OnPaint[94] ENTER width=743 height=743 targets=1 range=16,0
[2026-03-25 11:19:38.335] RadarControl.OnPaint[94] DrawRangeRings
[2026-03-25 11:19:38.336] RadarControl.OnPaint[94] DrawGrid
[2026-03-25 11:19:38.336] RadarControl.OnPaint[94] DrawTracks
[2026-03-25 11:19:38.337] RadarControl.OnPaint[94] DrawTargets begin
[2026-03-25 11:19:38.337] RadarControl.OnPaint[94] DrawTargets end
[2026-03-25 11:19:38.337] RadarControl.OnPaint[94] DrawCenter
[2026-03-25 11:19:38.338] RadarControl.OnPaint[94] EXIT ok
[2026-03-25 11:19:38.559] RadarControl.SetTargets: count=1, selected=ABC123
[2026-03-25 11:19:38.569] RadarControl.OnPaint[95] ENTER width=743 height=743 targets=1 range=16,0
[2026-03-25 11:19:38.583] RadarControl.OnPaint[95] DrawRangeRings
[2026-03-25 11:19:38.584] RadarControl.OnPaint[95] DrawGrid
[2026-03-25 11:19:38.584] RadarControl.OnPaint[95] DrawTracks
[2026-03-25 11:19:38.585] RadarControl.OnPaint[95] DrawTargets begin
[2026-03-25 11:19:38.585] RadarControl.OnPaint[95] DrawTargets end
[2026-03-25 11:19:38.585] RadarControl.OnPaint[95] DrawCenter
[2026-03-25 11:19:38.586] RadarControl.OnPaint[95] EXIT ok
[2026-03-25 11:19:38.815] RadarControl.SetTargets: count=1, selected=ABC123
[2026-03-25 11:19:38.827] RadarControl.OnPaint[96] ENTER width=743 height=743 targets=1 range=16,0
[2026-03-25 11:19:38.841] RadarControl.OnPaint[96] DrawRangeRings
[2026-03-25 11:19:38.842] RadarControl.OnPaint[96] DrawGrid
[2026-03-25 11:19:38.842] RadarControl.OnPaint[96] DrawTracks
[2026-03-25 11:19:38.843] RadarControl.OnPaint[96] DrawTargets begin
[2026-03-25 11:19:38.843] RadarControl.OnPaint[96] DrawTargets end
[2026-03-25 11:19:38.843] RadarControl.OnPaint[96] DrawCenter
[2026-03-25 11:19:38.843] RadarControl.OnPaint[96] EXIT ok
[2026-03-25 11:19:39.054] RadarControl.SetTargets: count=1, selected=ABC123
[2026-03-25 11:19:39.064] RadarControl.OnPaint[97] ENTER width=743 height=743 targets=1 range=16,0
[2026-03-25 11:19:39.077] RadarControl.OnPaint[97] DrawRangeRings
[2026-03-25 11:19:39.078] RadarControl.OnPaint[97] DrawGrid
[2026-03-25 11:19:39.079] RadarControl.OnPaint[97] DrawTracks
[2026-03-25 11:19:39.079] RadarControl.OnPaint[97] DrawTargets begin
[2026-03-25 11:19:39.079] RadarControl.OnPaint[97] DrawTargets end
[2026-03-25 11:19:39.080] RadarControl.OnPaint[97] DrawCenter
[2026-03-25 11:19:39.080] RadarControl.OnPaint[97] EXIT ok
[2026-03-25 11:19:39.310] RadarControl.SetTargets: count=1, selected=ABC123
[2026-03-25 11:19:39.320] RadarControl.OnPaint[98] ENTER width=743 height=743 targets=1 range=16,0
[2026-03-25 11:19:39.333] RadarControl.OnPaint[98] DrawRangeRings
[2026-03-25 11:19:39.334] RadarControl.OnPaint[98] DrawGrid
[2026-03-25 11:19:39.335] RadarControl.OnPaint[98] DrawTracks
[2026-03-25 11:19:39.335] RadarControl.OnPaint[98] DrawTargets begin
[2026-03-25 11:19:39.335] RadarControl.OnPaint[98] DrawTargets end
[2026-03-25 11:19:39.335] RadarControl.OnPaint[98] DrawCenter
[2026-03-25 11:19:39.336] RadarControl.OnPaint[98] EXIT ok
[2026-03-25 11:19:39.566] RadarControl.SetTargets: count=1, selected=ABC123
[2026-03-25 11:19:39.576] RadarControl.OnPaint[99] ENTER width=743 height=743 targets=1 range=16,0
[2026-03-25 11:19:39.590] RadarControl.OnPaint[99] DrawRangeRings
[2026-03-25 11:19:39.591] RadarControl.OnPaint[99] DrawGrid
[2026-03-25 11:19:39.591] RadarControl.OnPaint[99] DrawTracks
[2026-03-25 11:19:39.591] RadarControl.OnPaint[99] DrawTargets begin
[2026-03-25 11:19:39.592] RadarControl.OnPaint[99] DrawTargets end
[2026-03-25 11:19:39.592] RadarControl.OnPaint[99] DrawCenter
[2026-03-25 11:19:39.592] RadarControl.OnPaint[99] EXIT ok
[2026-03-25 11:19:39.806] RadarControl.SetTargets: count=1, selected=ABC123
[2026-03-25 11:19:39.822] RadarControl.OnPaint[100] ENTER width=743 height=743 targets=1 range=16,0
[2026-03-25 11:19:39.837] RadarControl.OnPaint[100] DrawRangeRings
[2026-03-25 11:19:39.838] RadarControl.OnPaint[100] DrawGrid
[2026-03-25 11:19:39.838] RadarControl.OnPaint[100] DrawTracks
[2026-03-25 11:19:39.839] RadarControl.OnPaint[100] DrawTargets begin
[2026-03-25 11:19:39.839] RadarControl.OnPaint[100] DrawTargets end
[2026-03-25 11:19:39.839] RadarControl.OnPaint[100] DrawCenter
[2026-03-25 11:19:39.840] RadarControl.OnPaint[100] EXIT ok
[2026-03-25 11:19:40.063] RadarControl.SetTargets: count=1, selected=ABC123
[2026-03-25 11:19:40.071] RadarControl.OnPaint[101] ENTER width=743 height=743 targets=1 range=16,0
[2026-03-25 11:19:40.085] RadarControl.OnPaint[101] DrawRangeRings
[2026-03-25 11:19:40.086] RadarControl.OnPaint[101] DrawGrid
[2026-03-25 11:19:40.087] RadarControl.OnPaint[101] DrawTracks
[2026-03-25 11:19:40.087] RadarControl.OnPaint[101] DrawTargets begin
[2026-03-25 11:19:40.087] RadarControl.OnPaint[101] DrawTargets end
[2026-03-25 11:19:40.087] RadarControl.OnPaint[101] DrawCenter
[2026-03-25 11:19:40.088] RadarControl.OnPaint[101] EXIT ok
[2026-03-25 11:19:40.317] RadarControl.SetTargets: count=1, selected=ABC123
[2026-03-25 11:19:40.326] RadarControl.OnPaint[102] ENTER width=743 height=743 targets=1 range=16,0
[2026-03-25 11:19:40.341] RadarControl.OnPaint[102] DrawRangeRings
[2026-03-25 11:19:40.342] RadarControl.OnPaint[102] DrawGrid
[2026-03-25 11:19:40.343] RadarControl.OnPaint[102] DrawTracks
[2026-03-25 11:19:40.343] RadarControl.OnPaint[102] DrawTargets begin
[2026-03-25 11:19:40.344] RadarControl.OnPaint[102] DrawTargets end
[2026-03-25 11:19:40.344] RadarControl.OnPaint[102] DrawCenter
[2026-03-25 11:19:40.344] RadarControl.OnPaint[102] EXIT ok
[2026-03-25 11:19:40.557] RadarControl.SetTargets: count=1, selected=ABC123
[2026-03-25 11:19:40.566] RadarControl.OnPaint[103] ENTER width=743 height=743 targets=1 range=16,0
[2026-03-25 11:19:40.580] RadarControl.OnPaint[103] DrawRangeRings
[2026-03-25 11:19:40.581] RadarControl.OnPaint[103] DrawGrid
[2026-03-25 11:19:40.581] RadarControl.OnPaint[103] DrawTracks
[2026-03-25 11:19:40.582] RadarControl.OnPaint[103] DrawTargets begin
[2026-03-25 11:19:40.582] RadarControl.OnPaint[103] DrawTargets end
[2026-03-25 11:19:40.582] RadarControl.OnPaint[103] DrawCenter
[2026-03-25 11:19:40.583] RadarControl.OnPaint[103] EXIT ok
[2026-03-25 11:19:40.813] RadarControl.SetTargets: count=1, selected=ABC123
[2026-03-25 11:19:40.824] RadarControl.OnPaint[104] ENTER width=743 height=743 targets=1 range=16,0
[2026-03-25 11:19:40.838] RadarControl.OnPaint[104] DrawRangeRings
[2026-03-25 11:19:40.839] RadarControl.OnPaint[104] DrawGrid
[2026-03-25 11:19:40.839] RadarControl.OnPaint[104] DrawTracks
[2026-03-25 11:19:40.840] RadarControl.OnPaint[104] DrawTargets begin
[2026-03-25 11:19:40.840] RadarControl.OnPaint[104] DrawTargets end
[2026-03-25 11:19:40.840] RadarControl.OnPaint[104] DrawCenter
[2026-03-25 11:19:40.840] RadarControl.OnPaint[104] EXIT ok
[2026-03-25 11:19:41.068] RadarControl.SetTargets: count=1, selected=ABC123
[2026-03-25 11:19:41.078] RadarControl.OnPaint[105] ENTER width=743 height=743 targets=1 range=16,0
[2026-03-25 11:19:41.091] RadarControl.OnPaint[105] DrawRangeRings
[2026-03-25 11:19:41.092] RadarControl.OnPaint[105] DrawGrid
[2026-03-25 11:19:41.093] RadarControl.OnPaint[105] DrawTracks
[2026-03-25 11:19:41.093] RadarControl.OnPaint[105] DrawTargets begin
[2026-03-25 11:19:41.093] RadarControl.OnPaint[105] DrawTargets end
[2026-03-25 11:19:41.093] RadarControl.OnPaint[105] DrawCenter
[2026-03-25 11:19:41.094] RadarControl.OnPaint[105] EXIT ok
[2026-03-25 11:19:41.308] RadarControl.SetTargets: count=1, selected=ABC123
[2026-03-25 11:19:41.320] RadarControl.OnPaint[106] ENTER width=743 height=743 targets=1 range=16,0
[2026-03-25 11:19:41.334] RadarControl.OnPaint[106] DrawRangeRings
[2026-03-25 11:19:41.335] RadarControl.OnPaint[106] DrawGrid
[2026-03-25 11:19:41.335] RadarControl.OnPaint[106] DrawTracks
[2026-03-25 11:19:41.336] RadarControl.OnPaint[106] DrawTargets begin
[2026-03-25 11:19:41.336] RadarControl.OnPaint[106] DrawTargets end
[2026-03-25 11:19:41.336] RadarControl.OnPaint[106] DrawCenter
[2026-03-25 11:19:41.337] RadarControl.OnPaint[106] EXIT ok
[2026-03-25 11:19:41.564] RadarControl.SetTargets: count=1, selected=ABC123
[2026-03-25 11:19:41.573] RadarControl.OnPaint[107] ENTER width=743 height=743 targets=1 range=16,0
[2026-03-25 11:19:41.587] RadarControl.OnPaint[107] DrawRangeRings
[2026-03-25 11:19:41.588] RadarControl.OnPaint[107] DrawGrid
[2026-03-25 11:19:41.588] RadarControl.OnPaint[107] DrawTracks
[2026-03-25 11:19:41.588] RadarControl.OnPaint[107] DrawTargets begin
[2026-03-25 11:19:41.589] RadarControl.OnPaint[107] DrawTargets end
[2026-03-25 11:19:41.589] RadarControl.OnPaint[107] DrawCenter
[2026-03-25 11:19:41.589] RadarControl.OnPaint[107] EXIT ok
[2026-03-25 11:19:41.804] RadarControl.SetTargets: count=1, selected=ABC123
[2026-03-25 11:19:41.813] RadarControl.OnPaint[108] ENTER width=743 height=743 targets=1 range=16,0
[2026-03-25 11:19:41.826] RadarControl.OnPaint[108] DrawRangeRings
[2026-03-25 11:19:41.827] RadarControl.OnPaint[108] DrawGrid
[2026-03-25 11:19:41.828] RadarControl.OnPaint[108] DrawTracks
[2026-03-25 11:19:41.828] RadarControl.OnPaint[108] DrawTargets begin
[2026-03-25 11:19:41.828] RadarControl.OnPaint[108] DrawTargets end
[2026-03-25 11:19:41.828] RadarControl.OnPaint[108] DrawCenter
[2026-03-25 11:19:41.829] RadarControl.OnPaint[108] EXIT ok
[2026-03-25 11:19:42.059] RadarControl.SetTargets: count=1, selected=ABC123
[2026-03-25 11:19:42.068] RadarControl.OnPaint[109] ENTER width=743 height=743 targets=1 range=16,0
[2026-03-25 11:19:42.081] RadarControl.OnPaint[109] DrawRangeRings
[2026-03-25 11:19:42.082] RadarControl.OnPaint[109] DrawGrid
[2026-03-25 11:19:42.083] RadarControl.OnPaint[109] DrawTracks
[2026-03-25 11:19:42.083] RadarControl.OnPaint[109] DrawTargets begin
[2026-03-25 11:19:42.083] RadarControl.OnPaint[109] DrawTargets end
[2026-03-25 11:19:42.083] RadarControl.OnPaint[109] DrawCenter
[2026-03-25 11:19:42.084] RadarControl.OnPaint[109] EXIT ok
[2026-03-25 11:19:42.315] RadarControl.SetTargets: count=1, selected=ABC123
[2026-03-25 11:19:42.324] RadarControl.OnPaint[110] ENTER width=743 height=743 targets=1 range=16,0
[2026-03-25 11:19:42.337] RadarControl.OnPaint[110] DrawRangeRings
[2026-03-25 11:19:42.338] RadarControl.OnPaint[110] DrawGrid
[2026-03-25 11:19:42.339] RadarControl.OnPaint[110] DrawTracks
[2026-03-25 11:19:42.339] RadarControl.OnPaint[110] DrawTargets begin
[2026-03-25 11:19:42.339] RadarControl.OnPaint[110] DrawTargets end
[2026-03-25 11:19:42.339] RadarControl.OnPaint[110] DrawCenter
[2026-03-25 11:19:42.340] RadarControl.OnPaint[110] EXIT ok
[2026-03-25 11:19:42.554] RadarControl.SetTargets: count=1, selected=ABC123
[2026-03-25 11:19:42.563] RadarControl.OnPaint[111] ENTER width=743 height=743 targets=1 range=16,0
[2026-03-25 11:19:42.576] RadarControl.OnPaint[111] DrawRangeRings
[2026-03-25 11:19:42.577] RadarControl.OnPaint[111] DrawGrid
[2026-03-25 11:19:42.578] RadarControl.OnPaint[111] DrawTracks
[2026-03-25 11:19:42.578] RadarControl.OnPaint[111] DrawTargets begin
[2026-03-25 11:19:42.578] RadarControl.OnPaint[111] DrawTargets end
[2026-03-25 11:19:42.579] RadarControl.OnPaint[111] DrawCenter
[2026-03-25 11:19:42.579] RadarControl.OnPaint[111] EXIT ok
[2026-03-25 11:19:42.810] RadarControl.SetTargets: count=1, selected=ABC123
[2026-03-25 11:19:42.822] RadarControl.OnPaint[112] ENTER width=743 height=743 targets=1 range=16,0
[2026-03-25 11:19:42.842] RadarControl.OnPaint[112] DrawRangeRings
[2026-03-25 11:19:42.842] RadarControl.OnPaint[112] DrawGrid
[2026-03-25 11:19:42.843] RadarControl.OnPaint[112] DrawTracks
[2026-03-25 11:19:42.843] RadarControl.OnPaint[112] DrawTargets begin
[2026-03-25 11:19:42.843] RadarControl.OnPaint[112] DrawTargets end
[2026-03-25 11:19:42.843] RadarControl.OnPaint[112] DrawCenter
[2026-03-25 11:19:42.844] RadarControl.OnPaint[112] EXIT ok
[2026-03-25 11:19:43.056] RadarControl.SetTargets: count=1, selected=ABC123
[2026-03-25 11:19:43.065] RadarControl.OnPaint[113] ENTER width=743 height=743 targets=1 range=16,0
[2026-03-25 11:19:43.078] RadarControl.OnPaint[113] DrawRangeRings
[2026-03-25 11:19:43.080] RadarControl.OnPaint[113] DrawGrid
[2026-03-25 11:19:43.080] RadarControl.OnPaint[113] DrawTracks
[2026-03-25 11:19:43.080] RadarControl.OnPaint[113] DrawTargets begin
[2026-03-25 11:19:43.081] RadarControl.OnPaint[113] DrawTargets end
[2026-03-25 11:19:43.081] RadarControl.OnPaint[113] DrawCenter
[2026-03-25 11:19:43.081] RadarControl.OnPaint[113] EXIT ok
[2026-03-25 11:19:43.303] RadarControl.SetTargets: count=1, selected=ABC123
[2026-03-25 11:19:43.313] RadarControl.OnPaint[114] ENTER width=743 height=743 targets=1 range=16,0
[2026-03-25 11:19:43.327] RadarControl.OnPaint[114] DrawRangeRings
[2026-03-25 11:19:43.328] RadarControl.OnPaint[114] DrawGrid
[2026-03-25 11:19:43.328] RadarControl.OnPaint[114] DrawTracks
[2026-03-25 11:19:43.328] RadarControl.OnPaint[114] DrawTargets begin
[2026-03-25 11:19:43.329] RadarControl.OnPaint[114] DrawTargets end
[2026-03-25 11:19:43.329] RadarControl.OnPaint[114] DrawCenter
[2026-03-25 11:19:43.329] RadarControl.OnPaint[114] EXIT ok
[2026-03-25 11:19:43.559] RadarControl.SetTargets: count=1, selected=ABC123
[2026-03-25 11:19:43.569] RadarControl.OnPaint[115] ENTER width=743 height=743 targets=1 range=16,0
[2026-03-25 11:19:43.583] RadarControl.OnPaint[115] DrawRangeRings
[2026-03-25 11:19:43.584] RadarControl.OnPaint[115] DrawGrid
[2026-03-25 11:19:43.584] RadarControl.OnPaint[115] DrawTracks
[2026-03-25 11:19:43.585] RadarControl.OnPaint[115] DrawTargets begin
[2026-03-25 11:19:43.585] RadarControl.OnPaint[115] DrawTargets end
[2026-03-25 11:19:43.585] RadarControl.OnPaint[115] DrawCenter
[2026-03-25 11:19:43.585] RadarControl.OnPaint[115] EXIT ok
[2026-03-25 11:19:43.815] RadarControl.SetTargets: count=1, selected=ABC123
[2026-03-25 11:19:43.825] RadarControl.OnPaint[116] ENTER width=743 height=743 targets=1 range=16,0
[2026-03-25 11:19:43.839] RadarControl.OnPaint[116] DrawRangeRings
[2026-03-25 11:19:43.839] RadarControl.OnPaint[116] DrawGrid
[2026-03-25 11:19:43.840] RadarControl.OnPaint[116] DrawTracks
[2026-03-25 11:19:43.840] RadarControl.OnPaint[116] DrawTargets begin
[2026-03-25 11:19:43.841] RadarControl.OnPaint[116] DrawTargets end
[2026-03-25 11:19:43.841] RadarControl.OnPaint[116] DrawCenter
[2026-03-25 11:19:43.841] RadarControl.OnPaint[116] EXIT ok
[2026-03-25 11:19:44.053] RadarControl.SetTargets: count=1, selected=ABC123
[2026-03-25 11:19:44.067] RadarControl.OnPaint[117] ENTER width=743 height=743 targets=1 range=16,0
[2026-03-25 11:19:44.080] RadarControl.OnPaint[117] DrawRangeRings
[2026-03-25 11:19:44.081] RadarControl.OnPaint[117] DrawGrid
[2026-03-25 11:19:44.082] RadarControl.OnPaint[117] DrawTracks
[2026-03-25 11:19:44.082] RadarControl.OnPaint[117] DrawTargets begin
[2026-03-25 11:19:44.083] RadarControl.OnPaint[117] DrawTargets end
[2026-03-25 11:19:44.083] RadarControl.OnPaint[117] DrawCenter
[2026-03-25 11:19:44.086] RadarControl.OnPaint[117] EXIT ok
[2026-03-25 11:19:44.308] RadarControl.SetTargets: count=1, selected=ABC123
[2026-03-25 11:19:44.318] RadarControl.OnPaint[118] ENTER width=743 height=743 targets=1 range=16,0
[2026-03-25 11:19:44.331] RadarControl.OnPaint[118] DrawRangeRings
[2026-03-25 11:19:44.332] RadarControl.OnPaint[118] DrawGrid
[2026-03-25 11:19:44.333] RadarControl.OnPaint[118] DrawTracks
[2026-03-25 11:19:44.333] RadarControl.OnPaint[118] DrawTargets begin
[2026-03-25 11:19:44.333] RadarControl.OnPaint[118] DrawTargets end
[2026-03-25 11:19:44.333] RadarControl.OnPaint[118] DrawCenter
[2026-03-25 11:19:44.334] RadarControl.OnPaint[118] EXIT ok
[2026-03-25 11:19:44.564] RadarControl.SetTargets: count=1, selected=ABC123
[2026-03-25 11:19:44.574] RadarControl.OnPaint[119] ENTER width=743 height=743 targets=1 range=16,0
[2026-03-25 11:19:44.588] RadarControl.OnPaint[119] DrawRangeRings
[2026-03-25 11:19:44.589] RadarControl.OnPaint[119] DrawGrid
[2026-03-25 11:19:44.589] RadarControl.OnPaint[119] DrawTracks
[2026-03-25 11:19:44.589] RadarControl.OnPaint[119] DrawTargets begin
[2026-03-25 11:19:44.590] RadarControl.OnPaint[119] DrawTargets end
[2026-03-25 11:19:44.590] RadarControl.OnPaint[119] DrawCenter
[2026-03-25 11:19:44.590] RadarControl.OnPaint[119] EXIT ok
[2026-03-25 11:19:44.804] RadarControl.SetTargets: count=1, selected=ABC123
[2026-03-25 11:19:44.813] RadarControl.OnPaint[120] ENTER width=743 height=743 targets=1 range=16,0
[2026-03-25 11:19:44.827] RadarControl.OnPaint[120] DrawRangeRings
[2026-03-25 11:19:44.828] RadarControl.OnPaint[120] DrawGrid
[2026-03-25 11:19:44.829] RadarControl.OnPaint[120] DrawTracks
[2026-03-25 11:19:44.829] RadarControl.OnPaint[120] DrawTargets begin
[2026-03-25 11:19:44.830] RadarControl.OnPaint[120] DrawTargets end
[2026-03-25 11:19:44.830] RadarControl.OnPaint[120] DrawCenter
[2026-03-25 11:19:44.830] RadarControl.OnPaint[120] EXIT ok
[2026-03-25 11:19:45.061] RadarControl.SetTargets: count=1, selected=ABC123
[2026-03-25 11:19:45.076] RadarControl.OnPaint[121] ENTER width=743 height=743 targets=1 range=16,0
[2026-03-25 11:19:45.089] RadarControl.OnPaint[121] DrawRangeRings
[2026-03-25 11:19:45.090] RadarControl.OnPaint[121] DrawGrid
[2026-03-25 11:19:45.090] RadarControl.OnPaint[121] DrawTracks
[2026-03-25 11:19:45.091] RadarControl.OnPaint[121] DrawTargets begin
[2026-03-25 11:19:45.091] RadarControl.OnPaint[121] DrawTargets end
[2026-03-25 11:19:45.091] RadarControl.OnPaint[121] DrawCenter
[2026-03-25 11:19:45.092] RadarControl.OnPaint[121] EXIT ok
[2026-03-25 11:19:45.315] RadarControl.SetTargets: count=1, selected=ABC123
[2026-03-25 11:19:45.324] RadarControl.OnPaint[122] ENTER width=743 height=743 targets=1 range=16,0
[2026-03-25 11:19:45.337] RadarControl.OnPaint[122] DrawRangeRings
[2026-03-25 11:19:45.338] RadarControl.OnPaint[122] DrawGrid
[2026-03-25 11:19:45.339] RadarControl.OnPaint[122] DrawTracks
[2026-03-25 11:19:45.339] RadarControl.OnPaint[122] DrawTargets begin
[2026-03-25 11:19:45.339] RadarControl.OnPaint[122] DrawTargets end
[2026-03-25 11:19:45.340] RadarControl.OnPaint[122] DrawCenter
[2026-03-25 11:19:45.340] RadarControl.OnPaint[122] EXIT ok
[2026-03-25 11:19:45.555] RadarControl.SetTargets: count=1, selected=ABC123
[2026-03-25 11:19:45.564] RadarControl.OnPaint[123] ENTER width=743 height=743 targets=1 range=16,0
[2026-03-25 11:19:45.579] RadarControl.OnPaint[123] DrawRangeRings
[2026-03-25 11:19:45.580] RadarControl.OnPaint[123] DrawGrid
[2026-03-25 11:19:45.581] RadarControl.OnPaint[123] DrawTracks
[2026-03-25 11:19:45.581] RadarControl.OnPaint[123] DrawTargets begin
[2026-03-25 11:19:45.582] RadarControl.OnPaint[123] DrawTargets end
[2026-03-25 11:19:45.582] RadarControl.OnPaint[123] DrawCenter
[2026-03-25 11:19:45.582] RadarControl.OnPaint[123] EXIT ok
[2026-03-25 11:19:45.809] RadarControl.SetTargets: count=1, selected=ABC123
[2026-03-25 11:19:45.818] RadarControl.OnPaint[124] ENTER width=743 height=743 targets=1 range=16,0
[2026-03-25 11:19:45.831] RadarControl.OnPaint[124] DrawRangeRings
[2026-03-25 11:19:45.832] RadarControl.OnPaint[124] DrawGrid
[2026-03-25 11:19:45.833] RadarControl.OnPaint[124] DrawTracks
[2026-03-25 11:19:45.833] RadarControl.OnPaint[124] DrawTargets begin
[2026-03-25 11:19:45.834] RadarControl.OnPaint[124] DrawTargets end
[2026-03-25 11:19:45.834] RadarControl.OnPaint[124] DrawCenter
[2026-03-25 11:19:45.834] RadarControl.OnPaint[124] EXIT ok
[2026-03-25 11:19:46.058] RadarControl.SetTargets: count=1, selected=ABC123
[2026-03-25 11:19:46.067] RadarControl.OnPaint[125] ENTER width=743 height=743 targets=1 range=16,0
[2026-03-25 11:19:46.081] RadarControl.OnPaint[125] DrawRangeRings
[2026-03-25 11:19:46.082] RadarControl.OnPaint[125] DrawGrid
[2026-03-25 11:19:46.083] RadarControl.OnPaint[125] DrawTracks
[2026-03-25 11:19:46.084] RadarControl.OnPaint[125] DrawTargets begin
[2026-03-25 11:19:46.084] RadarControl.OnPaint[125] DrawTargets end
[2026-03-25 11:19:46.084] RadarControl.OnPaint[125] DrawCenter
[2026-03-25 11:19:46.085] RadarControl.OnPaint[125] EXIT ok
[2026-03-25 11:19:46.303] RadarControl.SetTargets: count=1, selected=ABC123
[2026-03-25 11:19:46.312] RadarControl.OnPaint[126] ENTER width=743 height=743 targets=1 range=16,0
[2026-03-25 11:19:46.326] RadarControl.OnPaint[126] DrawRangeRings
[2026-03-25 11:19:46.327] RadarControl.OnPaint[126] DrawGrid
[2026-03-25 11:19:46.327] RadarControl.OnPaint[126] DrawTracks
[2026-03-25 11:19:46.327] RadarControl.OnPaint[126] DrawTargets begin
[2026-03-25 11:19:46.328] RadarControl.OnPaint[126] DrawTargets end
[2026-03-25 11:19:46.328] RadarControl.OnPaint[126] DrawCenter
[2026-03-25 11:19:46.328] RadarControl.OnPaint[126] EXIT ok
[2026-03-25 11:19:46.558] RadarControl.SetTargets: count=1, selected=ABC123
[2026-03-25 11:19:46.567] RadarControl.OnPaint[127] ENTER width=743 height=743 targets=1 range=16,0
[2026-03-25 11:19:46.582] RadarControl.OnPaint[127] DrawRangeRings
[2026-03-25 11:19:46.583] RadarControl.OnPaint[127] DrawGrid
[2026-03-25 11:19:46.584] RadarControl.OnPaint[127] DrawTracks
[2026-03-25 11:19:46.584] RadarControl.OnPaint[127] DrawTargets begin
[2026-03-25 11:19:46.584] RadarControl.OnPaint[127] DrawTargets end
[2026-03-25 11:19:46.585] RadarControl.OnPaint[127] DrawCenter
[2026-03-25 11:19:46.585] RadarControl.OnPaint[127] EXIT ok
[2026-03-25 11:19:46.813] RadarControl.SetTargets: count=1, selected=ABC123
[2026-03-25 11:19:46.822] RadarControl.OnPaint[128] ENTER width=743 height=743 targets=1 range=16,0
[2026-03-25 11:19:46.835] RadarControl.OnPaint[128] DrawRangeRings
[2026-03-25 11:19:46.836] RadarControl.OnPaint[128] DrawGrid
[2026-03-25 11:19:46.837] RadarControl.OnPaint[128] DrawTracks
[2026-03-25 11:19:46.837] RadarControl.OnPaint[128] DrawTargets begin
[2026-03-25 11:19:46.837] RadarControl.OnPaint[128] DrawTargets end
[2026-03-25 11:19:46.838] RadarControl.OnPaint[128] DrawCenter
[2026-03-25 11:19:46.838] RadarControl.OnPaint[128] EXIT ok
[2026-03-25 11:19:47.053] RadarControl.SetTargets: count=1, selected=ABC123
[2026-03-25 11:19:47.062] RadarControl.OnPaint[129] ENTER width=743 height=743 targets=1 range=16,0
[2026-03-25 11:19:47.076] RadarControl.OnPaint[129] DrawRangeRings
[2026-03-25 11:19:47.076] RadarControl.OnPaint[129] DrawGrid
[2026-03-25 11:19:47.077] RadarControl.OnPaint[129] DrawTracks
[2026-03-25 11:19:47.077] RadarControl.OnPaint[129] DrawTargets begin
[2026-03-25 11:19:47.078] RadarControl.OnPaint[129] DrawTargets end
[2026-03-25 11:19:47.078] RadarControl.OnPaint[129] DrawCenter
[2026-03-25 11:19:47.078] RadarControl.OnPaint[129] EXIT ok
[2026-03-25 11:19:47.308] RadarControl.SetTargets: count=1, selected=ABC123
[2026-03-25 11:19:47.318] RadarControl.OnPaint[130] ENTER width=743 height=743 targets=1 range=16,0
[2026-03-25 11:19:47.331] RadarControl.OnPaint[130] DrawRangeRings
[2026-03-25 11:19:47.332] RadarControl.OnPaint[130] DrawGrid
[2026-03-25 11:19:47.333] RadarControl.OnPaint[130] DrawTracks
[2026-03-25 11:19:47.333] RadarControl.OnPaint[130] DrawTargets begin
[2026-03-25 11:19:47.333] RadarControl.OnPaint[130] DrawTargets end
[2026-03-25 11:19:47.334] RadarControl.OnPaint[130] DrawCenter
[2026-03-25 11:19:47.334] RadarControl.OnPaint[130] EXIT ok
[2026-03-25 11:19:47.564] RadarControl.SetTargets: count=1, selected=ABC123
[2026-03-25 11:19:47.574] RadarControl.OnPaint[131] ENTER width=743 height=743 targets=1 range=16,0
[2026-03-25 11:19:47.588] RadarControl.OnPaint[131] DrawRangeRings
[2026-03-25 11:19:47.589] RadarControl.OnPaint[131] DrawGrid
[2026-03-25 11:19:47.589] RadarControl.OnPaint[131] DrawTracks
[2026-03-25 11:19:47.590] RadarControl.OnPaint[131] DrawTargets begin
[2026-03-25 11:19:47.590] RadarControl.OnPaint[131] DrawTargets end
[2026-03-25 11:19:47.590] RadarControl.OnPaint[131] DrawCenter
[2026-03-25 11:19:47.590] RadarControl.OnPaint[131] EXIT ok
[2026-03-25 11:19:47.804] RadarControl.SetTargets: count=1, selected=ABC123
[2026-03-25 11:19:47.814] RadarControl.OnPaint[132] ENTER width=743 height=743 targets=1 range=16,0
[2026-03-25 11:19:47.827] RadarControl.OnPaint[132] DrawRangeRings
[2026-03-25 11:19:47.828] RadarControl.OnPaint[132] DrawGrid
[2026-03-25 11:19:47.829] RadarControl.OnPaint[132] DrawTracks
[2026-03-25 11:19:47.829] RadarControl.OnPaint[132] DrawTargets begin
[2026-03-25 11:19:47.830] RadarControl.OnPaint[132] DrawTargets end
[2026-03-25 11:19:47.830] RadarControl.OnPaint[132] DrawCenter
[2026-03-25 11:19:47.830] RadarControl.OnPaint[132] EXIT ok
[2026-03-25 11:19:48.060] RadarControl.SetTargets: count=1, selected=ABC123
[2026-03-25 11:19:48.073] RadarControl.OnPaint[133] ENTER width=743 height=743 targets=1 range=16,0
[2026-03-25 11:19:48.086] RadarControl.OnPaint[133] DrawRangeRings
[2026-03-25 11:19:48.087] RadarControl.OnPaint[133] DrawGrid
[2026-03-25 11:19:48.088] RadarControl.OnPaint[133] DrawTracks
[2026-03-25 11:19:48.088] RadarControl.OnPaint[133] DrawTargets begin
[2026-03-25 11:19:48.088] RadarControl.OnPaint[133] DrawTargets end
[2026-03-25 11:19:48.089] RadarControl.OnPaint[133] DrawCenter
[2026-03-25 11:19:48.089] RadarControl.OnPaint[133] EXIT ok
[2026-03-25 11:19:48.316] RadarControl.SetTargets: count=1, selected=ABC123
[2026-03-25 11:19:48.326] RadarControl.OnPaint[134] ENTER width=743 height=743 targets=1 range=16,0
[2026-03-25 11:19:48.339] RadarControl.OnPaint[134] DrawRangeRings
[2026-03-25 11:19:48.340] RadarControl.OnPaint[134] DrawGrid
[2026-03-25 11:19:48.341] RadarControl.OnPaint[134] DrawTracks
[2026-03-25 11:19:48.341] RadarControl.OnPaint[134] DrawTargets begin
[2026-03-25 11:19:48.341] RadarControl.OnPaint[134] DrawTargets end
[2026-03-25 11:19:48.341] RadarControl.OnPaint[134] DrawCenter
[2026-03-25 11:19:48.342] RadarControl.OnPaint[134] EXIT ok
[2026-03-25 11:19:48.556] RadarControl.SetTargets: count=1, selected=ABC123
[2026-03-25 11:19:48.565] RadarControl.OnPaint[135] ENTER width=743 height=743 targets=1 range=16,0
[2026-03-25 11:19:48.579] RadarControl.OnPaint[135] DrawRangeRings
[2026-03-25 11:19:48.579] RadarControl.OnPaint[135] DrawGrid
[2026-03-25 11:19:48.580] RadarControl.OnPaint[135] DrawTracks
[2026-03-25 11:19:48.580] RadarControl.OnPaint[135] DrawTargets begin
[2026-03-25 11:19:48.581] RadarControl.OnPaint[135] DrawTargets end
[2026-03-25 11:19:48.581] RadarControl.OnPaint[135] DrawCenter
[2026-03-25 11:19:48.581] RadarControl.OnPaint[135] EXIT ok
[2026-03-25 11:19:48.812] RadarControl.SetTargets: count=1, selected=ABC123
[2026-03-25 11:19:48.821] RadarControl.OnPaint[136] ENTER width=743 height=743 targets=1 range=16,0
[2026-03-25 11:19:48.834] RadarControl.OnPaint[136] DrawRangeRings
[2026-03-25 11:19:48.835] RadarControl.OnPaint[136] DrawGrid
[2026-03-25 11:19:48.836] RadarControl.OnPaint[136] DrawTracks
[2026-03-25 11:19:48.836] RadarControl.OnPaint[136] DrawTargets begin
[2026-03-25 11:19:48.837] RadarControl.OnPaint[136] DrawTargets end
[2026-03-25 11:19:48.837] RadarControl.OnPaint[136] DrawCenter
[2026-03-25 11:19:48.837] RadarControl.OnPaint[136] EXIT ok
[2026-03-25 11:19:49.054] RadarControl.SetTargets: count=1, selected=ABC123
[2026-03-25 11:19:49.065] RadarControl.OnPaint[137] ENTER width=743 height=743 targets=1 range=16,0
[2026-03-25 11:19:49.078] RadarControl.OnPaint[137] DrawRangeRings
[2026-03-25 11:19:49.079] RadarControl.OnPaint[137] DrawGrid
[2026-03-25 11:19:49.080] RadarControl.OnPaint[137] DrawTracks
[2026-03-25 11:19:49.080] RadarControl.OnPaint[137] DrawTargets begin
[2026-03-25 11:19:49.080] RadarControl.OnPaint[137] DrawTargets end
[2026-03-25 11:19:49.081] RadarControl.OnPaint[137] DrawCenter
[2026-03-25 11:19:49.081] RadarControl.OnPaint[137] EXIT ok
[2026-03-25 11:19:49.307] RadarControl.SetTargets: count=1, selected=ABC123
[2026-03-25 11:19:49.317] RadarControl.OnPaint[138] ENTER width=743 height=743 targets=1 range=16,0
[2026-03-25 11:19:49.330] RadarControl.OnPaint[138] DrawRangeRings
[2026-03-25 11:19:49.331] RadarControl.OnPaint[138] DrawGrid
[2026-03-25 11:19:49.332] RadarControl.OnPaint[138] DrawTracks
[2026-03-25 11:19:49.332] RadarControl.OnPaint[138] DrawTargets begin
[2026-03-25 11:19:49.332] RadarControl.OnPaint[138] DrawTargets end
[2026-03-25 11:19:49.332] RadarControl.OnPaint[138] DrawCenter
[2026-03-25 11:19:49.333] RadarControl.OnPaint[138] EXIT ok
[2026-03-25 11:19:49.563] RadarControl.SetTargets: count=1, selected=ABC123
[2026-03-25 11:19:49.575] RadarControl.OnPaint[139] ENTER width=743 height=743 targets=1 range=16,0
[2026-03-25 11:19:49.589] RadarControl.OnPaint[139] DrawRangeRings
[2026-03-25 11:19:49.590] RadarControl.OnPaint[139] DrawGrid
[2026-03-25 11:19:49.590] RadarControl.OnPaint[139] DrawTracks
[2026-03-25 11:19:49.591] RadarControl.OnPaint[139] DrawTargets begin
[2026-03-25 11:19:49.591] RadarControl.OnPaint[139] DrawTargets end
[2026-03-25 11:19:49.591] RadarControl.OnPaint[139] DrawCenter
[2026-03-25 11:19:49.591] RadarControl.OnPaint[139] EXIT ok
[2026-03-25 11:19:49.803] RadarControl.SetTargets: count=1, selected=ABC123
[2026-03-25 11:19:49.812] RadarControl.OnPaint[140] ENTER width=743 height=743 targets=1 range=16,0
[2026-03-25 11:19:49.825] RadarControl.OnPaint[140] DrawRangeRings
[2026-03-25 11:19:49.826] RadarControl.OnPaint[140] DrawGrid
[2026-03-25 11:19:49.827] RadarControl.OnPaint[140] DrawTracks
[2026-03-25 11:19:49.827] RadarControl.OnPaint[140] DrawTargets begin
[2026-03-25 11:19:49.828] RadarControl.OnPaint[140] DrawTargets end
[2026-03-25 11:19:49.828] RadarControl.OnPaint[140] DrawCenter
[2026-03-25 11:19:49.828] RadarControl.OnPaint[140] EXIT ok
[2026-03-25 11:19:50.057] RadarControl.SetTargets: count=1, selected=ABC123
[2026-03-25 11:19:50.067] RadarControl.OnPaint[141] ENTER width=743 height=743 targets=1 range=16,0
[2026-03-25 11:19:50.082] RadarControl.OnPaint[141] DrawRangeRings
[2026-03-25 11:19:50.083] RadarControl.OnPaint[141] DrawGrid
[2026-03-25 11:19:50.083] RadarControl.OnPaint[141] DrawTracks
[2026-03-25 11:19:50.084] RadarControl.OnPaint[141] DrawTargets begin
[2026-03-25 11:19:50.084] RadarControl.OnPaint[141] DrawTargets end
[2026-03-25 11:19:50.084] RadarControl.OnPaint[141] DrawCenter
[2026-03-25 11:19:50.085] RadarControl.OnPaint[141] EXIT ok
[2026-03-25 11:19:50.310] RadarControl.SetTargets: count=1, selected=ABC123
[2026-03-25 11:19:50.320] RadarControl.OnPaint[142] ENTER width=743 height=743 targets=1 range=16,0
[2026-03-25 11:19:50.333] RadarControl.OnPaint[142] DrawRangeRings
[2026-03-25 11:19:50.334] RadarControl.OnPaint[142] DrawGrid
[2026-03-25 11:19:50.335] RadarControl.OnPaint[142] DrawTracks
[2026-03-25 11:19:50.335] RadarControl.OnPaint[142] DrawTargets begin
[2026-03-25 11:19:50.335] RadarControl.OnPaint[142] DrawTargets end
[2026-03-25 11:19:50.335] RadarControl.OnPaint[142] DrawCenter
[2026-03-25 11:19:50.336] RadarControl.OnPaint[142] EXIT ok
[2026-03-25 11:19:50.554] RadarControl.SetTargets: count=1, selected=ABC123
[2026-03-25 11:19:50.566] RadarControl.OnPaint[143] ENTER width=743 height=743 targets=1 range=16,0
[2026-03-25 11:19:50.580] RadarControl.OnPaint[143] DrawRangeRings
[2026-03-25 11:19:50.581] RadarControl.OnPaint[143] DrawGrid
[2026-03-25 11:19:50.581] RadarControl.OnPaint[143] DrawTracks
[2026-03-25 11:19:50.582] RadarControl.OnPaint[143] DrawTargets begin
[2026-03-25 11:19:50.582] RadarControl.OnPaint[143] DrawTargets end
[2026-03-25 11:19:50.582] RadarControl.OnPaint[143] DrawCenter
[2026-03-25 11:19:50.582] RadarControl.OnPaint[143] EXIT ok
[2026-03-25 11:19:50.810] RadarControl.SetTargets: count=1, selected=ABC123
[2026-03-25 11:19:50.819] RadarControl.OnPaint[144] ENTER width=743 height=743 targets=1 range=16,0
[2026-03-25 11:19:50.832] RadarControl.OnPaint[144] DrawRangeRings
[2026-03-25 11:19:50.833] RadarControl.OnPaint[144] DrawGrid
[2026-03-25 11:19:50.834] RadarControl.OnPaint[144] DrawTracks
[2026-03-25 11:19:50.834] RadarControl.OnPaint[144] DrawTargets begin
[2026-03-25 11:19:50.834] RadarControl.OnPaint[144] DrawTargets end
[2026-03-25 11:19:50.834] RadarControl.OnPaint[144] DrawCenter
[2026-03-25 11:19:50.835] RadarControl.OnPaint[144] EXIT ok
[2026-03-25 11:19:51.059] RadarControl.SetTargets: count=1, selected=ABC123
[2026-03-25 11:19:51.068] RadarControl.OnPaint[145] ENTER width=743 height=743 targets=1 range=16,0
[2026-03-25 11:19:51.082] RadarControl.OnPaint[145] DrawRangeRings
[2026-03-25 11:19:51.083] RadarControl.OnPaint[145] DrawGrid
[2026-03-25 11:19:51.084] RadarControl.OnPaint[145] DrawTracks
[2026-03-25 11:19:51.084] RadarControl.OnPaint[145] DrawTargets begin
[2026-03-25 11:19:51.084] RadarControl.OnPaint[145] DrawTargets end
[2026-03-25 11:19:51.084] RadarControl.OnPaint[145] DrawCenter
[2026-03-25 11:19:51.085] RadarControl.OnPaint[145] EXIT ok
[2026-03-25 11:19:51.305] RadarControl.SetTargets: count=1, selected=ABC123
[2026-03-25 11:19:51.316] RadarControl.OnPaint[146] ENTER width=743 height=743 targets=1 range=16,0
[2026-03-25 11:19:51.330] RadarControl.OnPaint[146] DrawRangeRings
[2026-03-25 11:19:51.330] RadarControl.OnPaint[146] DrawGrid
[2026-03-25 11:19:51.331] RadarControl.OnPaint[146] DrawTracks
[2026-03-25 11:19:51.331] RadarControl.OnPaint[146] DrawTargets begin
[2026-03-25 11:19:51.332] RadarControl.OnPaint[146] DrawTargets end
[2026-03-25 11:19:51.332] RadarControl.OnPaint[146] DrawCenter
[2026-03-25 11:19:51.332] RadarControl.OnPaint[146] EXIT ok
[2026-03-25 11:19:51.561] RadarControl.SetTargets: count=1, selected=ABC123
[2026-03-25 11:19:51.570] RadarControl.OnPaint[147] ENTER width=743 height=743 targets=1 range=16,0
[2026-03-25 11:19:51.584] RadarControl.OnPaint[147] DrawRangeRings
[2026-03-25 11:19:51.585] RadarControl.OnPaint[147] DrawGrid
[2026-03-25 11:19:51.585] RadarControl.OnPaint[147] DrawTracks
[2026-03-25 11:19:51.586] RadarControl.OnPaint[147] DrawTargets begin
[2026-03-25 11:19:51.586] RadarControl.OnPaint[147] DrawTargets end
[2026-03-25 11:19:51.586] RadarControl.OnPaint[147] DrawCenter
[2026-03-25 11:19:51.587] RadarControl.OnPaint[147] EXIT ok
[2026-03-25 11:19:51.806] RadarControl.SetTargets: count=1, selected=ABC123
[2026-03-25 11:19:51.815] RadarControl.OnPaint[148] ENTER width=743 height=743 targets=1 range=16,0
[2026-03-25 11:19:51.829] RadarControl.OnPaint[148] DrawRangeRings
[2026-03-25 11:19:51.829] RadarControl.OnPaint[148] DrawGrid
[2026-03-25 11:19:51.830] RadarControl.OnPaint[148] DrawTracks
[2026-03-25 11:19:51.830] RadarControl.OnPaint[148] DrawTargets begin
[2026-03-25 11:19:51.831] RadarControl.OnPaint[148] DrawTargets end
[2026-03-25 11:19:51.831] RadarControl.OnPaint[148] DrawCenter
[2026-03-25 11:19:51.831] RadarControl.OnPaint[148] EXIT ok
[2026-03-25 11:19:52.056] RadarControl.SetTargets: count=1, selected=ABC123
[2026-03-25 11:19:52.066] RadarControl.OnPaint[149] ENTER width=743 height=743 targets=1 range=16,0
[2026-03-25 11:19:52.079] RadarControl.OnPaint[149] DrawRangeRings
[2026-03-25 11:19:52.080] RadarControl.OnPaint[149] DrawGrid
[2026-03-25 11:19:52.081] RadarControl.OnPaint[149] DrawTracks
[2026-03-25 11:19:52.081] RadarControl.OnPaint[149] DrawTargets begin
[2026-03-25 11:19:52.081] RadarControl.OnPaint[149] DrawTargets end
[2026-03-25 11:19:52.082] RadarControl.OnPaint[149] DrawCenter
[2026-03-25 11:19:52.082] RadarControl.OnPaint[149] EXIT ok
[2026-03-25 11:19:52.304] RadarControl.SetTargets: count=1, selected=ABC123
[2026-03-25 11:19:52.315] RadarControl.OnPaint[150] ENTER width=743 height=743 targets=1 range=16,0
[2026-03-25 11:19:52.328] RadarControl.OnPaint[150] DrawRangeRings
[2026-03-25 11:19:52.329] RadarControl.OnPaint[150] DrawGrid
[2026-03-25 11:19:52.330] RadarControl.OnPaint[150] DrawTracks
[2026-03-25 11:19:52.330] RadarControl.OnPaint[150] DrawTargets begin
[2026-03-25 11:19:52.331] RadarControl.OnPaint[150] DrawTargets end
[2026-03-25 11:19:52.331] RadarControl.OnPaint[150] DrawCenter
[2026-03-25 11:19:52.331] RadarControl.OnPaint[150] EXIT ok
[2026-03-25 11:19:52.567] RadarControl.SetTargets: count=1, selected=ABC123
[2026-03-25 11:19:52.577] RadarControl.OnPaint[151] ENTER width=743 height=743 targets=1 range=16,0
[2026-03-25 11:19:52.591] RadarControl.OnPaint[151] DrawRangeRings
[2026-03-25 11:19:52.592] RadarControl.OnPaint[151] DrawGrid
[2026-03-25 11:19:52.592] RadarControl.OnPaint[151] DrawTracks
[2026-03-25 11:19:52.593] RadarControl.OnPaint[151] DrawTargets begin
[2026-03-25 11:19:52.593] RadarControl.OnPaint[151] DrawTargets end
[2026-03-25 11:19:52.593] RadarControl.OnPaint[151] DrawCenter
[2026-03-25 11:19:52.594] RadarControl.OnPaint[151] EXIT ok
[2026-03-25 11:19:52.807] RadarControl.SetTargets: count=1, selected=ABC123
[2026-03-25 11:19:52.816] RadarControl.OnPaint[152] ENTER width=743 height=743 targets=1 range=16,0
[2026-03-25 11:19:52.830] RadarControl.OnPaint[152] DrawRangeRings
[2026-03-25 11:19:52.831] RadarControl.OnPaint[152] DrawGrid
[2026-03-25 11:19:52.831] RadarControl.OnPaint[152] DrawTracks
[2026-03-25 11:19:52.832] RadarControl.OnPaint[152] DrawTargets begin
[2026-03-25 11:19:52.832] RadarControl.OnPaint[152] DrawTargets end
[2026-03-25 11:19:52.832] RadarControl.OnPaint[152] DrawCenter
[2026-03-25 11:19:52.832] RadarControl.OnPaint[152] EXIT ok
[2026-03-25 11:19:53.063] RadarControl.SetTargets: count=1, selected=ABC123
[2026-03-25 11:19:53.072] RadarControl.OnPaint[153] ENTER width=743 height=743 targets=1 range=16,0
[2026-03-25 11:19:53.086] RadarControl.OnPaint[153] DrawRangeRings
[2026-03-25 11:19:53.087] RadarControl.OnPaint[153] DrawGrid
[2026-03-25 11:19:53.087] RadarControl.OnPaint[153] DrawTracks
[2026-03-25 11:19:53.088] RadarControl.OnPaint[153] DrawTargets begin
[2026-03-25 11:19:53.088] RadarControl.OnPaint[153] DrawTargets end
[2026-03-25 11:19:53.088] RadarControl.OnPaint[153] DrawCenter
[2026-03-25 11:19:53.088] RadarControl.OnPaint[153] EXIT ok
[2026-03-25 11:19:53.303] RadarControl.SetTargets: count=1, selected=ABC123
[2026-03-25 11:19:53.312] RadarControl.OnPaint[154] ENTER width=743 height=743 targets=1 range=16,0
[2026-03-25 11:19:53.325] RadarControl.OnPaint[154] DrawRangeRings
[2026-03-25 11:19:53.326] RadarControl.OnPaint[154] DrawGrid
[2026-03-25 11:19:53.327] RadarControl.OnPaint[154] DrawTracks
[2026-03-25 11:19:53.327] RadarControl.OnPaint[154] DrawTargets begin
[2026-03-25 11:19:53.328] RadarControl.OnPaint[154] DrawTargets end
[2026-03-25 11:19:53.328] RadarControl.OnPaint[154] DrawCenter
[2026-03-25 11:19:53.328] RadarControl.OnPaint[154] EXIT ok
[2026-03-25 11:19:53.557] RadarControl.SetTargets: count=1, selected=ABC123
[2026-03-25 11:19:53.566] RadarControl.OnPaint[155] ENTER width=743 height=743 targets=1 range=16,0
[2026-03-25 11:19:53.579] RadarControl.OnPaint[155] DrawRangeRings
[2026-03-25 11:19:53.580] RadarControl.OnPaint[155] DrawGrid
[2026-03-25 11:19:53.581] RadarControl.OnPaint[155] DrawTracks
[2026-03-25 11:19:53.581] RadarControl.OnPaint[155] DrawTargets begin
[2026-03-25 11:19:53.582] RadarControl.OnPaint[155] DrawTargets end
[2026-03-25 11:19:53.582] RadarControl.OnPaint[155] DrawCenter
[2026-03-25 11:19:53.582] RadarControl.OnPaint[155] EXIT ok
[2026-03-25 11:19:53.813] RadarControl.SetTargets: count=1, selected=ABC123
[2026-03-25 11:19:53.822] RadarControl.OnPaint[156] ENTER width=743 height=743 targets=1 range=16,0
[2026-03-25 11:19:53.835] RadarControl.OnPaint[156] DrawRangeRings
[2026-03-25 11:19:53.836] RadarControl.OnPaint[156] DrawGrid
[2026-03-25 11:19:53.837] RadarControl.OnPaint[156] DrawTracks
[2026-03-25 11:19:53.837] RadarControl.OnPaint[156] DrawTargets begin
[2026-03-25 11:19:53.837] RadarControl.OnPaint[156] DrawTargets end
[2026-03-25 11:19:53.838] RadarControl.OnPaint[156] DrawCenter
[2026-03-25 11:19:53.838] RadarControl.OnPaint[156] EXIT ok
[2026-03-25 11:19:54.066] RadarControl.SetTargets: count=1, selected=ABC123
[2026-03-25 11:19:54.075] RadarControl.OnPaint[157] ENTER width=743 height=743 targets=1 range=16,0
[2026-03-25 11:19:54.089] RadarControl.OnPaint[157] DrawRangeRings
[2026-03-25 11:19:54.090] RadarControl.OnPaint[157] DrawGrid
[2026-03-25 11:19:54.090] RadarControl.OnPaint[157] DrawTracks
[2026-03-25 11:19:54.091] RadarControl.OnPaint[157] DrawTargets begin
[2026-03-25 11:19:54.091] RadarControl.OnPaint[157] DrawTargets end
[2026-03-25 11:19:54.091] RadarControl.OnPaint[157] DrawCenter
[2026-03-25 11:19:54.092] RadarControl.OnPaint[157] EXIT ok
[2026-03-25 11:19:54.306] RadarControl.SetTargets: count=1, selected=ABC123
[2026-03-25 11:19:54.315] RadarControl.OnPaint[158] ENTER width=743 height=743 targets=1 range=16,0
[2026-03-25 11:19:54.329] RadarControl.OnPaint[158] DrawRangeRings
[2026-03-25 11:19:54.330] RadarControl.OnPaint[158] DrawGrid
[2026-03-25 11:19:54.330] RadarControl.OnPaint[158] DrawTracks
[2026-03-25 11:19:54.331] RadarControl.OnPaint[158] DrawTargets begin
[2026-03-25 11:19:54.331] RadarControl.OnPaint[158] DrawTargets end
[2026-03-25 11:19:54.331] RadarControl.OnPaint[158] DrawCenter
[2026-03-25 11:19:54.331] RadarControl.OnPaint[158] EXIT ok
[2026-03-25 11:19:54.561] RadarControl.SetTargets: count=1, selected=ABC123
[2026-03-25 11:19:54.570] RadarControl.OnPaint[159] ENTER width=743 height=743 targets=1 range=16,0
[2026-03-25 11:19:54.584] RadarControl.OnPaint[159] DrawRangeRings
[2026-03-25 11:19:54.585] RadarControl.OnPaint[159] DrawGrid
[2026-03-25 11:19:54.585] RadarControl.OnPaint[159] DrawTracks
[2026-03-25 11:19:54.586] RadarControl.OnPaint[159] DrawTargets begin
[2026-03-25 11:19:54.586] RadarControl.OnPaint[159] DrawTargets end
[2026-03-25 11:19:54.586] RadarControl.OnPaint[159] DrawCenter
[2026-03-25 11:19:54.586] RadarControl.OnPaint[159] EXIT ok
[2026-03-25 11:19:54.807] RadarControl.SetTargets: count=1, selected=ABC123
[2026-03-25 11:19:54.816] RadarControl.OnPaint[160] ENTER width=743 height=743 targets=1 range=16,0
[2026-03-25 11:19:54.830] RadarControl.OnPaint[160] DrawRangeRings
[2026-03-25 11:19:54.831] RadarControl.OnPaint[160] DrawGrid
[2026-03-25 11:19:54.831] RadarControl.OnPaint[160] DrawTracks
[2026-03-25 11:19:54.832] RadarControl.OnPaint[160] DrawTargets begin
[2026-03-25 11:19:54.832] RadarControl.OnPaint[160] DrawTargets end
[2026-03-25 11:19:54.832] RadarControl.OnPaint[160] DrawCenter
[2026-03-25 11:19:54.833] RadarControl.OnPaint[160] EXIT ok
[2026-03-25 11:19:55.054] RadarControl.SetTargets: count=1, selected=ABC123
[2026-03-25 11:19:55.064] RadarControl.OnPaint[161] ENTER width=743 height=743 targets=1 range=16,0
[2026-03-25 11:19:55.078] RadarControl.OnPaint[161] DrawRangeRings
[2026-03-25 11:19:55.079] RadarControl.OnPaint[161] DrawGrid
[2026-03-25 11:19:55.079] RadarControl.OnPaint[161] DrawTracks
[2026-03-25 11:19:55.080] RadarControl.OnPaint[161] DrawTargets begin
[2026-03-25 11:19:55.080] RadarControl.OnPaint[161] DrawTargets end
[2026-03-25 11:19:55.080] RadarControl.OnPaint[161] DrawCenter
[2026-03-25 11:19:55.080] RadarControl.OnPaint[161] EXIT ok
[2026-03-25 11:19:55.311] RadarControl.SetTargets: count=1, selected=ABC123
[2026-03-25 11:19:55.320] RadarControl.OnPaint[162] ENTER width=743 height=743 targets=1 range=16,0
[2026-03-25 11:19:55.334] RadarControl.OnPaint[162] DrawRangeRings
[2026-03-25 11:19:55.335] RadarControl.OnPaint[162] DrawGrid
[2026-03-25 11:19:55.335] RadarControl.OnPaint[162] DrawTracks
[2026-03-25 11:19:55.336] RadarControl.OnPaint[162] DrawTargets begin
[2026-03-25 11:19:55.336] RadarControl.OnPaint[162] DrawTargets end
[2026-03-25 11:19:55.336] RadarControl.OnPaint[162] DrawCenter
[2026-03-25 11:19:55.337] RadarControl.OnPaint[162] EXIT ok
[2026-03-25 11:19:55.553] RadarControl.SetTargets: count=1, selected=ABC123
[2026-03-25 11:19:55.565] RadarControl.OnPaint[163] ENTER width=743 height=743 targets=1 range=16,0
[2026-03-25 11:19:55.579] RadarControl.OnPaint[163] DrawRangeRings
[2026-03-25 11:19:55.580] RadarControl.OnPaint[163] DrawGrid
[2026-03-25 11:19:55.580] RadarControl.OnPaint[163] DrawTracks
[2026-03-25 11:19:55.581] RadarControl.OnPaint[163] DrawTargets begin
[2026-03-25 11:19:55.581] RadarControl.OnPaint[163] DrawTargets end
[2026-03-25 11:19:55.581] RadarControl.OnPaint[163] DrawCenter
[2026-03-25 11:19:55.581] RadarControl.OnPaint[163] EXIT ok
[2026-03-25 11:19:55.806] RadarControl.SetTargets: count=1, selected=ABC123
[2026-03-25 11:19:55.821] RadarControl.OnPaint[164] ENTER width=743 height=743 targets=1 range=16,0
[2026-03-25 11:19:55.835] RadarControl.OnPaint[164] DrawRangeRings
[2026-03-25 11:19:55.836] RadarControl.OnPaint[164] DrawGrid
[2026-03-25 11:19:55.837] RadarControl.OnPaint[164] DrawTracks
[2026-03-25 11:19:55.837] RadarControl.OnPaint[164] DrawTargets begin
[2026-03-25 11:19:55.837] RadarControl.OnPaint[164] DrawTargets end
[2026-03-25 11:19:55.837] RadarControl.OnPaint[164] DrawCenter
[2026-03-25 11:19:55.838] RadarControl.OnPaint[164] EXIT ok
[2026-03-25 11:19:56.067] RadarControl.SetTargets: count=1, selected=ABC123
[2026-03-25 11:19:56.077] RadarControl.OnPaint[165] ENTER width=743 height=743 targets=1 range=16,0
[2026-03-25 11:19:56.090] RadarControl.OnPaint[165] DrawRangeRings
[2026-03-25 11:19:56.091] RadarControl.OnPaint[165] DrawGrid
[2026-03-25 11:19:56.092] RadarControl.OnPaint[165] DrawTracks
[2026-03-25 11:19:56.092] RadarControl.OnPaint[165] DrawTargets begin
[2026-03-25 11:19:56.092] RadarControl.OnPaint[165] DrawTargets end
[2026-03-25 11:19:56.092] RadarControl.OnPaint[165] DrawCenter
[2026-03-25 11:19:56.093] RadarControl.OnPaint[165] EXIT ok
[2026-03-25 11:19:56.316] RadarControl.SetTargets: count=1, selected=ABC123
[2026-03-25 11:19:56.331] RadarControl.OnPaint[166] ENTER width=743 height=743 targets=1 range=16,0
[2026-03-25 11:19:56.345] RadarControl.OnPaint[166] DrawRangeRings
[2026-03-25 11:19:56.346] RadarControl.OnPaint[166] DrawGrid
[2026-03-25 11:19:56.346] RadarControl.OnPaint[166] DrawTracks
[2026-03-25 11:19:56.347] RadarControl.OnPaint[166] DrawTargets begin
[2026-03-25 11:19:56.347] RadarControl.OnPaint[166] DrawTargets end
[2026-03-25 11:19:56.347] RadarControl.OnPaint[166] DrawCenter
[2026-03-25 11:19:56.347] RadarControl.OnPaint[166] EXIT ok
[2026-03-25 11:19:56.556] RadarControl.SetTargets: count=1, selected=ABC123
[2026-03-25 11:19:56.566] RadarControl.OnPaint[167] ENTER width=743 height=743 targets=1 range=16,0
[2026-03-25 11:19:56.579] RadarControl.OnPaint[167] DrawRangeRings
[2026-03-25 11:19:56.580] RadarControl.OnPaint[167] DrawGrid
[2026-03-25 11:19:56.581] RadarControl.OnPaint[167] DrawTracks
[2026-03-25 11:19:56.581] RadarControl.OnPaint[167] DrawTargets begin
[2026-03-25 11:19:56.582] RadarControl.OnPaint[167] DrawTargets end
[2026-03-25 11:19:56.582] RadarControl.OnPaint[167] DrawCenter
[2026-03-25 11:19:56.582] RadarControl.OnPaint[167] EXIT ok
[2026-03-25 11:19:56.812] RadarControl.SetTargets: count=1, selected=ABC123
[2026-03-25 11:19:56.822] RadarControl.OnPaint[168] ENTER width=743 height=743 targets=1 range=16,0
[2026-03-25 11:19:56.836] RadarControl.OnPaint[168] DrawRangeRings
[2026-03-25 11:19:56.837] RadarControl.OnPaint[168] DrawGrid
[2026-03-25 11:19:56.838] RadarControl.OnPaint[168] DrawTracks
[2026-03-25 11:19:56.838] RadarControl.OnPaint[168] DrawTargets begin
[2026-03-25 11:19:56.838] RadarControl.OnPaint[168] DrawTargets end
[2026-03-25 11:19:56.839] RadarControl.OnPaint[168] DrawCenter
[2026-03-25 11:19:56.839] RadarControl.OnPaint[168] EXIT ok
[2026-03-25 11:19:57.067] RadarControl.SetTargets: count=1, selected=ABC123
[2026-03-25 11:19:57.076] RadarControl.OnPaint[169] ENTER width=743 height=743 targets=1 range=16,0
[2026-03-25 11:19:57.089] RadarControl.OnPaint[169] DrawRangeRings
[2026-03-25 11:19:57.090] RadarControl.OnPaint[169] DrawGrid
[2026-03-25 11:19:57.091] RadarControl.OnPaint[169] DrawTracks
[2026-03-25 11:19:57.091] RadarControl.OnPaint[169] DrawTargets begin
[2026-03-25 11:19:57.091] RadarControl.OnPaint[169] DrawTargets end
[2026-03-25 11:19:57.092] RadarControl.OnPaint[169] DrawCenter
[2026-03-25 11:19:57.092] RadarControl.OnPaint[169] EXIT ok
[2026-03-25 11:19:57.307] RadarControl.SetTargets: count=1, selected=ABC123
[2026-03-25 11:19:57.317] RadarControl.OnPaint[170] ENTER width=743 height=743 targets=1 range=16,0
[2026-03-25 11:19:57.331] RadarControl.OnPaint[170] DrawRangeRings
[2026-03-25 11:19:57.332] RadarControl.OnPaint[170] DrawGrid
[2026-03-25 11:19:57.332] RadarControl.OnPaint[170] DrawTracks
[2026-03-25 11:19:57.333] RadarControl.OnPaint[170] DrawTargets begin
[2026-03-25 11:19:57.333] RadarControl.OnPaint[170] DrawTargets end
[2026-03-25 11:19:57.333] RadarControl.OnPaint[170] DrawCenter
[2026-03-25 11:19:57.333] RadarControl.OnPaint[170] EXIT ok
[2026-03-25 11:19:57.553] RadarControl.SetTargets: count=1, selected=ABC123
[2026-03-25 11:19:57.568] RadarControl.OnPaint[171] ENTER width=743 height=743 targets=1 range=16,0
[2026-03-25 11:19:57.582] RadarControl.OnPaint[171] DrawRangeRings
[2026-03-25 11:19:57.583] RadarControl.OnPaint[171] DrawGrid
[2026-03-25 11:19:57.583] RadarControl.OnPaint[171] DrawTracks
[2026-03-25 11:19:57.584] RadarControl.OnPaint[171] DrawTargets begin
[2026-03-25 11:19:57.584] RadarControl.OnPaint[171] DrawTargets end
[2026-03-25 11:19:57.584] RadarControl.OnPaint[171] DrawCenter
[2026-03-25 11:19:57.585] RadarControl.OnPaint[171] EXIT ok
[2026-03-25 11:19:57.817] RadarControl.SetTargets: count=1, selected=ABC123
[2026-03-25 11:19:57.827] RadarControl.OnPaint[172] ENTER width=743 height=743 targets=1 range=16,0
[2026-03-25 11:19:57.841] RadarControl.OnPaint[172] DrawRangeRings
[2026-03-25 11:19:57.842] RadarControl.OnPaint[172] DrawGrid
[2026-03-25 11:19:57.842] RadarControl.OnPaint[172] DrawTracks
[2026-03-25 11:19:57.842] RadarControl.OnPaint[172] DrawTargets begin
[2026-03-25 11:19:57.843] RadarControl.OnPaint[172] DrawTargets end
[2026-03-25 11:19:57.843] RadarControl.OnPaint[172] DrawCenter
[2026-03-25 11:19:57.843] RadarControl.OnPaint[172] EXIT ok
[2026-03-25 11:19:58.056] RadarControl.SetTargets: count=1, selected=ABC123
[2026-03-25 11:19:58.066] RadarControl.OnPaint[173] ENTER width=743 height=743 targets=1 range=16,0
[2026-03-25 11:19:58.080] RadarControl.OnPaint[173] DrawRangeRings
[2026-03-25 11:19:58.081] RadarControl.OnPaint[173] DrawGrid
[2026-03-25 11:19:58.081] RadarControl.OnPaint[173] DrawTracks
[2026-03-25 11:19:58.082] RadarControl.OnPaint[173] DrawTargets begin
[2026-03-25 11:19:58.082] RadarControl.OnPaint[173] DrawTargets end
[2026-03-25 11:19:58.082] RadarControl.OnPaint[173] DrawCenter
[2026-03-25 11:19:58.082] RadarControl.OnPaint[173] EXIT ok
[2026-03-25 11:19:58.311] RadarControl.SetTargets: count=1, selected=ABC123
[2026-03-25 11:19:58.320] RadarControl.OnPaint[174] ENTER width=743 height=743 targets=1 range=16,0
[2026-03-25 11:19:58.333] RadarControl.OnPaint[174] DrawRangeRings
[2026-03-25 11:19:58.334] RadarControl.OnPaint[174] DrawGrid
[2026-03-25 11:19:58.335] RadarControl.OnPaint[174] DrawTracks
[2026-03-25 11:19:58.335] RadarControl.OnPaint[174] DrawTargets begin
[2026-03-25 11:19:58.336] RadarControl.OnPaint[174] DrawTargets end
[2026-03-25 11:19:58.336] RadarControl.OnPaint[174] DrawCenter
[2026-03-25 11:19:58.336] RadarControl.OnPaint[174] EXIT ok
[2026-03-25 11:19:58.553] RadarControl.SetTargets: count=1, selected=ABC123
[2026-03-25 11:19:58.565] RadarControl.OnPaint[175] ENTER width=743 height=743 targets=1 range=16,0
[2026-03-25 11:19:58.578] RadarControl.OnPaint[175] DrawRangeRings
[2026-03-25 11:19:58.579] RadarControl.OnPaint[175] DrawGrid
[2026-03-25 11:19:58.580] RadarControl.OnPaint[175] DrawTracks
[2026-03-25 11:19:58.580] RadarControl.OnPaint[175] DrawTargets begin
[2026-03-25 11:19:58.581] RadarControl.OnPaint[175] DrawTargets end
[2026-03-25 11:19:58.581] RadarControl.OnPaint[175] DrawCenter
[2026-03-25 11:19:58.581] RadarControl.OnPaint[175] EXIT ok
[2026-03-25 11:19:58.807] RadarControl.SetTargets: count=1, selected=ABC123
[2026-03-25 11:19:58.816] RadarControl.OnPaint[176] ENTER width=743 height=743 targets=1 range=16,0
[2026-03-25 11:19:58.830] RadarControl.OnPaint[176] DrawRangeRings
[2026-03-25 11:19:58.831] RadarControl.OnPaint[176] DrawGrid
[2026-03-25 11:19:58.831] RadarControl.OnPaint[176] DrawTracks
[2026-03-25 11:19:58.832] RadarControl.OnPaint[176] DrawTargets begin
[2026-03-25 11:19:58.832] RadarControl.OnPaint[176] DrawTargets end
[2026-03-25 11:19:58.832] RadarControl.OnPaint[176] DrawCenter
[2026-03-25 11:19:58.833] RadarControl.OnPaint[176] EXIT ok
[2026-03-25 11:19:59.054] RadarControl.SetTargets: count=1, selected=ABC123
[2026-03-25 11:19:59.064] RadarControl.OnPaint[177] ENTER width=743 height=743 targets=1 range=16,0
[2026-03-25 11:19:59.078] RadarControl.OnPaint[177] DrawRangeRings
[2026-03-25 11:19:59.079] RadarControl.OnPaint[177] DrawGrid
[2026-03-25 11:19:59.079] RadarControl.OnPaint[177] DrawTracks
[2026-03-25 11:19:59.080] RadarControl.OnPaint[177] DrawTargets begin
[2026-03-25 11:19:59.080] RadarControl.OnPaint[177] DrawTargets end
[2026-03-25 11:19:59.080] RadarControl.OnPaint[177] DrawCenter
[2026-03-25 11:19:59.080] RadarControl.OnPaint[177] EXIT ok
[2026-03-25 11:19:59.302] RadarControl.SetTargets: count=1, selected=ABC123
[2026-03-25 11:19:59.312] RadarControl.OnPaint[178] ENTER width=743 height=743 targets=1 range=16,0
[2026-03-25 11:19:59.325] RadarControl.OnPaint[178] DrawRangeRings
[2026-03-25 11:19:59.326] RadarControl.OnPaint[178] DrawGrid
[2026-03-25 11:19:59.327] RadarControl.OnPaint[178] DrawTracks
[2026-03-25 11:19:59.327] RadarControl.OnPaint[178] DrawTargets begin
[2026-03-25 11:19:59.328] RadarControl.OnPaint[178] DrawTargets end
[2026-03-25 11:19:59.328] RadarControl.OnPaint[178] DrawCenter
[2026-03-25 11:19:59.328] RadarControl.OnPaint[178] EXIT ok
[2026-03-25 11:19:59.557] RadarControl.SetTargets: count=1, selected=ABC123
[2026-03-25 11:19:59.566] RadarControl.OnPaint[179] ENTER width=743 height=743 targets=1 range=16,0
[2026-03-25 11:19:59.580] RadarControl.OnPaint[179] DrawRangeRings
[2026-03-25 11:19:59.581] RadarControl.OnPaint[179] DrawGrid
[2026-03-25 11:19:59.581] RadarControl.OnPaint[179] DrawTracks
[2026-03-25 11:19:59.582] RadarControl.OnPaint[179] DrawTargets begin
[2026-03-25 11:19:59.582] RadarControl.OnPaint[179] DrawTargets end
[2026-03-25 11:19:59.582] RadarControl.OnPaint[179] DrawCenter
[2026-03-25 11:19:59.582] RadarControl.OnPaint[179] EXIT ok
[2026-03-25 11:19:59.813] RadarControl.SetTargets: count=1, selected=ABC123
[2026-03-25 11:19:59.823] RadarControl.OnPaint[180] ENTER width=743 height=743 targets=1 range=16,0
[2026-03-25 11:19:59.836] RadarControl.OnPaint[180] DrawRangeRings
[2026-03-25 11:19:59.837] RadarControl.OnPaint[180] DrawGrid
[2026-03-25 11:19:59.838] RadarControl.OnPaint[180] DrawTracks
[2026-03-25 11:19:59.838] RadarControl.OnPaint[180] DrawTargets begin
[2026-03-25 11:19:59.839] RadarControl.OnPaint[180] DrawTargets end
[2026-03-25 11:19:59.839] RadarControl.OnPaint[180] DrawCenter
[2026-03-25 11:19:59.839] RadarControl.OnPaint[180] EXIT ok
[2026-03-25 11:20:00.054] RadarControl.SetTargets: count=1, selected=ABC123
[2026-03-25 11:20:00.065] RadarControl.OnPaint[181] ENTER width=743 height=743 targets=1 range=16,0
[2026-03-25 11:20:00.079] RadarControl.OnPaint[181] DrawRangeRings
[2026-03-25 11:20:00.080] RadarControl.OnPaint[181] DrawGrid
[2026-03-25 11:20:00.080] RadarControl.OnPaint[181] DrawTracks
[2026-03-25 11:20:00.081] RadarControl.OnPaint[181] DrawTargets begin
[2026-03-25 11:20:00.081] RadarControl.OnPaint[181] DrawTargets end
[2026-03-25 11:20:00.081] RadarControl.OnPaint[181] DrawCenter
[2026-03-25 11:20:00.082] RadarControl.OnPaint[181] EXIT ok
[2026-03-25 11:20:00.309] RadarControl.SetTargets: count=1, selected=ABC123
[2026-03-25 11:20:00.319] RadarControl.OnPaint[182] ENTER width=743 height=743 targets=1 range=16,0
[2026-03-25 11:20:00.335] RadarControl.OnPaint[182] DrawRangeRings
[2026-03-25 11:20:00.336] RadarControl.OnPaint[182] DrawGrid
[2026-03-25 11:20:00.337] RadarControl.OnPaint[182] DrawTracks
[2026-03-25 11:20:00.337] RadarControl.OnPaint[182] DrawTargets begin
[2026-03-25 11:20:00.337] RadarControl.OnPaint[182] DrawTargets end
[2026-03-25 11:20:00.338] RadarControl.OnPaint[182] DrawCenter
[2026-03-25 11:20:00.338] RadarControl.OnPaint[182] EXIT ok
[2026-03-25 11:20:00.565] RadarControl.SetTargets: count=1, selected=ABC123
[2026-03-25 11:20:00.579] RadarControl.OnPaint[183] ENTER width=743 height=743 targets=1 range=16,0
[2026-03-25 11:20:00.593] RadarControl.OnPaint[183] DrawRangeRings
[2026-03-25 11:20:00.594] RadarControl.OnPaint[183] DrawGrid
[2026-03-25 11:20:00.594] RadarControl.OnPaint[183] DrawTracks
[2026-03-25 11:20:00.594] RadarControl.OnPaint[183] DrawTargets begin
[2026-03-25 11:20:00.595] RadarControl.OnPaint[183] DrawTargets end
[2026-03-25 11:20:00.595] RadarControl.OnPaint[183] DrawCenter
[2026-03-25 11:20:00.595] RadarControl.OnPaint[183] EXIT ok
[2026-03-25 11:20:00.805] RadarControl.SetTargets: count=1, selected=ABC123
[2026-03-25 11:20:00.816] RadarControl.OnPaint[184] ENTER width=743 height=743 targets=1 range=16,0
[2026-03-25 11:20:00.830] RadarControl.OnPaint[184] DrawRangeRings
[2026-03-25 11:20:00.831] RadarControl.OnPaint[184] DrawGrid
[2026-03-25 11:20:00.831] RadarControl.OnPaint[184] DrawTracks
[2026-03-25 11:20:00.832] RadarControl.OnPaint[184] DrawTargets begin
[2026-03-25 11:20:00.832] RadarControl.OnPaint[184] DrawTargets end
[2026-03-25 11:20:00.832] RadarControl.OnPaint[184] DrawCenter
[2026-03-25 11:20:00.833] RadarControl.OnPaint[184] EXIT ok
[2026-03-25 11:20:01.060] RadarControl.SetTargets: count=1, selected=ABC123
[2026-03-25 11:20:01.073] RadarControl.OnPaint[185] ENTER width=743 height=743 targets=1 range=16,0
[2026-03-25 11:20:01.087] RadarControl.OnPaint[185] DrawRangeRings
[2026-03-25 11:20:01.088] RadarControl.OnPaint[185] DrawGrid
[2026-03-25 11:20:01.088] RadarControl.OnPaint[185] DrawTracks
[2026-03-25 11:20:01.089] RadarControl.OnPaint[185] DrawTargets begin
[2026-03-25 11:20:01.089] RadarControl.OnPaint[185] DrawTargets end
[2026-03-25 11:20:01.089] RadarControl.OnPaint[185] DrawCenter
[2026-03-25 11:20:01.089] RadarControl.OnPaint[185] EXIT ok
[2026-03-25 11:20:01.316] RadarControl.SetTargets: count=1, selected=ABC123
[2026-03-25 11:20:01.329] RadarControl.OnPaint[186] ENTER width=743 height=743 targets=1 range=16,0
[2026-03-25 11:20:01.342] RadarControl.OnPaint[186] DrawRangeRings
[2026-03-25 11:20:01.343] RadarControl.OnPaint[186] DrawGrid
[2026-03-25 11:20:01.343] RadarControl.OnPaint[186] DrawTracks
[2026-03-25 11:20:01.344] RadarControl.OnPaint[186] DrawTargets begin
[2026-03-25 11:20:01.344] RadarControl.OnPaint[186] DrawTargets end
[2026-03-25 11:20:01.344] RadarControl.OnPaint[186] DrawCenter
[2026-03-25 11:20:01.345] RadarControl.OnPaint[186] EXIT ok
[2026-03-25 11:20:01.555] RadarControl.SetTargets: count=1, selected=ABC123
[2026-03-25 11:20:01.568] RadarControl.OnPaint[187] ENTER width=743 height=743 targets=1 range=16,0
[2026-03-25 11:20:01.582] RadarControl.OnPaint[187] DrawRangeRings
[2026-03-25 11:20:01.582] RadarControl.OnPaint[187] DrawGrid
[2026-03-25 11:20:01.583] RadarControl.OnPaint[187] DrawTracks
[2026-03-25 11:20:01.583] RadarControl.OnPaint[187] DrawTargets begin
[2026-03-25 11:20:01.584] RadarControl.OnPaint[187] DrawTargets end
[2026-03-25 11:20:01.584] RadarControl.OnPaint[187] DrawCenter
[2026-03-25 11:20:01.584] RadarControl.OnPaint[187] EXIT ok
[2026-03-25 11:20:01.810] RadarControl.SetTargets: count=1, selected=ABC123
[2026-03-25 11:20:01.820] RadarControl.OnPaint[188] ENTER width=743 height=743 targets=1 range=16,0
[2026-03-25 11:20:01.835] RadarControl.OnPaint[188] DrawRangeRings
[2026-03-25 11:20:01.836] RadarControl.OnPaint[188] DrawGrid
[2026-03-25 11:20:01.836] RadarControl.OnPaint[188] DrawTracks
[2026-03-25 11:20:01.837] RadarControl.OnPaint[188] DrawTargets begin
[2026-03-25 11:20:01.837] RadarControl.OnPaint[188] DrawTargets end
[2026-03-25 11:20:01.837] RadarControl.OnPaint[188] DrawCenter
[2026-03-25 11:20:01.837] RadarControl.OnPaint[188] EXIT ok
[2026-03-25 11:20:02.057] RadarControl.SetTargets: count=1, selected=ABC123
[2026-03-25 11:20:02.067] RadarControl.OnPaint[189] ENTER width=743 height=743 targets=1 range=16,0
[2026-03-25 11:20:02.081] RadarControl.OnPaint[189] DrawRangeRings
[2026-03-25 11:20:02.082] RadarControl.OnPaint[189] DrawGrid
[2026-03-25 11:20:02.083] RadarControl.OnPaint[189] DrawTracks
[2026-03-25 11:20:02.083] RadarControl.OnPaint[189] DrawTargets begin
[2026-03-25 11:20:02.083] RadarControl.OnPaint[189] DrawTargets end
[2026-03-25 11:20:02.083] RadarControl.OnPaint[189] DrawCenter
[2026-03-25 11:20:02.084] RadarControl.OnPaint[189] EXIT ok
[2026-03-25 11:20:02.305] RadarControl.SetTargets: count=1, selected=ABC123
[2026-03-25 11:20:02.315] RadarControl.OnPaint[190] ENTER width=743 height=743 targets=1 range=16,0
[2026-03-25 11:20:02.329] RadarControl.OnPaint[190] DrawRangeRings
[2026-03-25 11:20:02.329] RadarControl.OnPaint[190] DrawGrid
[2026-03-25 11:20:02.330] RadarControl.OnPaint[190] DrawTracks
[2026-03-25 11:20:02.330] RadarControl.OnPaint[190] DrawTargets begin
[2026-03-25 11:20:02.331] RadarControl.OnPaint[190] DrawTargets end
[2026-03-25 11:20:02.331] RadarControl.OnPaint[190] DrawCenter
[2026-03-25 11:20:02.331] RadarControl.OnPaint[190] EXIT ok
[2026-03-25 11:20:02.560] RadarControl.SetTargets: count=1, selected=ABC123
[2026-03-25 11:20:02.573] RadarControl.OnPaint[191] ENTER width=743 height=743 targets=1 range=16,0
[2026-03-25 11:20:02.586] RadarControl.OnPaint[191] DrawRangeRings
[2026-03-25 11:20:02.587] RadarControl.OnPaint[191] DrawGrid
[2026-03-25 11:20:02.587] RadarControl.OnPaint[191] DrawTracks
[2026-03-25 11:20:02.588] RadarControl.OnPaint[191] DrawTargets begin
[2026-03-25 11:20:02.588] RadarControl.OnPaint[191] DrawTargets end
[2026-03-25 11:20:02.588] RadarControl.OnPaint[191] DrawCenter
[2026-03-25 11:20:02.589] RadarControl.OnPaint[191] EXIT ok
[2026-03-25 11:20:02.814] RadarControl.SetTargets: count=1, selected=ABC123
[2026-03-25 11:20:02.824] RadarControl.OnPaint[192] ENTER width=743 height=743 targets=1 range=16,0
[2026-03-25 11:20:02.838] RadarControl.OnPaint[192] DrawRangeRings
[2026-03-25 11:20:02.839] RadarControl.OnPaint[192] DrawGrid
[2026-03-25 11:20:02.839] RadarControl.OnPaint[192] DrawTracks
[2026-03-25 11:20:02.839] RadarControl.OnPaint[192] DrawTargets begin
[2026-03-25 11:20:02.840] RadarControl.OnPaint[192] DrawTargets end
[2026-03-25 11:20:02.840] RadarControl.OnPaint[192] DrawCenter
[2026-03-25 11:20:02.840] RadarControl.OnPaint[192] EXIT ok
[2026-03-25 11:20:03.053] RadarControl.SetTargets: count=1, selected=ABC123
[2026-03-25 11:20:03.063] RadarControl.OnPaint[193] ENTER width=743 height=743 targets=1 range=16,0
[2026-03-25 11:20:03.077] RadarControl.OnPaint[193] DrawRangeRings
[2026-03-25 11:20:03.078] RadarControl.OnPaint[193] DrawGrid
[2026-03-25 11:20:03.078] RadarControl.OnPaint[193] DrawTracks
[2026-03-25 11:20:03.079] RadarControl.OnPaint[193] DrawTargets begin
[2026-03-25 11:20:03.079] RadarControl.OnPaint[193] DrawTargets end
[2026-03-25 11:20:03.079] RadarControl.OnPaint[193] DrawCenter
[2026-03-25 11:20:03.080] RadarControl.OnPaint[193] EXIT ok
[2026-03-25 11:20:03.309] RadarControl.SetTargets: count=1, selected=ABC123
[2026-03-25 11:20:03.319] RadarControl.OnPaint[194] ENTER width=743 height=743 targets=1 range=16,0
[2026-03-25 11:20:03.332] RadarControl.OnPaint[194] DrawRangeRings
[2026-03-25 11:20:03.333] RadarControl.OnPaint[194] DrawGrid
[2026-03-25 11:20:03.334] RadarControl.OnPaint[194] DrawTracks
[2026-03-25 11:20:03.334] RadarControl.OnPaint[194] DrawTargets begin
[2026-03-25 11:20:03.334] RadarControl.OnPaint[194] DrawTargets end
[2026-03-25 11:20:03.334] RadarControl.OnPaint[194] DrawCenter
[2026-03-25 11:20:03.335] RadarControl.OnPaint[194] EXIT ok
[2026-03-25 11:20:03.565] RadarControl.SetTargets: count=1, selected=ABC123
[2026-03-25 11:20:03.580] RadarControl.OnPaint[195] ENTER width=743 height=743 targets=1 range=16,0
[2026-03-25 11:20:03.594] RadarControl.OnPaint[195] DrawRangeRings
[2026-03-25 11:20:03.595] RadarControl.OnPaint[195] DrawGrid
[2026-03-25 11:20:03.595] RadarControl.OnPaint[195] DrawTracks
[2026-03-25 11:20:03.595] RadarControl.OnPaint[195] DrawTargets begin
[2026-03-25 11:20:03.596] RadarControl.OnPaint[195] DrawTargets end
[2026-03-25 11:20:03.596] RadarControl.OnPaint[195] DrawCenter
[2026-03-25 11:20:03.596] RadarControl.OnPaint[195] EXIT ok
[2026-03-25 11:20:03.805] RadarControl.SetTargets: count=1, selected=ABC123
[2026-03-25 11:20:03.814] RadarControl.OnPaint[196] ENTER width=743 height=743 targets=1 range=16,0
[2026-03-25 11:20:03.827] RadarControl.OnPaint[196] DrawRangeRings
[2026-03-25 11:20:03.828] RadarControl.OnPaint[196] DrawGrid
[2026-03-25 11:20:03.829] RadarControl.OnPaint[196] DrawTracks
[2026-03-25 11:20:03.829] RadarControl.OnPaint[196] DrawTargets begin
[2026-03-25 11:20:03.830] RadarControl.OnPaint[196] DrawTargets end
[2026-03-25 11:20:03.830] RadarControl.OnPaint[196] DrawCenter
[2026-03-25 11:20:03.830] RadarControl.OnPaint[196] EXIT ok
[2026-03-25 11:20:04.060] RadarControl.SetTargets: count=1, selected=ABC123
[2026-03-25 11:20:04.068] RadarControl.OnPaint[197] ENTER width=743 height=743 targets=1 range=16,0
[2026-03-25 11:20:04.082] RadarControl.OnPaint[197] DrawRangeRings
[2026-03-25 11:20:04.084] RadarControl.OnPaint[197] DrawGrid
[2026-03-25 11:20:04.084] RadarControl.OnPaint[197] DrawTracks
[2026-03-25 11:20:04.085] RadarControl.OnPaint[197] DrawTargets begin
[2026-03-25 11:20:04.085] RadarControl.OnPaint[197] DrawTargets end
[2026-03-25 11:20:04.085] RadarControl.OnPaint[197] DrawCenter
[2026-03-25 11:20:04.085] RadarControl.OnPaint[197] EXIT ok
[2026-03-25 11:20:04.315] RadarControl.SetTargets: count=1, selected=ABC123
[2026-03-25 11:20:04.324] RadarControl.OnPaint[198] ENTER width=743 height=743 targets=1 range=16,0
[2026-03-25 11:20:04.337] RadarControl.OnPaint[198] DrawRangeRings
[2026-03-25 11:20:04.338] RadarControl.OnPaint[198] DrawGrid
[2026-03-25 11:20:04.339] RadarControl.OnPaint[198] DrawTracks
[2026-03-25 11:20:04.339] RadarControl.OnPaint[198] DrawTargets begin
[2026-03-25 11:20:04.339] RadarControl.OnPaint[198] DrawTargets end
[2026-03-25 11:20:04.340] RadarControl.OnPaint[198] DrawCenter
[2026-03-25 11:20:04.340] RadarControl.OnPaint[198] EXIT ok
[2026-03-25 11:20:04.554] RadarControl.SetTargets: count=1, selected=ABC123
[2026-03-25 11:20:04.564] RadarControl.OnPaint[199] ENTER width=743 height=743 targets=1 range=16,0
[2026-03-25 11:20:04.578] RadarControl.OnPaint[199] DrawRangeRings
[2026-03-25 11:20:04.579] RadarControl.OnPaint[199] DrawGrid
[2026-03-25 11:20:04.580] RadarControl.OnPaint[199] DrawTracks
[2026-03-25 11:20:04.580] RadarControl.OnPaint[199] DrawTargets begin
[2026-03-25 11:20:04.581] RadarControl.OnPaint[199] DrawTargets end
[2026-03-25 11:20:04.581] RadarControl.OnPaint[199] DrawCenter
[2026-03-25 11:20:04.581] RadarControl.OnPaint[199] EXIT ok
[2026-03-25 11:20:04.810] RadarControl.SetTargets: count=1, selected=ABC123
[2026-03-25 11:20:04.820] RadarControl.OnPaint[200] ENTER width=743 height=743 targets=1 range=16,0
[2026-03-25 11:20:04.833] RadarControl.OnPaint[200] DrawRangeRings
[2026-03-25 11:20:04.834] RadarControl.OnPaint[200] DrawGrid
[2026-03-25 11:20:04.834] RadarControl.OnPaint[200] DrawTracks
[2026-03-25 11:20:04.835] RadarControl.OnPaint[200] DrawTargets begin
[2026-03-25 11:20:04.835] RadarControl.OnPaint[200] DrawTargets end
[2026-03-25 11:20:04.835] RadarControl.OnPaint[200] DrawCenter
[2026-03-25 11:20:04.836] RadarControl.OnPaint[200] EXIT ok
[2026-03-25 11:20:05.066] RadarControl.SetTargets: count=1, selected=ABC123
[2026-03-25 11:20:05.075] RadarControl.OnPaint[201] ENTER width=743 height=743 targets=1 range=16,0
[2026-03-25 11:20:05.089] RadarControl.OnPaint[201] DrawRangeRings
[2026-03-25 11:20:05.090] RadarControl.OnPaint[201] DrawGrid
[2026-03-25 11:20:05.091] RadarControl.OnPaint[201] DrawTracks
[2026-03-25 11:20:05.091] RadarControl.OnPaint[201] DrawTargets begin
[2026-03-25 11:20:05.092] RadarControl.OnPaint[201] DrawTargets end
[2026-03-25 11:20:05.092] RadarControl.OnPaint[201] DrawCenter
[2026-03-25 11:20:05.092] RadarControl.OnPaint[201] EXIT ok
[2026-03-25 11:20:05.305] RadarControl.SetTargets: count=1, selected=ABC123
[2026-03-25 11:20:05.313] RadarControl.OnPaint[202] ENTER width=743 height=743 targets=1 range=16,0
[2026-03-25 11:20:05.327] RadarControl.OnPaint[202] DrawRangeRings
[2026-03-25 11:20:05.328] RadarControl.OnPaint[202] DrawGrid
[2026-03-25 11:20:05.328] RadarControl.OnPaint[202] DrawTracks
[2026-03-25 11:20:05.329] RadarControl.OnPaint[202] DrawTargets begin
[2026-03-25 11:20:05.329] RadarControl.OnPaint[202] DrawTargets end
[2026-03-25 11:20:05.329] RadarControl.OnPaint[202] DrawCenter
[2026-03-25 11:20:05.330] RadarControl.OnPaint[202] EXIT ok
[2026-03-25 11:20:05.561] RadarControl.SetTargets: count=1, selected=ABC123
[2026-03-25 11:20:05.574] RadarControl.OnPaint[203] ENTER width=743 height=743 targets=1 range=16,0
[2026-03-25 11:20:05.588] RadarControl.OnPaint[203] DrawRangeRings
[2026-03-25 11:20:05.589] RadarControl.OnPaint[203] DrawGrid
[2026-03-25 11:20:05.589] RadarControl.OnPaint[203] DrawTracks
[2026-03-25 11:20:05.590] RadarControl.OnPaint[203] DrawTargets begin
[2026-03-25 11:20:05.590] RadarControl.OnPaint[203] DrawTargets end
[2026-03-25 11:20:05.590] RadarControl.OnPaint[203] DrawCenter
[2026-03-25 11:20:05.591] RadarControl.OnPaint[203] EXIT ok
[2026-03-25 11:20:05.816] RadarControl.SetTargets: count=1, selected=ABC123
[2026-03-25 11:20:05.825] RadarControl.OnPaint[204] ENTER width=743 height=743 targets=1 range=16,0
[2026-03-25 11:20:05.838] RadarControl.OnPaint[204] DrawRangeRings
[2026-03-25 11:20:05.839] RadarControl.OnPaint[204] DrawGrid
[2026-03-25 11:20:05.840] RadarControl.OnPaint[204] DrawTracks
[2026-03-25 11:20:05.840] RadarControl.OnPaint[204] DrawTargets begin
[2026-03-25 11:20:05.841] RadarControl.OnPaint[204] DrawTargets end
[2026-03-25 11:20:05.841] RadarControl.OnPaint[204] DrawCenter
[2026-03-25 11:20:05.841] RadarControl.OnPaint[204] EXIT ok
[2026-03-25 11:20:06.054] RadarControl.SetTargets: count=1, selected=ABC123
[2026-03-25 11:20:06.063] RadarControl.OnPaint[205] ENTER width=743 height=743 targets=1 range=16,0
[2026-03-25 11:20:06.077] RadarControl.OnPaint[205] DrawRangeRings
[2026-03-25 11:20:06.078] RadarControl.OnPaint[205] DrawGrid
[2026-03-25 11:20:06.079] RadarControl.OnPaint[205] DrawTracks
[2026-03-25 11:20:06.079] RadarControl.OnPaint[205] DrawTargets begin
[2026-03-25 11:20:06.080] RadarControl.OnPaint[205] DrawTargets end
[2026-03-25 11:20:06.080] RadarControl.OnPaint[205] DrawCenter
[2026-03-25 11:20:06.080] RadarControl.OnPaint[205] EXIT ok
[2026-03-25 11:20:06.310] RadarControl.SetTargets: count=1, selected=ABC123
[2026-03-25 11:20:06.319] RadarControl.OnPaint[206] ENTER width=743 height=743 targets=1 range=16,0
[2026-03-25 11:20:06.332] RadarControl.OnPaint[206] DrawRangeRings
[2026-03-25 11:20:06.333] RadarControl.OnPaint[206] DrawGrid
[2026-03-25 11:20:06.334] RadarControl.OnPaint[206] DrawTracks
[2026-03-25 11:20:06.335] RadarControl.OnPaint[206] DrawTargets begin
[2026-03-25 11:20:06.335] RadarControl.OnPaint[206] DrawTargets end
[2026-03-25 11:20:06.335] RadarControl.OnPaint[206] DrawCenter
[2026-03-25 11:20:06.335] RadarControl.OnPaint[206] EXIT ok
[2026-03-25 11:20:06.553] RadarControl.SetTargets: count=1, selected=ABC123
[2026-03-25 11:20:06.562] RadarControl.OnPaint[207] ENTER width=743 height=743 targets=1 range=16,0
[2026-03-25 11:20:06.576] RadarControl.OnPaint[207] DrawRangeRings
[2026-03-25 11:20:06.577] RadarControl.OnPaint[207] DrawGrid
[2026-03-25 11:20:06.578] RadarControl.OnPaint[207] DrawTracks
[2026-03-25 11:20:06.579] RadarControl.OnPaint[207] DrawTargets begin
[2026-03-25 11:20:06.579] RadarControl.OnPaint[207] DrawTargets end
[2026-03-25 11:20:06.579] RadarControl.OnPaint[207] DrawCenter
[2026-03-25 11:20:06.579] RadarControl.OnPaint[207] EXIT ok
[2026-03-25 11:20:06.806] RadarControl.SetTargets: count=1, selected=ABC123
[2026-03-25 11:20:06.815] RadarControl.OnPaint[208] ENTER width=743 height=743 targets=1 range=16,0
[2026-03-25 11:20:06.828] RadarControl.OnPaint[208] DrawRangeRings
[2026-03-25 11:20:06.829] RadarControl.OnPaint[208] DrawGrid
[2026-03-25 11:20:06.830] RadarControl.OnPaint[208] DrawTracks
[2026-03-25 11:20:06.830] RadarControl.OnPaint[208] DrawTargets begin
[2026-03-25 11:20:06.831] RadarControl.OnPaint[208] DrawTargets end
[2026-03-25 11:20:06.831] RadarControl.OnPaint[208] DrawCenter
[2026-03-25 11:20:06.831] RadarControl.OnPaint[208] EXIT ok
[2026-03-25 11:20:07.053] RadarControl.SetTargets: count=1, selected=ABC123
[2026-03-25 11:20:07.062] RadarControl.OnPaint[209] ENTER width=743 height=743 targets=1 range=16,0
[2026-03-25 11:20:07.075] RadarControl.OnPaint[209] DrawRangeRings
[2026-03-25 11:20:07.076] RadarControl.OnPaint[209] DrawGrid
[2026-03-25 11:20:07.077] RadarControl.OnPaint[209] DrawTracks
[2026-03-25 11:20:07.078] RadarControl.OnPaint[209] DrawTargets begin
[2026-03-25 11:20:07.078] RadarControl.OnPaint[209] DrawTargets end
[2026-03-25 11:20:07.078] RadarControl.OnPaint[209] DrawCenter
[2026-03-25 11:20:07.079] RadarControl.OnPaint[209] EXIT ok
[2026-03-25 11:20:07.317] RadarControl.SetTargets: count=1, selected=ABC123
[2026-03-25 11:20:07.326] RadarControl.OnPaint[210] ENTER width=743 height=743 targets=1 range=16,0
[2026-03-25 11:20:07.339] RadarControl.OnPaint[210] DrawRangeRings
[2026-03-25 11:20:07.340] RadarControl.OnPaint[210] DrawGrid
[2026-03-25 11:20:07.341] RadarControl.OnPaint[210] DrawTracks
[2026-03-25 11:20:07.341] RadarControl.OnPaint[210] DrawTargets begin
[2026-03-25 11:20:07.341] RadarControl.OnPaint[210] DrawTargets end
[2026-03-25 11:20:07.342] RadarControl.OnPaint[210] DrawCenter
[2026-03-25 11:20:07.342] RadarControl.OnPaint[210] EXIT ok
[2026-03-25 11:20:07.557] RadarControl.SetTargets: count=1, selected=ABC123
[2026-03-25 11:20:07.575] RadarControl.OnPaint[211] ENTER width=743 height=743 targets=1 range=16,0
[2026-03-25 11:20:07.590] RadarControl.OnPaint[211] DrawRangeRings
[2026-03-25 11:20:07.591] RadarControl.OnPaint[211] DrawGrid
[2026-03-25 11:20:07.591] RadarControl.OnPaint[211] DrawTracks
[2026-03-25 11:20:07.592] RadarControl.OnPaint[211] DrawTargets begin
[2026-03-25 11:20:07.592] RadarControl.OnPaint[211] DrawTargets end
[2026-03-25 11:20:07.592] RadarControl.OnPaint[211] DrawCenter
[2026-03-25 11:20:07.593] RadarControl.OnPaint[211] EXIT ok
[2026-03-25 11:20:07.810] RadarControl.SetTargets: count=1, selected=ABC123
[2026-03-25 11:20:07.820] RadarControl.OnPaint[212] ENTER width=743 height=743 targets=1 range=16,0
[2026-03-25 11:20:07.833] RadarControl.OnPaint[212] DrawRangeRings
[2026-03-25 11:20:07.834] RadarControl.OnPaint[212] DrawGrid
[2026-03-25 11:20:07.835] RadarControl.OnPaint[212] DrawTracks
[2026-03-25 11:20:07.835] RadarControl.OnPaint[212] DrawTargets begin
[2026-03-25 11:20:07.835] RadarControl.OnPaint[212] DrawTargets end
[2026-03-25 11:20:07.836] RadarControl.OnPaint[212] DrawCenter
[2026-03-25 11:20:07.836] RadarControl.OnPaint[212] EXIT ok
[2026-03-25 11:20:08.066] RadarControl.SetTargets: count=1, selected=ABC123
[2026-03-25 11:20:08.084] RadarControl.OnPaint[213] ENTER width=743 height=743 targets=1 range=16,0
[2026-03-25 11:20:08.097] RadarControl.OnPaint[213] DrawRangeRings
[2026-03-25 11:20:08.098] RadarControl.OnPaint[213] DrawGrid
[2026-03-25 11:20:08.099] RadarControl.OnPaint[213] DrawTracks
[2026-03-25 11:20:08.099] RadarControl.OnPaint[213] DrawTargets begin
[2026-03-25 11:20:08.100] RadarControl.OnPaint[213] DrawTargets end
[2026-03-25 11:20:08.100] RadarControl.OnPaint[213] DrawCenter
[2026-03-25 11:20:08.100] RadarControl.OnPaint[213] EXIT ok
[2026-03-25 11:20:08.304] RadarControl.SetTargets: count=1, selected=ABC123
[2026-03-25 11:20:08.313] RadarControl.OnPaint[214] ENTER width=743 height=743 targets=1 range=16,0
[2026-03-25 11:20:08.326] RadarControl.OnPaint[214] DrawRangeRings
[2026-03-25 11:20:08.327] RadarControl.OnPaint[214] DrawGrid
[2026-03-25 11:20:08.328] RadarControl.OnPaint[214] DrawTracks
[2026-03-25 11:20:08.328] RadarControl.OnPaint[214] DrawTargets begin
[2026-03-25 11:20:08.329] RadarControl.OnPaint[214] DrawTargets end
[2026-03-25 11:20:08.329] RadarControl.OnPaint[214] DrawCenter
[2026-03-25 11:20:08.329] RadarControl.OnPaint[214] EXIT ok
[2026-03-25 11:20:08.560] RadarControl.SetTargets: count=1, selected=ABC123
[2026-03-25 11:20:08.569] RadarControl.OnPaint[215] ENTER width=743 height=743 targets=1 range=16,0
[2026-03-25 11:20:08.583] RadarControl.OnPaint[215] DrawRangeRings
[2026-03-25 11:20:08.584] RadarControl.OnPaint[215] DrawGrid
[2026-03-25 11:20:08.585] RadarControl.OnPaint[215] DrawTracks
[2026-03-25 11:20:08.585] RadarControl.OnPaint[215] DrawTargets begin
[2026-03-25 11:20:08.586] RadarControl.OnPaint[215] DrawTargets end
[2026-03-25 11:20:08.586] RadarControl.OnPaint[215] DrawCenter
[2026-03-25 11:20:08.586] RadarControl.OnPaint[215] EXIT ok
[2026-03-25 11:20:08.814] RadarControl.SetTargets: count=1, selected=ABC123
[2026-03-25 11:20:08.823] RadarControl.OnPaint[216] ENTER width=743 height=743 targets=1 range=16,0
[2026-03-25 11:20:08.837] RadarControl.OnPaint[216] DrawRangeRings
[2026-03-25 11:20:08.838] RadarControl.OnPaint[216] DrawGrid
[2026-03-25 11:20:08.838] RadarControl.OnPaint[216] DrawTracks
[2026-03-25 11:20:08.839] RadarControl.OnPaint[216] DrawTargets begin
[2026-03-25 11:20:08.839] RadarControl.OnPaint[216] DrawTargets end
[2026-03-25 11:20:08.839] RadarControl.OnPaint[216] DrawCenter
[2026-03-25 11:20:08.840] RadarControl.OnPaint[216] EXIT ok
[2026-03-25 11:20:09.053] RadarControl.SetTargets: count=1, selected=ABC123
[2026-03-25 11:20:09.062] RadarControl.OnPaint[217] ENTER width=743 height=743 targets=1 range=16,0
[2026-03-25 11:20:09.075] RadarControl.OnPaint[217] DrawRangeRings
[2026-03-25 11:20:09.076] RadarControl.OnPaint[217] DrawGrid
[2026-03-25 11:20:09.077] RadarControl.OnPaint[217] DrawTracks
[2026-03-25 11:20:09.078] RadarControl.OnPaint[217] DrawTargets begin
[2026-03-25 11:20:09.078] RadarControl.OnPaint[217] DrawTargets end
[2026-03-25 11:20:09.078] RadarControl.OnPaint[217] DrawCenter
[2026-03-25 11:20:09.078] RadarControl.OnPaint[217] EXIT ok
[2026-03-25 11:20:09.309] RadarControl.SetTargets: count=1, selected=ABC123
[2026-03-25 11:20:09.318] RadarControl.OnPaint[218] ENTER width=743 height=743 targets=1 range=16,0
[2026-03-25 11:20:09.331] RadarControl.OnPaint[218] DrawRangeRings
[2026-03-25 11:20:09.332] RadarControl.OnPaint[218] DrawGrid
[2026-03-25 11:20:09.333] RadarControl.OnPaint[218] DrawTracks
[2026-03-25 11:20:09.333] RadarControl.OnPaint[218] DrawTargets begin
[2026-03-25 11:20:09.334] RadarControl.OnPaint[218] DrawTargets end
[2026-03-25 11:20:09.334] RadarControl.OnPaint[218] DrawCenter
[2026-03-25 11:20:09.334] RadarControl.OnPaint[218] EXIT ok
[2026-03-25 11:20:09.565] RadarControl.SetTargets: count=1, selected=ABC123
[2026-03-25 11:20:09.574] RadarControl.OnPaint[219] ENTER width=743 height=743 targets=1 range=16,0
[2026-03-25 11:20:09.587] RadarControl.OnPaint[219] DrawRangeRings
[2026-03-25 11:20:09.588] RadarControl.OnPaint[219] DrawGrid
[2026-03-25 11:20:09.589] RadarControl.OnPaint[219] DrawTracks
[2026-03-25 11:20:09.589] RadarControl.OnPaint[219] DrawTargets begin
[2026-03-25 11:20:09.590] RadarControl.OnPaint[219] DrawTargets end
[2026-03-25 11:20:09.590] RadarControl.OnPaint[219] DrawCenter
[2026-03-25 11:20:09.590] RadarControl.OnPaint[219] EXIT ok
[2026-03-25 11:20:09.805] RadarControl.SetTargets: count=1, selected=ABC123
[2026-03-25 11:20:09.813] RadarControl.OnPaint[220] ENTER width=743 height=743 targets=1 range=16,0
[2026-03-25 11:20:09.827] RadarControl.OnPaint[220] DrawRangeRings
[2026-03-25 11:20:09.828] RadarControl.OnPaint[220] DrawGrid
[2026-03-25 11:20:09.828] RadarControl.OnPaint[220] DrawTracks
[2026-03-25 11:20:09.829] RadarControl.OnPaint[220] DrawTargets begin
[2026-03-25 11:20:09.829] RadarControl.OnPaint[220] DrawTargets end
[2026-03-25 11:20:09.829] RadarControl.OnPaint[220] DrawCenter
[2026-03-25 11:20:09.830] RadarControl.OnPaint[220] EXIT ok
[2026-03-25 11:20:10.059] RadarControl.SetTargets: count=1, selected=ABC123
[2026-03-25 11:20:10.068] RadarControl.OnPaint[221] ENTER width=743 height=743 targets=1 range=16,0
[2026-03-25 11:20:10.082] RadarControl.OnPaint[221] DrawRangeRings
[2026-03-25 11:20:10.083] RadarControl.OnPaint[221] DrawGrid
[2026-03-25 11:20:10.084] RadarControl.OnPaint[221] DrawTracks
[2026-03-25 11:20:10.084] RadarControl.OnPaint[221] DrawTargets begin
[2026-03-25 11:20:10.085] RadarControl.OnPaint[221] DrawTargets end
[2026-03-25 11:20:10.085] RadarControl.OnPaint[221] DrawCenter
[2026-03-25 11:20:10.085] RadarControl.OnPaint[221] EXIT ok
[2026-03-25 11:20:10.314] RadarControl.SetTargets: count=1, selected=ABC123
[2026-03-25 11:20:10.323] RadarControl.OnPaint[222] ENTER width=743 height=743 targets=1 range=16,0
[2026-03-25 11:20:10.336] RadarControl.OnPaint[222] DrawRangeRings
[2026-03-25 11:20:10.337] RadarControl.OnPaint[222] DrawGrid
[2026-03-25 11:20:10.337] RadarControl.OnPaint[222] DrawTracks
[2026-03-25 11:20:10.338] RadarControl.OnPaint[222] DrawTargets begin
[2026-03-25 11:20:10.338] RadarControl.OnPaint[222] DrawTargets end
[2026-03-25 11:20:10.338] RadarControl.OnPaint[222] DrawCenter
[2026-03-25 11:20:10.339] RadarControl.OnPaint[222] EXIT ok
[2026-03-25 11:20:10.554] RadarControl.SetTargets: count=1, selected=ABC123
[2026-03-25 11:20:10.564] RadarControl.OnPaint[223] ENTER width=743 height=743 targets=1 range=16,0
[2026-03-25 11:20:10.577] RadarControl.OnPaint[223] DrawRangeRings
[2026-03-25 11:20:10.578] RadarControl.OnPaint[223] DrawGrid
[2026-03-25 11:20:10.579] RadarControl.OnPaint[223] DrawTracks
[2026-03-25 11:20:10.579] RadarControl.OnPaint[223] DrawTargets begin
[2026-03-25 11:20:10.579] RadarControl.OnPaint[223] DrawTargets end
[2026-03-25 11:20:10.580] RadarControl.OnPaint[223] DrawCenter
[2026-03-25 11:20:10.580] RadarControl.OnPaint[223] EXIT ok
[2026-03-25 11:20:10.810] RadarControl.SetTargets: count=1, selected=ABC123
[2026-03-25 11:20:10.822] RadarControl.OnPaint[224] ENTER width=743 height=743 targets=1 range=16,0
[2026-03-25 11:20:10.836] RadarControl.OnPaint[224] DrawRangeRings
[2026-03-25 11:20:10.836] RadarControl.OnPaint[224] DrawGrid
[2026-03-25 11:20:10.837] RadarControl.OnPaint[224] DrawTracks
[2026-03-25 11:20:10.837] RadarControl.OnPaint[224] DrawTargets begin
[2026-03-25 11:20:10.838] RadarControl.OnPaint[224] DrawTargets end
[2026-03-25 11:20:10.838] RadarControl.OnPaint[224] DrawCenter
[2026-03-25 11:20:10.838] RadarControl.OnPaint[224] EXIT ok
[2026-03-25 11:20:11.065] RadarControl.SetTargets: count=1, selected=ABC123
[2026-03-25 11:20:11.075] RadarControl.OnPaint[225] ENTER width=743 height=743 targets=1 range=16,0
[2026-03-25 11:20:11.089] RadarControl.OnPaint[225] DrawRangeRings
[2026-03-25 11:20:11.090] RadarControl.OnPaint[225] DrawGrid
[2026-03-25 11:20:11.090] RadarControl.OnPaint[225] DrawTracks
[2026-03-25 11:20:11.091] RadarControl.OnPaint[225] DrawTargets begin
[2026-03-25 11:20:11.091] RadarControl.OnPaint[225] DrawTargets end
[2026-03-25 11:20:11.091] RadarControl.OnPaint[225] DrawCenter
[2026-03-25 11:20:11.092] RadarControl.OnPaint[225] EXIT ok
[2026-03-25 11:20:11.305] RadarControl.SetTargets: count=1, selected=ABC123
[2026-03-25 11:20:11.314] RadarControl.OnPaint[226] ENTER width=743 height=743 targets=1 range=16,0
[2026-03-25 11:20:11.328] RadarControl.OnPaint[226] DrawRangeRings
[2026-03-25 11:20:11.329] RadarControl.OnPaint[226] DrawGrid
[2026-03-25 11:20:11.329] RadarControl.OnPaint[226] DrawTracks
[2026-03-25 11:20:11.330] RadarControl.OnPaint[226] DrawTargets begin
[2026-03-25 11:20:11.330] RadarControl.OnPaint[226] DrawTargets end
[2026-03-25 11:20:11.330] RadarControl.OnPaint[226] DrawCenter
[2026-03-25 11:20:11.330] RadarControl.OnPaint[226] EXIT ok
[2026-03-25 11:20:11.561] RadarControl.SetTargets: count=1, selected=ABC123
[2026-03-25 11:20:11.570] RadarControl.OnPaint[227] ENTER width=743 height=743 targets=1 range=16,0
[2026-03-25 11:20:11.586] RadarControl.OnPaint[227] DrawRangeRings
[2026-03-25 11:20:11.587] RadarControl.OnPaint[227] DrawGrid
[2026-03-25 11:20:11.588] RadarControl.OnPaint[227] DrawTracks
[2026-03-25 11:20:11.588] RadarControl.OnPaint[227] DrawTargets begin
[2026-03-25 11:20:11.588] RadarControl.OnPaint[227] DrawTargets end
[2026-03-25 11:20:11.589] RadarControl.OnPaint[227] DrawCenter
[2026-03-25 11:20:11.589] RadarControl.OnPaint[227] EXIT ok
[2026-03-25 11:20:11.817] RadarControl.SetTargets: count=1, selected=ABC123
[2026-03-25 11:20:11.827] RadarControl.OnPaint[228] ENTER width=743 height=743 targets=1 range=16,0
[2026-03-25 11:20:11.840] RadarControl.OnPaint[228] DrawRangeRings
[2026-03-25 11:20:11.841] RadarControl.OnPaint[228] DrawGrid
[2026-03-25 11:20:11.841] RadarControl.OnPaint[228] DrawTracks
[2026-03-25 11:20:11.842] RadarControl.OnPaint[228] DrawTargets begin
[2026-03-25 11:20:11.842] RadarControl.OnPaint[228] DrawTargets end
[2026-03-25 11:20:11.843] RadarControl.OnPaint[228] DrawCenter
[2026-03-25 11:20:11.843] RadarControl.OnPaint[228] EXIT ok
[2026-03-25 11:20:12.056] RadarControl.SetTargets: count=1, selected=ABC123
[2026-03-25 11:20:12.066] RadarControl.OnPaint[229] ENTER width=743 height=743 targets=1 range=16,0
[2026-03-25 11:20:12.080] RadarControl.OnPaint[229] DrawRangeRings
[2026-03-25 11:20:12.080] RadarControl.OnPaint[229] DrawGrid
[2026-03-25 11:20:12.081] RadarControl.OnPaint[229] DrawTracks
[2026-03-25 11:20:12.081] RadarControl.OnPaint[229] DrawTargets begin
[2026-03-25 11:20:12.082] RadarControl.OnPaint[229] DrawTargets end
[2026-03-25 11:20:12.082] RadarControl.OnPaint[229] DrawCenter
[2026-03-25 11:20:12.082] RadarControl.OnPaint[229] EXIT ok
[2026-03-25 11:20:12.312] RadarControl.SetTargets: count=1, selected=ABC123
[2026-03-25 11:20:12.322] RadarControl.OnPaint[230] ENTER width=743 height=743 targets=1 range=16,0
[2026-03-25 11:20:12.335] RadarControl.OnPaint[230] DrawRangeRings
[2026-03-25 11:20:12.336] RadarControl.OnPaint[230] DrawGrid
[2026-03-25 11:20:12.337] RadarControl.OnPaint[230] DrawTracks
[2026-03-25 11:20:12.337] RadarControl.OnPaint[230] DrawTargets begin
[2026-03-25 11:20:12.338] RadarControl.OnPaint[230] DrawTargets end
[2026-03-25 11:20:12.338] RadarControl.OnPaint[230] DrawCenter
[2026-03-25 11:20:12.338] RadarControl.OnPaint[230] EXIT ok
[2026-03-25 11:20:12.553] RadarControl.SetTargets: count=1, selected=ABC123
[2026-03-25 11:20:12.566] RadarControl.OnPaint[231] ENTER width=743 height=743 targets=1 range=16,0
[2026-03-25 11:20:12.580] RadarControl.OnPaint[231] DrawRangeRings
[2026-03-25 11:20:12.580] RadarControl.OnPaint[231] DrawGrid
[2026-03-25 11:20:12.581] RadarControl.OnPaint[231] DrawTracks
[2026-03-25 11:20:12.581] RadarControl.OnPaint[231] DrawTargets begin
[2026-03-25 11:20:12.582] RadarControl.OnPaint[231] DrawTargets end
[2026-03-25 11:20:12.582] RadarControl.OnPaint[231] DrawCenter
[2026-03-25 11:20:12.582] RadarControl.OnPaint[231] EXIT ok
[2026-03-25 11:20:12.807] RadarControl.SetTargets: count=1, selected=ABC123
[2026-03-25 11:20:12.816] RadarControl.OnPaint[232] ENTER width=743 height=743 targets=1 range=16,0
[2026-03-25 11:20:12.829] RadarControl.OnPaint[232] DrawRangeRings
[2026-03-25 11:20:12.830] RadarControl.OnPaint[232] DrawGrid
[2026-03-25 11:20:12.831] RadarControl.OnPaint[232] DrawTracks
[2026-03-25 11:20:12.831] RadarControl.OnPaint[232] DrawTargets begin
[2026-03-25 11:20:12.832] RadarControl.OnPaint[232] DrawTargets end
[2026-03-25 11:20:12.832] RadarControl.OnPaint[232] DrawCenter
[2026-03-25 11:20:12.832] RadarControl.OnPaint[232] EXIT ok
[2026-03-25 11:20:13.063] RadarControl.SetTargets: count=1, selected=ABC123
[2026-03-25 11:20:13.074] RadarControl.OnPaint[233] ENTER width=743 height=743 targets=1 range=16,0
[2026-03-25 11:20:13.088] RadarControl.OnPaint[233] DrawRangeRings
[2026-03-25 11:20:13.089] RadarControl.OnPaint[233] DrawGrid
[2026-03-25 11:20:13.089] RadarControl.OnPaint[233] DrawTracks
[2026-03-25 11:20:13.090] RadarControl.OnPaint[233] DrawTargets begin
[2026-03-25 11:20:13.090] RadarControl.OnPaint[233] DrawTargets end
[2026-03-25 11:20:13.090] RadarControl.OnPaint[233] DrawCenter
[2026-03-25 11:20:13.090] RadarControl.OnPaint[233] EXIT ok
[2026-03-25 11:20:13.303] RadarControl.SetTargets: count=1, selected=ABC123
[2026-03-25 11:20:13.312] RadarControl.OnPaint[234] ENTER width=743 height=743 targets=1 range=16,0
[2026-03-25 11:20:13.325] RadarControl.OnPaint[234] DrawRangeRings
[2026-03-25 11:20:13.326] RadarControl.OnPaint[234] DrawGrid
[2026-03-25 11:20:13.326] RadarControl.OnPaint[234] DrawTracks
[2026-03-25 11:20:13.327] RadarControl.OnPaint[234] DrawTargets begin
[2026-03-25 11:20:13.327] RadarControl.OnPaint[234] DrawTargets end
[2026-03-25 11:20:13.328] RadarControl.OnPaint[234] DrawCenter
[2026-03-25 11:20:13.328] RadarControl.OnPaint[234] EXIT ok
[2026-03-25 11:20:13.558] RadarControl.SetTargets: count=1, selected=ABC123
[2026-03-25 11:20:13.568] RadarControl.OnPaint[235] ENTER width=743 height=743 targets=1 range=16,0
[2026-03-25 11:20:13.584] RadarControl.OnPaint[235] DrawRangeRings
[2026-03-25 11:20:13.585] RadarControl.OnPaint[235] DrawGrid
[2026-03-25 11:20:13.586] RadarControl.OnPaint[235] DrawTracks
[2026-03-25 11:20:13.586] RadarControl.OnPaint[235] DrawTargets begin
[2026-03-25 11:20:13.587] RadarControl.OnPaint[235] DrawTargets end
[2026-03-25 11:20:13.587] RadarControl.OnPaint[235] DrawCenter
[2026-03-25 11:20:13.587] RadarControl.OnPaint[235] EXIT ok
[2026-03-25 11:20:13.813] RadarControl.SetTargets: count=1, selected=ABC123
[2026-03-25 11:20:13.822] RadarControl.OnPaint[236] ENTER width=743 height=743 targets=1 range=16,0
[2026-03-25 11:20:13.836] RadarControl.OnPaint[236] DrawRangeRings
[2026-03-25 11:20:13.837] RadarControl.OnPaint[236] DrawGrid
[2026-03-25 11:20:13.838] RadarControl.OnPaint[236] DrawTracks
[2026-03-25 11:20:13.838] RadarControl.OnPaint[236] DrawTargets begin
[2026-03-25 11:20:13.839] RadarControl.OnPaint[236] DrawTargets end
[2026-03-25 11:20:13.839] RadarControl.OnPaint[236] DrawCenter
[2026-03-25 11:20:13.839] RadarControl.OnPaint[236] EXIT ok
[2026-03-25 11:20:14.068] RadarControl.SetTargets: count=1, selected=ABC123
[2026-03-25 11:20:14.079] RadarControl.OnPaint[237] ENTER width=743 height=743 targets=1 range=16,0
[2026-03-25 11:20:14.093] RadarControl.OnPaint[237] DrawRangeRings
[2026-03-25 11:20:14.094] RadarControl.OnPaint[237] DrawGrid
[2026-03-25 11:20:14.095] RadarControl.OnPaint[237] DrawTracks
[2026-03-25 11:20:14.095] RadarControl.OnPaint[237] DrawTargets begin
[2026-03-25 11:20:14.096] RadarControl.OnPaint[237] DrawTargets end
[2026-03-25 11:20:14.096] RadarControl.OnPaint[237] DrawCenter
[2026-03-25 11:20:14.096] RadarControl.OnPaint[237] EXIT ok
[2026-03-25 11:20:14.308] RadarControl.SetTargets: count=1, selected=ABC123
[2026-03-25 11:20:14.317] RadarControl.OnPaint[238] ENTER width=743 height=743 targets=1 range=16,0
[2026-03-25 11:20:14.331] RadarControl.OnPaint[238] DrawRangeRings
[2026-03-25 11:20:14.332] RadarControl.OnPaint[238] DrawGrid
[2026-03-25 11:20:14.332] RadarControl.OnPaint[238] DrawTracks
[2026-03-25 11:20:14.333] RadarControl.OnPaint[238] DrawTargets begin
[2026-03-25 11:20:14.333] RadarControl.OnPaint[238] DrawTargets end
[2026-03-25 11:20:14.333] RadarControl.OnPaint[238] DrawCenter
[2026-03-25 11:20:14.333] RadarControl.OnPaint[238] EXIT ok
[2026-03-25 11:20:14.557] RadarControl.SetTargets: count=1, selected=ABC123
[2026-03-25 11:20:14.568] RadarControl.OnPaint[239] ENTER width=743 height=743 targets=1 range=16,0
[2026-03-25 11:20:14.581] RadarControl.OnPaint[239] DrawRangeRings
[2026-03-25 11:20:14.582] RadarControl.OnPaint[239] DrawGrid
[2026-03-25 11:20:14.583] RadarControl.OnPaint[239] DrawTracks
[2026-03-25 11:20:14.583] RadarControl.OnPaint[239] DrawTargets begin
[2026-03-25 11:20:14.584] RadarControl.OnPaint[239] DrawTargets end
[2026-03-25 11:20:14.584] RadarControl.OnPaint[239] DrawCenter
[2026-03-25 11:20:14.584] RadarControl.OnPaint[239] EXIT ok
[2026-03-25 11:20:14.803] RadarControl.SetTargets: count=1, selected=ABC123
[2026-03-25 11:20:14.812] RadarControl.OnPaint[240] ENTER width=743 height=743 targets=1 range=16,0
[2026-03-25 11:20:14.825] RadarControl.OnPaint[240] DrawRangeRings
[2026-03-25 11:20:14.826] RadarControl.OnPaint[240] DrawGrid
[2026-03-25 11:20:14.827] RadarControl.OnPaint[240] DrawTracks
[2026-03-25 11:20:14.827] RadarControl.OnPaint[240] DrawTargets begin
[2026-03-25 11:20:14.828] RadarControl.OnPaint[240] DrawTargets end
[2026-03-25 11:20:14.828] RadarControl.OnPaint[240] DrawCenter
[2026-03-25 11:20:14.828] RadarControl.OnPaint[240] EXIT ok
[2026-03-25 11:20:15.059] RadarControl.SetTargets: count=1, selected=ABC123
[2026-03-25 11:20:15.067] RadarControl.OnPaint[241] ENTER width=743 height=743 targets=1 range=16,0
[2026-03-25 11:20:15.082] RadarControl.OnPaint[241] DrawRangeRings
[2026-03-25 11:20:15.083] RadarControl.OnPaint[241] DrawGrid
[2026-03-25 11:20:15.083] RadarControl.OnPaint[241] DrawTracks
[2026-03-25 11:20:15.084] RadarControl.OnPaint[241] DrawTargets begin
[2026-03-25 11:20:15.084] RadarControl.OnPaint[241] DrawTargets end
[2026-03-25 11:20:15.084] RadarControl.OnPaint[241] DrawCenter
[2026-03-25 11:20:15.085] RadarControl.OnPaint[241] EXIT ok
[2026-03-25 11:20:15.313] RadarControl.SetTargets: count=1, selected=ABC123
[2026-03-25 11:20:15.322] RadarControl.OnPaint[242] ENTER width=743 height=743 targets=1 range=16,0
[2026-03-25 11:20:15.335] RadarControl.OnPaint[242] DrawRangeRings
[2026-03-25 11:20:15.336] RadarControl.OnPaint[242] DrawGrid
[2026-03-25 11:20:15.337] RadarControl.OnPaint[242] DrawTracks
[2026-03-25 11:20:15.337] RadarControl.OnPaint[242] DrawTargets begin
[2026-03-25 11:20:15.337] RadarControl.OnPaint[242] DrawTargets end
[2026-03-25 11:20:15.338] RadarControl.OnPaint[242] DrawCenter
[2026-03-25 11:20:15.338] RadarControl.OnPaint[242] EXIT ok
[2026-03-25 11:20:15.553] RadarControl.SetTargets: count=1, selected=ABC123
[2026-03-25 11:20:15.562] RadarControl.OnPaint[243] ENTER width=743 height=743 targets=1 range=16,0
[2026-03-25 11:20:15.576] RadarControl.OnPaint[243] DrawRangeRings
[2026-03-25 11:20:15.577] RadarControl.OnPaint[243] DrawGrid
[2026-03-25 11:20:15.577] RadarControl.OnPaint[243] DrawTracks
[2026-03-25 11:20:15.578] RadarControl.OnPaint[243] DrawTargets begin
[2026-03-25 11:20:15.578] RadarControl.OnPaint[243] DrawTargets end
[2026-03-25 11:20:15.578] RadarControl.OnPaint[243] DrawCenter
[2026-03-25 11:20:15.579] RadarControl.OnPaint[243] EXIT ok
[2026-03-25 11:20:15.809] RadarControl.SetTargets: count=1, selected=ABC123
[2026-03-25 11:20:15.818] RadarControl.OnPaint[244] ENTER width=743 height=743 targets=1 range=16,0
[2026-03-25 11:20:15.832] RadarControl.OnPaint[244] DrawRangeRings
[2026-03-25 11:20:15.833] RadarControl.OnPaint[244] DrawGrid
[2026-03-25 11:20:15.833] RadarControl.OnPaint[244] DrawTracks
[2026-03-25 11:20:15.834] RadarControl.OnPaint[244] DrawTargets begin
[2026-03-25 11:20:15.834] RadarControl.OnPaint[244] DrawTargets end
[2026-03-25 11:20:15.834] RadarControl.OnPaint[244] DrawCenter
[2026-03-25 11:20:15.835] RadarControl.OnPaint[244] EXIT ok
[2026-03-25 11:20:16.064] RadarControl.SetTargets: count=1, selected=ABC123
[2026-03-25 11:20:16.073] RadarControl.OnPaint[245] ENTER width=743 height=743 targets=1 range=16,0
[2026-03-25 11:20:16.087] RadarControl.OnPaint[245] DrawRangeRings
[2026-03-25 11:20:16.088] RadarControl.OnPaint[245] DrawGrid
[2026-03-25 11:20:16.088] RadarControl.OnPaint[245] DrawTracks
[2026-03-25 11:20:16.089] RadarControl.OnPaint[245] DrawTargets begin
[2026-03-25 11:20:16.089] RadarControl.OnPaint[245] DrawTargets end
[2026-03-25 11:20:16.089] RadarControl.OnPaint[245] DrawCenter
[2026-03-25 11:20:16.089] RadarControl.OnPaint[245] EXIT ok
[2026-03-25 11:20:16.304] RadarControl.SetTargets: count=1, selected=ABC123
[2026-03-25 11:20:16.314] RadarControl.OnPaint[246] ENTER width=743 height=743 targets=1 range=16,0
[2026-03-25 11:20:16.327] RadarControl.OnPaint[246] DrawRangeRings
[2026-03-25 11:20:16.328] RadarControl.OnPaint[246] DrawGrid
[2026-03-25 11:20:16.328] RadarControl.OnPaint[246] DrawTracks
[2026-03-25 11:20:16.329] RadarControl.OnPaint[246] DrawTargets begin
[2026-03-25 11:20:16.329] RadarControl.OnPaint[246] DrawTargets end
[2026-03-25 11:20:16.329] RadarControl.OnPaint[246] DrawCenter
[2026-03-25 11:20:16.330] RadarControl.OnPaint[246] EXIT ok
[2026-03-25 11:20:16.560] RadarControl.SetTargets: count=1, selected=ABC123
[2026-03-25 11:20:16.570] RadarControl.OnPaint[247] ENTER width=743 height=743 targets=1 range=16,0
[2026-03-25 11:20:16.584] RadarControl.OnPaint[247] DrawRangeRings
[2026-03-25 11:20:16.585] RadarControl.OnPaint[247] DrawGrid
[2026-03-25 11:20:16.585] RadarControl.OnPaint[247] DrawTracks
[2026-03-25 11:20:16.586] RadarControl.OnPaint[247] DrawTargets begin
[2026-03-25 11:20:16.586] RadarControl.OnPaint[247] DrawTargets end
[2026-03-25 11:20:16.586] RadarControl.OnPaint[247] DrawCenter
[2026-03-25 11:20:16.586] RadarControl.OnPaint[247] EXIT ok
[2026-03-25 11:20:16.816] RadarControl.SetTargets: count=1, selected=ABC123
[2026-03-25 11:20:16.826] RadarControl.OnPaint[248] ENTER width=743 height=743 targets=1 range=16,0
[2026-03-25 11:20:16.840] RadarControl.OnPaint[248] DrawRangeRings
[2026-03-25 11:20:16.841] RadarControl.OnPaint[248] DrawGrid
[2026-03-25 11:20:16.841] RadarControl.OnPaint[248] DrawTracks
[2026-03-25 11:20:16.842] RadarControl.OnPaint[248] DrawTargets begin
[2026-03-25 11:20:16.842] RadarControl.OnPaint[248] DrawTargets end
[2026-03-25 11:20:16.842] RadarControl.OnPaint[248] DrawCenter
[2026-03-25 11:20:16.843] RadarControl.OnPaint[248] EXIT ok
[2026-03-25 11:20:17.055] RadarControl.SetTargets: count=1, selected=ABC123
[2026-03-25 11:20:17.065] RadarControl.OnPaint[249] ENTER width=743 height=743 targets=1 range=16,0
[2026-03-25 11:20:17.078] RadarControl.OnPaint[249] DrawRangeRings
[2026-03-25 11:20:17.079] RadarControl.OnPaint[249] DrawGrid
[2026-03-25 11:20:17.080] RadarControl.OnPaint[249] DrawTracks
[2026-03-25 11:20:17.080] RadarControl.OnPaint[249] DrawTargets begin
[2026-03-25 11:20:17.080] RadarControl.OnPaint[249] DrawTargets end
[2026-03-25 11:20:17.081] RadarControl.OnPaint[249] DrawCenter
[2026-03-25 11:20:17.081] RadarControl.OnPaint[249] EXIT ok
[2026-03-25 11:20:17.311] RadarControl.SetTargets: count=1, selected=ABC123
[2026-03-25 11:20:17.321] RadarControl.OnPaint[250] ENTER width=743 height=743 targets=1 range=16,0
[2026-03-25 11:20:17.334] RadarControl.OnPaint[250] DrawRangeRings
[2026-03-25 11:20:17.335] RadarControl.OnPaint[250] DrawGrid
[2026-03-25 11:20:17.336] RadarControl.OnPaint[250] DrawTracks
[2026-03-25 11:20:17.336] RadarControl.OnPaint[250] DrawTargets begin
[2026-03-25 11:20:17.337] RadarControl.OnPaint[250] DrawTargets end
[2026-03-25 11:20:17.337] RadarControl.OnPaint[250] DrawCenter
[2026-03-25 11:20:17.337] RadarControl.OnPaint[250] EXIT ok
[2026-03-25 11:20:17.567] RadarControl.SetTargets: count=1, selected=ABC123
[2026-03-25 11:20:17.578] RadarControl.OnPaint[251] ENTER width=743 height=743 targets=1 range=16,0
[2026-03-25 11:20:17.591] RadarControl.OnPaint[251] DrawRangeRings
[2026-03-25 11:20:17.592] RadarControl.OnPaint[251] DrawGrid
[2026-03-25 11:20:17.593] RadarControl.OnPaint[251] DrawTracks
[2026-03-25 11:20:17.593] RadarControl.OnPaint[251] DrawTargets begin
[2026-03-25 11:20:17.593] RadarControl.OnPaint[251] DrawTargets end
[2026-03-25 11:20:17.594] RadarControl.OnPaint[251] DrawCenter
[2026-03-25 11:20:17.594] RadarControl.OnPaint[251] EXIT ok
[2026-03-25 11:20:17.807] RadarControl.SetTargets: count=1, selected=ABC123
[2026-03-25 11:20:17.821] RadarControl.OnPaint[252] ENTER width=743 height=743 targets=1 range=16,0
[2026-03-25 11:20:17.835] RadarControl.OnPaint[252] DrawRangeRings
[2026-03-25 11:20:17.836] RadarControl.OnPaint[252] DrawGrid
[2026-03-25 11:20:17.836] RadarControl.OnPaint[252] DrawTracks
[2026-03-25 11:20:17.837] RadarControl.OnPaint[252] DrawTargets begin
[2026-03-25 11:20:17.837] RadarControl.OnPaint[252] DrawTargets end
[2026-03-25 11:20:17.838] RadarControl.OnPaint[252] DrawCenter
[2026-03-25 11:20:17.838] RadarControl.OnPaint[252] EXIT ok
[2026-03-25 11:20:18.062] RadarControl.SetTargets: count=1, selected=ABC123
[2026-03-25 11:20:18.071] RadarControl.OnPaint[253] ENTER width=743 height=743 targets=1 range=16,0
[2026-03-25 11:20:18.084] RadarControl.OnPaint[253] DrawRangeRings
[2026-03-25 11:20:18.085] RadarControl.OnPaint[253] DrawGrid
[2026-03-25 11:20:18.086] RadarControl.OnPaint[253] DrawTracks
[2026-03-25 11:20:18.086] RadarControl.OnPaint[253] DrawTargets begin
[2026-03-25 11:20:18.087] RadarControl.OnPaint[253] DrawTargets end
[2026-03-25 11:20:18.087] RadarControl.OnPaint[253] DrawCenter
[2026-03-25 11:20:18.087] RadarControl.OnPaint[253] EXIT ok
[2026-03-25 11:20:18.302] RadarControl.SetTargets: count=1, selected=ABC123
[2026-03-25 11:20:18.311] RadarControl.OnPaint[254] ENTER width=743 height=743 targets=1 range=16,0
[2026-03-25 11:20:18.325] RadarControl.OnPaint[254] DrawRangeRings
[2026-03-25 11:20:18.325] RadarControl.OnPaint[254] DrawGrid
[2026-03-25 11:20:18.326] RadarControl.OnPaint[254] DrawTracks
[2026-03-25 11:20:18.327] RadarControl.OnPaint[254] DrawTargets begin
[2026-03-25 11:20:18.327] RadarControl.OnPaint[254] DrawTargets end
[2026-03-25 11:20:18.327] RadarControl.OnPaint[254] DrawCenter
[2026-03-25 11:20:18.327] RadarControl.OnPaint[254] EXIT ok
[2026-03-25 11:20:18.557] RadarControl.SetTargets: count=1, selected=ABC123
[2026-03-25 11:20:18.566] RadarControl.OnPaint[255] ENTER width=743 height=743 targets=1 range=16,0
[2026-03-25 11:20:18.580] RadarControl.OnPaint[255] DrawRangeRings
[2026-03-25 11:20:18.581] RadarControl.OnPaint[255] DrawGrid
[2026-03-25 11:20:18.582] RadarControl.OnPaint[255] DrawTracks
[2026-03-25 11:20:18.583] RadarControl.OnPaint[255] DrawTargets begin
[2026-03-25 11:20:18.583] RadarControl.OnPaint[255] DrawTargets end
[2026-03-25 11:20:18.583] RadarControl.OnPaint[255] DrawCenter
[2026-03-25 11:20:18.584] RadarControl.OnPaint[255] EXIT ok
[2026-03-25 11:20:18.813] RadarControl.SetTargets: count=1, selected=ABC123
[2026-03-25 11:20:18.823] RadarControl.OnPaint[256] ENTER width=743 height=743 targets=1 range=16,0
[2026-03-25 11:20:18.838] RadarControl.OnPaint[256] DrawRangeRings
[2026-03-25 11:20:18.839] RadarControl.OnPaint[256] DrawGrid
[2026-03-25 11:20:18.839] RadarControl.OnPaint[256] DrawTracks
[2026-03-25 11:20:18.840] RadarControl.OnPaint[256] DrawTargets begin
[2026-03-25 11:20:18.840] RadarControl.OnPaint[256] DrawTargets end
[2026-03-25 11:20:18.840] RadarControl.OnPaint[256] DrawCenter
[2026-03-25 11:20:18.841] RadarControl.OnPaint[256] EXIT ok
[2026-03-25 11:20:19.053] RadarControl.SetTargets: count=1, selected=ABC123
[2026-03-25 11:20:19.062] RadarControl.OnPaint[257] ENTER width=743 height=743 targets=1 range=16,0
[2026-03-25 11:20:19.075] RadarControl.OnPaint[257] DrawRangeRings
[2026-03-25 11:20:19.076] RadarControl.OnPaint[257] DrawGrid
[2026-03-25 11:20:19.077] RadarControl.OnPaint[257] DrawTracks
[2026-03-25 11:20:19.077] RadarControl.OnPaint[257] DrawTargets begin
[2026-03-25 11:20:19.078] RadarControl.OnPaint[257] DrawTargets end
[2026-03-25 11:20:19.078] RadarControl.OnPaint[257] DrawCenter
[2026-03-25 11:20:19.078] RadarControl.OnPaint[257] EXIT ok
[2026-03-25 11:20:19.308] RadarControl.SetTargets: count=1, selected=ABC123
[2026-03-25 11:20:19.317] RadarControl.OnPaint[258] ENTER width=743 height=743 targets=1 range=16,0
[2026-03-25 11:20:19.330] RadarControl.OnPaint[258] DrawRangeRings
[2026-03-25 11:20:19.332] RadarControl.OnPaint[258] DrawGrid
[2026-03-25 11:20:19.332] RadarControl.OnPaint[258] DrawTracks
[2026-03-25 11:20:19.333] RadarControl.OnPaint[258] DrawTargets begin
[2026-03-25 11:20:19.333] RadarControl.OnPaint[258] DrawTargets end
[2026-03-25 11:20:19.333] RadarControl.OnPaint[258] DrawCenter
[2026-03-25 11:20:19.333] RadarControl.OnPaint[258] EXIT ok
[2026-03-25 11:20:19.564] RadarControl.SetTargets: count=1, selected=ABC123
[2026-03-25 11:20:19.573] RadarControl.OnPaint[259] ENTER width=743 height=743 targets=1 range=16,0
[2026-03-25 11:20:19.586] RadarControl.OnPaint[259] DrawRangeRings
[2026-03-25 11:20:19.587] RadarControl.OnPaint[259] DrawGrid
[2026-03-25 11:20:19.587] RadarControl.OnPaint[259] DrawTracks
[2026-03-25 11:20:19.588] RadarControl.OnPaint[259] DrawTargets begin
[2026-03-25 11:20:19.588] RadarControl.OnPaint[259] DrawTargets end
[2026-03-25 11:20:19.589] RadarControl.OnPaint[259] DrawCenter
[2026-03-25 11:20:19.589] RadarControl.OnPaint[259] EXIT ok
[2026-03-25 11:20:19.804] RadarControl.SetTargets: count=1, selected=ABC123
[2026-03-25 11:20:19.813] RadarControl.OnPaint[260] ENTER width=743 height=743 targets=1 range=16,0
[2026-03-25 11:20:19.827] RadarControl.OnPaint[260] DrawRangeRings
[2026-03-25 11:20:19.828] RadarControl.OnPaint[260] DrawGrid
[2026-03-25 11:20:19.829] RadarControl.OnPaint[260] DrawTracks
[2026-03-25 11:20:19.829] RadarControl.OnPaint[260] DrawTargets begin
[2026-03-25 11:20:19.830] RadarControl.OnPaint[260] DrawTargets end
[2026-03-25 11:20:19.830] RadarControl.OnPaint[260] DrawCenter
[2026-03-25 11:20:19.830] RadarControl.OnPaint[260] EXIT ok
[2026-03-25 11:20:20.059] RadarControl.SetTargets: count=1, selected=ABC123
[2026-03-25 11:20:20.069] RadarControl.OnPaint[261] ENTER width=743 height=743 targets=1 range=16,0
[2026-03-25 11:20:20.083] RadarControl.OnPaint[261] DrawRangeRings
[2026-03-25 11:20:20.083] RadarControl.OnPaint[261] DrawGrid
[2026-03-25 11:20:20.084] RadarControl.OnPaint[261] DrawTracks
[2026-03-25 11:20:20.085] RadarControl.OnPaint[261] DrawTargets begin
[2026-03-25 11:20:20.085] RadarControl.OnPaint[261] DrawTargets end
[2026-03-25 11:20:20.085] RadarControl.OnPaint[261] DrawCenter
[2026-03-25 11:20:20.085] RadarControl.OnPaint[261] EXIT ok
[2026-03-25 11:20:20.315] RadarControl.SetTargets: count=1, selected=ABC123
[2026-03-25 11:20:20.325] RadarControl.OnPaint[262] ENTER width=743 height=743 targets=1 range=16,0
[2026-03-25 11:20:20.338] RadarControl.OnPaint[262] DrawRangeRings
[2026-03-25 11:20:20.339] RadarControl.OnPaint[262] DrawGrid
[2026-03-25 11:20:20.340] RadarControl.OnPaint[262] DrawTracks
[2026-03-25 11:20:20.340] RadarControl.OnPaint[262] DrawTargets begin
[2026-03-25 11:20:20.340] RadarControl.OnPaint[262] DrawTargets end
[2026-03-25 11:20:20.341] RadarControl.OnPaint[262] DrawCenter
[2026-03-25 11:20:20.341] RadarControl.OnPaint[262] EXIT ok
[2026-03-25 11:20:20.554] RadarControl.SetTargets: count=1, selected=ABC123
[2026-03-25 11:20:20.564] RadarControl.OnPaint[263] ENTER width=743 height=743 targets=1 range=16,0
[2026-03-25 11:20:20.578] RadarControl.OnPaint[263] DrawRangeRings
[2026-03-25 11:20:20.579] RadarControl.OnPaint[263] DrawGrid
[2026-03-25 11:20:20.580] RadarControl.OnPaint[263] DrawTracks
[2026-03-25 11:20:20.580] RadarControl.OnPaint[263] DrawTargets begin
[2026-03-25 11:20:20.581] RadarControl.OnPaint[263] DrawTargets end
[2026-03-25 11:20:20.581] RadarControl.OnPaint[263] DrawCenter
[2026-03-25 11:20:20.581] RadarControl.OnPaint[263] EXIT ok
[2026-03-25 11:20:20.809] RadarControl.SetTargets: count=1, selected=ABC123
[2026-03-25 11:20:20.819] RadarControl.OnPaint[264] ENTER width=743 height=743 targets=1 range=16,0
[2026-03-25 11:20:20.832] RadarControl.OnPaint[264] DrawRangeRings
[2026-03-25 11:20:20.833] RadarControl.OnPaint[264] DrawGrid
[2026-03-25 11:20:20.834] RadarControl.OnPaint[264] DrawTracks
[2026-03-25 11:20:20.834] RadarControl.OnPaint[264] DrawTargets begin
[2026-03-25 11:20:20.835] RadarControl.OnPaint[264] DrawTargets end
[2026-03-25 11:20:20.835] RadarControl.OnPaint[264] DrawCenter
[2026-03-25 11:20:20.835] RadarControl.OnPaint[264] EXIT ok
[2026-03-25 11:20:21.064] RadarControl.SetTargets: count=1, selected=ABC123
[2026-03-25 11:20:21.073] RadarControl.OnPaint[265] ENTER width=743 height=743 targets=1 range=16,0
[2026-03-25 11:20:21.089] RadarControl.OnPaint[265] DrawRangeRings
[2026-03-25 11:20:21.090] RadarControl.OnPaint[265] DrawGrid
[2026-03-25 11:20:21.090] RadarControl.OnPaint[265] DrawTracks
[2026-03-25 11:20:21.091] RadarControl.OnPaint[265] DrawTargets begin
[2026-03-25 11:20:21.091] RadarControl.OnPaint[265] DrawTargets end
[2026-03-25 11:20:21.091] RadarControl.OnPaint[265] DrawCenter
[2026-03-25 11:20:21.092] RadarControl.OnPaint[265] EXIT ok
[2026-03-25 11:20:21.303] RadarControl.SetTargets: count=1, selected=ABC123
[2026-03-25 11:20:21.312] RadarControl.OnPaint[266] ENTER width=743 height=743 targets=1 range=16,0
[2026-03-25 11:20:21.325] RadarControl.OnPaint[266] DrawRangeRings
[2026-03-25 11:20:21.326] RadarControl.OnPaint[266] DrawGrid
[2026-03-25 11:20:21.326] RadarControl.OnPaint[266] DrawTracks
[2026-03-25 11:20:21.327] RadarControl.OnPaint[266] DrawTargets begin
[2026-03-25 11:20:21.327] RadarControl.OnPaint[266] DrawTargets end
[2026-03-25 11:20:21.328] RadarControl.OnPaint[266] DrawCenter
[2026-03-25 11:20:21.328] RadarControl.OnPaint[266] EXIT ok
[2026-03-25 11:20:21.559] RadarControl.SetTargets: count=1, selected=ABC123
[2026-03-25 11:20:21.568] RadarControl.OnPaint[267] ENTER width=743 height=743 targets=1 range=16,0
[2026-03-25 11:20:21.582] RadarControl.OnPaint[267] DrawRangeRings
[2026-03-25 11:20:21.583] RadarControl.OnPaint[267] DrawGrid
[2026-03-25 11:20:21.583] RadarControl.OnPaint[267] DrawTracks
[2026-03-25 11:20:21.584] RadarControl.OnPaint[267] DrawTargets begin
[2026-03-25 11:20:21.584] RadarControl.OnPaint[267] DrawTargets end
[2026-03-25 11:20:21.584] RadarControl.OnPaint[267] DrawCenter
[2026-03-25 11:20:21.584] RadarControl.OnPaint[267] EXIT ok
[2026-03-25 11:20:21.814] RadarControl.SetTargets: count=1, selected=ABC123
[2026-03-25 11:20:21.823] RadarControl.OnPaint[268] ENTER width=743 height=743 targets=1 range=16,0
[2026-03-25 11:20:21.836] RadarControl.OnPaint[268] DrawRangeRings
[2026-03-25 11:20:21.837] RadarControl.OnPaint[268] DrawGrid
[2026-03-25 11:20:21.838] RadarControl.OnPaint[268] DrawTracks
[2026-03-25 11:20:21.838] RadarControl.OnPaint[268] DrawTargets begin
[2026-03-25 11:20:21.839] RadarControl.OnPaint[268] DrawTargets end
[2026-03-25 11:20:21.839] RadarControl.OnPaint[268] DrawCenter
[2026-03-25 11:20:21.839] RadarControl.OnPaint[268] EXIT ok
[2026-03-25 11:20:22.053] RadarControl.SetTargets: count=1, selected=ABC123
[2026-03-25 11:20:22.062] RadarControl.OnPaint[269] ENTER width=743 height=743 targets=1 range=16,0
[2026-03-25 11:20:22.076] RadarControl.OnPaint[269] DrawRangeRings
[2026-03-25 11:20:22.077] RadarControl.OnPaint[269] DrawGrid
[2026-03-25 11:20:22.077] RadarControl.OnPaint[269] DrawTracks
[2026-03-25 11:20:22.078] RadarControl.OnPaint[269] DrawTargets begin
[2026-03-25 11:20:22.078] RadarControl.OnPaint[269] DrawTargets end
[2026-03-25 11:20:22.078] RadarControl.OnPaint[269] DrawCenter
[2026-03-25 11:20:22.079] RadarControl.OnPaint[269] EXIT ok
[2026-03-25 11:20:22.309] RadarControl.SetTargets: count=1, selected=ABC123
[2026-03-25 11:20:22.319] RadarControl.OnPaint[270] ENTER width=743 height=743 targets=1 range=16,0
[2026-03-25 11:20:22.333] RadarControl.OnPaint[270] DrawRangeRings
[2026-03-25 11:20:22.334] RadarControl.OnPaint[270] DrawGrid
[2026-03-25 11:20:22.334] RadarControl.OnPaint[270] DrawTracks
[2026-03-25 11:20:22.335] RadarControl.OnPaint[270] DrawTargets begin
[2026-03-25 11:20:22.335] RadarControl.OnPaint[270] DrawTargets end
[2026-03-25 11:20:22.335] RadarControl.OnPaint[270] DrawCenter
[2026-03-25 11:20:22.336] RadarControl.OnPaint[270] EXIT ok
[2026-03-25 11:20:22.565] RadarControl.SetTargets: count=1, selected=ABC123
[2026-03-25 11:20:22.575] RadarControl.OnPaint[271] ENTER width=743 height=743 targets=1 range=16,0
[2026-03-25 11:20:22.589] RadarControl.OnPaint[271] DrawRangeRings
[2026-03-25 11:20:22.590] RadarControl.OnPaint[271] DrawGrid
[2026-03-25 11:20:22.590] RadarControl.OnPaint[271] DrawTracks
[2026-03-25 11:20:22.591] RadarControl.OnPaint[271] DrawTargets begin
[2026-03-25 11:20:22.591] RadarControl.OnPaint[271] DrawTargets end
[2026-03-25 11:20:22.591] RadarControl.OnPaint[271] DrawCenter
[2026-03-25 11:20:22.591] RadarControl.OnPaint[271] EXIT ok
[2026-03-25 11:20:22.805] RadarControl.SetTargets: count=1, selected=ABC123
[2026-03-25 11:20:22.816] RadarControl.OnPaint[272] ENTER width=743 height=743 targets=1 range=16,0
[2026-03-25 11:20:22.829] RadarControl.OnPaint[272] DrawRangeRings
[2026-03-25 11:20:22.830] RadarControl.OnPaint[272] DrawGrid
[2026-03-25 11:20:22.831] RadarControl.OnPaint[272] DrawTracks
[2026-03-25 11:20:22.831] RadarControl.OnPaint[272] DrawTargets begin
[2026-03-25 11:20:22.832] RadarControl.OnPaint[272] DrawTargets end
[2026-03-25 11:20:22.832] RadarControl.OnPaint[272] DrawCenter
[2026-03-25 11:20:22.832] RadarControl.OnPaint[272] EXIT ok
[2026-03-25 11:20:23.059] RadarControl.SetTargets: count=1, selected=ABC123
[2026-03-25 11:20:23.099] RadarControl.OnPaint[273] ENTER width=743 height=743 targets=1 range=16,0
[2026-03-25 11:20:23.112] RadarControl.OnPaint[273] DrawRangeRings
[2026-03-25 11:20:23.113] RadarControl.OnPaint[273] DrawGrid
[2026-03-25 11:20:23.114] RadarControl.OnPaint[273] DrawTracks
[2026-03-25 11:20:23.114] RadarControl.OnPaint[273] DrawTargets begin
[2026-03-25 11:20:23.115] RadarControl.OnPaint[273] DrawTargets end
[2026-03-25 11:20:23.115] RadarControl.OnPaint[273] DrawCenter
[2026-03-25 11:20:23.115] RadarControl.OnPaint[273] EXIT ok
[2026-03-25 11:20:23.305] RadarControl.SetTargets: count=1, selected=ABC123
[2026-03-25 11:20:23.314] RadarControl.OnPaint[274] ENTER width=743 height=743 targets=1 range=16,0
[2026-03-25 11:20:23.328] RadarControl.OnPaint[274] DrawRangeRings
[2026-03-25 11:20:23.329] RadarControl.OnPaint[274] DrawGrid
[2026-03-25 11:20:23.329] RadarControl.OnPaint[274] DrawTracks
[2026-03-25 11:20:23.330] RadarControl.OnPaint[274] DrawTargets begin
[2026-03-25 11:20:23.330] RadarControl.OnPaint[274] DrawTargets end
[2026-03-25 11:20:23.330] RadarControl.OnPaint[274] DrawCenter
[2026-03-25 11:20:23.331] RadarControl.OnPaint[274] EXIT ok
[2026-03-25 11:20:23.568] RadarControl.SetTargets: count=1, selected=ABC123
[2026-03-25 11:20:23.578] RadarControl.OnPaint[275] ENTER width=743 height=743 targets=1 range=16,0
[2026-03-25 11:20:23.592] RadarControl.OnPaint[275] DrawRangeRings
[2026-03-25 11:20:23.593] RadarControl.OnPaint[275] DrawGrid
[2026-03-25 11:20:23.593] RadarControl.OnPaint[275] DrawTracks
[2026-03-25 11:20:23.594] RadarControl.OnPaint[275] DrawTargets begin
[2026-03-25 11:20:23.594] RadarControl.OnPaint[275] DrawTargets end
[2026-03-25 11:20:23.594] RadarControl.OnPaint[275] DrawCenter
[2026-03-25 11:20:23.595] RadarControl.OnPaint[275] EXIT ok
[2026-03-25 11:20:23.824] RadarControl.SetTargets: count=1, selected=ABC123
[2026-03-25 11:20:23.836] RadarControl.OnPaint[276] ENTER width=743 height=743 targets=1 range=16,0
[2026-03-25 11:20:23.850] RadarControl.OnPaint[276] DrawRangeRings
[2026-03-25 11:20:23.851] RadarControl.OnPaint[276] DrawGrid
[2026-03-25 11:20:23.851] RadarControl.OnPaint[276] DrawTracks
[2026-03-25 11:20:23.852] RadarControl.OnPaint[276] DrawTargets begin
[2026-03-25 11:20:23.852] RadarControl.OnPaint[276] DrawTargets end
[2026-03-25 11:20:23.852] RadarControl.OnPaint[276] DrawCenter
[2026-03-25 11:20:23.852] RadarControl.OnPaint[276] EXIT ok
[2026-03-25 11:20:24.076] RadarControl.SetTargets: count=1, selected=ABC123
[2026-03-25 11:20:24.087] RadarControl.OnPaint[277] ENTER width=743 height=743 targets=1 range=16,0
[2026-03-25 11:20:24.101] RadarControl.OnPaint[277] DrawRangeRings
[2026-03-25 11:20:24.102] RadarControl.OnPaint[277] DrawGrid
[2026-03-25 11:20:24.102] RadarControl.OnPaint[277] DrawTracks
[2026-03-25 11:20:24.103] RadarControl.OnPaint[277] DrawTargets begin
[2026-03-25 11:20:24.103] RadarControl.OnPaint[277] DrawTargets end
[2026-03-25 11:20:24.103] RadarControl.OnPaint[277] DrawCenter
[2026-03-25 11:20:24.104] RadarControl.OnPaint[277] EXIT ok
[2026-03-25 11:20:24.332] RadarControl.SetTargets: count=1, selected=ABC123
[2026-03-25 11:20:24.342] RadarControl.OnPaint[278] ENTER width=743 height=743 targets=1 range=16,0
[2026-03-25 11:20:24.357] RadarControl.OnPaint[278] DrawRangeRings
[2026-03-25 11:20:24.358] RadarControl.OnPaint[278] DrawGrid
[2026-03-25 11:20:24.358] RadarControl.OnPaint[278] DrawTracks
[2026-03-25 11:20:24.359] RadarControl.OnPaint[278] DrawTargets begin
[2026-03-25 11:20:24.359] RadarControl.OnPaint[278] DrawTargets end
[2026-03-25 11:20:24.360] RadarControl.OnPaint[278] DrawCenter
[2026-03-25 11:20:24.360] RadarControl.OnPaint[278] EXIT ok
[2026-03-25 11:20:24.571] RadarControl.SetTargets: count=1, selected=ABC123
[2026-03-25 11:20:24.581] RadarControl.OnPaint[279] ENTER width=743 height=743 targets=1 range=16,0
[2026-03-25 11:20:24.596] RadarControl.OnPaint[279] DrawRangeRings
[2026-03-25 11:20:24.596] RadarControl.OnPaint[279] DrawGrid
[2026-03-25 11:20:24.597] RadarControl.OnPaint[279] DrawTracks
[2026-03-25 11:20:24.598] RadarControl.OnPaint[279] DrawTargets begin
[2026-03-25 11:20:24.598] RadarControl.OnPaint[279] DrawTargets end
[2026-03-25 11:20:24.598] RadarControl.OnPaint[279] DrawCenter
[2026-03-25 11:20:24.598] RadarControl.OnPaint[279] EXIT ok
[2026-03-25 11:20:24.826] RadarControl.SetTargets: count=1, selected=ABC123
[2026-03-25 11:20:24.836] RadarControl.OnPaint[280] ENTER width=743 height=743 targets=1 range=16,0
[2026-03-25 11:20:24.849] RadarControl.OnPaint[280] DrawRangeRings
[2026-03-25 11:20:24.850] RadarControl.OnPaint[280] DrawGrid
[2026-03-25 11:20:24.851] RadarControl.OnPaint[280] DrawTracks
[2026-03-25 11:20:24.853] RadarControl.OnPaint[280] DrawTargets begin
[2026-03-25 11:20:24.854] RadarControl.OnPaint[280] DrawTargets end
[2026-03-25 11:20:24.854] RadarControl.OnPaint[280] DrawCenter
[2026-03-25 11:20:24.854] RadarControl.OnPaint[280] EXIT ok
[2026-03-25 11:20:25.081] RadarControl.SetTargets: count=1, selected=ABC123
[2026-03-25 11:20:25.092] RadarControl.OnPaint[281] ENTER width=743 height=743 targets=1 range=16,0
[2026-03-25 11:20:25.106] RadarControl.OnPaint[281] DrawRangeRings
[2026-03-25 11:20:25.107] RadarControl.OnPaint[281] DrawGrid
[2026-03-25 11:20:25.107] RadarControl.OnPaint[281] DrawTracks
[2026-03-25 11:20:25.108] RadarControl.OnPaint[281] DrawTargets begin
[2026-03-25 11:20:25.108] RadarControl.OnPaint[281] DrawTargets end
[2026-03-25 11:20:25.108] RadarControl.OnPaint[281] DrawCenter
[2026-03-25 11:20:25.109] RadarControl.OnPaint[281] EXIT ok
[2026-03-25 11:20:25.321] RadarControl.SetTargets: count=1, selected=ABC123
[2026-03-25 11:20:25.330] RadarControl.OnPaint[282] ENTER width=743 height=743 targets=1 range=16,0
[2026-03-25 11:20:25.344] RadarControl.OnPaint[282] DrawRangeRings
[2026-03-25 11:20:25.345] RadarControl.OnPaint[282] DrawGrid
[2026-03-25 11:20:25.345] RadarControl.OnPaint[282] DrawTracks
[2026-03-25 11:20:25.346] RadarControl.OnPaint[282] DrawTargets begin
[2026-03-25 11:20:25.346] RadarControl.OnPaint[282] DrawTargets end
[2026-03-25 11:20:25.346] RadarControl.OnPaint[282] DrawCenter
[2026-03-25 11:20:25.347] RadarControl.OnPaint[282] EXIT ok
[2026-03-25 11:20:25.571] RadarControl.SetTargets: count=1, selected=ABC123
[2026-03-25 11:20:25.581] RadarControl.OnPaint[283] ENTER width=743 height=743 targets=1 range=16,0
[2026-03-25 11:20:25.594] RadarControl.OnPaint[283] DrawRangeRings
[2026-03-25 11:20:25.595] RadarControl.OnPaint[283] DrawGrid
[2026-03-25 11:20:25.596] RadarControl.OnPaint[283] DrawTracks
[2026-03-25 11:20:25.597] RadarControl.OnPaint[283] DrawTargets begin
[2026-03-25 11:20:25.597] RadarControl.OnPaint[283] DrawTargets end
[2026-03-25 11:20:25.597] RadarControl.OnPaint[283] DrawCenter
[2026-03-25 11:20:25.597] RadarControl.OnPaint[283] EXIT ok
[2026-03-25 11:20:25.833] RadarControl.SetTargets: count=1, selected=ABC123
[2026-03-25 11:20:25.843] RadarControl.OnPaint[284] ENTER width=743 height=743 targets=1 range=16,0
[2026-03-25 11:20:25.857] RadarControl.OnPaint[284] DrawRangeRings
[2026-03-25 11:20:25.858] RadarControl.OnPaint[284] DrawGrid
[2026-03-25 11:20:25.858] RadarControl.OnPaint[284] DrawTracks
[2026-03-25 11:20:25.858] RadarControl.OnPaint[284] DrawTargets begin
[2026-03-25 11:20:25.858] RadarControl.OnPaint[284] DrawTargets end
[2026-03-25 11:20:25.859] RadarControl.OnPaint[284] DrawCenter
[2026-03-25 11:20:25.859] RadarControl.OnPaint[284] EXIT ok
[2026-03-25 11:20:26.072] RadarControl.SetTargets: count=1, selected=ABC123
[2026-03-25 11:20:26.082] RadarControl.OnPaint[285] ENTER width=743 height=743 targets=1 range=16,0
[2026-03-25 11:20:26.095] RadarControl.OnPaint[285] DrawRangeRings
[2026-03-25 11:20:26.096] RadarControl.OnPaint[285] DrawGrid
[2026-03-25 11:20:26.097] RadarControl.OnPaint[285] DrawTracks
[2026-03-25 11:20:26.098] RadarControl.OnPaint[285] DrawTargets begin
[2026-03-25 11:20:26.098] RadarControl.OnPaint[285] DrawTargets end
[2026-03-25 11:20:26.098] RadarControl.OnPaint[285] DrawCenter
[2026-03-25 11:20:26.098] RadarControl.OnPaint[285] EXIT ok
[2026-03-25 11:20:26.328] RadarControl.SetTargets: count=1, selected=ABC123
[2026-03-25 11:20:26.338] RadarControl.OnPaint[286] ENTER width=743 height=743 targets=1 range=16,0
[2026-03-25 11:20:26.351] RadarControl.OnPaint[286] DrawRangeRings
[2026-03-25 11:20:26.352] RadarControl.OnPaint[286] DrawGrid
[2026-03-25 11:20:26.353] RadarControl.OnPaint[286] DrawTracks
[2026-03-25 11:20:26.353] RadarControl.OnPaint[286] DrawTargets begin
[2026-03-25 11:20:26.354] RadarControl.OnPaint[286] DrawTargets end
[2026-03-25 11:20:26.354] RadarControl.OnPaint[286] DrawCenter
[2026-03-25 11:20:26.354] RadarControl.OnPaint[286] EXIT ok
[2026-03-25 11:20:26.584] RadarControl.SetTargets: count=1, selected=ABC123
[2026-03-25 11:20:26.595] RadarControl.OnPaint[287] ENTER width=743 height=743 targets=1 range=16,0
[2026-03-25 11:20:26.608] RadarControl.OnPaint[287] DrawRangeRings
[2026-03-25 11:20:26.609] RadarControl.OnPaint[287] DrawGrid
[2026-03-25 11:20:26.609] RadarControl.OnPaint[287] DrawTracks
[2026-03-25 11:20:26.610] RadarControl.OnPaint[287] DrawTargets begin
[2026-03-25 11:20:26.610] RadarControl.OnPaint[287] DrawTargets end
[2026-03-25 11:20:26.611] RadarControl.OnPaint[287] DrawCenter
[2026-03-25 11:20:26.611] RadarControl.OnPaint[287] EXIT ok
[2026-03-25 11:20:26.839] RadarControl.SetTargets: count=1, selected=ABC123
[2026-03-25 11:20:26.849] RadarControl.OnPaint[288] ENTER width=743 height=743 targets=1 range=16,0
[2026-03-25 11:20:26.862] RadarControl.OnPaint[288] DrawRangeRings
[2026-03-25 11:20:26.863] RadarControl.OnPaint[288] DrawGrid
[2026-03-25 11:20:26.864] RadarControl.OnPaint[288] DrawTracks
[2026-03-25 11:20:26.864] RadarControl.OnPaint[288] DrawTargets begin
[2026-03-25 11:20:26.864] RadarControl.OnPaint[288] DrawTargets end
[2026-03-25 11:20:26.864] RadarControl.OnPaint[288] DrawCenter
[2026-03-25 11:20:26.864] RadarControl.OnPaint[288] EXIT ok
[2026-03-25 11:20:27.095] RadarControl.SetTargets: count=1, selected=ABC123
[2026-03-25 11:20:27.105] RadarControl.OnPaint[289] ENTER width=743 height=743 targets=1 range=16,0
[2026-03-25 11:20:27.118] RadarControl.OnPaint[289] DrawRangeRings
[2026-03-25 11:20:27.119] RadarControl.OnPaint[289] DrawGrid
[2026-03-25 11:20:27.120] RadarControl.OnPaint[289] DrawTracks
[2026-03-25 11:20:27.120] RadarControl.OnPaint[289] DrawTargets begin
[2026-03-25 11:20:27.121] RadarControl.OnPaint[289] DrawTargets end
[2026-03-25 11:20:27.121] RadarControl.OnPaint[289] DrawCenter
[2026-03-25 11:20:27.121] RadarControl.OnPaint[289] EXIT ok
[2026-03-25 11:20:27.349] RadarControl.SetTargets: count=1, selected=ABC123
[2026-03-25 11:20:27.359] RadarControl.OnPaint[290] ENTER width=743 height=743 targets=1 range=16,0
[2026-03-25 11:20:27.372] RadarControl.OnPaint[290] DrawRangeRings
[2026-03-25 11:20:27.373] RadarControl.OnPaint[290] DrawGrid
[2026-03-25 11:20:27.374] RadarControl.OnPaint[290] DrawTracks
[2026-03-25 11:20:27.374] RadarControl.OnPaint[290] DrawTargets begin
[2026-03-25 11:20:27.375] RadarControl.OnPaint[290] DrawTargets end
[2026-03-25 11:20:27.375] RadarControl.OnPaint[290] DrawCenter
[2026-03-25 11:20:27.375] RadarControl.OnPaint[290] EXIT ok
[2026-03-25 11:20:27.589] RadarControl.SetTargets: count=1, selected=ABC123
[2026-03-25 11:20:27.598] RadarControl.OnPaint[291] ENTER width=743 height=743 targets=1 range=16,0
[2026-03-25 11:20:27.612] RadarControl.OnPaint[291] DrawRangeRings
[2026-03-25 11:20:27.613] RadarControl.OnPaint[291] DrawGrid
[2026-03-25 11:20:27.614] RadarControl.OnPaint[291] DrawTracks
[2026-03-25 11:20:27.614] RadarControl.OnPaint[291] DrawTargets begin
[2026-03-25 11:20:27.614] RadarControl.OnPaint[291] DrawTargets end
[2026-03-25 11:20:27.615] RadarControl.OnPaint[291] DrawCenter
[2026-03-25 11:20:27.615] RadarControl.OnPaint[291] EXIT ok
[2026-03-25 11:20:27.845] RadarControl.SetTargets: count=1, selected=ABC123
[2026-03-25 11:20:27.854] RadarControl.OnPaint[292] ENTER width=743 height=743 targets=1 range=16,0
[2026-03-25 11:20:27.869] RadarControl.OnPaint[292] DrawRangeRings
[2026-03-25 11:20:27.870] RadarControl.OnPaint[292] DrawGrid
[2026-03-25 11:20:27.871] RadarControl.OnPaint[292] DrawTracks
[2026-03-25 11:20:27.871] RadarControl.OnPaint[292] DrawTargets begin
[2026-03-25 11:20:27.872] RadarControl.OnPaint[292] DrawTargets end
[2026-03-25 11:20:27.872] RadarControl.OnPaint[292] DrawCenter
[2026-03-25 11:20:27.872] RadarControl.OnPaint[292] EXIT ok
[2026-03-25 11:20:28.099] RadarControl.SetTargets: count=1, selected=ABC123
[2026-03-25 11:20:28.110] RadarControl.OnPaint[293] ENTER width=743 height=743 targets=1 range=16,0
[2026-03-25 11:20:28.123] RadarControl.OnPaint[293] DrawRangeRings
[2026-03-25 11:20:28.124] RadarControl.OnPaint[293] DrawGrid
[2026-03-25 11:20:28.124] RadarControl.OnPaint[293] DrawTracks
[2026-03-25 11:20:28.125] RadarControl.OnPaint[293] DrawTargets begin
[2026-03-25 11:20:28.125] RadarControl.OnPaint[293] DrawTargets end
[2026-03-25 11:20:28.126] RadarControl.OnPaint[293] DrawCenter
[2026-03-25 11:20:28.126] RadarControl.OnPaint[293] EXIT ok
[2026-03-25 11:20:28.338] RadarControl.SetTargets: count=1, selected=ABC123
[2026-03-25 11:20:28.347] RadarControl.OnPaint[294] ENTER width=743 height=743 targets=1 range=16,0
[2026-03-25 11:20:28.360] RadarControl.OnPaint[294] DrawRangeRings
[2026-03-25 11:20:28.361] RadarControl.OnPaint[294] DrawGrid
[2026-03-25 11:20:28.362] RadarControl.OnPaint[294] DrawTracks
[2026-03-25 11:20:28.362] RadarControl.OnPaint[294] DrawTargets begin
[2026-03-25 11:20:28.363] RadarControl.OnPaint[294] DrawTargets end
[2026-03-25 11:20:28.363] RadarControl.OnPaint[294] DrawCenter
[2026-03-25 11:20:28.363] RadarControl.OnPaint[294] EXIT ok
[2026-03-25 11:20:28.594] RadarControl.SetTargets: count=1, selected=ABC123
[2026-03-25 11:20:28.603] RadarControl.OnPaint[295] ENTER width=743 height=743 targets=1 range=16,0
[2026-03-25 11:20:28.618] RadarControl.OnPaint[295] DrawRangeRings
[2026-03-25 11:20:28.619] RadarControl.OnPaint[295] DrawGrid
[2026-03-25 11:20:28.619] RadarControl.OnPaint[295] DrawTracks
[2026-03-25 11:20:28.620] RadarControl.OnPaint[295] DrawTargets begin
[2026-03-25 11:20:28.620] RadarControl.OnPaint[295] DrawTargets end
[2026-03-25 11:20:28.620] RadarControl.OnPaint[295] DrawCenter
[2026-03-25 11:20:28.620] RadarControl.OnPaint[295] EXIT ok
[2026-03-25 11:20:28.834] RadarControl.SetTargets: count=1, selected=ABC123
[2026-03-25 11:20:28.844] RadarControl.OnPaint[296] ENTER width=743 height=743 targets=1 range=16,0
[2026-03-25 11:20:28.858] RadarControl.OnPaint[296] DrawRangeRings
[2026-03-25 11:20:28.858] RadarControl.OnPaint[296] DrawGrid
[2026-03-25 11:20:28.859] RadarControl.OnPaint[296] DrawTracks
[2026-03-25 11:20:28.859] RadarControl.OnPaint[296] DrawTargets begin
[2026-03-25 11:20:28.859] RadarControl.OnPaint[296] DrawTargets end
[2026-03-25 11:20:28.860] RadarControl.OnPaint[296] DrawCenter
[2026-03-25 11:20:28.860] RadarControl.OnPaint[296] EXIT ok
[2026-03-25 11:20:29.090] RadarControl.SetTargets: count=1, selected=ABC123
[2026-03-25 11:20:29.099] RadarControl.OnPaint[297] ENTER width=743 height=743 targets=1 range=16,0
[2026-03-25 11:20:29.113] RadarControl.OnPaint[297] DrawRangeRings
[2026-03-25 11:20:29.114] RadarControl.OnPaint[297] DrawGrid
[2026-03-25 11:20:29.114] RadarControl.OnPaint[297] DrawTracks
[2026-03-25 11:20:29.115] RadarControl.OnPaint[297] DrawTargets begin
[2026-03-25 11:20:29.115] RadarControl.OnPaint[297] DrawTargets end
[2026-03-25 11:20:29.115] RadarControl.OnPaint[297] DrawCenter
[2026-03-25 11:20:29.116] RadarControl.OnPaint[297] EXIT ok
[2026-03-25 11:20:29.345] RadarControl.SetTargets: count=1, selected=ABC123
[2026-03-25 11:20:29.355] RadarControl.OnPaint[298] ENTER width=743 height=743 targets=1 range=16,0
[2026-03-25 11:20:29.368] RadarControl.OnPaint[298] DrawRangeRings
[2026-03-25 11:20:29.369] RadarControl.OnPaint[298] DrawGrid
[2026-03-25 11:20:29.370] RadarControl.OnPaint[298] DrawTracks
[2026-03-25 11:20:29.370] RadarControl.OnPaint[298] DrawTargets begin
[2026-03-25 11:20:29.371] RadarControl.OnPaint[298] DrawTargets end
[2026-03-25 11:20:29.371] RadarControl.OnPaint[298] DrawCenter
[2026-03-25 11:20:29.371] RadarControl.OnPaint[298] EXIT ok
[2026-03-25 11:20:29.585] RadarControl.SetTargets: count=1, selected=ABC123
[2026-03-25 11:20:29.594] RadarControl.OnPaint[299] ENTER width=743 height=743 targets=1 range=16,0
[2026-03-25 11:20:29.607] RadarControl.OnPaint[299] DrawRangeRings
[2026-03-25 11:20:29.608] RadarControl.OnPaint[299] DrawGrid
[2026-03-25 11:20:29.609] RadarControl.OnPaint[299] DrawTracks
[2026-03-25 11:20:29.609] RadarControl.OnPaint[299] DrawTargets begin
[2026-03-25 11:20:29.610] RadarControl.OnPaint[299] DrawTargets end
[2026-03-25 11:20:29.610] RadarControl.OnPaint[299] DrawCenter
[2026-03-25 11:20:29.610] RadarControl.OnPaint[299] EXIT ok
[2026-03-25 11:20:29.841] RadarControl.SetTargets: count=1, selected=ABC123
[2026-03-25 11:20:29.850] RadarControl.OnPaint[300] ENTER width=743 height=743 targets=1 range=16,0
[2026-03-25 11:20:29.864] RadarControl.OnPaint[300] DrawRangeRings
[2026-03-25 11:20:29.864] RadarControl.OnPaint[300] DrawGrid
[2026-03-25 11:20:29.865] RadarControl.OnPaint[300] DrawTracks
[2026-03-25 11:20:29.866] RadarControl.OnPaint[300] DrawTargets begin
[2026-03-25 11:20:29.866] RadarControl.OnPaint[300] DrawTargets end
[2026-03-25 11:20:29.866] RadarControl.OnPaint[300] DrawCenter
[2026-03-25 11:20:29.866] RadarControl.OnPaint[300] EXIT ok
[2026-03-25 11:20:30.088] RadarControl.SetTargets: count=1, selected=ABC123
[2026-03-25 11:20:30.097] RadarControl.OnPaint[301] ENTER width=743 height=743 targets=1 range=16,0
[2026-03-25 11:20:30.110] RadarControl.OnPaint[301] DrawRangeRings
[2026-03-25 11:20:30.111] RadarControl.OnPaint[301] DrawGrid
[2026-03-25 11:20:30.112] RadarControl.OnPaint[301] DrawTracks
[2026-03-25 11:20:30.112] RadarControl.OnPaint[301] DrawTargets begin
[2026-03-25 11:20:30.113] RadarControl.OnPaint[301] DrawTargets end
[2026-03-25 11:20:30.113] RadarControl.OnPaint[301] DrawCenter
[2026-03-25 11:20:30.113] RadarControl.OnPaint[301] EXIT ok
[2026-03-25 11:20:30.335] RadarControl.SetTargets: count=1, selected=ABC123
[2026-03-25 11:20:30.344] RadarControl.OnPaint[302] ENTER width=743 height=743 targets=1 range=16,0
[2026-03-25 11:20:30.357] RadarControl.OnPaint[302] DrawRangeRings
[2026-03-25 11:20:30.358] RadarControl.OnPaint[302] DrawGrid
[2026-03-25 11:20:30.359] RadarControl.OnPaint[302] DrawTracks
[2026-03-25 11:20:30.359] RadarControl.OnPaint[302] DrawTargets begin
[2026-03-25 11:20:30.360] RadarControl.OnPaint[302] DrawTargets end
[2026-03-25 11:20:30.360] RadarControl.OnPaint[302] DrawCenter
[2026-03-25 11:20:30.360] RadarControl.OnPaint[302] EXIT ok
[2026-03-25 11:20:30.591] RadarControl.SetTargets: count=1, selected=ABC123
[2026-03-25 11:20:30.606] RadarControl.OnPaint[303] ENTER width=743 height=743 targets=1 range=16,0
[2026-03-25 11:20:30.620] RadarControl.OnPaint[303] DrawRangeRings
[2026-03-25 11:20:30.621] RadarControl.OnPaint[303] DrawGrid
[2026-03-25 11:20:30.622] RadarControl.OnPaint[303] DrawTracks
[2026-03-25 11:20:30.622] RadarControl.OnPaint[303] DrawTargets begin
[2026-03-25 11:20:30.623] RadarControl.OnPaint[303] DrawTargets end
[2026-03-25 11:20:30.623] RadarControl.OnPaint[303] DrawCenter
[2026-03-25 11:20:30.623] RadarControl.OnPaint[303] EXIT ok
[2026-03-25 11:20:30.846] RadarControl.SetTargets: count=1, selected=ABC123
[2026-03-25 11:20:30.855] RadarControl.OnPaint[304] ENTER width=743 height=743 targets=1 range=16,0
[2026-03-25 11:20:30.868] RadarControl.OnPaint[304] DrawRangeRings
[2026-03-25 11:20:30.869] RadarControl.OnPaint[304] DrawGrid
[2026-03-25 11:20:30.870] RadarControl.OnPaint[304] DrawTracks
[2026-03-25 11:20:30.870] RadarControl.OnPaint[304] DrawTargets begin
[2026-03-25 11:20:30.871] RadarControl.OnPaint[304] DrawTargets end
[2026-03-25 11:20:30.871] RadarControl.OnPaint[304] DrawCenter
[2026-03-25 11:20:30.871] RadarControl.OnPaint[304] EXIT ok
[2026-03-25 11:20:31.084] RadarControl.SetTargets: count=1, selected=ABC123
[2026-03-25 11:20:31.094] RadarControl.OnPaint[305] ENTER width=743 height=743 targets=1 range=16,0
[2026-03-25 11:20:31.109] RadarControl.OnPaint[305] DrawRangeRings
[2026-03-25 11:20:31.110] RadarControl.OnPaint[305] DrawGrid
[2026-03-25 11:20:31.111] RadarControl.OnPaint[305] DrawTracks
[2026-03-25 11:20:31.111] RadarControl.OnPaint[305] DrawTargets begin
[2026-03-25 11:20:31.112] RadarControl.OnPaint[305] DrawTargets end
[2026-03-25 11:20:31.112] RadarControl.OnPaint[305] DrawCenter
[2026-03-25 11:20:31.112] RadarControl.OnPaint[305] EXIT ok
[2026-03-25 11:20:31.339] RadarControl.SetTargets: count=1, selected=ABC123
[2026-03-25 11:20:31.349] RadarControl.OnPaint[306] ENTER width=743 height=743 targets=1 range=16,0
[2026-03-25 11:20:31.362] RadarControl.OnPaint[306] DrawRangeRings
[2026-03-25 11:20:31.363] RadarControl.OnPaint[306] DrawGrid
[2026-03-25 11:20:31.364] RadarControl.OnPaint[306] DrawTracks
[2026-03-25 11:20:31.364] RadarControl.OnPaint[306] DrawTargets begin
[2026-03-25 11:20:31.365] RadarControl.OnPaint[306] DrawTargets end
[2026-03-25 11:20:31.365] RadarControl.OnPaint[306] DrawCenter
[2026-03-25 11:20:31.365] RadarControl.OnPaint[306] EXIT ok
[2026-03-25 11:20:31.595] RadarControl.SetTargets: count=1, selected=ABC123
[2026-03-25 11:20:31.631] RadarControl.OnPaint[307] ENTER width=743 height=743 targets=1 range=16,0
[2026-03-25 11:20:31.645] RadarControl.OnPaint[307] DrawRangeRings
[2026-03-25 11:20:31.645] RadarControl.OnPaint[307] DrawGrid
[2026-03-25 11:20:31.646] RadarControl.OnPaint[307] DrawTracks
[2026-03-25 11:20:31.647] RadarControl.OnPaint[307] DrawTargets begin
[2026-03-25 11:20:31.647] RadarControl.OnPaint[307] DrawTargets end
[2026-03-25 11:20:31.647] RadarControl.OnPaint[307] DrawCenter
[2026-03-25 11:20:31.647] RadarControl.OnPaint[307] EXIT ok
[2026-03-25 11:20:31.835] RadarControl.SetTargets: count=1, selected=ABC123
[2026-03-25 11:20:31.844] RadarControl.OnPaint[308] ENTER width=743 height=743 targets=1 range=16,0
[2026-03-25 11:20:31.857] RadarControl.OnPaint[308] DrawRangeRings
[2026-03-25 11:20:31.858] RadarControl.OnPaint[308] DrawGrid
[2026-03-25 11:20:31.859] RadarControl.OnPaint[308] DrawTracks
[2026-03-25 11:20:31.859] RadarControl.OnPaint[308] DrawTargets begin
[2026-03-25 11:20:31.860] RadarControl.OnPaint[308] DrawTargets end
[2026-03-25 11:20:31.860] RadarControl.OnPaint[308] DrawCenter
[2026-03-25 11:20:31.860] RadarControl.OnPaint[308] EXIT ok
[2026-03-25 11:20:32.090] RadarControl.SetTargets: count=1, selected=ABC123
[2026-03-25 11:20:32.099] RadarControl.OnPaint[309] ENTER width=743 height=743 targets=1 range=16,0
[2026-03-25 11:20:32.113] RadarControl.OnPaint[309] DrawRangeRings
[2026-03-25 11:20:32.114] RadarControl.OnPaint[309] DrawGrid
[2026-03-25 11:20:32.114] RadarControl.OnPaint[309] DrawTracks
[2026-03-25 11:20:32.115] RadarControl.OnPaint[309] DrawTargets begin
[2026-03-25 11:20:32.115] RadarControl.OnPaint[309] DrawTargets end
[2026-03-25 11:20:32.115] RadarControl.OnPaint[309] DrawCenter
[2026-03-25 11:20:32.116] RadarControl.OnPaint[309] EXIT ok
[2026-03-25 11:20:32.346] RadarControl.SetTargets: count=1, selected=ABC123
[2026-03-25 11:20:32.355] RadarControl.OnPaint[310] ENTER width=743 height=743 targets=1 range=16,0
[2026-03-25 11:20:32.369] RadarControl.OnPaint[310] DrawRangeRings
[2026-03-25 11:20:32.370] RadarControl.OnPaint[310] DrawGrid
[2026-03-25 11:20:32.370] RadarControl.OnPaint[310] DrawTracks
[2026-03-25 11:20:32.371] RadarControl.OnPaint[310] DrawTargets begin
[2026-03-25 11:20:32.371] RadarControl.OnPaint[310] DrawTargets end
[2026-03-25 11:20:32.372] RadarControl.OnPaint[310] DrawCenter
[2026-03-25 11:20:32.372] RadarControl.OnPaint[310] EXIT ok
[2026-03-25 11:20:32.585] RadarControl.SetTargets: count=1, selected=ABC123
[2026-03-25 11:20:32.595] RadarControl.OnPaint[311] ENTER width=743 height=743 targets=1 range=16,0
[2026-03-25 11:20:32.609] RadarControl.OnPaint[311] DrawRangeRings
[2026-03-25 11:20:32.609] RadarControl.OnPaint[311] DrawGrid
[2026-03-25 11:20:32.610] RadarControl.OnPaint[311] DrawTracks
[2026-03-25 11:20:32.611] RadarControl.OnPaint[311] DrawTargets begin
[2026-03-25 11:20:32.611] RadarControl.OnPaint[311] DrawTargets end
[2026-03-25 11:20:32.611] RadarControl.OnPaint[311] DrawCenter
[2026-03-25 11:20:32.611] RadarControl.OnPaint[311] EXIT ok
[2026-03-25 11:20:32.841] RadarControl.SetTargets: count=1, selected=ABC123
[2026-03-25 11:20:32.850] RadarControl.OnPaint[312] ENTER width=743 height=743 targets=1 range=16,0
[2026-03-25 11:20:32.864] RadarControl.OnPaint[312] DrawRangeRings
[2026-03-25 11:20:32.865] RadarControl.OnPaint[312] DrawGrid
[2026-03-25 11:20:32.866] RadarControl.OnPaint[312] DrawTracks
[2026-03-25 11:20:32.866] RadarControl.OnPaint[312] DrawTargets begin
[2026-03-25 11:20:32.867] RadarControl.OnPaint[312] DrawTargets end
[2026-03-25 11:20:32.867] RadarControl.OnPaint[312] DrawCenter
[2026-03-25 11:20:32.867] RadarControl.OnPaint[312] EXIT ok
[2026-03-25 11:20:33.104] RadarControl.SetTargets: count=1, selected=ABC123
[2026-03-25 11:20:33.112] RadarControl.OnPaint[313] ENTER width=743 height=743 targets=1 range=16,0
[2026-03-25 11:20:33.126] RadarControl.OnPaint[313] DrawRangeRings
[2026-03-25 11:20:33.127] RadarControl.OnPaint[313] DrawGrid
[2026-03-25 11:20:33.127] RadarControl.OnPaint[313] DrawTracks
[2026-03-25 11:20:33.128] RadarControl.OnPaint[313] DrawTargets begin
[2026-03-25 11:20:33.128] RadarControl.OnPaint[313] DrawTargets end
[2026-03-25 11:20:33.129] RadarControl.OnPaint[313] DrawCenter
[2026-03-25 11:20:33.129] RadarControl.OnPaint[313] EXIT ok
[2026-03-25 11:20:33.336] RadarControl.SetTargets: count=1, selected=ABC123
[2026-03-25 11:20:33.345] RadarControl.OnPaint[314] ENTER width=743 height=743 targets=1 range=16,0
[2026-03-25 11:20:33.358] RadarControl.OnPaint[314] DrawRangeRings
[2026-03-25 11:20:33.359] RadarControl.OnPaint[314] DrawGrid
[2026-03-25 11:20:33.360] RadarControl.OnPaint[314] DrawTracks
[2026-03-25 11:20:33.361] RadarControl.OnPaint[314] DrawTargets begin
[2026-03-25 11:20:33.361] RadarControl.OnPaint[314] DrawTargets end
[2026-03-25 11:20:33.361] RadarControl.OnPaint[314] DrawCenter
[2026-03-25 11:20:33.361] RadarControl.OnPaint[314] EXIT ok
[2026-03-25 11:20:33.591] RadarControl.SetTargets: count=1, selected=ABC123
[2026-03-25 11:20:33.600] RadarControl.OnPaint[315] ENTER width=743 height=743 targets=1 range=16,0
[2026-03-25 11:20:33.614] RadarControl.OnPaint[315] DrawRangeRings
[2026-03-25 11:20:33.615] RadarControl.OnPaint[315] DrawGrid
[2026-03-25 11:20:33.615] RadarControl.OnPaint[315] DrawTracks
[2026-03-25 11:20:33.616] RadarControl.OnPaint[315] DrawTargets begin
[2026-03-25 11:20:33.616] RadarControl.OnPaint[315] DrawTargets end
[2026-03-25 11:20:33.616] RadarControl.OnPaint[315] DrawCenter
[2026-03-25 11:20:33.617] RadarControl.OnPaint[315] EXIT ok
[2026-03-25 11:20:33.847] RadarControl.SetTargets: count=1, selected=ABC123
[2026-03-25 11:20:33.856] RadarControl.OnPaint[316] ENTER width=743 height=743 targets=1 range=16,0
[2026-03-25 11:20:33.870] RadarControl.OnPaint[316] DrawRangeRings
[2026-03-25 11:20:33.871] RadarControl.OnPaint[316] DrawGrid
[2026-03-25 11:20:33.871] RadarControl.OnPaint[316] DrawTracks
[2026-03-25 11:20:33.872] RadarControl.OnPaint[316] DrawTargets begin
[2026-03-25 11:20:33.872] RadarControl.OnPaint[316] DrawTargets end
[2026-03-25 11:20:33.872] RadarControl.OnPaint[316] DrawCenter
[2026-03-25 11:20:33.873] RadarControl.OnPaint[316] EXIT ok
[2026-03-25 11:20:34.086] RadarControl.SetTargets: count=1, selected=ABC123
[2026-03-25 11:20:34.096] RadarControl.OnPaint[317] ENTER width=743 height=743 targets=1 range=16,0
[2026-03-25 11:20:34.110] RadarControl.OnPaint[317] DrawRangeRings
[2026-03-25 11:20:34.111] RadarControl.OnPaint[317] DrawGrid
[2026-03-25 11:20:34.111] RadarControl.OnPaint[317] DrawTracks
[2026-03-25 11:20:34.112] RadarControl.OnPaint[317] DrawTargets begin
[2026-03-25 11:20:34.112] RadarControl.OnPaint[317] DrawTargets end
[2026-03-25 11:20:34.112] RadarControl.OnPaint[317] DrawCenter
[2026-03-25 11:20:34.113] RadarControl.OnPaint[317] EXIT ok
[2026-03-25 11:20:34.342] RadarControl.SetTargets: count=1, selected=ABC123
[2026-03-25 11:20:34.352] RadarControl.OnPaint[318] ENTER width=743 height=743 targets=1 range=16,0
[2026-03-25 11:20:34.365] RadarControl.OnPaint[318] DrawRangeRings
[2026-03-25 11:20:34.366] RadarControl.OnPaint[318] DrawGrid
[2026-03-25 11:20:34.367] RadarControl.OnPaint[318] DrawTracks
[2026-03-25 11:20:34.367] RadarControl.OnPaint[318] DrawTargets begin
[2026-03-25 11:20:34.368] RadarControl.OnPaint[318] DrawTargets end
[2026-03-25 11:20:34.368] RadarControl.OnPaint[318] DrawCenter
[2026-03-25 11:20:34.368] RadarControl.OnPaint[318] EXIT ok
[2026-03-25 11:20:34.597] RadarControl.SetTargets: count=1, selected=ABC123
[2026-03-25 11:20:34.608] RadarControl.OnPaint[319] ENTER width=743 height=743 targets=1 range=16,0
[2026-03-25 11:20:34.622] RadarControl.OnPaint[319] DrawRangeRings
[2026-03-25 11:20:34.623] RadarControl.OnPaint[319] DrawGrid
[2026-03-25 11:20:34.623] RadarControl.OnPaint[319] DrawTracks
[2026-03-25 11:20:34.624] RadarControl.OnPaint[319] DrawTargets begin
[2026-03-25 11:20:34.624] RadarControl.OnPaint[319] DrawTargets end
[2026-03-25 11:20:34.624] RadarControl.OnPaint[319] DrawCenter
[2026-03-25 11:20:34.625] RadarControl.OnPaint[319] EXIT ok
[2026-03-25 11:20:34.837] RadarControl.SetTargets: count=1, selected=ABC123
[2026-03-25 11:20:34.847] RadarControl.OnPaint[320] ENTER width=743 height=743 targets=1 range=16,0
[2026-03-25 11:20:34.860] RadarControl.OnPaint[320] DrawRangeRings
[2026-03-25 11:20:34.861] RadarControl.OnPaint[320] DrawGrid
[2026-03-25 11:20:34.862] RadarControl.OnPaint[320] DrawTracks
[2026-03-25 11:20:34.862] RadarControl.OnPaint[320] DrawTargets begin
[2026-03-25 11:20:34.862] RadarControl.OnPaint[320] DrawTargets end
[2026-03-25 11:20:34.862] RadarControl.OnPaint[320] DrawCenter
[2026-03-25 11:20:34.864] RadarControl.OnPaint[320] EXIT ok
[2026-03-25 11:20:35.092] RadarControl.SetTargets: count=1, selected=ABC123
[2026-03-25 11:20:35.102] RadarControl.OnPaint[321] ENTER width=743 height=743 targets=1 range=16,0
[2026-03-25 11:20:35.115] RadarControl.OnPaint[321] DrawRangeRings
[2026-03-25 11:20:35.116] RadarControl.OnPaint[321] DrawGrid
[2026-03-25 11:20:35.116] RadarControl.OnPaint[321] DrawTracks
[2026-03-25 11:20:35.117] RadarControl.OnPaint[321] DrawTargets begin
[2026-03-25 11:20:35.117] RadarControl.OnPaint[321] DrawTargets end
[2026-03-25 11:20:35.118] RadarControl.OnPaint[321] DrawCenter
[2026-03-25 11:20:35.118] RadarControl.OnPaint[321] EXIT ok
[2026-03-25 11:20:35.348] RadarControl.SetTargets: count=1, selected=ABC123
[2026-03-25 11:20:35.358] RadarControl.OnPaint[322] ENTER width=743 height=743 targets=1 range=16,0
[2026-03-25 11:20:35.371] RadarControl.OnPaint[322] DrawRangeRings
[2026-03-25 11:20:35.372] RadarControl.OnPaint[322] DrawGrid
[2026-03-25 11:20:35.373] RadarControl.OnPaint[322] DrawTracks
[2026-03-25 11:20:35.373] RadarControl.OnPaint[322] DrawTargets begin
[2026-03-25 11:20:35.374] RadarControl.OnPaint[322] DrawTargets end
[2026-03-25 11:20:35.374] RadarControl.OnPaint[322] DrawCenter
[2026-03-25 11:20:35.374] RadarControl.OnPaint[322] EXIT ok
[2026-03-25 11:20:35.588] RadarControl.SetTargets: count=1, selected=ABC123
[2026-03-25 11:20:35.599] RadarControl.OnPaint[323] ENTER width=743 height=743 targets=1 range=16,0
[2026-03-25 11:20:35.614] RadarControl.OnPaint[323] DrawRangeRings
[2026-03-25 11:20:35.615] RadarControl.OnPaint[323] DrawGrid
[2026-03-25 11:20:35.615] RadarControl.OnPaint[323] DrawTracks
[2026-03-25 11:20:35.616] RadarControl.OnPaint[323] DrawTargets begin
[2026-03-25 11:20:35.616] RadarControl.OnPaint[323] DrawTargets end
[2026-03-25 11:20:35.616] RadarControl.OnPaint[323] DrawCenter
[2026-03-25 11:20:35.617] RadarControl.OnPaint[323] EXIT ok
[2026-03-25 11:20:35.844] RadarControl.SetTargets: count=1, selected=ABC123
[2026-03-25 11:20:35.853] RadarControl.OnPaint[324] ENTER width=743 height=743 targets=1 range=16,0
[2026-03-25 11:20:35.868] RadarControl.OnPaint[324] DrawRangeRings
[2026-03-25 11:20:35.869] RadarControl.OnPaint[324] DrawGrid
[2026-03-25 11:20:35.869] RadarControl.OnPaint[324] DrawTracks
[2026-03-25 11:20:35.870] RadarControl.OnPaint[324] DrawTargets begin
[2026-03-25 11:20:35.870] RadarControl.OnPaint[324] DrawTargets end
[2026-03-25 11:20:35.870] RadarControl.OnPaint[324] DrawCenter
[2026-03-25 11:20:35.871] RadarControl.OnPaint[324] EXIT ok
[2026-03-25 11:20:36.099] RadarControl.SetTargets: count=1, selected=ABC123
[2026-03-25 11:20:36.112] RadarControl.OnPaint[325] ENTER width=743 height=743 targets=1 range=16,0
[2026-03-25 11:20:36.125] RadarControl.OnPaint[325] DrawRangeRings
[2026-03-25 11:20:36.126] RadarControl.OnPaint[325] DrawGrid
[2026-03-25 11:20:36.127] RadarControl.OnPaint[325] DrawTracks
[2026-03-25 11:20:36.127] RadarControl.OnPaint[325] DrawTargets begin
[2026-03-25 11:20:36.128] RadarControl.OnPaint[325] DrawTargets end
[2026-03-25 11:20:36.128] RadarControl.OnPaint[325] DrawCenter
[2026-03-25 11:20:36.128] RadarControl.OnPaint[325] EXIT ok
[2026-03-25 11:20:36.355] RadarControl.SetTargets: count=1, selected=ABC123
[2026-03-25 11:20:36.365] RadarControl.OnPaint[326] ENTER width=743 height=743 targets=1 range=16,0
[2026-03-25 11:20:36.378] RadarControl.OnPaint[326] DrawRangeRings
[2026-03-25 11:20:36.379] RadarControl.OnPaint[326] DrawGrid
[2026-03-25 11:20:36.380] RadarControl.OnPaint[326] DrawTracks
[2026-03-25 11:20:36.380] RadarControl.OnPaint[326] DrawTargets begin
[2026-03-25 11:20:36.381] RadarControl.OnPaint[326] DrawTargets end
[2026-03-25 11:20:36.381] RadarControl.OnPaint[326] DrawCenter
[2026-03-25 11:20:36.383] RadarControl.OnPaint[326] EXIT ok
[2026-03-25 11:20:36.611] RadarControl.SetTargets: count=1, selected=ABC123
[2026-03-25 11:20:36.624] RadarControl.OnPaint[327] ENTER width=743 height=743 targets=1 range=16,0
[2026-03-25 11:20:36.638] RadarControl.OnPaint[327] DrawRangeRings
[2026-03-25 11:20:36.639] RadarControl.OnPaint[327] DrawGrid
[2026-03-25 11:20:36.639] RadarControl.OnPaint[327] DrawTracks
[2026-03-25 11:20:36.640] RadarControl.OnPaint[327] DrawTargets begin
[2026-03-25 11:20:36.640] RadarControl.OnPaint[327] DrawTargets end
[2026-03-25 11:20:36.640] RadarControl.OnPaint[327] DrawCenter
[2026-03-25 11:20:36.641] RadarControl.OnPaint[327] EXIT ok
[2026-03-25 11:20:36.851] RadarControl.SetTargets: count=1, selected=ABC123
[2026-03-25 11:20:36.860] RadarControl.OnPaint[328] ENTER width=743 height=743 targets=1 range=16,0
[2026-03-25 11:20:36.874] RadarControl.OnPaint[328] DrawRangeRings
[2026-03-25 11:20:36.875] RadarControl.OnPaint[328] DrawGrid
[2026-03-25 11:20:36.875] RadarControl.OnPaint[328] DrawTracks
[2026-03-25 11:20:36.876] RadarControl.OnPaint[328] DrawTargets begin
[2026-03-25 11:20:36.876] RadarControl.OnPaint[328] DrawTargets end
[2026-03-25 11:20:36.876] RadarControl.OnPaint[328] DrawCenter
[2026-03-25 11:20:36.876] RadarControl.OnPaint[328] EXIT ok
[2026-03-25 11:20:37.106] RadarControl.SetTargets: count=1, selected=ABC123
[2026-03-25 11:20:37.116] RadarControl.OnPaint[329] ENTER width=743 height=743 targets=1 range=16,0
[2026-03-25 11:20:37.131] RadarControl.OnPaint[329] DrawRangeRings
[2026-03-25 11:20:37.132] RadarControl.OnPaint[329] DrawGrid
[2026-03-25 11:20:37.132] RadarControl.OnPaint[329] DrawTracks
[2026-03-25 11:20:37.133] RadarControl.OnPaint[329] DrawTargets begin
[2026-03-25 11:20:37.133] RadarControl.OnPaint[329] DrawTargets end
[2026-03-25 11:20:37.133] RadarControl.OnPaint[329] DrawCenter
[2026-03-25 11:20:37.134] RadarControl.OnPaint[329] EXIT ok
[2026-03-25 11:20:37.362] RadarControl.SetTargets: count=1, selected=ABC123
[2026-03-25 11:20:37.374] RadarControl.OnPaint[330] ENTER width=743 height=743 targets=1 range=16,0
[2026-03-25 11:20:37.387] RadarControl.OnPaint[330] DrawRangeRings
[2026-03-25 11:20:37.388] RadarControl.OnPaint[330] DrawGrid
[2026-03-25 11:20:37.388] RadarControl.OnPaint[330] DrawTracks
[2026-03-25 11:20:37.389] RadarControl.OnPaint[330] DrawTargets begin
[2026-03-25 11:20:37.389] RadarControl.OnPaint[330] DrawTargets end
[2026-03-25 11:20:37.390] RadarControl.OnPaint[330] DrawCenter
[2026-03-25 11:20:37.390] RadarControl.OnPaint[330] EXIT ok
[2026-03-25 11:20:37.602] RadarControl.SetTargets: count=1, selected=ABC123
[2026-03-25 11:20:37.613] RadarControl.OnPaint[331] ENTER width=743 height=743 targets=1 range=16,0
[2026-03-25 11:20:37.626] RadarControl.OnPaint[331] DrawRangeRings
[2026-03-25 11:20:37.628] RadarControl.OnPaint[331] DrawGrid
[2026-03-25 11:20:37.628] RadarControl.OnPaint[331] DrawTracks
[2026-03-25 11:20:37.629] RadarControl.OnPaint[331] DrawTargets begin
[2026-03-25 11:20:37.629] RadarControl.OnPaint[331] DrawTargets end
[2026-03-25 11:20:37.629] RadarControl.OnPaint[331] DrawCenter
[2026-03-25 11:20:37.630] RadarControl.OnPaint[331] EXIT ok
[2026-03-25 11:20:37.856] RadarControl.SetTargets: count=1, selected=ABC123
[2026-03-25 11:20:37.867] RadarControl.OnPaint[332] ENTER width=743 height=743 targets=1 range=16,0
[2026-03-25 11:20:37.882] RadarControl.OnPaint[332] DrawRangeRings
[2026-03-25 11:20:37.882] RadarControl.OnPaint[332] DrawGrid
[2026-03-25 11:20:37.883] RadarControl.OnPaint[332] DrawTracks
[2026-03-25 11:20:37.884] RadarControl.OnPaint[332] DrawTargets begin
[2026-03-25 11:20:37.884] RadarControl.OnPaint[332] DrawTargets end
[2026-03-25 11:20:37.884] RadarControl.OnPaint[332] DrawCenter
[2026-03-25 11:20:37.884] RadarControl.OnPaint[332] EXIT ok
[2026-03-25 11:20:38.112] RadarControl.SetTargets: count=1, selected=ABC123
[2026-03-25 11:20:38.125] RadarControl.OnPaint[333] ENTER width=743 height=743 targets=1 range=16,0
[2026-03-25 11:20:38.139] RadarControl.OnPaint[333] DrawRangeRings
[2026-03-25 11:20:38.139] RadarControl.OnPaint[333] DrawGrid
[2026-03-25 11:20:38.140] RadarControl.OnPaint[333] DrawTracks
[2026-03-25 11:20:38.141] RadarControl.OnPaint[333] DrawTargets begin
[2026-03-25 11:20:38.141] RadarControl.OnPaint[333] DrawTargets end
[2026-03-25 11:20:38.141] RadarControl.OnPaint[333] DrawCenter
[2026-03-25 11:20:38.141] RadarControl.OnPaint[333] EXIT ok
[2026-03-25 11:20:38.351] RadarControl.SetTargets: count=1, selected=ABC123
[2026-03-25 11:20:38.361] RadarControl.OnPaint[334] ENTER width=743 height=743 targets=1 range=16,0
[2026-03-25 11:20:38.374] RadarControl.OnPaint[334] DrawRangeRings
[2026-03-25 11:20:38.375] RadarControl.OnPaint[334] DrawGrid
[2026-03-25 11:20:38.376] RadarControl.OnPaint[334] DrawTracks
[2026-03-25 11:20:38.376] RadarControl.OnPaint[334] DrawTargets begin
[2026-03-25 11:20:38.377] RadarControl.OnPaint[334] DrawTargets end
[2026-03-25 11:20:38.377] RadarControl.OnPaint[334] DrawCenter
[2026-03-25 11:20:38.377] RadarControl.OnPaint[334] EXIT ok
[2026-03-25 11:20:38.607] RadarControl.SetTargets: count=1, selected=ABC123
[2026-03-25 11:20:38.618] RadarControl.OnPaint[335] ENTER width=743 height=743 targets=1 range=16,0
[2026-03-25 11:20:38.631] RadarControl.OnPaint[335] DrawRangeRings
[2026-03-25 11:20:38.632] RadarControl.OnPaint[335] DrawGrid
[2026-03-25 11:20:38.632] RadarControl.OnPaint[335] DrawTracks
[2026-03-25 11:20:38.633] RadarControl.OnPaint[335] DrawTargets begin
[2026-03-25 11:20:38.633] RadarControl.OnPaint[335] DrawTargets end
[2026-03-25 11:20:38.634] RadarControl.OnPaint[335] DrawCenter
[2026-03-25 11:20:38.634] RadarControl.OnPaint[335] EXIT ok
[2026-03-25 11:20:38.862] RadarControl.SetTargets: count=1, selected=ABC123
[2026-03-25 11:20:38.872] RadarControl.OnPaint[336] ENTER width=743 height=743 targets=1 range=16,0
[2026-03-25 11:20:38.885] RadarControl.OnPaint[336] DrawRangeRings
[2026-03-25 11:20:38.886] RadarControl.OnPaint[336] DrawGrid
[2026-03-25 11:20:38.887] RadarControl.OnPaint[336] DrawTracks
[2026-03-25 11:20:38.887] RadarControl.OnPaint[336] DrawTargets begin
[2026-03-25 11:20:38.888] RadarControl.OnPaint[336] DrawTargets end
[2026-03-25 11:20:38.888] RadarControl.OnPaint[336] DrawCenter
[2026-03-25 11:20:38.888] RadarControl.OnPaint[336] EXIT ok
[2026-03-25 11:20:39.101] RadarControl.SetTargets: count=1, selected=ABC123
[2026-03-25 11:20:39.111] RadarControl.OnPaint[337] ENTER width=743 height=743 targets=1 range=16,0
[2026-03-25 11:20:39.126] RadarControl.OnPaint[337] DrawRangeRings
[2026-03-25 11:20:39.127] RadarControl.OnPaint[337] DrawGrid
[2026-03-25 11:20:39.128] RadarControl.OnPaint[337] DrawTracks
[2026-03-25 11:20:39.129] RadarControl.OnPaint[337] DrawTargets begin
[2026-03-25 11:20:39.129] RadarControl.OnPaint[337] DrawTargets end
[2026-03-25 11:20:39.129] RadarControl.OnPaint[337] DrawCenter
[2026-03-25 11:20:39.129] RadarControl.OnPaint[337] EXIT ok
[2026-03-25 11:20:39.356] RadarControl.SetTargets: count=1, selected=ABC123
[2026-03-25 11:20:39.365] RadarControl.OnPaint[338] ENTER width=743 height=743 targets=1 range=16,0
[2026-03-25 11:20:39.378] RadarControl.OnPaint[338] DrawRangeRings
[2026-03-25 11:20:39.379] RadarControl.OnPaint[338] DrawGrid
[2026-03-25 11:20:39.380] RadarControl.OnPaint[338] DrawTracks
[2026-03-25 11:20:39.380] RadarControl.OnPaint[338] DrawTargets begin
[2026-03-25 11:20:39.381] RadarControl.OnPaint[338] DrawTargets end
[2026-03-25 11:20:39.381] RadarControl.OnPaint[338] DrawCenter
[2026-03-25 11:20:39.381] RadarControl.OnPaint[338] EXIT ok
[2026-03-25 11:20:39.612] RadarControl.SetTargets: count=1, selected=ABC123
[2026-03-25 11:20:39.623] RadarControl.OnPaint[339] ENTER width=743 height=743 targets=1 range=16,0
[2026-03-25 11:20:39.636] RadarControl.OnPaint[339] DrawRangeRings
[2026-03-25 11:20:39.637] RadarControl.OnPaint[339] DrawGrid
[2026-03-25 11:20:39.638] RadarControl.OnPaint[339] DrawTracks
[2026-03-25 11:20:39.638] RadarControl.OnPaint[339] DrawTargets begin
[2026-03-25 11:20:39.639] RadarControl.OnPaint[339] DrawTargets end
[2026-03-25 11:20:39.639] RadarControl.OnPaint[339] DrawCenter
[2026-03-25 11:20:39.639] RadarControl.OnPaint[339] EXIT ok
[2026-03-25 11:20:39.852] RadarControl.SetTargets: count=1, selected=ABC123
[2026-03-25 11:20:39.861] RadarControl.OnPaint[340] ENTER width=743 height=743 targets=1 range=16,0
[2026-03-25 11:20:39.876] RadarControl.OnPaint[340] DrawRangeRings
[2026-03-25 11:20:39.877] RadarControl.OnPaint[340] DrawGrid
[2026-03-25 11:20:39.877] RadarControl.OnPaint[340] DrawTracks
[2026-03-25 11:20:39.878] RadarControl.OnPaint[340] DrawTargets begin
[2026-03-25 11:20:39.878] RadarControl.OnPaint[340] DrawTargets end
[2026-03-25 11:20:39.878] RadarControl.OnPaint[340] DrawCenter
[2026-03-25 11:20:39.879] RadarControl.OnPaint[340] EXIT ok
[2026-03-25 11:20:40.106] RadarControl.SetTargets: count=1, selected=ABC123
[2026-03-25 11:20:40.116] RadarControl.OnPaint[341] ENTER width=743 height=743 targets=1 range=16,0
[2026-03-25 11:20:40.130] RadarControl.OnPaint[341] DrawRangeRings
[2026-03-25 11:20:40.131] RadarControl.OnPaint[341] DrawGrid
[2026-03-25 11:20:40.131] RadarControl.OnPaint[341] DrawTracks
[2026-03-25 11:20:40.132] RadarControl.OnPaint[341] DrawTargets begin
[2026-03-25 11:20:40.132] RadarControl.OnPaint[341] DrawTargets end
[2026-03-25 11:20:40.133] RadarControl.OnPaint[341] DrawCenter
[2026-03-25 11:20:40.133] RadarControl.OnPaint[341] EXIT ok
[2026-03-25 11:20:40.350] RadarControl.SetTargets: count=1, selected=ABC123
[2026-03-25 11:20:40.359] RadarControl.OnPaint[342] ENTER width=743 height=743 targets=1 range=16,0
[2026-03-25 11:20:40.373] RadarControl.OnPaint[342] DrawRangeRings
[2026-03-25 11:20:40.374] RadarControl.OnPaint[342] DrawGrid
[2026-03-25 11:20:40.374] RadarControl.OnPaint[342] DrawTracks
[2026-03-25 11:20:40.375] RadarControl.OnPaint[342] DrawTargets begin
[2026-03-25 11:20:40.375] RadarControl.OnPaint[342] DrawTargets end
[2026-03-25 11:20:40.375] RadarControl.OnPaint[342] DrawCenter
[2026-03-25 11:20:40.376] RadarControl.OnPaint[342] EXIT ok
[2026-03-25 11:20:40.601] RadarControl.SetTargets: count=1, selected=ABC123
[2026-03-25 11:20:40.610] RadarControl.OnPaint[343] ENTER width=743 height=743 targets=1 range=16,0
[2026-03-25 11:20:40.624] RadarControl.OnPaint[343] DrawRangeRings
[2026-03-25 11:20:40.625] RadarControl.OnPaint[343] DrawGrid
[2026-03-25 11:20:40.625] RadarControl.OnPaint[343] DrawTracks
[2026-03-25 11:20:40.626] RadarControl.OnPaint[343] DrawTargets begin
[2026-03-25 11:20:40.626] RadarControl.OnPaint[343] DrawTargets end
[2026-03-25 11:20:40.627] RadarControl.OnPaint[343] DrawCenter
[2026-03-25 11:20:40.627] RadarControl.OnPaint[343] EXIT ok
[2026-03-25 11:20:40.852] RadarControl.SetTargets: count=1, selected=ABC123
[2026-03-25 11:20:40.861] RadarControl.OnPaint[344] ENTER width=743 height=743 targets=1 range=16,0
[2026-03-25 11:20:40.875] RadarControl.OnPaint[344] DrawRangeRings
[2026-03-25 11:20:40.876] RadarControl.OnPaint[344] DrawGrid
[2026-03-25 11:20:40.876] RadarControl.OnPaint[344] DrawTracks
[2026-03-25 11:20:40.877] RadarControl.OnPaint[344] DrawTargets begin
[2026-03-25 11:20:40.877] RadarControl.OnPaint[344] DrawTargets end
[2026-03-25 11:20:40.878] RadarControl.OnPaint[344] DrawCenter
[2026-03-25 11:20:40.878] RadarControl.OnPaint[344] EXIT ok
[2026-03-25 11:20:41.112] RadarControl.SetTargets: count=1, selected=ABC123
[2026-03-25 11:20:41.124] RadarControl.OnPaint[345] ENTER width=743 height=743 targets=1 range=16,0
[2026-03-25 11:20:41.137] RadarControl.OnPaint[345] DrawRangeRings
[2026-03-25 11:20:41.138] RadarControl.OnPaint[345] DrawGrid
[2026-03-25 11:20:41.139] RadarControl.OnPaint[345] DrawTracks
[2026-03-25 11:20:41.140] RadarControl.OnPaint[345] DrawTargets begin
[2026-03-25 11:20:41.140] RadarControl.OnPaint[345] DrawTargets end
[2026-03-25 11:20:41.140] RadarControl.OnPaint[345] DrawCenter
[2026-03-25 11:20:41.140] RadarControl.OnPaint[345] EXIT ok
[2026-03-25 11:20:41.352] RadarControl.SetTargets: count=1, selected=ABC123
[2026-03-25 11:20:41.370] RadarControl.OnPaint[346] ENTER width=743 height=743 targets=1 range=16,0
[2026-03-25 11:20:41.383] RadarControl.OnPaint[346] DrawRangeRings
[2026-03-25 11:20:41.385] RadarControl.OnPaint[346] DrawGrid
[2026-03-25 11:20:41.385] RadarControl.OnPaint[346] DrawTracks
[2026-03-25 11:20:41.386] RadarControl.OnPaint[346] DrawTargets begin
[2026-03-25 11:20:41.386] RadarControl.OnPaint[346] DrawTargets end
[2026-03-25 11:20:41.386] RadarControl.OnPaint[346] DrawCenter
[2026-03-25 11:20:41.387] RadarControl.OnPaint[346] EXIT ok
[2026-03-25 11:20:41.608] RadarControl.SetTargets: count=1, selected=ABC123
[2026-03-25 11:20:41.618] RadarControl.OnPaint[347] ENTER width=743 height=743 targets=1 range=16,0
[2026-03-25 11:20:41.632] RadarControl.OnPaint[347] DrawRangeRings
[2026-03-25 11:20:41.633] RadarControl.OnPaint[347] DrawGrid
[2026-03-25 11:20:41.633] RadarControl.OnPaint[347] DrawTracks
[2026-03-25 11:20:41.634] RadarControl.OnPaint[347] DrawTargets begin
[2026-03-25 11:20:41.634] RadarControl.OnPaint[347] DrawTargets end
[2026-03-25 11:20:41.634] RadarControl.OnPaint[347] DrawCenter
[2026-03-25 11:20:41.635] RadarControl.OnPaint[347] EXIT ok
[2026-03-25 11:20:41.862] RadarControl.SetTargets: count=1, selected=ABC123
[2026-03-25 11:20:41.877] RadarControl.OnPaint[348] ENTER width=743 height=743 targets=1 range=16,0
[2026-03-25 11:20:41.892] RadarControl.OnPaint[348] DrawRangeRings
[2026-03-25 11:20:41.892] RadarControl.OnPaint[348] DrawGrid
[2026-03-25 11:20:41.893] RadarControl.OnPaint[348] DrawTracks
[2026-03-25 11:20:41.894] RadarControl.OnPaint[348] DrawTargets begin
[2026-03-25 11:20:41.894] RadarControl.OnPaint[348] DrawTargets end
[2026-03-25 11:20:41.894] RadarControl.OnPaint[348] DrawCenter
[2026-03-25 11:20:41.894] RadarControl.OnPaint[348] EXIT ok
[2026-03-25 11:21:11.585] Program.Main: Application.Run returned normally
[2026-03-30 10:54:04.234] ========== APP START ==========
[2026-03-30 10:54:04.259] Program.Main: before Application.Run
[2026-03-30 10:54:04.725] RadarControl.SetTargets: count=0, selected=none
[2026-03-30 10:54:04.737] RadarControl.SetTargets: count=0, selected=none
[2026-03-30 10:54:04.744] RadarControl.SetTargets: count=0, selected=none
[2026-03-30 10:54:04.858] RadarControl.OnPaint[1] ENTER width=743 height=743 targets=0 range=39,1
[2026-03-30 10:54:04.970] RadarControl.OnPaint[1] DrawRangeRings
[2026-03-30 10:54:04.972] RadarControl.OnPaint[1] DrawGrid
[2026-03-30 10:54:04.973] RadarControl.OnPaint[1] DrawTracks
[2026-03-30 10:54:04.974] RadarControl.OnPaint[1] DrawTargets begin
[2026-03-30 10:54:04.977] RadarControl.OnPaint[1] DrawTargets end
[2026-03-30 10:54:04.977] RadarControl.OnPaint[1] DrawCenter
[2026-03-30 10:54:04.981] RadarControl.OnPaint[1] EXIT ok
[2026-03-30 10:54:05.030] RadarControl.SetTargets: count=0, selected=none
[2026-03-30 10:54:05.042] RadarControl.OnPaint[2] ENTER width=743 height=743 targets=0 range=39,1
[2026-03-30 10:54:05.059] RadarControl.OnPaint[2] DrawRangeRings
[2026-03-30 10:54:05.060] RadarControl.OnPaint[2] DrawGrid
[2026-03-30 10:54:05.061] RadarControl.OnPaint[2] DrawTracks
[2026-03-30 10:54:05.061] RadarControl.OnPaint[2] DrawTargets begin
[2026-03-30 10:54:05.063] RadarControl.OnPaint[2] DrawTargets end
[2026-03-30 10:54:05.064] RadarControl.OnPaint[2] DrawCenter
[2026-03-30 10:54:05.064] RadarControl.OnPaint[2] EXIT ok
[2026-03-30 10:54:49.678] RadarControl.SetTargets: count=0, selected=none
[2026-03-30 10:54:49.692] RadarControl.SetTargets: count=0, selected=none
[2026-03-30 10:54:49.703] RadarControl.OnPaint[3] ENTER width=743 height=743 targets=0 range=39,1
[2026-03-30 10:54:49.719] RadarControl.OnPaint[3] DrawRangeRings
[2026-03-30 10:54:49.720] RadarControl.OnPaint[3] DrawGrid
[2026-03-30 10:54:49.721] RadarControl.OnPaint[3] DrawTracks
[2026-03-30 10:54:49.721] RadarControl.OnPaint[3] DrawTargets begin
[2026-03-30 10:54:49.721] RadarControl.OnPaint[3] DrawTargets end
[2026-03-30 10:54:49.721] RadarControl.OnPaint[3] DrawCenter
[2026-03-30 10:54:49.721] RadarControl.OnPaint[3] EXIT ok
[2026-03-30 10:54:58.098] RadarControl.SetTargets: count=0, selected=none
[2026-03-30 10:54:58.107] RadarControl.OnPaint[4] ENTER width=743 height=743 targets=0 range=48,8
[2026-03-30 10:54:58.234] RadarControl.OnPaint[4] DrawRangeRings
[2026-03-30 10:54:58.235] RadarControl.OnPaint[4] DrawGrid
[2026-03-30 10:54:58.235] RadarControl.OnPaint[4] DrawTracks
[2026-03-30 10:54:58.236] RadarControl.OnPaint[4] DrawTargets begin
[2026-03-30 10:54:58.236] RadarControl.OnPaint[4] DrawTargets end
[2026-03-30 10:54:58.236] RadarControl.OnPaint[4] DrawCenter
[2026-03-30 10:54:58.237] RadarControl.OnPaint[4] EXIT ok
[2026-03-30 10:54:59.107] RadarControl.SetTargets: count=0, selected=none
[2026-03-30 10:54:59.119] RadarControl.OnPaint[5] ENTER width=743 height=743 targets=0 range=39,1
[2026-03-30 10:54:59.133] RadarControl.OnPaint[5] DrawRangeRings
[2026-03-30 10:54:59.134] RadarControl.OnPaint[5] DrawGrid
[2026-03-30 10:54:59.134] RadarControl.OnPaint[5] DrawTracks
[2026-03-30 10:54:59.135] RadarControl.OnPaint[5] DrawTargets begin
[2026-03-30 10:54:59.135] RadarControl.OnPaint[5] DrawTargets end
[2026-03-30 10:54:59.135] RadarControl.OnPaint[5] DrawCenter
[2026-03-30 10:54:59.136] RadarControl.OnPaint[5] EXIT ok
[2026-03-30 10:54:59.146] RadarControl.SetTargets: count=0, selected=none
[2026-03-30 10:54:59.157] RadarControl.OnPaint[6] ENTER width=743 height=743 targets=0 range=31,3
[2026-03-30 10:54:59.171] RadarControl.OnPaint[6] DrawRangeRings
[2026-03-30 10:54:59.171] RadarControl.OnPaint[6] DrawGrid
[2026-03-30 10:54:59.171] RadarControl.OnPaint[6] DrawTracks
[2026-03-30 10:54:59.172] RadarControl.OnPaint[6] DrawTargets begin
[2026-03-30 10:54:59.172] RadarControl.OnPaint[6] DrawTargets end
[2026-03-30 10:54:59.172] RadarControl.OnPaint[6] DrawCenter
[2026-03-30 10:54:59.173] RadarControl.OnPaint[6] EXIT ok
[2026-03-30 10:55:01.487] RadarControl.SetTargets: count=0, selected=none
[2026-03-30 10:55:01.496] RadarControl.OnPaint[7] ENTER width=743 height=743 targets=0 range=25,0
[2026-03-30 10:55:01.510] RadarControl.OnPaint[7] DrawRangeRings
[2026-03-30 10:55:01.511] RadarControl.OnPaint[7] DrawGrid
[2026-03-30 10:55:01.511] RadarControl.OnPaint[7] DrawTracks
[2026-03-30 10:55:01.511] RadarControl.OnPaint[7] DrawTargets begin
[2026-03-30 10:55:01.512] RadarControl.OnPaint[7] DrawTargets end
[2026-03-30 10:55:01.512] RadarControl.OnPaint[7] DrawCenter
[2026-03-30 10:55:01.512] RadarControl.OnPaint[7] EXIT ok
[2026-03-30 10:55:01.579] RadarControl.SetTargets: count=0, selected=none
[2026-03-30 10:55:01.592] RadarControl.OnPaint[8] ENTER width=743 height=743 targets=0 range=20,0
[2026-03-30 10:55:01.667] RadarControl.OnPaint[8] DrawRangeRings
[2026-03-30 10:55:01.668] RadarControl.OnPaint[8] DrawGrid
[2026-03-30 10:55:01.669] RadarControl.OnPaint[8] DrawTracks
[2026-03-30 10:55:01.669] RadarControl.OnPaint[8] DrawTargets begin
[2026-03-30 10:55:01.669] RadarControl.OnPaint[8] DrawTargets end
[2026-03-30 10:55:01.669] RadarControl.OnPaint[8] DrawCenter
[2026-03-30 10:55:01.670] RadarControl.OnPaint[8] EXIT ok
[2026-03-30 10:55:02.905] RadarControl.SetTargets: count=0, selected=none
[2026-03-30 10:55:02.915] RadarControl.OnPaint[9] ENTER width=743 height=743 targets=0 range=16,0
[2026-03-30 10:55:02.928] RadarControl.OnPaint[9] DrawRangeRings
[2026-03-30 10:55:02.929] RadarControl.OnPaint[9] DrawGrid
[2026-03-30 10:55:02.929] RadarControl.OnPaint[9] DrawTracks
[2026-03-30 10:55:02.930] RadarControl.OnPaint[9] DrawTargets begin
[2026-03-30 10:55:02.930] RadarControl.OnPaint[9] DrawTargets end
[2026-03-30 10:55:02.930] RadarControl.OnPaint[9] DrawCenter
[2026-03-30 10:55:02.930] RadarControl.OnPaint[9] EXIT ok
[2026-03-30 10:55:06.210] RadarControl.SetTargets: count=0, selected=none
[2026-03-30 10:55:06.218] RadarControl.OnPaint[10] ENTER width=743 height=743 targets=0 range=12,8
[2026-03-30 10:55:06.233] RadarControl.OnPaint[10] DrawRangeRings
[2026-03-30 10:55:06.234] RadarControl.OnPaint[10] DrawGrid
[2026-03-30 10:55:06.234] RadarControl.OnPaint[10] DrawTracks
[2026-03-30 10:55:06.235] RadarControl.OnPaint[10] DrawTargets begin
[2026-03-30 10:55:06.235] RadarControl.OnPaint[10] DrawTargets end
[2026-03-30 10:55:06.235] RadarControl.OnPaint[10] DrawCenter
[2026-03-30 10:55:06.236] RadarControl.OnPaint[10] EXIT ok
[2026-03-30 10:55:07.012] RadarControl.SetTargets: count=0, selected=none
[2026-03-30 10:55:07.020] RadarControl.OnPaint[11] ENTER width=743 height=743 targets=0 range=16,0
[2026-03-30 10:55:07.036] RadarControl.OnPaint[11] DrawRangeRings
[2026-03-30 10:55:07.037] RadarControl.OnPaint[11] DrawGrid
[2026-03-30 10:55:07.037] RadarControl.OnPaint[11] DrawTracks
[2026-03-30 10:55:07.038] RadarControl.OnPaint[11] DrawTargets begin
[2026-03-30 10:55:07.038] RadarControl.OnPaint[11] DrawTargets end
[2026-03-30 10:55:07.038] RadarControl.OnPaint[11] DrawCenter
[2026-03-30 10:55:07.039] RadarControl.OnPaint[11] EXIT ok
[2026-03-30 10:56:00.940] RadarControl.SetTargets: count=0, selected=none
[2026-03-30 10:56:00.957] RadarControl.SetTargets: count=0, selected=none
[2026-03-30 10:56:00.972] RadarControl.OnPaint[12] ENTER width=743 height=743 targets=0 range=16,0
[2026-03-30 10:56:00.988] RadarControl.OnPaint[12] DrawRangeRings
[2026-03-30 10:56:00.990] RadarControl.OnPaint[12] DrawGrid
[2026-03-30 10:56:00.990] RadarControl.OnPaint[12] DrawTracks
[2026-03-30 10:56:00.990] RadarControl.OnPaint[12] DrawTargets begin
[2026-03-30 10:56:00.990] RadarControl.OnPaint[12] DrawTargets end
[2026-03-30 10:56:00.990] RadarControl.OnPaint[12] DrawCenter
[2026-03-30 10:56:00.991] RadarControl.OnPaint[12] EXIT ok
[2026-03-30 10:56:38.826] RadarControl.SetTargets: count=6, selected=none
[2026-03-30 10:56:38.848] RadarControl.OnPaint[13] ENTER width=743 height=743 targets=6 range=16,0
[2026-03-30 10:56:38.871] RadarControl.OnPaint[13] DrawRangeRings
[2026-03-30 10:56:38.873] RadarControl.OnPaint[13] DrawGrid
[2026-03-30 10:56:38.874] RadarControl.OnPaint[13] DrawTracks
[2026-03-30 10:56:38.874] RadarControl.OnPaint[13] DrawTargets begin
[2026-03-30 10:56:38.883] RadarControl.OnPaint[13] DrawTargets end
[2026-03-30 10:56:38.884] RadarControl.OnPaint[13] DrawCenter
[2026-03-30 10:56:38.884] RadarControl.OnPaint[13] EXIT ok
[2026-03-30 10:56:39.765] RadarControl.SetTargets: count=6, selected=none
[2026-03-30 10:56:39.836] RadarControl.OnPaint[14] ENTER width=743 height=743 targets=6 range=16,0
[2026-03-30 10:56:51.812] RadarControl.OnPaint[14] DrawRangeRings
[2026-03-30 10:56:51.813] RadarControl.OnPaint[14] DrawGrid
[2026-03-30 10:56:51.814] RadarControl.OnPaint[14] DrawTracks
[2026-03-30 10:56:51.815] RadarControl.OnPaint[14] DrawTargets begin
[2026-03-30 10:56:51.815] RadarControl.OnPaint[14] DrawTargets end
[2026-03-30 10:56:51.815] RadarControl.OnPaint[14] DrawCenter
[2026-03-30 10:56:51.816] RadarControl.OnPaint[14] EXIT ok
[2026-03-30 10:56:52.424] RadarControl.SetTargets: count=11, selected=none
[2026-03-30 10:56:52.443] RadarControl.OnPaint[15] ENTER width=743 height=743 targets=11 range=16,0
[2026-03-30 10:56:52.457] RadarControl.OnPaint[15] DrawRangeRings
[2026-03-30 10:56:52.459] RadarControl.OnPaint[15] DrawGrid
[2026-03-30 10:56:52.459] RadarControl.OnPaint[15] DrawTracks
[2026-03-30 10:56:52.459] RadarControl.OnPaint[15] DrawTargets begin
[2026-03-30 10:56:52.460] RadarControl.OnPaint[15] DrawTargets end
[2026-03-30 10:56:52.460] RadarControl.OnPaint[15] DrawCenter
[2026-03-30 10:56:52.461] RadarControl.OnPaint[15] EXIT ok
[2026-03-30 10:56:53.010] RadarControl.SetTargets: count=11, selected=none
[2026-03-30 10:56:53.022] RadarControl.OnPaint[16] ENTER width=743 height=743 targets=11 range=16,0
[2026-03-30 10:56:53.038] RadarControl.OnPaint[16] DrawRangeRings
[2026-03-30 10:56:53.040] RadarControl.OnPaint[16] DrawGrid
[2026-03-30 10:56:53.041] RadarControl.OnPaint[16] DrawTracks
[2026-03-30 10:56:53.041] RadarControl.OnPaint[16] DrawTargets begin
[2026-03-30 10:56:53.043] RadarControl.OnPaint[16] DrawTargets end
[2026-03-30 10:56:53.043] RadarControl.OnPaint[16] DrawCenter
[2026-03-30 10:56:53.043] RadarControl.OnPaint[16] EXIT ok
[2026-03-30 10:56:54.009] RadarControl.SetTargets: count=11, selected=none
[2026-03-30 10:56:54.022] RadarControl.OnPaint[17] ENTER width=743 height=743 targets=11 range=16,0
[2026-03-30 10:56:54.035] RadarControl.OnPaint[17] DrawRangeRings
[2026-03-30 10:56:54.036] RadarControl.OnPaint[17] DrawGrid
[2026-03-30 10:56:54.037] RadarControl.OnPaint[17] DrawTracks
[2026-03-30 10:56:54.037] RadarControl.OnPaint[17] DrawTargets begin
[2026-03-30 10:56:54.038] RadarControl.OnPaint[17] DrawTargets end
[2026-03-30 10:56:54.038] RadarControl.OnPaint[17] DrawCenter
[2026-03-30 10:56:54.040] RadarControl.OnPaint[17] EXIT ok
[2026-03-30 10:56:55.010] RadarControl.SetTargets: count=11, selected=none
[2026-03-30 10:56:55.025] RadarControl.OnPaint[18] ENTER width=743 height=743 targets=11 range=16,0
[2026-03-30 10:56:55.039] RadarControl.OnPaint[18] DrawRangeRings
[2026-03-30 10:56:55.040] RadarControl.OnPaint[18] DrawGrid
[2026-03-30 10:56:55.041] RadarControl.OnPaint[18] DrawTracks
[2026-03-30 10:56:55.041] RadarControl.OnPaint[18] DrawTargets begin
[2026-03-30 10:56:55.042] RadarControl.OnPaint[18] DrawTargets end
[2026-03-30 10:56:55.042] RadarControl.OnPaint[18] DrawCenter
[2026-03-30 10:56:55.043] RadarControl.OnPaint[18] EXIT ok
[2026-03-30 10:56:56.018] RadarControl.SetTargets: count=12, selected=none
[2026-03-30 10:56:56.035] RadarControl.OnPaint[19] ENTER width=743 height=743 targets=12 range=16,0
[2026-03-30 10:56:56.048] RadarControl.OnPaint[19] DrawRangeRings
[2026-03-30 10:56:56.050] RadarControl.OnPaint[19] DrawGrid
[2026-03-30 10:56:56.050] RadarControl.OnPaint[19] DrawTracks
[2026-03-30 10:56:56.051] RadarControl.OnPaint[19] DrawTargets begin
[2026-03-30 10:56:56.052] RadarControl.OnPaint[19] DrawTargets end
[2026-03-30 10:56:56.052] RadarControl.OnPaint[19] DrawCenter
[2026-03-30 10:56:56.053] RadarControl.OnPaint[19] EXIT ok
[2026-03-30 10:56:57.010] RadarControl.SetTargets: count=12, selected=none
[2026-03-30 10:56:57.026] RadarControl.OnPaint[20] ENTER width=743 height=743 targets=12 range=16,0
[2026-03-30 10:56:57.040] RadarControl.OnPaint[20] DrawRangeRings
[2026-03-30 10:56:57.041] RadarControl.OnPaint[20] DrawGrid
[2026-03-30 10:56:57.042] RadarControl.OnPaint[20] DrawTracks
[2026-03-30 10:56:57.042] RadarControl.OnPaint[20] DrawTargets begin
[2026-03-30 10:56:57.047] RadarControl.OnPaint[20] DrawTargets end
[2026-03-30 10:56:57.047] RadarControl.OnPaint[20] DrawCenter
[2026-03-30 10:56:57.048] RadarControl.OnPaint[20] EXIT ok
[2026-03-30 10:56:58.010] RadarControl.SetTargets: count=12, selected=none
[2026-03-30 10:56:58.025] RadarControl.OnPaint[21] ENTER width=743 height=743 targets=12 range=16,0
[2026-03-30 10:56:58.040] RadarControl.OnPaint[21] DrawRangeRings
[2026-03-30 10:56:58.041] RadarControl.OnPaint[21] DrawGrid
[2026-03-30 10:56:58.042] RadarControl.OnPaint[21] DrawTracks
[2026-03-30 10:56:58.042] RadarControl.OnPaint[21] DrawTargets begin
[2026-03-30 10:56:58.043] RadarControl.OnPaint[21] DrawTargets end
[2026-03-30 10:56:58.043] RadarControl.OnPaint[21] DrawCenter
[2026-03-30 10:56:58.044] RadarControl.OnPaint[21] EXIT ok
[2026-03-30 10:56:59.010] RadarControl.SetTargets: count=12, selected=none
[2026-03-30 10:56:59.029] RadarControl.OnPaint[22] ENTER width=743 height=743 targets=12 range=16,0
[2026-03-30 10:56:59.043] RadarControl.OnPaint[22] DrawRangeRings
[2026-03-30 10:56:59.044] RadarControl.OnPaint[22] DrawGrid
[2026-03-30 10:56:59.045] RadarControl.OnPaint[22] DrawTracks
[2026-03-30 10:56:59.045] RadarControl.OnPaint[22] DrawTargets begin
[2026-03-30 10:56:59.047] RadarControl.OnPaint[22] DrawTargets end
[2026-03-30 10:56:59.048] RadarControl.OnPaint[22] DrawCenter
[2026-03-30 10:56:59.048] RadarControl.OnPaint[22] EXIT ok
[2026-03-30 10:57:00.010] RadarControl.SetTargets: count=13, selected=none
[2026-03-30 10:57:00.028] RadarControl.OnPaint[23] ENTER width=743 height=743 targets=13 range=16,0
[2026-03-30 10:57:00.042] RadarControl.OnPaint[23] DrawRangeRings
[2026-03-30 10:57:00.044] RadarControl.OnPaint[23] DrawGrid
[2026-03-30 10:57:00.044] RadarControl.OnPaint[23] DrawTracks
[2026-03-30 10:57:00.045] RadarControl.OnPaint[23] DrawTargets begin
[2026-03-30 10:57:00.046] RadarControl.OnPaint[23] DrawTargets end
[2026-03-30 10:57:00.046] RadarControl.OnPaint[23] DrawCenter
[2026-03-30 10:57:00.047] RadarControl.OnPaint[23] EXIT ok
[2026-03-30 10:57:01.020] RadarControl.SetTargets: count=13, selected=none
[2026-03-30 10:57:01.040] RadarControl.OnPaint[24] ENTER width=743 height=743 targets=13 range=16,0
[2026-03-30 10:57:01.054] RadarControl.OnPaint[24] DrawRangeRings
[2026-03-30 10:57:01.055] RadarControl.OnPaint[24] DrawGrid
[2026-03-30 10:57:01.056] RadarControl.OnPaint[24] DrawTracks
[2026-03-30 10:57:01.056] RadarControl.OnPaint[24] DrawTargets begin
[2026-03-30 10:57:01.057] RadarControl.OnPaint[24] DrawTargets end
[2026-03-30 10:57:01.057] RadarControl.OnPaint[24] DrawCenter
[2026-03-30 10:57:01.058] RadarControl.OnPaint[24] EXIT ok
[2026-03-30 10:57:02.010] RadarControl.SetTargets: count=13, selected=none
[2026-03-30 10:57:02.025] RadarControl.OnPaint[25] ENTER width=743 height=743 targets=13 range=16,0
[2026-03-30 10:57:02.038] RadarControl.OnPaint[25] DrawRangeRings
[2026-03-30 10:57:02.039] RadarControl.OnPaint[25] DrawGrid
[2026-03-30 10:57:02.040] RadarControl.OnPaint[25] DrawTracks
[2026-03-30 10:57:02.040] RadarControl.OnPaint[25] DrawTargets begin
[2026-03-30 10:57:02.041] RadarControl.OnPaint[25] DrawTargets end
[2026-03-30 10:57:02.041] RadarControl.OnPaint[25] DrawCenter
[2026-03-30 10:57:02.042] RadarControl.OnPaint[25] EXIT ok
[2026-03-30 10:57:03.009] RadarControl.SetTargets: count=13, selected=none
[2026-03-30 10:57:03.028] RadarControl.OnPaint[26] ENTER width=743 height=743 targets=13 range=16,0
[2026-03-30 10:57:03.041] RadarControl.OnPaint[26] DrawRangeRings
[2026-03-30 10:57:03.042] RadarControl.OnPaint[26] DrawGrid
[2026-03-30 10:57:03.042] RadarControl.OnPaint[26] DrawTracks
[2026-03-30 10:57:03.043] RadarControl.OnPaint[26] DrawTargets begin
[2026-03-30 10:57:03.044] RadarControl.OnPaint[26] DrawTargets end
[2026-03-30 10:57:03.044] RadarControl.OnPaint[26] DrawCenter
[2026-03-30 10:57:03.044] RadarControl.OnPaint[26] EXIT ok
[2026-03-30 10:57:04.010] RadarControl.SetTargets: count=13, selected=none
[2026-03-30 10:57:04.024] RadarControl.OnPaint[27] ENTER width=743 height=743 targets=13 range=16,0
[2026-03-30 10:57:04.039] RadarControl.OnPaint[27] DrawRangeRings
[2026-03-30 10:57:04.040] RadarControl.OnPaint[27] DrawGrid
[2026-03-30 10:57:04.040] RadarControl.OnPaint[27] DrawTracks
[2026-03-30 10:57:04.040] RadarControl.OnPaint[27] DrawTargets begin
[2026-03-30 10:57:04.042] RadarControl.OnPaint[27] DrawTargets end
[2026-03-30 10:57:04.042] RadarControl.OnPaint[27] DrawCenter
[2026-03-30 10:57:04.042] RadarControl.OnPaint[27] EXIT ok
[2026-03-30 10:57:05.020] RadarControl.SetTargets: count=13, selected=none
[2026-03-30 10:57:05.036] RadarControl.OnPaint[28] ENTER width=743 height=743 targets=13 range=16,0
[2026-03-30 10:57:05.050] RadarControl.OnPaint[28] DrawRangeRings
[2026-03-30 10:57:05.051] RadarControl.OnPaint[28] DrawGrid
[2026-03-30 10:57:05.051] RadarControl.OnPaint[28] DrawTracks
[2026-03-30 10:57:05.051] RadarControl.OnPaint[28] DrawTargets begin
[2026-03-30 10:57:05.052] RadarControl.OnPaint[28] DrawTargets end
[2026-03-30 10:57:05.053] RadarControl.OnPaint[28] DrawCenter
[2026-03-30 10:57:05.053] RadarControl.OnPaint[28] EXIT ok
[2026-03-30 10:57:06.009] RadarControl.SetTargets: count=13, selected=none
[2026-03-30 10:57:06.025] RadarControl.OnPaint[29] ENTER width=743 height=743 targets=13 range=16,0
[2026-03-30 10:57:06.039] RadarControl.OnPaint[29] DrawRangeRings
[2026-03-30 10:57:06.040] RadarControl.OnPaint[29] DrawGrid
[2026-03-30 10:57:06.040] RadarControl.OnPaint[29] DrawTracks
[2026-03-30 10:57:06.041] RadarControl.OnPaint[29] DrawTargets begin
[2026-03-30 10:57:06.042] RadarControl.OnPaint[29] DrawTargets end
[2026-03-30 10:57:06.042] RadarControl.OnPaint[29] DrawCenter
[2026-03-30 10:57:06.043] RadarControl.OnPaint[29] EXIT ok
[2026-03-30 10:57:07.010] RadarControl.SetTargets: count=13, selected=none
[2026-03-30 10:57:07.025] RadarControl.OnPaint[30] ENTER width=743 height=743 targets=13 range=16,0
[2026-03-30 10:57:07.038] RadarControl.OnPaint[30] DrawRangeRings
[2026-03-30 10:57:07.040] RadarControl.OnPaint[30] DrawGrid
[2026-03-30 10:57:07.041] RadarControl.OnPaint[30] DrawTracks
[2026-03-30 10:57:07.041] RadarControl.OnPaint[30] DrawTargets begin
[2026-03-30 10:57:07.042] RadarControl.OnPaint[30] DrawTargets end
[2026-03-30 10:57:07.042] RadarControl.OnPaint[30] DrawCenter
[2026-03-30 10:57:07.043] RadarControl.OnPaint[30] EXIT ok
[2026-03-30 10:57:08.010] RadarControl.SetTargets: count=10, selected=none
[2026-03-30 10:57:08.024] RadarControl.OnPaint[31] ENTER width=743 height=743 targets=10 range=16,0
[2026-03-30 10:57:08.037] RadarControl.OnPaint[31] DrawRangeRings
[2026-03-30 10:57:08.038] RadarControl.OnPaint[31] DrawGrid
[2026-03-30 10:57:08.038] RadarControl.OnPaint[31] DrawTracks
[2026-03-30 10:57:08.039] RadarControl.OnPaint[31] DrawTargets begin
[2026-03-30 10:57:08.040] RadarControl.OnPaint[31] DrawTargets end
[2026-03-30 10:57:08.040] RadarControl.OnPaint[31] DrawCenter
[2026-03-30 10:57:08.041] RadarControl.OnPaint[31] EXIT ok
[2026-03-30 10:57:09.010] RadarControl.SetTargets: count=8, selected=none
[2026-03-30 10:57:09.022] RadarControl.OnPaint[32] ENTER width=743 height=743 targets=8 range=16,0
[2026-03-30 10:57:09.035] RadarControl.OnPaint[32] DrawRangeRings
[2026-03-30 10:57:09.036] RadarControl.OnPaint[32] DrawGrid
[2026-03-30 10:57:09.036] RadarControl.OnPaint[32] DrawTracks
[2026-03-30 10:57:09.036] RadarControl.OnPaint[32] DrawTargets begin
[2026-03-30 10:57:09.037] RadarControl.OnPaint[32] DrawTargets end
[2026-03-30 10:57:09.037] RadarControl.OnPaint[32] DrawCenter
[2026-03-30 10:57:09.038] RadarControl.OnPaint[32] EXIT ok
[2026-03-30 10:57:10.016] RadarControl.SetTargets: count=8, selected=none
[2026-03-30 10:57:10.028] RadarControl.OnPaint[33] ENTER width=743 height=743 targets=8 range=16,0
[2026-03-30 10:57:10.041] RadarControl.OnPaint[33] DrawRangeRings
[2026-03-30 10:57:10.042] RadarControl.OnPaint[33] DrawGrid
[2026-03-30 10:57:10.043] RadarControl.OnPaint[33] DrawTracks
[2026-03-30 10:57:10.043] RadarControl.OnPaint[33] DrawTargets begin
[2026-03-30 10:57:10.044] RadarControl.OnPaint[33] DrawTargets end
[2026-03-30 10:57:10.044] RadarControl.OnPaint[33] DrawCenter
[2026-03-30 10:57:10.044] RadarControl.OnPaint[33] EXIT ok
[2026-03-30 10:57:11.009] RadarControl.SetTargets: count=7, selected=none
[2026-03-30 10:57:11.021] RadarControl.OnPaint[34] ENTER width=743 height=743 targets=7 range=16,0
[2026-03-30 10:57:11.034] RadarControl.OnPaint[34] DrawRangeRings
[2026-03-30 10:57:11.035] RadarControl.OnPaint[34] DrawGrid
[2026-03-30 10:57:11.036] RadarControl.OnPaint[34] DrawTracks
[2026-03-30 10:57:11.036] RadarControl.OnPaint[34] DrawTargets begin
[2026-03-30 10:57:11.036] RadarControl.OnPaint[34] DrawTargets end
[2026-03-30 10:57:11.036] RadarControl.OnPaint[34] DrawCenter
[2026-03-30 10:57:11.038] RadarControl.OnPaint[34] EXIT ok
[2026-03-30 10:57:12.009] RadarControl.SetTargets: count=7, selected=none
[2026-03-30 10:57:12.021] RadarControl.OnPaint[35] ENTER width=743 height=743 targets=7 range=16,0
[2026-03-30 10:57:12.034] RadarControl.OnPaint[35] DrawRangeRings
[2026-03-30 10:57:12.035] RadarControl.OnPaint[35] DrawGrid
[2026-03-30 10:57:12.035] RadarControl.OnPaint[35] DrawTracks
[2026-03-30 10:57:12.036] RadarControl.OnPaint[35] DrawTargets begin
[2026-03-30 10:57:12.036] RadarControl.OnPaint[35] DrawTargets end
[2026-03-30 10:57:12.036] RadarControl.OnPaint[35] DrawCenter
[2026-03-30 10:57:12.036] RadarControl.OnPaint[35] EXIT ok
[2026-03-30 10:57:13.010] RadarControl.SetTargets: count=7, selected=none
[2026-03-30 10:57:13.020] RadarControl.OnPaint[36] ENTER width=743 height=743 targets=7 range=16,0
[2026-03-30 10:57:13.034] RadarControl.OnPaint[36] DrawRangeRings
[2026-03-30 10:57:13.035] RadarControl.OnPaint[36] DrawGrid
[2026-03-30 10:57:13.036] RadarControl.OnPaint[36] DrawTracks
[2026-03-30 10:57:13.036] RadarControl.OnPaint[36] DrawTargets begin
[2026-03-30 10:57:13.037] RadarControl.OnPaint[36] DrawTargets end
[2026-03-30 10:57:13.037] RadarControl.OnPaint[36] DrawCenter
[2026-03-30 10:57:13.037] RadarControl.OnPaint[36] EXIT ok
[2026-03-30 10:57:14.009] RadarControl.SetTargets: count=7, selected=none
[2026-03-30 10:57:14.023] RadarControl.OnPaint[37] ENTER width=743 height=743 targets=7 range=16,0
[2026-03-30 10:57:14.038] RadarControl.OnPaint[37] DrawRangeRings
[2026-03-30 10:57:14.040] RadarControl.OnPaint[37] DrawGrid
[2026-03-30 10:57:14.040] RadarControl.OnPaint[37] DrawTracks
[2026-03-30 10:57:14.040] RadarControl.OnPaint[37] DrawTargets begin
[2026-03-30 10:57:14.041] RadarControl.OnPaint[37] DrawTargets end
[2026-03-30 10:57:14.041] RadarControl.OnPaint[37] DrawCenter
[2026-03-30 10:57:14.042] RadarControl.OnPaint[37] EXIT ok
[2026-03-30 10:57:15.010] RadarControl.SetTargets: count=6, selected=none
[2026-03-30 10:57:15.020] RadarControl.OnPaint[38] ENTER width=743 height=743 targets=6 range=16,0
[2026-03-30 10:57:15.036] RadarControl.OnPaint[38] DrawRangeRings
[2026-03-30 10:57:15.037] RadarControl.OnPaint[38] DrawGrid
[2026-03-30 10:57:15.037] RadarControl.OnPaint[38] DrawTracks
[2026-03-30 10:57:15.038] RadarControl.OnPaint[38] DrawTargets begin
[2026-03-30 10:57:15.038] RadarControl.OnPaint[38] DrawTargets end
[2026-03-30 10:57:15.038] RadarControl.OnPaint[38] DrawCenter
[2026-03-30 10:57:15.039] RadarControl.OnPaint[38] EXIT ok
[2026-03-30 10:57:16.009] RadarControl.SetTargets: count=6, selected=none
[2026-03-30 10:57:16.021] RadarControl.OnPaint[39] ENTER width=743 height=743 targets=6 range=16,0
[2026-03-30 10:57:16.035] RadarControl.OnPaint[39] DrawRangeRings
[2026-03-30 10:57:16.036] RadarControl.OnPaint[39] DrawGrid
[2026-03-30 10:57:16.036] RadarControl.OnPaint[39] DrawTracks
[2026-03-30 10:57:16.036] RadarControl.OnPaint[39] DrawTargets begin
[2026-03-30 10:57:16.038] RadarControl.OnPaint[39] DrawTargets end
[2026-03-30 10:57:16.038] RadarControl.OnPaint[39] DrawCenter
[2026-03-30 10:57:16.038] RadarControl.OnPaint[39] EXIT ok
[2026-03-30 10:57:17.009] RadarControl.SetTargets: count=6, selected=none
[2026-03-30 10:57:17.020] RadarControl.OnPaint[40] ENTER width=743 height=743 targets=6 range=16,0
[2026-03-30 10:57:17.034] RadarControl.OnPaint[40] DrawRangeRings
[2026-03-30 10:57:17.035] RadarControl.OnPaint[40] DrawGrid
[2026-03-30 10:57:17.036] RadarControl.OnPaint[40] DrawTracks
[2026-03-30 10:57:17.036] RadarControl.OnPaint[40] DrawTargets begin
[2026-03-30 10:57:17.036] RadarControl.OnPaint[40] DrawTargets end
[2026-03-30 10:57:17.036] RadarControl.OnPaint[40] DrawCenter
[2026-03-30 10:57:17.037] RadarControl.OnPaint[40] EXIT ok
[2026-03-30 10:57:18.009] RadarControl.SetTargets: count=6, selected=none
[2026-03-30 10:57:18.021] RadarControl.OnPaint[41] ENTER width=743 height=743 targets=6 range=16,0
[2026-03-30 10:57:18.035] RadarControl.OnPaint[41] DrawRangeRings
[2026-03-30 10:57:18.036] RadarControl.OnPaint[41] DrawGrid
[2026-03-30 10:57:18.036] RadarControl.OnPaint[41] DrawTracks
[2026-03-30 10:57:18.036] RadarControl.OnPaint[41] DrawTargets begin
[2026-03-30 10:57:18.038] RadarControl.OnPaint[41] DrawTargets end
[2026-03-30 10:57:18.038] RadarControl.OnPaint[41] DrawCenter
[2026-03-30 10:57:18.038] RadarControl.OnPaint[41] EXIT ok
[2026-03-30 10:57:19.010] RadarControl.SetTargets: count=6, selected=none
[2026-03-30 10:57:19.021] RadarControl.OnPaint[42] ENTER width=743 height=743 targets=6 range=16,0
[2026-03-30 10:57:19.034] RadarControl.OnPaint[42] DrawRangeRings
[2026-03-30 10:57:19.035] RadarControl.OnPaint[42] DrawGrid
[2026-03-30 10:57:19.036] RadarControl.OnPaint[42] DrawTracks
[2026-03-30 10:57:19.036] RadarControl.OnPaint[42] DrawTargets begin
[2026-03-30 10:57:19.036] RadarControl.OnPaint[42] DrawTargets end
[2026-03-30 10:57:19.036] RadarControl.OnPaint[42] DrawCenter
[2026-03-30 10:57:19.038] RadarControl.OnPaint[42] EXIT ok
[2026-03-30 10:57:20.009] RadarControl.SetTargets: count=6, selected=none
[2026-03-30 10:57:20.021] RadarControl.OnPaint[43] ENTER width=743 height=743 targets=6 range=16,0
[2026-03-30 10:57:20.034] RadarControl.OnPaint[43] DrawRangeRings
[2026-03-30 10:57:20.035] RadarControl.OnPaint[43] DrawGrid
[2026-03-30 10:57:20.035] RadarControl.OnPaint[43] DrawTracks
[2026-03-30 10:57:20.035] RadarControl.OnPaint[43] DrawTargets begin
[2026-03-30 10:57:20.036] RadarControl.OnPaint[43] DrawTargets end
[2026-03-30 10:57:20.036] RadarControl.OnPaint[43] DrawCenter
[2026-03-30 10:57:20.036] RadarControl.OnPaint[43] EXIT ok
[2026-03-30 10:57:21.008] RadarControl.SetTargets: count=6, selected=none
[2026-03-30 10:57:21.019] RadarControl.OnPaint[44] ENTER width=743 height=743 targets=6 range=16,0
[2026-03-30 10:57:21.033] RadarControl.OnPaint[44] DrawRangeRings
[2026-03-30 10:57:21.034] RadarControl.OnPaint[44] DrawGrid
[2026-03-30 10:57:21.034] RadarControl.OnPaint[44] DrawTracks
[2026-03-30 10:57:21.035] RadarControl.OnPaint[44] DrawTargets begin
[2026-03-30 10:57:21.035] RadarControl.OnPaint[44] DrawTargets end
[2026-03-30 10:57:21.035] RadarControl.OnPaint[44] DrawCenter
[2026-03-30 10:57:21.036] RadarControl.OnPaint[44] EXIT ok
[2026-03-30 10:57:22.009] RadarControl.SetTargets: count=6, selected=none
[2026-03-30 10:57:22.020] RadarControl.OnPaint[45] ENTER width=743 height=743 targets=6 range=16,0
[2026-03-30 10:57:22.034] RadarControl.OnPaint[45] DrawRangeRings
[2026-03-30 10:57:22.035] RadarControl.OnPaint[45] DrawGrid
[2026-03-30 10:57:22.036] RadarControl.OnPaint[45] DrawTracks
[2026-03-30 10:57:22.036] RadarControl.OnPaint[45] DrawTargets begin
[2026-03-30 10:57:22.037] RadarControl.OnPaint[45] DrawTargets end
[2026-03-30 10:57:22.037] RadarControl.OnPaint[45] DrawCenter
[2026-03-30 10:57:22.037] RadarControl.OnPaint[45] EXIT ok
[2026-03-30 10:57:23.009] RadarControl.SetTargets: count=6, selected=none
[2026-03-30 10:57:23.020] RadarControl.OnPaint[46] ENTER width=743 height=743 targets=6 range=16,0
[2026-03-30 10:57:23.034] RadarControl.OnPaint[46] DrawRangeRings
[2026-03-30 10:57:23.035] RadarControl.OnPaint[46] DrawGrid
[2026-03-30 10:57:23.035] RadarControl.OnPaint[46] DrawTracks
[2026-03-30 10:57:23.036] RadarControl.OnPaint[46] DrawTargets begin
[2026-03-30 10:57:23.036] RadarControl.OnPaint[46] DrawTargets end
[2026-03-30 10:57:23.036] RadarControl.OnPaint[46] DrawCenter
[2026-03-30 10:57:23.037] RadarControl.OnPaint[46] EXIT ok
[2026-03-30 10:57:24.009] RadarControl.SetTargets: count=6, selected=none
[2026-03-30 10:57:24.021] RadarControl.OnPaint[47] ENTER width=743 height=743 targets=6 range=16,0
[2026-03-30 10:57:24.034] RadarControl.OnPaint[47] DrawRangeRings
[2026-03-30 10:57:24.035] RadarControl.OnPaint[47] DrawGrid
[2026-03-30 10:57:24.036] RadarControl.OnPaint[47] DrawTracks
[2026-03-30 10:57:24.036] RadarControl.OnPaint[47] DrawTargets begin
[2026-03-30 10:57:24.037] RadarControl.OnPaint[47] DrawTargets end
[2026-03-30 10:57:24.037] RadarControl.OnPaint[47] DrawCenter
[2026-03-30 10:57:24.039] RadarControl.OnPaint[47] EXIT ok
[2026-03-30 10:57:25.010] RadarControl.SetTargets: count=6, selected=none
[2026-03-30 10:57:25.020] RadarControl.OnPaint[48] ENTER width=743 height=743 targets=6 range=16,0
[2026-03-30 10:57:25.034] RadarControl.OnPaint[48] DrawRangeRings
[2026-03-30 10:57:25.035] RadarControl.OnPaint[48] DrawGrid
[2026-03-30 10:57:25.035] RadarControl.OnPaint[48] DrawTracks
[2026-03-30 10:57:25.036] RadarControl.OnPaint[48] DrawTargets begin
[2026-03-30 10:57:25.036] RadarControl.OnPaint[48] DrawTargets end
[2026-03-30 10:57:25.036] RadarControl.OnPaint[48] DrawCenter
[2026-03-30 10:57:25.037] RadarControl.OnPaint[48] EXIT ok
[2026-03-30 10:57:26.009] RadarControl.SetTargets: count=6, selected=none
[2026-03-30 10:57:26.020] RadarControl.OnPaint[49] ENTER width=743 height=743 targets=6 range=16,0
[2026-03-30 10:57:26.034] RadarControl.OnPaint[49] DrawRangeRings
[2026-03-30 10:57:26.035] RadarControl.OnPaint[49] DrawGrid
[2026-03-30 10:57:26.036] RadarControl.OnPaint[49] DrawTracks
[2026-03-30 10:57:26.036] RadarControl.OnPaint[49] DrawTargets begin
[2026-03-30 10:57:26.037] RadarControl.OnPaint[49] DrawTargets end
[2026-03-30 10:57:26.037] RadarControl.OnPaint[49] DrawCenter
[2026-03-30 10:57:26.037] RadarControl.OnPaint[49] EXIT ok
[2026-03-30 10:57:27.019] RadarControl.SetTargets: count=6, selected=none
[2026-03-30 10:57:27.030] RadarControl.OnPaint[50] ENTER width=743 height=743 targets=6 range=16,0
[2026-03-30 10:57:27.043] RadarControl.OnPaint[50] DrawRangeRings
[2026-03-30 10:57:27.044] RadarControl.OnPaint[50] DrawGrid
[2026-03-30 10:57:27.045] RadarControl.OnPaint[50] DrawTracks
[2026-03-30 10:57:27.045] RadarControl.OnPaint[50] DrawTargets begin
[2026-03-30 10:57:27.046] RadarControl.OnPaint[50] DrawTargets end
[2026-03-30 10:57:27.046] RadarControl.OnPaint[50] DrawCenter
[2026-03-30 10:57:27.046] RadarControl.OnPaint[50] EXIT ok
[2026-03-30 10:57:28.053] RadarControl.SetTargets: count=6, selected=none
[2026-03-30 10:57:28.063] RadarControl.OnPaint[51] ENTER width=743 height=743 targets=6 range=16,0
[2026-03-30 10:57:28.078] RadarControl.OnPaint[51] DrawRangeRings
[2026-03-30 10:57:28.079] RadarControl.OnPaint[51] DrawGrid
[2026-03-30 10:57:28.079] RadarControl.OnPaint[51] DrawTracks
[2026-03-30 10:57:28.080] RadarControl.OnPaint[51] DrawTargets begin
[2026-03-30 10:57:28.080] RadarControl.OnPaint[51] DrawTargets end
[2026-03-30 10:57:28.081] RadarControl.OnPaint[51] DrawCenter
[2026-03-30 10:57:28.081] RadarControl.OnPaint[51] EXIT ok
[2026-03-30 10:57:29.031] RadarControl.SetTargets: count=6, selected=none
[2026-03-30 10:57:29.047] RadarControl.SetTargets: count=6, selected=none
[2026-03-30 10:57:29.068] RadarControl.OnPaint[52] ENTER width=743 height=743 targets=6 range=16,0
[2026-03-30 10:57:29.085] RadarControl.OnPaint[52] DrawRangeRings
[2026-03-30 10:57:29.086] RadarControl.OnPaint[52] DrawGrid
[2026-03-30 10:57:29.087] RadarControl.OnPaint[52] DrawTracks
[2026-03-30 10:57:29.087] RadarControl.OnPaint[52] DrawTargets begin
[2026-03-30 10:57:29.088] RadarControl.OnPaint[52] DrawTargets end
[2026-03-30 10:57:29.088] RadarControl.OnPaint[52] DrawCenter
[2026-03-30 10:57:29.088] RadarControl.OnPaint[52] EXIT ok
[2026-03-30 10:57:29.175] RadarControl.SetTargets: count=6, selected=none
[2026-03-30 10:57:29.187] RadarControl.OnPaint[53] ENTER width=743 height=743 targets=6 range=16,0
[2026-03-30 10:57:29.201] RadarControl.OnPaint[53] DrawRangeRings
[2026-03-30 10:57:29.203] RadarControl.OnPaint[53] DrawGrid
[2026-03-30 10:57:29.203] RadarControl.OnPaint[53] DrawTracks
[2026-03-30 10:57:29.203] RadarControl.OnPaint[53] DrawTargets begin
[2026-03-30 10:57:29.204] RadarControl.OnPaint[53] DrawTargets end
[2026-03-30 10:57:29.204] RadarControl.OnPaint[53] DrawCenter
[2026-03-30 10:57:29.205] RadarControl.OnPaint[53] EXIT ok
[2026-03-30 10:57:30.009] RadarControl.SetTargets: count=6, selected=none
[2026-03-30 10:57:30.018] RadarControl.OnPaint[54] ENTER width=743 height=743 targets=6 range=16,0
[2026-03-30 10:57:30.032] RadarControl.OnPaint[54] DrawRangeRings
[2026-03-30 10:57:30.033] RadarControl.OnPaint[54] DrawGrid
[2026-03-30 10:57:30.034] RadarControl.OnPaint[54] DrawTracks
[2026-03-30 10:57:30.034] RadarControl.OnPaint[54] DrawTargets begin
[2026-03-30 10:57:30.035] RadarControl.OnPaint[54] DrawTargets end
[2026-03-30 10:57:30.035] RadarControl.OnPaint[54] DrawCenter
[2026-03-30 10:57:30.035] RadarControl.OnPaint[54] EXIT ok
[2026-03-30 10:57:31.007] RadarControl.SetTargets: count=6, selected=none
[2026-03-30 10:57:31.017] RadarControl.OnPaint[55] ENTER width=743 height=743 targets=6 range=16,0
[2026-03-30 10:57:31.031] RadarControl.OnPaint[55] DrawRangeRings
[2026-03-30 10:57:31.032] RadarControl.OnPaint[55] DrawGrid
[2026-03-30 10:57:31.032] RadarControl.OnPaint[55] DrawTracks
[2026-03-30 10:57:31.033] RadarControl.OnPaint[55] DrawTargets begin
[2026-03-30 10:57:31.033] RadarControl.OnPaint[55] DrawTargets end
[2026-03-30 10:57:31.033] RadarControl.OnPaint[55] DrawCenter
[2026-03-30 10:57:31.034] RadarControl.OnPaint[55] EXIT ok
[2026-03-30 10:57:32.009] RadarControl.SetTargets: count=6, selected=none
[2026-03-30 10:57:32.020] RadarControl.OnPaint[56] ENTER width=743 height=743 targets=6 range=16,0
[2026-03-30 10:57:32.034] RadarControl.OnPaint[56] DrawRangeRings
[2026-03-30 10:57:32.035] RadarControl.OnPaint[56] DrawGrid
[2026-03-30 10:57:32.035] RadarControl.OnPaint[56] DrawTracks
[2026-03-30 10:57:32.036] RadarControl.OnPaint[56] DrawTargets begin
[2026-03-30 10:57:32.036] RadarControl.OnPaint[56] DrawTargets end
[2026-03-30 10:57:32.036] RadarControl.OnPaint[56] DrawCenter
[2026-03-30 10:57:32.038] RadarControl.OnPaint[56] EXIT ok
[2026-03-30 10:57:33.027] RadarControl.SetTargets: count=6, selected=none
[2026-03-30 10:57:33.036] RadarControl.OnPaint[57] ENTER width=743 height=743 targets=6 range=16,0
[2026-03-30 10:57:33.050] RadarControl.OnPaint[57] DrawRangeRings
[2026-03-30 10:57:33.051] RadarControl.OnPaint[57] DrawGrid
[2026-03-30 10:57:33.052] RadarControl.OnPaint[57] DrawTracks
[2026-03-30 10:57:33.052] RadarControl.OnPaint[57] DrawTargets begin
[2026-03-30 10:57:33.052] RadarControl.OnPaint[57] DrawTargets end
[2026-03-30 10:57:33.053] RadarControl.OnPaint[57] DrawCenter
[2026-03-30 10:57:33.053] RadarControl.OnPaint[57] EXIT ok
[2026-03-30 10:57:34.009] RadarControl.SetTargets: count=6, selected=none
[2026-03-30 10:57:34.019] RadarControl.OnPaint[58] ENTER width=743 height=743 targets=6 range=16,0
[2026-03-30 10:57:34.032] RadarControl.OnPaint[58] DrawRangeRings
[2026-03-30 10:57:34.033] RadarControl.OnPaint[58] DrawGrid
[2026-03-30 10:57:34.034] RadarControl.OnPaint[58] DrawTracks
[2026-03-30 10:57:34.034] RadarControl.OnPaint[58] DrawTargets begin
[2026-03-30 10:57:34.035] RadarControl.OnPaint[58] DrawTargets end
[2026-03-30 10:57:34.035] RadarControl.OnPaint[58] DrawCenter
[2026-03-30 10:57:34.035] RadarControl.OnPaint[58] EXIT ok
[2026-03-30 10:57:35.034] RadarControl.SetTargets: count=6, selected=none
[2026-03-30 10:57:35.044] RadarControl.OnPaint[59] ENTER width=743 height=743 targets=6 range=16,0
[2026-03-30 10:57:35.058] RadarControl.OnPaint[59] DrawRangeRings
[2026-03-30 10:57:35.060] RadarControl.OnPaint[59] DrawGrid
[2026-03-30 10:57:35.060] RadarControl.OnPaint[59] DrawTracks
[2026-03-30 10:57:35.061] RadarControl.OnPaint[59] DrawTargets begin
[2026-03-30 10:57:35.062] RadarControl.OnPaint[59] DrawTargets end
[2026-03-30 10:57:35.062] RadarControl.OnPaint[59] DrawCenter
[2026-03-30 10:57:35.062] RadarControl.OnPaint[59] EXIT ok
[2026-03-30 10:57:36.026] RadarControl.SetTargets: count=6, selected=none
[2026-03-30 10:57:36.040] RadarControl.OnPaint[60] ENTER width=743 height=743 targets=6 range=16,0
[2026-03-30 10:57:36.053] RadarControl.OnPaint[60] DrawRangeRings
[2026-03-30 10:57:36.054] RadarControl.OnPaint[60] DrawGrid
[2026-03-30 10:57:36.055] RadarControl.OnPaint[60] DrawTracks
[2026-03-30 10:57:36.055] RadarControl.OnPaint[60] DrawTargets begin
[2026-03-30 10:57:36.056] RadarControl.OnPaint[60] DrawTargets end
[2026-03-30 10:57:36.056] RadarControl.OnPaint[60] DrawCenter
[2026-03-30 10:57:36.057] RadarControl.OnPaint[60] EXIT ok
[2026-03-30 10:57:37.045] RadarControl.SetTargets: count=6, selected=none
[2026-03-30 10:57:37.054] RadarControl.OnPaint[61] ENTER width=743 height=743 targets=6 range=16,0
[2026-03-30 10:57:37.069] RadarControl.OnPaint[61] DrawRangeRings
[2026-03-30 10:57:37.070] RadarControl.OnPaint[61] DrawGrid
[2026-03-30 10:57:37.070] RadarControl.OnPaint[61] DrawTracks
[2026-03-30 10:57:37.071] RadarControl.OnPaint[61] DrawTargets begin
[2026-03-30 10:57:37.071] RadarControl.OnPaint[61] DrawTargets end
[2026-03-30 10:57:37.071] RadarControl.OnPaint[61] DrawCenter
[2026-03-30 10:57:37.072] RadarControl.OnPaint[61] EXIT ok
[2026-03-30 10:57:38.056] RadarControl.SetTargets: count=6, selected=none
[2026-03-30 10:57:38.070] RadarControl.OnPaint[62] ENTER width=743 height=743 targets=6 range=16,0
[2026-03-30 10:57:38.083] RadarControl.OnPaint[62] DrawRangeRings
[2026-03-30 10:57:38.084] RadarControl.OnPaint[62] DrawGrid
[2026-03-30 10:57:38.084] RadarControl.OnPaint[62] DrawTracks
[2026-03-30 10:57:38.085] RadarControl.OnPaint[62] DrawTargets begin
[2026-03-30 10:57:38.085] RadarControl.OnPaint[62] DrawTargets end
[2026-03-30 10:57:38.085] RadarControl.OnPaint[62] DrawCenter
[2026-03-30 10:57:38.086] RadarControl.OnPaint[62] EXIT ok
[2026-03-30 10:57:39.060] RadarControl.SetTargets: count=6, selected=none
[2026-03-30 10:57:39.070] RadarControl.OnPaint[63] ENTER width=743 height=743 targets=6 range=16,0
[2026-03-30 10:57:39.084] RadarControl.OnPaint[63] DrawRangeRings
[2026-03-30 10:57:39.085] RadarControl.OnPaint[63] DrawGrid
[2026-03-30 10:57:39.086] RadarControl.OnPaint[63] DrawTracks
[2026-03-30 10:57:39.086] RadarControl.OnPaint[63] DrawTargets begin
[2026-03-30 10:57:39.088] RadarControl.OnPaint[63] DrawTargets end
[2026-03-30 10:57:39.088] RadarControl.OnPaint[63] DrawCenter
[2026-03-30 10:57:39.088] RadarControl.OnPaint[63] EXIT ok
[2026-03-30 10:57:40.064] RadarControl.SetTargets: count=6, selected=none
[2026-03-30 10:57:40.074] RadarControl.OnPaint[64] ENTER width=743 height=743 targets=6 range=16,0
[2026-03-30 10:57:40.089] RadarControl.OnPaint[64] DrawRangeRings
[2026-03-30 10:57:40.090] RadarControl.OnPaint[64] DrawGrid
[2026-03-30 10:57:40.091] RadarControl.OnPaint[64] DrawTracks
[2026-03-30 10:57:40.091] RadarControl.OnPaint[64] DrawTargets begin
[2026-03-30 10:57:40.092] RadarControl.OnPaint[64] DrawTargets end
[2026-03-30 10:57:40.092] RadarControl.OnPaint[64] DrawCenter
[2026-03-30 10:57:40.092] RadarControl.OnPaint[64] EXIT ok
[2026-03-30 10:57:41.046] RadarControl.SetTargets: count=6, selected=none
[2026-03-30 10:57:41.058] RadarControl.OnPaint[65] ENTER width=743 height=743 targets=6 range=16,0
[2026-03-30 10:57:41.072] RadarControl.OnPaint[65] DrawRangeRings
[2026-03-30 10:57:41.073] RadarControl.OnPaint[65] DrawGrid
[2026-03-30 10:57:41.074] RadarControl.OnPaint[65] DrawTracks
[2026-03-30 10:57:41.074] RadarControl.OnPaint[65] DrawTargets begin
[2026-03-30 10:57:41.074] RadarControl.OnPaint[65] DrawTargets end
[2026-03-30 10:57:41.075] RadarControl.OnPaint[65] DrawCenter
[2026-03-30 10:57:41.075] RadarControl.OnPaint[65] EXIT ok
[2026-03-30 10:57:42.084] RadarControl.SetTargets: count=6, selected=none
[2026-03-30 10:57:42.095] RadarControl.OnPaint[66] ENTER width=743 height=743 targets=6 range=16,0
[2026-03-30 10:57:42.112] RadarControl.OnPaint[66] DrawRangeRings
[2026-03-30 10:57:42.113] RadarControl.OnPaint[66] DrawGrid
[2026-03-30 10:57:42.113] RadarControl.OnPaint[66] DrawTracks
[2026-03-30 10:57:42.113] RadarControl.OnPaint[66] DrawTargets begin
[2026-03-30 10:57:42.114] RadarControl.OnPaint[66] DrawTargets end
[2026-03-30 10:57:42.114] RadarControl.OnPaint[66] DrawCenter
[2026-03-30 10:57:42.115] RadarControl.OnPaint[66] EXIT ok
[2026-03-30 10:57:43.083] RadarControl.SetTargets: count=7, selected=none
[2026-03-30 10:57:43.094] RadarControl.OnPaint[67] ENTER width=743 height=743 targets=7 range=16,0
[2026-03-30 10:57:43.108] RadarControl.OnPaint[67] DrawRangeRings
[2026-03-30 10:57:43.109] RadarControl.OnPaint[67] DrawGrid
[2026-03-30 10:57:43.110] RadarControl.OnPaint[67] DrawTracks
[2026-03-30 10:57:43.110] RadarControl.OnPaint[67] DrawTargets begin
[2026-03-30 10:57:43.111] RadarControl.OnPaint[67] DrawTargets end
[2026-03-30 10:57:43.111] RadarControl.OnPaint[67] DrawCenter
[2026-03-30 10:57:43.112] RadarControl.OnPaint[67] EXIT ok
[2026-03-30 10:57:44.036] RadarControl.SetTargets: count=7, selected=none
[2026-03-30 10:57:44.048] RadarControl.OnPaint[68] ENTER width=743 height=743 targets=7 range=16,0
[2026-03-30 10:57:44.065] RadarControl.OnPaint[68] DrawRangeRings
[2026-03-30 10:57:44.066] RadarControl.OnPaint[68] DrawGrid
[2026-03-30 10:57:44.066] RadarControl.OnPaint[68] DrawTracks
[2026-03-30 10:57:44.067] RadarControl.OnPaint[68] DrawTargets begin
[2026-03-30 10:57:44.068] RadarControl.OnPaint[68] DrawTargets end
[2026-03-30 10:57:44.068] RadarControl.OnPaint[68] DrawCenter
[2026-03-30 10:57:44.068] RadarControl.OnPaint[68] EXIT ok
[2026-03-30 10:57:45.029] RadarControl.SetTargets: count=7, selected=none
[2026-03-30 10:57:45.038] RadarControl.OnPaint[69] ENTER width=743 height=743 targets=7 range=16,0
[2026-03-30 10:57:45.052] RadarControl.OnPaint[69] DrawRangeRings
[2026-03-30 10:57:45.053] RadarControl.OnPaint[69] DrawGrid
[2026-03-30 10:57:45.054] RadarControl.OnPaint[69] DrawTracks
[2026-03-30 10:57:45.054] RadarControl.OnPaint[69] DrawTargets begin
[2026-03-30 10:57:45.055] RadarControl.OnPaint[69] DrawTargets end
[2026-03-30 10:57:45.055] RadarControl.OnPaint[69] DrawCenter
[2026-03-30 10:57:45.055] RadarControl.OnPaint[69] EXIT ok
[2026-03-30 10:57:46.054] RadarControl.SetTargets: count=7, selected=none
[2026-03-30 10:57:46.070] RadarControl.OnPaint[70] ENTER width=743 height=743 targets=7 range=16,0
[2026-03-30 10:57:46.086] RadarControl.OnPaint[70] DrawRangeRings
[2026-03-30 10:57:46.087] RadarControl.OnPaint[70] DrawGrid
[2026-03-30 10:57:46.087] RadarControl.OnPaint[70] DrawTracks
[2026-03-30 10:57:46.087] RadarControl.OnPaint[70] DrawTargets begin
[2026-03-30 10:57:46.088] RadarControl.OnPaint[70] DrawTargets end
[2026-03-30 10:57:46.088] RadarControl.OnPaint[70] DrawCenter
[2026-03-30 10:57:46.089] RadarControl.OnPaint[70] EXIT ok
[2026-03-30 10:57:47.084] RadarControl.SetTargets: count=7, selected=none
[2026-03-30 10:57:47.095] RadarControl.OnPaint[71] ENTER width=743 height=743 targets=7 range=16,0
[2026-03-30 10:57:47.111] RadarControl.OnPaint[71] DrawRangeRings
[2026-03-30 10:57:47.112] RadarControl.OnPaint[71] DrawGrid
[2026-03-30 10:57:47.113] RadarControl.OnPaint[71] DrawTracks
[2026-03-30 10:57:47.113] RadarControl.OnPaint[71] DrawTargets begin
[2026-03-30 10:57:47.114] RadarControl.OnPaint[71] DrawTargets end
[2026-03-30 10:57:47.114] RadarControl.OnPaint[71] DrawCenter
[2026-03-30 10:57:47.115] RadarControl.OnPaint[71] EXIT ok
[2026-03-30 10:57:48.055] RadarControl.SetTargets: count=7, selected=none
[2026-03-30 10:57:48.066] RadarControl.OnPaint[72] ENTER width=743 height=743 targets=7 range=16,0
[2026-03-30 10:57:48.080] RadarControl.OnPaint[72] DrawRangeRings
[2026-03-30 10:57:48.081] RadarControl.OnPaint[72] DrawGrid
[2026-03-30 10:57:48.081] RadarControl.OnPaint[72] DrawTracks
[2026-03-30 10:57:48.081] RadarControl.OnPaint[72] DrawTargets begin
[2026-03-30 10:57:48.082] RadarControl.OnPaint[72] DrawTargets end
[2026-03-30 10:57:48.082] RadarControl.OnPaint[72] DrawCenter
[2026-03-30 10:57:48.083] RadarControl.OnPaint[72] EXIT ok
[2026-03-30 10:57:49.053] RadarControl.SetTargets: count=7, selected=none
[2026-03-30 10:57:49.065] RadarControl.OnPaint[73] ENTER width=743 height=743 targets=7 range=16,0
[2026-03-30 10:57:49.079] RadarControl.OnPaint[73] DrawRangeRings
[2026-03-30 10:57:49.080] RadarControl.OnPaint[73] DrawGrid
[2026-03-30 10:57:49.080] RadarControl.OnPaint[73] DrawTracks
[2026-03-30 10:57:49.081] RadarControl.OnPaint[73] DrawTargets begin
[2026-03-30 10:57:49.081] RadarControl.OnPaint[73] DrawTargets end
[2026-03-30 10:57:49.081] RadarControl.OnPaint[73] DrawCenter
[2026-03-30 10:57:49.082] RadarControl.OnPaint[73] EXIT ok
[2026-03-30 10:57:50.044] RadarControl.SetTargets: count=7, selected=none
[2026-03-30 10:57:50.055] RadarControl.OnPaint[74] ENTER width=743 height=743 targets=7 range=16,0
[2026-03-30 10:57:50.069] RadarControl.OnPaint[74] DrawRangeRings
[2026-03-30 10:57:50.070] RadarControl.OnPaint[74] DrawGrid
[2026-03-30 10:57:50.071] RadarControl.OnPaint[74] DrawTracks
[2026-03-30 10:57:50.071] RadarControl.OnPaint[74] DrawTargets begin
[2026-03-30 10:57:50.072] RadarControl.OnPaint[74] DrawTargets end
[2026-03-30 10:57:50.072] RadarControl.OnPaint[74] DrawCenter
[2026-03-30 10:57:50.073] RadarControl.OnPaint[74] EXIT ok
[2026-03-30 10:57:51.077] RadarControl.SetTargets: count=8, selected=none
[2026-03-30 10:57:51.087] RadarControl.OnPaint[75] ENTER width=743 height=743 targets=8 range=16,0
[2026-03-30 10:57:51.101] RadarControl.OnPaint[75] DrawRangeRings
[2026-03-30 10:57:51.102] RadarControl.OnPaint[75] DrawGrid
[2026-03-30 10:57:51.102] RadarControl.OnPaint[75] DrawTracks
[2026-03-30 10:57:51.103] RadarControl.OnPaint[75] DrawTargets begin
[2026-03-30 10:57:51.104] RadarControl.OnPaint[75] DrawTargets end
[2026-03-30 10:57:51.104] RadarControl.OnPaint[75] DrawCenter
[2026-03-30 10:57:51.104] RadarControl.OnPaint[75] EXIT ok
[2026-03-30 10:57:52.091] RadarControl.SetTargets: count=9, selected=none
[2026-03-30 10:57:52.102] RadarControl.OnPaint[76] ENTER width=743 height=743 targets=9 range=16,0
[2026-03-30 10:57:52.115] RadarControl.OnPaint[76] DrawRangeRings
[2026-03-30 10:57:52.116] RadarControl.OnPaint[76] DrawGrid
[2026-03-30 10:57:52.116] RadarControl.OnPaint[76] DrawTracks
[2026-03-30 10:57:52.117] RadarControl.OnPaint[76] DrawTargets begin
[2026-03-30 10:57:52.118] RadarControl.OnPaint[76] DrawTargets end
[2026-03-30 10:57:52.118] RadarControl.OnPaint[76] DrawCenter
[2026-03-30 10:57:52.118] RadarControl.OnPaint[76] EXIT ok
[2026-03-30 10:57:53.092] RadarControl.SetTargets: count=10, selected=none
[2026-03-30 10:57:53.103] RadarControl.OnPaint[77] ENTER width=743 height=743 targets=10 range=16,0
[2026-03-30 10:57:53.118] RadarControl.OnPaint[77] DrawRangeRings
[2026-03-30 10:57:53.119] RadarControl.OnPaint[77] DrawGrid
[2026-03-30 10:57:53.120] RadarControl.OnPaint[77] DrawTracks
[2026-03-30 10:57:53.120] RadarControl.OnPaint[77] DrawTargets begin
[2026-03-30 10:57:53.121] RadarControl.OnPaint[77] DrawTargets end
[2026-03-30 10:57:53.121] RadarControl.OnPaint[77] DrawCenter
[2026-03-30 10:57:53.122] RadarControl.OnPaint[77] EXIT ok
[2026-03-30 10:57:54.065] RadarControl.SetTargets: count=10, selected=none
[2026-03-30 10:57:54.076] RadarControl.OnPaint[78] ENTER width=743 height=743 targets=10 range=16,0
[2026-03-30 10:57:54.091] RadarControl.OnPaint[78] DrawRangeRings
[2026-03-30 10:57:54.092] RadarControl.OnPaint[78] DrawGrid
[2026-03-30 10:57:54.093] RadarControl.OnPaint[78] DrawTracks
[2026-03-30 10:57:54.093] RadarControl.OnPaint[78] DrawTargets begin
[2026-03-30 10:57:54.094] RadarControl.OnPaint[78] DrawTargets end
[2026-03-30 10:57:54.094] RadarControl.OnPaint[78] DrawCenter
[2026-03-30 10:57:54.095] RadarControl.OnPaint[78] EXIT ok
[2026-03-30 10:57:55.065] RadarControl.SetTargets: count=10, selected=none
[2026-03-30 10:57:55.077] RadarControl.OnPaint[79] ENTER width=743 height=743 targets=10 range=16,0
[2026-03-30 10:57:55.093] RadarControl.OnPaint[79] DrawRangeRings
[2026-03-30 10:57:55.094] RadarControl.OnPaint[79] DrawGrid
[2026-03-30 10:57:55.094] RadarControl.OnPaint[79] DrawTracks
[2026-03-30 10:57:55.095] RadarControl.OnPaint[79] DrawTargets begin
[2026-03-30 10:57:55.095] RadarControl.OnPaint[79] DrawTargets end
[2026-03-30 10:57:55.096] RadarControl.OnPaint[79] DrawCenter
[2026-03-30 10:57:55.096] RadarControl.OnPaint[79] EXIT ok
[2026-03-30 10:57:56.094] RadarControl.SetTargets: count=10, selected=none
[2026-03-30 10:57:56.107] RadarControl.OnPaint[80] ENTER width=743 height=743 targets=10 range=16,0
[2026-03-30 10:57:56.121] RadarControl.OnPaint[80] DrawRangeRings
[2026-03-30 10:57:56.122] RadarControl.OnPaint[80] DrawGrid
[2026-03-30 10:57:56.123] RadarControl.OnPaint[80] DrawTracks
[2026-03-30 10:57:56.123] RadarControl.OnPaint[80] DrawTargets begin
[2026-03-30 10:57:56.125] RadarControl.OnPaint[80] DrawTargets end
[2026-03-30 10:57:56.125] RadarControl.OnPaint[80] DrawCenter
[2026-03-30 10:57:56.125] RadarControl.OnPaint[80] EXIT ok
[2026-03-30 10:57:57.122] RadarControl.SetTargets: count=10, selected=none
[2026-03-30 10:57:57.134] RadarControl.OnPaint[81] ENTER width=743 height=743 targets=10 range=16,0
[2026-03-30 10:57:57.149] RadarControl.OnPaint[81] DrawRangeRings
[2026-03-30 10:57:57.150] RadarControl.OnPaint[81] DrawGrid
[2026-03-30 10:57:57.150] RadarControl.OnPaint[81] DrawTracks
[2026-03-30 10:57:57.151] RadarControl.OnPaint[81] DrawTargets begin
[2026-03-30 10:57:57.152] RadarControl.OnPaint[81] DrawTargets end
[2026-03-30 10:57:57.152] RadarControl.OnPaint[81] DrawCenter
[2026-03-30 10:57:57.152] RadarControl.OnPaint[81] EXIT ok
[2026-03-30 10:57:58.209] RadarControl.SetTargets: count=10, selected=none
[2026-03-30 10:57:58.233] RadarControl.OnPaint[82] ENTER width=743 height=743 targets=10 range=16,0
[2026-03-30 10:57:58.257] RadarControl.OnPaint[82] DrawRangeRings
[2026-03-30 10:57:58.258] RadarControl.OnPaint[82] DrawGrid
[2026-03-30 10:57:58.259] RadarControl.OnPaint[82] DrawTracks
[2026-03-30 10:57:58.260] RadarControl.OnPaint[82] DrawTargets begin
[2026-03-30 10:57:58.262] RadarControl.OnPaint[82] DrawTargets end
[2026-03-30 10:57:58.262] RadarControl.OnPaint[82] DrawCenter
[2026-03-30 10:57:58.263] RadarControl.OnPaint[82] EXIT ok
[2026-03-30 10:57:59.152] RadarControl.SetTargets: count=10, selected=none
[2026-03-30 10:58:01.926] RadarControl.OnPaint[83] ENTER width=743 height=743 targets=10 range=16,0
[2026-03-30 10:58:01.949] RadarControl.OnPaint[83] DrawRangeRings
[2026-03-30 10:58:01.950] RadarControl.OnPaint[83] DrawGrid
[2026-03-30 10:58:01.951] RadarControl.OnPaint[83] DrawTracks
[2026-03-30 10:58:01.952] RadarControl.OnPaint[83] DrawTargets begin
[2026-03-30 10:58:01.953] RadarControl.OnPaint[83] DrawTargets end
[2026-03-30 10:58:01.953] RadarControl.OnPaint[83] DrawCenter
[2026-03-30 10:58:01.954] RadarControl.OnPaint[83] EXIT ok
[2026-03-30 10:58:02.744] RadarControl.SetTargets: count=10, selected=none
[2026-03-30 10:58:02.768] RadarControl.OnPaint[84] ENTER width=743 height=743 targets=10 range=16,0
[2026-03-30 10:58:02.791] RadarControl.OnPaint[84] DrawRangeRings
[2026-03-30 10:58:02.792] RadarControl.OnPaint[84] DrawGrid
[2026-03-30 10:58:02.793] RadarControl.OnPaint[84] DrawTracks
[2026-03-30 10:58:02.793] RadarControl.OnPaint[84] DrawTargets begin
[2026-03-30 10:58:02.795] RadarControl.OnPaint[84] DrawTargets end
[2026-03-30 10:58:02.796] RadarControl.OnPaint[84] DrawCenter
[2026-03-30 10:58:02.796] RadarControl.OnPaint[84] EXIT ok
[2026-03-30 10:58:03.180] RadarControl.SetTargets: count=10, selected=none
[2026-03-30 10:58:03.203] RadarControl.OnPaint[85] ENTER width=743 height=743 targets=10 range=16,0
[2026-03-30 10:58:03.226] RadarControl.OnPaint[85] DrawRangeRings
[2026-03-30 10:58:03.227] RadarControl.OnPaint[85] DrawGrid
[2026-03-30 10:58:03.228] RadarControl.OnPaint[85] DrawTracks
[2026-03-30 10:58:03.229] RadarControl.OnPaint[85] DrawTargets begin
[2026-03-30 10:58:03.230] RadarControl.OnPaint[85] DrawTargets end
[2026-03-30 10:58:03.231] RadarControl.OnPaint[85] DrawCenter
[2026-03-30 10:58:03.232] RadarControl.OnPaint[85] EXIT ok
[2026-03-30 10:58:04.128] RadarControl.SetTargets: count=11, selected=none
[2026-03-30 10:58:23.769] RadarControl.OnPaint[86] ENTER width=743 height=743 targets=11 range=16,0
[2026-03-30 10:58:23.789] RadarControl.OnPaint[86] DrawRangeRings
[2026-03-30 10:58:23.790] RadarControl.OnPaint[86] DrawGrid
[2026-03-30 10:58:23.791] RadarControl.OnPaint[86] DrawTracks
[2026-03-30 10:58:23.791] RadarControl.OnPaint[86] DrawTargets begin
[2026-03-30 10:58:23.792] RadarControl.OnPaint[86] DrawTargets end
[2026-03-30 10:58:23.793] RadarControl.OnPaint[86] DrawCenter
[2026-03-30 10:58:23.793] RadarControl.OnPaint[86] EXIT ok
[2026-03-30 10:58:27.226] RadarControl.SetTargets: count=12, selected=none
[2026-03-30 10:58:27.257] RadarControl.OnPaint[87] ENTER width=743 height=743 targets=12 range=16,0
[2026-03-30 10:58:27.279] RadarControl.OnPaint[87] DrawRangeRings
[2026-03-30 10:58:27.280] RadarControl.OnPaint[87] DrawGrid
[2026-03-30 10:58:27.281] RadarControl.OnPaint[87] DrawTracks
[2026-03-30 10:58:27.282] RadarControl.OnPaint[87] DrawTargets begin
[2026-03-30 10:58:27.284] RadarControl.OnPaint[87] DrawTargets end
[2026-03-30 10:58:27.284] RadarControl.OnPaint[87] DrawCenter
[2026-03-30 10:58:27.285] RadarControl.OnPaint[87] EXIT ok
[2026-03-30 10:58:28.096] RadarControl.SetTargets: count=12, selected=none
[2026-03-30 10:58:28.120] RadarControl.OnPaint[88] ENTER width=743 height=743 targets=12 range=16,0
[2026-03-30 10:58:28.142] RadarControl.OnPaint[88] DrawRangeRings
[2026-03-30 10:58:28.144] RadarControl.OnPaint[88] DrawGrid
[2026-03-30 10:58:28.144] RadarControl.OnPaint[88] DrawTracks
[2026-03-30 10:58:28.146] RadarControl.OnPaint[88] DrawTargets begin
[2026-03-30 10:58:28.147] RadarControl.OnPaint[88] DrawTargets end
[2026-03-30 10:58:28.148] RadarControl.OnPaint[88] DrawCenter
[2026-03-30 10:58:28.148] RadarControl.OnPaint[88] EXIT ok
[2026-03-30 10:58:29.105] RadarControl.SetTargets: count=13, selected=none
[2026-03-30 10:58:48.929] RadarControl.OnPaint[89] ENTER width=743 height=743 targets=13 range=16,0
[2026-03-30 10:58:48.944] RadarControl.OnPaint[89] DrawRangeRings
[2026-03-30 10:58:48.945] RadarControl.OnPaint[89] DrawGrid
[2026-03-30 10:58:48.946] RadarControl.OnPaint[89] DrawTracks
[2026-03-30 10:58:48.946] RadarControl.OnPaint[89] DrawTargets begin
[2026-03-30 10:58:48.947] RadarControl.OnPaint[89] DrawTargets end
[2026-03-30 10:58:48.948] RadarControl.OnPaint[89] DrawCenter
[2026-03-30 10:58:48.948] RadarControl.OnPaint[89] EXIT ok
[2026-03-30 10:58:51.441] RadarControl.SetTargets: count=8, selected=none
[2026-03-30 10:58:51.456] RadarControl.OnPaint[90] ENTER width=743 height=743 targets=8 range=16,0
[2026-03-30 10:58:51.469] RadarControl.OnPaint[90] DrawRangeRings
[2026-03-30 10:58:51.470] RadarControl.OnPaint[90] DrawGrid
[2026-03-30 10:58:51.471] RadarControl.OnPaint[90] DrawTracks
[2026-03-30 10:58:51.471] RadarControl.OnPaint[90] DrawTargets begin
[2026-03-30 10:58:51.472] RadarControl.OnPaint[90] DrawTargets end
[2026-03-30 10:58:51.472] RadarControl.OnPaint[90] DrawCenter
[2026-03-30 10:58:51.473] RadarControl.OnPaint[90] EXIT ok
[2026-03-30 10:58:52.257] RadarControl.SetTargets: count=8, selected=none
[2026-03-30 10:58:52.269] RadarControl.OnPaint[91] ENTER width=743 height=743 targets=8 range=16,0
[2026-03-30 10:58:52.283] RadarControl.OnPaint[91] DrawRangeRings
[2026-03-30 10:58:52.284] RadarControl.OnPaint[91] DrawGrid
[2026-03-30 10:58:52.284] RadarControl.OnPaint[91] DrawTracks
[2026-03-30 10:58:52.284] RadarControl.OnPaint[91] DrawTargets begin
[2026-03-30 10:58:52.286] RadarControl.OnPaint[91] DrawTargets end
[2026-03-30 10:58:52.286] RadarControl.OnPaint[91] DrawCenter
[2026-03-30 10:58:52.286] RadarControl.OnPaint[91] EXIT ok
[2026-03-30 10:58:53.257] RadarControl.SetTargets: count=8, selected=none
[2026-03-30 10:58:53.269] RadarControl.OnPaint[92] ENTER width=743 height=743 targets=8 range=16,0
[2026-03-30 10:58:53.283] RadarControl.OnPaint[92] DrawRangeRings
[2026-03-30 10:58:53.284] RadarControl.OnPaint[92] DrawGrid
[2026-03-30 10:58:53.284] RadarControl.OnPaint[92] DrawTracks
[2026-03-30 10:58:53.285] RadarControl.OnPaint[92] DrawTargets begin
[2026-03-30 10:58:53.285] RadarControl.OnPaint[92] DrawTargets end
[2026-03-30 10:58:53.286] RadarControl.OnPaint[92] DrawCenter
[2026-03-30 10:58:53.286] RadarControl.OnPaint[92] EXIT ok
[2026-03-30 10:58:54.254] RadarControl.SetTargets: count=8, selected=none
[2026-03-30 10:58:54.268] RadarControl.OnPaint[93] ENTER width=743 height=743 targets=8 range=16,0
[2026-03-30 10:58:54.282] RadarControl.OnPaint[93] DrawRangeRings
[2026-03-30 10:58:54.283] RadarControl.OnPaint[93] DrawGrid
[2026-03-30 10:58:54.284] RadarControl.OnPaint[93] DrawTracks
[2026-03-30 10:58:54.284] RadarControl.OnPaint[93] DrawTargets begin
[2026-03-30 10:58:54.285] RadarControl.OnPaint[93] DrawTargets end
[2026-03-30 10:58:54.285] RadarControl.OnPaint[93] DrawCenter
[2026-03-30 10:58:54.286] RadarControl.OnPaint[93] EXIT ok
[2026-03-30 10:58:55.257] RadarControl.SetTargets: count=8, selected=none
[2026-03-30 10:58:55.275] RadarControl.OnPaint[94] ENTER width=743 height=743 targets=8 range=16,0
[2026-03-30 10:58:55.290] RadarControl.OnPaint[94] DrawRangeRings
[2026-03-30 10:58:55.291] RadarControl.OnPaint[94] DrawGrid
[2026-03-30 10:58:55.292] RadarControl.OnPaint[94] DrawTracks
[2026-03-30 10:58:55.292] RadarControl.OnPaint[94] DrawTargets begin
[2026-03-30 10:58:55.293] RadarControl.OnPaint[94] DrawTargets end
[2026-03-30 10:58:55.293] RadarControl.OnPaint[94] DrawCenter
[2026-03-30 10:58:55.293] RadarControl.OnPaint[94] EXIT ok
[2026-03-30 10:58:56.254] RadarControl.SetTargets: count=8, selected=none
[2026-03-30 10:58:56.268] RadarControl.OnPaint[95] ENTER width=743 height=743 targets=8 range=16,0
[2026-03-30 10:58:56.281] RadarControl.OnPaint[95] DrawRangeRings
[2026-03-30 10:58:56.282] RadarControl.OnPaint[95] DrawGrid
[2026-03-30 10:58:56.283] RadarControl.OnPaint[95] DrawTracks
[2026-03-30 10:58:56.283] RadarControl.OnPaint[95] DrawTargets begin
[2026-03-30 10:58:56.284] RadarControl.OnPaint[95] DrawTargets end
[2026-03-30 10:58:56.284] RadarControl.OnPaint[95] DrawCenter
[2026-03-30 10:58:56.284] RadarControl.OnPaint[95] EXIT ok
[2026-03-30 10:58:57.257] RadarControl.SetTargets: count=8, selected=none
[2026-03-30 10:58:57.273] RadarControl.OnPaint[96] ENTER width=743 height=743 targets=8 range=16,0
[2026-03-30 10:58:57.287] RadarControl.OnPaint[96] DrawRangeRings
[2026-03-30 10:58:57.289] RadarControl.OnPaint[96] DrawGrid
[2026-03-30 10:58:57.289] RadarControl.OnPaint[96] DrawTracks
[2026-03-30 10:58:57.290] RadarControl.OnPaint[96] DrawTargets begin
[2026-03-30 10:58:57.290] RadarControl.OnPaint[96] DrawTargets end
[2026-03-30 10:58:57.290] RadarControl.OnPaint[96] DrawCenter
[2026-03-30 10:58:57.291] RadarControl.OnPaint[96] EXIT ok
[2026-03-30 10:58:58.254] RadarControl.SetTargets: count=8, selected=none
[2026-03-30 10:58:58.268] RadarControl.OnPaint[97] ENTER width=743 height=743 targets=8 range=16,0
[2026-03-30 10:58:58.282] RadarControl.OnPaint[97] DrawRangeRings
[2026-03-30 10:58:58.283] RadarControl.OnPaint[97] DrawGrid
[2026-03-30 10:58:58.283] RadarControl.OnPaint[97] DrawTracks
[2026-03-30 10:58:58.284] RadarControl.OnPaint[97] DrawTargets begin
[2026-03-30 10:58:58.284] RadarControl.OnPaint[97] DrawTargets end
[2026-03-30 10:58:58.285] RadarControl.OnPaint[97] DrawCenter
[2026-03-30 10:58:58.285] RadarControl.OnPaint[97] EXIT ok
[2026-03-30 10:58:59.257] RadarControl.SetTargets: count=8, selected=none
[2026-03-30 10:58:59.270] RadarControl.OnPaint[98] ENTER width=743 height=743 targets=8 range=16,0
[2026-03-30 10:58:59.283] RadarControl.OnPaint[98] DrawRangeRings
[2026-03-30 10:58:59.284] RadarControl.OnPaint[98] DrawGrid
[2026-03-30 10:58:59.284] RadarControl.OnPaint[98] DrawTracks
[2026-03-30 10:58:59.285] RadarControl.OnPaint[98] DrawTargets begin
[2026-03-30 10:58:59.285] RadarControl.OnPaint[98] DrawTargets end
[2026-03-30 10:58:59.285] RadarControl.OnPaint[98] DrawCenter
[2026-03-30 10:58:59.286] RadarControl.OnPaint[98] EXIT ok
[2026-03-30 10:59:00.254] RadarControl.SetTargets: count=8, selected=none
[2026-03-30 10:59:00.266] RadarControl.OnPaint[99] ENTER width=743 height=743 targets=8 range=16,0
[2026-03-30 10:59:00.280] RadarControl.OnPaint[99] DrawRangeRings
[2026-03-30 10:59:00.281] RadarControl.OnPaint[99] DrawGrid
[2026-03-30 10:59:00.281] RadarControl.OnPaint[99] DrawTracks
[2026-03-30 10:59:00.282] RadarControl.OnPaint[99] DrawTargets begin
[2026-03-30 10:59:00.282] RadarControl.OnPaint[99] DrawTargets end
[2026-03-30 10:59:00.283] RadarControl.OnPaint[99] DrawCenter
[2026-03-30 10:59:00.283] RadarControl.OnPaint[99] EXIT ok
[2026-03-30 10:59:01.256] RadarControl.SetTargets: count=8, selected=none
[2026-03-30 10:59:01.270] RadarControl.OnPaint[100] ENTER width=743 height=743 targets=8 range=16,0
[2026-03-30 10:59:01.283] RadarControl.OnPaint[100] DrawRangeRings
[2026-03-30 10:59:01.284] RadarControl.OnPaint[100] DrawGrid
[2026-03-30 10:59:01.285] RadarControl.OnPaint[100] DrawTracks
[2026-03-30 10:59:01.286] RadarControl.OnPaint[100] DrawTargets begin
[2026-03-30 10:59:01.286] RadarControl.OnPaint[100] DrawTargets end
[2026-03-30 10:59:01.286] RadarControl.OnPaint[100] DrawCenter
[2026-03-30 10:59:01.287] RadarControl.OnPaint[100] EXIT ok
[2026-03-30 10:59:02.256] RadarControl.SetTargets: count=8, selected=none
[2026-03-30 10:59:02.271] RadarControl.OnPaint[101] ENTER width=743 height=743 targets=8 range=16,0
[2026-03-30 10:59:02.285] RadarControl.OnPaint[101] DrawRangeRings
[2026-03-30 10:59:02.286] RadarControl.OnPaint[101] DrawGrid
[2026-03-30 10:59:02.286] RadarControl.OnPaint[101] DrawTracks
[2026-03-30 10:59:02.287] RadarControl.OnPaint[101] DrawTargets begin
[2026-03-30 10:59:02.288] RadarControl.OnPaint[101] DrawTargets end
[2026-03-30 10:59:02.288] RadarControl.OnPaint[101] DrawCenter
[2026-03-30 10:59:02.288] RadarControl.OnPaint[101] EXIT ok
[2026-03-30 10:59:03.254] RadarControl.SetTargets: count=8, selected=none
[2026-03-30 10:59:03.266] RadarControl.OnPaint[102] ENTER width=743 height=743 targets=8 range=16,0
[2026-03-30 10:59:03.280] RadarControl.OnPaint[102] DrawRangeRings
[2026-03-30 10:59:03.281] RadarControl.OnPaint[102] DrawGrid
[2026-03-30 10:59:03.282] RadarControl.OnPaint[102] DrawTracks
[2026-03-30 10:59:03.282] RadarControl.OnPaint[102] DrawTargets begin
[2026-03-30 10:59:03.283] RadarControl.OnPaint[102] DrawTargets end
[2026-03-30 10:59:03.283] RadarControl.OnPaint[102] DrawCenter
[2026-03-30 10:59:03.283] RadarControl.OnPaint[102] EXIT ok
[2026-03-30 10:59:04.256] RadarControl.SetTargets: count=8, selected=none
[2026-03-30 10:59:04.270] RadarControl.OnPaint[103] ENTER width=743 height=743 targets=8 range=16,0
[2026-03-30 10:59:04.283] RadarControl.OnPaint[103] DrawRangeRings
[2026-03-30 10:59:04.284] RadarControl.OnPaint[103] DrawGrid
[2026-03-30 10:59:04.284] RadarControl.OnPaint[103] DrawTracks
[2026-03-30 10:59:04.284] RadarControl.OnPaint[103] DrawTargets begin
[2026-03-30 10:59:04.286] RadarControl.OnPaint[103] DrawTargets end
[2026-03-30 10:59:04.286] RadarControl.OnPaint[103] DrawCenter
[2026-03-30 10:59:04.286] RadarControl.OnPaint[103] EXIT ok
[2026-03-30 10:59:05.256] RadarControl.SetTargets: count=8, selected=none
[2026-03-30 10:59:05.268] RadarControl.OnPaint[104] ENTER width=743 height=743 targets=8 range=16,0
[2026-03-30 10:59:05.283] RadarControl.OnPaint[104] DrawRangeRings
[2026-03-30 10:59:05.284] RadarControl.OnPaint[104] DrawGrid
[2026-03-30 10:59:05.284] RadarControl.OnPaint[104] DrawTracks
[2026-03-30 10:59:05.285] RadarControl.OnPaint[104] DrawTargets begin
[2026-03-30 10:59:05.285] RadarControl.OnPaint[104] DrawTargets end
[2026-03-30 10:59:05.285] RadarControl.OnPaint[104] DrawCenter
[2026-03-30 10:59:05.287] RadarControl.OnPaint[104] EXIT ok
[2026-03-30 10:59:06.257] RadarControl.SetTargets: count=8, selected=none
[2026-03-30 10:59:06.267] RadarControl.OnPaint[105] ENTER width=743 height=743 targets=8 range=16,0
[2026-03-30 10:59:06.281] RadarControl.OnPaint[105] DrawRangeRings
[2026-03-30 10:59:06.282] RadarControl.OnPaint[105] DrawGrid
[2026-03-30 10:59:06.283] RadarControl.OnPaint[105] DrawTracks
[2026-03-30 10:59:06.283] RadarControl.OnPaint[105] DrawTargets begin
[2026-03-30 10:59:06.284] RadarControl.OnPaint[105] DrawTargets end
[2026-03-30 10:59:06.284] RadarControl.OnPaint[105] DrawCenter
[2026-03-30 10:59:06.285] RadarControl.OnPaint[105] EXIT ok
[2026-03-30 10:59:07.257] RadarControl.SetTargets: count=6, selected=none
[2026-03-30 10:59:07.268] RadarControl.OnPaint[106] ENTER width=743 height=743 targets=6 range=16,0
[2026-03-30 10:59:07.282] RadarControl.OnPaint[106] DrawRangeRings
[2026-03-30 10:59:07.284] RadarControl.OnPaint[106] DrawGrid
[2026-03-30 10:59:07.284] RadarControl.OnPaint[106] DrawTracks
[2026-03-30 10:59:07.285] RadarControl.OnPaint[106] DrawTargets begin
[2026-03-30 10:59:07.286] RadarControl.OnPaint[106] DrawTargets end
[2026-03-30 10:59:07.286] RadarControl.OnPaint[106] DrawCenter
[2026-03-30 10:59:07.287] RadarControl.OnPaint[106] EXIT ok
[2026-03-30 10:59:08.254] RadarControl.SetTargets: count=6, selected=none
[2026-03-30 10:59:08.267] RadarControl.OnPaint[107] ENTER width=743 height=743 targets=6 range=16,0
[2026-03-30 10:59:08.280] RadarControl.OnPaint[107] DrawRangeRings
[2026-03-30 10:59:08.281] RadarControl.OnPaint[107] DrawGrid
[2026-03-30 10:59:08.282] RadarControl.OnPaint[107] DrawTracks
[2026-03-30 10:59:08.282] RadarControl.OnPaint[107] DrawTargets begin
[2026-03-30 10:59:08.283] RadarControl.OnPaint[107] DrawTargets end
[2026-03-30 10:59:08.283] RadarControl.OnPaint[107] DrawCenter
[2026-03-30 10:59:08.283] RadarControl.OnPaint[107] EXIT ok
[2026-03-30 10:59:09.255] RadarControl.SetTargets: count=6, selected=none
[2026-03-30 10:59:09.267] RadarControl.OnPaint[108] ENTER width=743 height=743 targets=6 range=16,0
[2026-03-30 10:59:09.280] RadarControl.OnPaint[108] DrawRangeRings
[2026-03-30 10:59:09.282] RadarControl.OnPaint[108] DrawGrid
[2026-03-30 10:59:09.282] RadarControl.OnPaint[108] DrawTracks
[2026-03-30 10:59:09.282] RadarControl.OnPaint[108] DrawTargets begin
[2026-03-30 10:59:09.283] RadarControl.OnPaint[108] DrawTargets end
[2026-03-30 10:59:09.283] RadarControl.OnPaint[108] DrawCenter
[2026-03-30 10:59:09.284] RadarControl.OnPaint[108] EXIT ok
[2026-03-30 10:59:10.256] RadarControl.SetTargets: count=6, selected=none
[2026-03-30 10:59:10.268] RadarControl.OnPaint[109] ENTER width=743 height=743 targets=6 range=16,0
[2026-03-30 10:59:10.282] RadarControl.OnPaint[109] DrawRangeRings
[2026-03-30 10:59:10.283] RadarControl.OnPaint[109] DrawGrid
[2026-03-30 10:59:10.283] RadarControl.OnPaint[109] DrawTracks
[2026-03-30 10:59:10.284] RadarControl.OnPaint[109] DrawTargets begin
[2026-03-30 10:59:10.284] RadarControl.OnPaint[109] DrawTargets end
[2026-03-30 10:59:10.284] RadarControl.OnPaint[109] DrawCenter
[2026-03-30 10:59:10.284] RadarControl.OnPaint[109] EXIT ok
[2026-03-30 10:59:11.257] RadarControl.SetTargets: count=6, selected=none
[2026-03-30 10:59:11.268] RadarControl.OnPaint[110] ENTER width=743 height=743 targets=6 range=16,0
[2026-03-30 10:59:11.283] RadarControl.OnPaint[110] DrawRangeRings
[2026-03-30 10:59:11.284] RadarControl.OnPaint[110] DrawGrid
[2026-03-30 10:59:11.284] RadarControl.OnPaint[110] DrawTracks
[2026-03-30 10:59:11.284] RadarControl.OnPaint[110] DrawTargets begin
[2026-03-30 10:59:11.285] RadarControl.OnPaint[110] DrawTargets end
[2026-03-30 10:59:11.285] RadarControl.OnPaint[110] DrawCenter
[2026-03-30 10:59:11.285] RadarControl.OnPaint[110] EXIT ok
[2026-03-30 10:59:12.256] RadarControl.SetTargets: count=6, selected=none
[2026-03-30 10:59:12.268] RadarControl.OnPaint[111] ENTER width=743 height=743 targets=6 range=16,0
[2026-03-30 10:59:12.282] RadarControl.OnPaint[111] DrawRangeRings
[2026-03-30 10:59:12.283] RadarControl.OnPaint[111] DrawGrid
[2026-03-30 10:59:12.284] RadarControl.OnPaint[111] DrawTracks
[2026-03-30 10:59:12.284] RadarControl.OnPaint[111] DrawTargets begin
[2026-03-30 10:59:12.284] RadarControl.OnPaint[111] DrawTargets end
[2026-03-30 10:59:12.285] RadarControl.OnPaint[111] DrawCenter
[2026-03-30 10:59:12.285] RadarControl.OnPaint[111] EXIT ok
[2026-03-30 10:59:13.255] RadarControl.SetTargets: count=6, selected=none
[2026-03-30 10:59:13.267] RadarControl.OnPaint[112] ENTER width=743 height=743 targets=6 range=16,0
[2026-03-30 10:59:13.281] RadarControl.OnPaint[112] DrawRangeRings
[2026-03-30 10:59:13.282] RadarControl.OnPaint[112] DrawGrid
[2026-03-30 10:59:13.283] RadarControl.OnPaint[112] DrawTracks
[2026-03-30 10:59:13.283] RadarControl.OnPaint[112] DrawTargets begin
[2026-03-30 10:59:13.283] RadarControl.OnPaint[112] DrawTargets end
[2026-03-30 10:59:13.284] RadarControl.OnPaint[112] DrawCenter
[2026-03-30 10:59:13.284] RadarControl.OnPaint[112] EXIT ok
[2026-03-30 10:59:14.256] RadarControl.SetTargets: count=6, selected=none
[2026-03-30 10:59:14.267] RadarControl.OnPaint[113] ENTER width=743 height=743 targets=6 range=16,0
[2026-03-30 10:59:14.280] RadarControl.OnPaint[113] DrawRangeRings
[2026-03-30 10:59:14.281] RadarControl.OnPaint[113] DrawGrid
[2026-03-30 10:59:14.282] RadarControl.OnPaint[113] DrawTracks
[2026-03-30 10:59:14.282] RadarControl.OnPaint[113] DrawTargets begin
[2026-03-30 10:59:14.283] RadarControl.OnPaint[113] DrawTargets end
[2026-03-30 10:59:14.283] RadarControl.OnPaint[113] DrawCenter
[2026-03-30 10:59:14.283] RadarControl.OnPaint[113] EXIT ok
[2026-03-30 10:59:15.257] RadarControl.SetTargets: count=6, selected=none
[2026-03-30 10:59:15.268] RadarControl.OnPaint[114] ENTER width=743 height=743 targets=6 range=16,0
[2026-03-30 10:59:15.281] RadarControl.OnPaint[114] DrawRangeRings
[2026-03-30 10:59:15.282] RadarControl.OnPaint[114] DrawGrid
[2026-03-30 10:59:15.283] RadarControl.OnPaint[114] DrawTracks
[2026-03-30 10:59:15.283] RadarControl.OnPaint[114] DrawTargets begin
[2026-03-30 10:59:15.284] RadarControl.OnPaint[114] DrawTargets end
[2026-03-30 10:59:15.284] RadarControl.OnPaint[114] DrawCenter
[2026-03-30 10:59:15.285] RadarControl.OnPaint[114] EXIT ok
[2026-03-30 10:59:16.256] RadarControl.SetTargets: count=7, selected=none
[2026-03-30 10:59:16.269] RadarControl.OnPaint[115] ENTER width=743 height=743 targets=7 range=16,0
[2026-03-30 10:59:16.283] RadarControl.OnPaint[115] DrawRangeRings
[2026-03-30 10:59:16.284] RadarControl.OnPaint[115] DrawGrid
[2026-03-30 10:59:16.284] RadarControl.OnPaint[115] DrawTracks
[2026-03-30 10:59:16.284] RadarControl.OnPaint[115] DrawTargets begin
[2026-03-30 10:59:16.285] RadarControl.OnPaint[115] DrawTargets end
[2026-03-30 10:59:16.285] RadarControl.OnPaint[115] DrawCenter
[2026-03-30 10:59:16.286] RadarControl.OnPaint[115] EXIT ok
[2026-03-30 10:59:17.256] RadarControl.SetTargets: count=7, selected=none
[2026-03-30 10:59:17.268] RadarControl.OnPaint[116] ENTER width=743 height=743 targets=7 range=16,0
[2026-03-30 10:59:17.282] RadarControl.OnPaint[116] DrawRangeRings
[2026-03-30 10:59:17.283] RadarControl.OnPaint[116] DrawGrid
[2026-03-30 10:59:17.283] RadarControl.OnPaint[116] DrawTracks
[2026-03-30 10:59:17.286] RadarControl.OnPaint[116] DrawTargets begin
[2026-03-30 10:59:17.286] RadarControl.OnPaint[116] DrawTargets end
[2026-03-30 10:59:17.287] RadarControl.OnPaint[116] DrawCenter
[2026-03-30 10:59:17.287] RadarControl.OnPaint[116] EXIT ok
[2026-03-30 10:59:18.256] RadarControl.SetTargets: count=7, selected=none
[2026-03-30 10:59:18.268] RadarControl.OnPaint[117] ENTER width=743 height=743 targets=7 range=16,0
[2026-03-30 10:59:18.281] RadarControl.OnPaint[117] DrawRangeRings
[2026-03-30 10:59:18.282] RadarControl.OnPaint[117] DrawGrid
[2026-03-30 10:59:18.283] RadarControl.OnPaint[117] DrawTracks
[2026-03-30 10:59:18.283] RadarControl.OnPaint[117] DrawTargets begin
[2026-03-30 10:59:18.284] RadarControl.OnPaint[117] DrawTargets end
[2026-03-30 10:59:18.284] RadarControl.OnPaint[117] DrawCenter
[2026-03-30 10:59:18.284] RadarControl.OnPaint[117] EXIT ok
[2026-03-30 10:59:19.256] RadarControl.SetTargets: count=7, selected=none
[2026-03-30 10:59:19.268] RadarControl.OnPaint[118] ENTER width=743 height=743 targets=7 range=16,0
[2026-03-30 10:59:19.282] RadarControl.OnPaint[118] DrawRangeRings
[2026-03-30 10:59:19.283] RadarControl.OnPaint[118] DrawGrid
[2026-03-30 10:59:19.283] RadarControl.OnPaint[118] DrawTracks
[2026-03-30 10:59:19.283] RadarControl.OnPaint[118] DrawTargets begin
[2026-03-30 10:59:19.285] RadarControl.OnPaint[118] DrawTargets end
[2026-03-30 10:59:19.285] RadarControl.OnPaint[118] DrawCenter
[2026-03-30 10:59:19.285] RadarControl.OnPaint[118] EXIT ok
[2026-03-30 10:59:20.256] RadarControl.SetTargets: count=7, selected=none
[2026-03-30 10:59:20.268] RadarControl.OnPaint[119] ENTER width=743 height=743 targets=7 range=16,0
[2026-03-30 10:59:20.281] RadarControl.OnPaint[119] DrawRangeRings
[2026-03-30 10:59:20.282] RadarControl.OnPaint[119] DrawGrid
[2026-03-30 10:59:20.282] RadarControl.OnPaint[119] DrawTracks
[2026-03-30 10:59:20.282] RadarControl.OnPaint[119] DrawTargets begin
[2026-03-30 10:59:20.283] RadarControl.OnPaint[119] DrawTargets end
[2026-03-30 10:59:20.283] RadarControl.OnPaint[119] DrawCenter
[2026-03-30 10:59:20.285] RadarControl.OnPaint[119] EXIT ok
[2026-03-30 10:59:21.256] RadarControl.SetTargets: count=8, selected=none
[2026-03-30 10:59:21.269] RadarControl.OnPaint[120] ENTER width=743 height=743 targets=8 range=16,0
[2026-03-30 10:59:21.283] RadarControl.OnPaint[120] DrawRangeRings
[2026-03-30 10:59:21.284] RadarControl.OnPaint[120] DrawGrid
[2026-03-30 10:59:21.284] RadarControl.OnPaint[120] DrawTracks
[2026-03-30 10:59:21.285] RadarControl.OnPaint[120] DrawTargets begin
[2026-03-30 10:59:21.285] RadarControl.OnPaint[120] DrawTargets end
[2026-03-30 10:59:21.285] RadarControl.OnPaint[120] DrawCenter
[2026-03-30 10:59:21.286] RadarControl.OnPaint[120] EXIT ok
[2026-03-30 10:59:22.256] RadarControl.SetTargets: count=9, selected=none
[2026-03-30 10:59:22.268] RadarControl.OnPaint[121] ENTER width=743 height=743 targets=9 range=16,0
[2026-03-30 10:59:22.283] RadarControl.OnPaint[121] DrawRangeRings
[2026-03-30 10:59:22.284] RadarControl.OnPaint[121] DrawGrid
[2026-03-30 10:59:22.284] RadarControl.OnPaint[121] DrawTracks
[2026-03-30 10:59:22.285] RadarControl.OnPaint[121] DrawTargets begin
[2026-03-30 10:59:22.285] RadarControl.OnPaint[121] DrawTargets end
[2026-03-30 10:59:22.285] RadarControl.OnPaint[121] DrawCenter
[2026-03-30 10:59:22.286] RadarControl.OnPaint[121] EXIT ok
[2026-03-30 10:59:23.256] RadarControl.SetTargets: count=9, selected=none
[2026-03-30 10:59:23.269] RadarControl.OnPaint[122] ENTER width=743 height=743 targets=9 range=16,0
[2026-03-30 10:59:23.284] RadarControl.OnPaint[122] DrawRangeRings
[2026-03-30 10:59:23.285] RadarControl.OnPaint[122] DrawGrid
[2026-03-30 10:59:23.285] RadarControl.OnPaint[122] DrawTracks
[2026-03-30 10:59:23.286] RadarControl.OnPaint[122] DrawTargets begin
[2026-03-30 10:59:23.286] RadarControl.OnPaint[122] DrawTargets end
[2026-03-30 10:59:23.286] RadarControl.OnPaint[122] DrawCenter
[2026-03-30 10:59:23.287] RadarControl.OnPaint[122] EXIT ok
[2026-03-30 10:59:24.256] RadarControl.SetTargets: count=8, selected=none
[2026-03-30 10:59:24.268] RadarControl.OnPaint[123] ENTER width=743 height=743 targets=8 range=16,0
[2026-03-30 10:59:24.281] RadarControl.OnPaint[123] DrawRangeRings
[2026-03-30 10:59:24.282] RadarControl.OnPaint[123] DrawGrid
[2026-03-30 10:59:24.282] RadarControl.OnPaint[123] DrawTracks
[2026-03-30 10:59:24.283] RadarControl.OnPaint[123] DrawTargets begin
[2026-03-30 10:59:24.283] RadarControl.OnPaint[123] DrawTargets end
[2026-03-30 10:59:24.283] RadarControl.OnPaint[123] DrawCenter
[2026-03-30 10:59:24.285] RadarControl.OnPaint[123] EXIT ok
[2026-03-30 10:59:25.256] RadarControl.SetTargets: count=9, selected=none
[2026-03-30 10:59:25.269] RadarControl.OnPaint[124] ENTER width=743 height=743 targets=9 range=16,0
[2026-03-30 10:59:25.283] RadarControl.OnPaint[124] DrawRangeRings
[2026-03-30 10:59:25.284] RadarControl.OnPaint[124] DrawGrid
[2026-03-30 10:59:25.285] RadarControl.OnPaint[124] DrawTracks
[2026-03-30 10:59:25.285] RadarControl.OnPaint[124] DrawTargets begin
[2026-03-30 10:59:25.286] RadarControl.OnPaint[124] DrawTargets end
[2026-03-30 10:59:25.286] RadarControl.OnPaint[124] DrawCenter
[2026-03-30 10:59:25.286] RadarControl.OnPaint[124] EXIT ok
[2026-03-30 10:59:26.253] RadarControl.SetTargets: count=9, selected=none
[2026-03-30 10:59:26.264] RadarControl.OnPaint[125] ENTER width=743 height=743 targets=9 range=16,0
[2026-03-30 10:59:26.277] RadarControl.OnPaint[125] DrawRangeRings
[2026-03-30 10:59:26.278] RadarControl.OnPaint[125] DrawGrid
[2026-03-30 10:59:26.279] RadarControl.OnPaint[125] DrawTracks
[2026-03-30 10:59:26.279] RadarControl.OnPaint[125] DrawTargets begin
[2026-03-30 10:59:26.280] RadarControl.OnPaint[125] DrawTargets end
[2026-03-30 10:59:26.280] RadarControl.OnPaint[125] DrawCenter
[2026-03-30 10:59:26.280] RadarControl.OnPaint[125] EXIT ok
[2026-03-30 10:59:27.256] RadarControl.SetTargets: count=9, selected=none
[2026-03-30 10:59:27.269] RadarControl.OnPaint[126] ENTER width=743 height=743 targets=9 range=16,0
[2026-03-30 10:59:27.282] RadarControl.OnPaint[126] DrawRangeRings
[2026-03-30 10:59:27.283] RadarControl.OnPaint[126] DrawGrid
[2026-03-30 10:59:27.283] RadarControl.OnPaint[126] DrawTracks
[2026-03-30 10:59:27.285] RadarControl.OnPaint[126] DrawTargets begin
[2026-03-30 10:59:27.286] RadarControl.OnPaint[126] DrawTargets end
[2026-03-30 10:59:27.286] RadarControl.OnPaint[126] DrawCenter
[2026-03-30 10:59:27.286] RadarControl.OnPaint[126] EXIT ok
[2026-03-30 10:59:28.256] RadarControl.SetTargets: count=8, selected=none
[2026-03-30 10:59:28.267] RadarControl.OnPaint[127] ENTER width=743 height=743 targets=8 range=16,0
[2026-03-30 10:59:28.282] RadarControl.OnPaint[127] DrawRangeRings
[2026-03-30 10:59:28.283] RadarControl.OnPaint[127] DrawGrid
[2026-03-30 10:59:28.284] RadarControl.OnPaint[127] DrawTracks
[2026-03-30 10:59:28.284] RadarControl.OnPaint[127] DrawTargets begin
[2026-03-30 10:59:28.285] RadarControl.OnPaint[127] DrawTargets end
[2026-03-30 10:59:28.285] RadarControl.OnPaint[127] DrawCenter
[2026-03-30 10:59:28.285] RadarControl.OnPaint[127] EXIT ok
[2026-03-30 10:59:29.255] RadarControl.SetTargets: count=8, selected=none
[2026-03-30 10:59:29.268] RadarControl.OnPaint[128] ENTER width=743 height=743 targets=8 range=16,0
[2026-03-30 10:59:29.283] RadarControl.OnPaint[128] DrawRangeRings
[2026-03-30 10:59:29.283] RadarControl.OnPaint[128] DrawGrid
[2026-03-30 10:59:29.285] RadarControl.OnPaint[128] DrawTracks
[2026-03-30 10:59:29.285] RadarControl.OnPaint[128] DrawTargets begin
[2026-03-30 10:59:29.286] RadarControl.OnPaint[128] DrawTargets end
[2026-03-30 10:59:29.286] RadarControl.OnPaint[128] DrawCenter
[2026-03-30 10:59:29.287] RadarControl.OnPaint[128] EXIT ok
[2026-03-30 10:59:30.256] RadarControl.SetTargets: count=9, selected=none
[2026-03-30 10:59:30.269] RadarControl.OnPaint[129] ENTER width=743 height=743 targets=9 range=16,0
[2026-03-30 10:59:30.283] RadarControl.OnPaint[129] DrawRangeRings
[2026-03-30 10:59:30.284] RadarControl.OnPaint[129] DrawGrid
[2026-03-30 10:59:30.285] RadarControl.OnPaint[129] DrawTracks
[2026-03-30 10:59:30.285] RadarControl.OnPaint[129] DrawTargets begin
[2026-03-30 10:59:30.286] RadarControl.OnPaint[129] DrawTargets end
[2026-03-30 10:59:30.286] RadarControl.OnPaint[129] DrawCenter
[2026-03-30 10:59:30.286] RadarControl.OnPaint[129] EXIT ok
[2026-03-30 10:59:31.253] RadarControl.SetTargets: count=9, selected=none
[2026-03-30 10:59:31.265] RadarControl.OnPaint[130] ENTER width=743 height=743 targets=9 range=16,0
[2026-03-30 10:59:31.280] RadarControl.OnPaint[130] DrawRangeRings
[2026-03-30 10:59:31.281] RadarControl.OnPaint[130] DrawGrid
[2026-03-30 10:59:31.281] RadarControl.OnPaint[130] DrawTracks
[2026-03-30 10:59:31.281] RadarControl.OnPaint[130] DrawTargets begin
[2026-03-30 10:59:31.282] RadarControl.OnPaint[130] DrawTargets end
[2026-03-30 10:59:31.283] RadarControl.OnPaint[130] DrawCenter
[2026-03-30 10:59:31.283] RadarControl.OnPaint[130] EXIT ok
[2026-03-30 10:59:32.256] RadarControl.SetTargets: count=9, selected=none
[2026-03-30 10:59:32.267] RadarControl.OnPaint[131] ENTER width=743 height=743 targets=9 range=16,0
[2026-03-30 10:59:32.280] RadarControl.OnPaint[131] DrawRangeRings
[2026-03-30 10:59:32.282] RadarControl.OnPaint[131] DrawGrid
[2026-03-30 10:59:32.282] RadarControl.OnPaint[131] DrawTracks
[2026-03-30 10:59:32.282] RadarControl.OnPaint[131] DrawTargets begin
[2026-03-30 10:59:32.283] RadarControl.OnPaint[131] DrawTargets end
[2026-03-30 10:59:32.283] RadarControl.OnPaint[131] DrawCenter
[2026-03-30 10:59:32.284] RadarControl.OnPaint[131] EXIT ok
[2026-03-30 10:59:33.256] RadarControl.SetTargets: count=9, selected=none
[2026-03-30 10:59:33.268] RadarControl.OnPaint[132] ENTER width=743 height=743 targets=9 range=16,0
[2026-03-30 10:59:33.283] RadarControl.OnPaint[132] DrawRangeRings
[2026-03-30 10:59:33.284] RadarControl.OnPaint[132] DrawGrid
[2026-03-30 10:59:33.284] RadarControl.OnPaint[132] DrawTracks
[2026-03-30 10:59:33.285] RadarControl.OnPaint[132] DrawTargets begin
[2026-03-30 10:59:33.285] RadarControl.OnPaint[132] DrawTargets end
[2026-03-30 10:59:33.286] RadarControl.OnPaint[132] DrawCenter
[2026-03-30 10:59:33.286] RadarControl.OnPaint[132] EXIT ok
[2026-03-30 10:59:34.252] RadarControl.SetTargets: count=9, selected=none
[2026-03-30 10:59:34.263] RadarControl.OnPaint[133] ENTER width=743 height=743 targets=9 range=16,0
[2026-03-30 10:59:34.278] RadarControl.OnPaint[133] DrawRangeRings
[2026-03-30 10:59:34.279] RadarControl.OnPaint[133] DrawGrid
[2026-03-30 10:59:34.280] RadarControl.OnPaint[133] DrawTracks
[2026-03-30 10:59:34.280] RadarControl.OnPaint[133] DrawTargets begin
[2026-03-30 10:59:34.281] RadarControl.OnPaint[133] DrawTargets end
[2026-03-30 10:59:34.281] RadarControl.OnPaint[133] DrawCenter
[2026-03-30 10:59:34.281] RadarControl.OnPaint[133] EXIT ok
[2026-03-30 10:59:35.254] RadarControl.SetTargets: count=9, selected=none
[2026-03-30 10:59:35.268] RadarControl.OnPaint[134] ENTER width=743 height=743 targets=9 range=16,0
[2026-03-30 10:59:35.281] RadarControl.OnPaint[134] DrawRangeRings
[2026-03-30 10:59:35.282] RadarControl.OnPaint[134] DrawGrid
[2026-03-30 10:59:35.283] RadarControl.OnPaint[134] DrawTracks
[2026-03-30 10:59:35.283] RadarControl.OnPaint[134] DrawTargets begin
[2026-03-30 10:59:35.283] RadarControl.OnPaint[134] DrawTargets end
[2026-03-30 10:59:35.285] RadarControl.OnPaint[134] DrawCenter
[2026-03-30 10:59:35.285] RadarControl.OnPaint[134] EXIT ok
[2026-03-30 10:59:36.256] RadarControl.SetTargets: count=8, selected=none
[2026-03-30 10:59:36.268] RadarControl.OnPaint[135] ENTER width=743 height=743 targets=8 range=16,0
[2026-03-30 10:59:36.282] RadarControl.OnPaint[135] DrawRangeRings
[2026-03-30 10:59:36.283] RadarControl.OnPaint[135] DrawGrid
[2026-03-30 10:59:36.284] RadarControl.OnPaint[135] DrawTracks
[2026-03-30 10:59:36.284] RadarControl.OnPaint[135] DrawTargets begin
[2026-03-30 10:59:36.285] RadarControl.OnPaint[135] DrawTargets end
[2026-03-30 10:59:36.285] RadarControl.OnPaint[135] DrawCenter
[2026-03-30 10:59:36.286] RadarControl.OnPaint[135] EXIT ok
[2026-03-30 10:59:37.256] RadarControl.SetTargets: count=8, selected=none
[2026-03-30 10:59:37.267] RadarControl.OnPaint[136] ENTER width=743 height=743 targets=8 range=16,0
[2026-03-30 10:59:37.282] RadarControl.OnPaint[136] DrawRangeRings
[2026-03-30 10:59:37.282] RadarControl.OnPaint[136] DrawGrid
[2026-03-30 10:59:37.283] RadarControl.OnPaint[136] DrawTracks
[2026-03-30 10:59:37.283] RadarControl.OnPaint[136] DrawTargets begin
[2026-03-30 10:59:37.284] RadarControl.OnPaint[136] DrawTargets end
[2026-03-30 10:59:37.284] RadarControl.OnPaint[136] DrawCenter
[2026-03-30 10:59:37.285] RadarControl.OnPaint[136] EXIT ok
[2026-03-30 10:59:38.256] RadarControl.SetTargets: count=8, selected=none
[2026-03-30 10:59:38.268] RadarControl.OnPaint[137] ENTER width=743 height=743 targets=8 range=16,0
[2026-03-30 10:59:38.281] RadarControl.OnPaint[137] DrawRangeRings
[2026-03-30 10:59:38.282] RadarControl.OnPaint[137] DrawGrid
[2026-03-30 10:59:38.283] RadarControl.OnPaint[137] DrawTracks
[2026-03-30 10:59:38.283] RadarControl.OnPaint[137] DrawTargets begin
[2026-03-30 10:59:38.284] RadarControl.OnPaint[137] DrawTargets end
[2026-03-30 10:59:38.285] RadarControl.OnPaint[137] DrawCenter
[2026-03-30 10:59:38.285] RadarControl.OnPaint[137] EXIT ok
[2026-03-30 10:59:39.253] RadarControl.SetTargets: count=8, selected=none
[2026-03-30 10:59:39.265] RadarControl.OnPaint[138] ENTER width=743 height=743 targets=8 range=16,0
[2026-03-30 10:59:39.279] RadarControl.OnPaint[138] DrawRangeRings
[2026-03-30 10:59:39.280] RadarControl.OnPaint[138] DrawGrid
[2026-03-30 10:59:39.280] RadarControl.OnPaint[138] DrawTracks
[2026-03-30 10:59:39.281] RadarControl.OnPaint[138] DrawTargets begin
[2026-03-30 10:59:39.281] RadarControl.OnPaint[138] DrawTargets end
[2026-03-30 10:59:39.281] RadarControl.OnPaint[138] DrawCenter
[2026-03-30 10:59:39.282] RadarControl.OnPaint[138] EXIT ok
[2026-03-30 10:59:40.256] RadarControl.SetTargets: count=7, selected=none
[2026-03-30 10:59:40.268] RadarControl.OnPaint[139] ENTER width=743 height=743 targets=7 range=16,0
[2026-03-30 10:59:40.282] RadarControl.OnPaint[139] DrawRangeRings
[2026-03-30 10:59:40.283] RadarControl.OnPaint[139] DrawGrid
[2026-03-30 10:59:40.283] RadarControl.OnPaint[139] DrawTracks
[2026-03-30 10:59:40.283] RadarControl.OnPaint[139] DrawTargets begin
[2026-03-30 10:59:40.285] RadarControl.OnPaint[139] DrawTargets end
[2026-03-30 10:59:40.285] RadarControl.OnPaint[139] DrawCenter
[2026-03-30 10:59:40.285] RadarControl.OnPaint[139] EXIT ok
[2026-03-30 10:59:41.255] RadarControl.SetTargets: count=7, selected=none
[2026-03-30 10:59:41.268] RadarControl.OnPaint[140] ENTER width=743 height=743 targets=7 range=16,0
[2026-03-30 10:59:41.281] RadarControl.OnPaint[140] DrawRangeRings
[2026-03-30 10:59:41.282] RadarControl.OnPaint[140] DrawGrid
[2026-03-30 10:59:41.282] RadarControl.OnPaint[140] DrawTracks
[2026-03-30 10:59:41.282] RadarControl.OnPaint[140] DrawTargets begin
[2026-03-30 10:59:41.283] RadarControl.OnPaint[140] DrawTargets end
[2026-03-30 10:59:41.283] RadarControl.OnPaint[140] DrawCenter
[2026-03-30 10:59:41.284] RadarControl.OnPaint[140] EXIT ok
[2026-03-30 10:59:42.251] RadarControl.SetTargets: count=7, selected=none
[2026-03-30 10:59:42.262] RadarControl.OnPaint[141] ENTER width=743 height=743 targets=7 range=16,0
[2026-03-30 10:59:42.276] RadarControl.OnPaint[141] DrawRangeRings
[2026-03-30 10:59:42.277] RadarControl.OnPaint[141] DrawGrid
[2026-03-30 10:59:42.278] RadarControl.OnPaint[141] DrawTracks
[2026-03-30 10:59:42.278] RadarControl.OnPaint[141] DrawTargets begin
[2026-03-30 10:59:42.279] RadarControl.OnPaint[141] DrawTargets end
[2026-03-30 10:59:42.279] RadarControl.OnPaint[141] DrawCenter
[2026-03-30 10:59:42.279] RadarControl.OnPaint[141] EXIT ok
[2026-03-30 10:59:43.256] RadarControl.SetTargets: count=7, selected=none
[2026-03-30 10:59:43.267] RadarControl.OnPaint[142] ENTER width=743 height=743 targets=7 range=16,0
[2026-03-30 10:59:43.281] RadarControl.OnPaint[142] DrawRangeRings
[2026-03-30 10:59:43.282] RadarControl.OnPaint[142] DrawGrid
[2026-03-30 10:59:43.283] RadarControl.OnPaint[142] DrawTracks
[2026-03-30 10:59:43.283] RadarControl.OnPaint[142] DrawTargets begin
[2026-03-30 10:59:43.284] RadarControl.OnPaint[142] DrawTargets end
[2026-03-30 10:59:43.284] RadarControl.OnPaint[142] DrawCenter
[2026-03-30 10:59:43.284] RadarControl.OnPaint[142] EXIT ok
[2026-03-30 10:59:44.251] RadarControl.SetTargets: count=8, selected=none
[2026-03-30 10:59:44.263] RadarControl.OnPaint[143] ENTER width=743 height=743 targets=8 range=16,0
[2026-03-30 10:59:44.277] RadarControl.OnPaint[143] DrawRangeRings
[2026-03-30 10:59:44.278] RadarControl.OnPaint[143] DrawGrid
[2026-03-30 10:59:44.278] RadarControl.OnPaint[143] DrawTracks
[2026-03-30 10:59:44.278] RadarControl.OnPaint[143] DrawTargets begin
[2026-03-30 10:59:44.279] RadarControl.OnPaint[143] DrawTargets end
[2026-03-30 10:59:44.279] RadarControl.OnPaint[143] DrawCenter
[2026-03-30 10:59:44.280] RadarControl.OnPaint[143] EXIT ok
[2026-03-30 10:59:45.256] RadarControl.SetTargets: count=7, selected=none
[2026-03-30 10:59:45.268] RadarControl.OnPaint[144] ENTER width=743 height=743 targets=7 range=16,0
[2026-03-30 10:59:45.281] RadarControl.OnPaint[144] DrawRangeRings
[2026-03-30 10:59:45.282] RadarControl.OnPaint[144] DrawGrid
[2026-03-30 10:59:45.283] RadarControl.OnPaint[144] DrawTracks
[2026-03-30 10:59:45.283] RadarControl.OnPaint[144] DrawTargets begin
[2026-03-30 10:59:45.284] RadarControl.OnPaint[144] DrawTargets end
[2026-03-30 10:59:45.285] RadarControl.OnPaint[144] DrawCenter
[2026-03-30 10:59:45.285] RadarControl.OnPaint[144] EXIT ok
[2026-03-30 10:59:46.256] RadarControl.SetTargets: count=7, selected=none
[2026-03-30 10:59:46.266] RadarControl.OnPaint[145] ENTER width=743 height=743 targets=7 range=16,0
[2026-03-30 10:59:46.280] RadarControl.OnPaint[145] DrawRangeRings
[2026-03-30 10:59:46.281] RadarControl.OnPaint[145] DrawGrid
[2026-03-30 10:59:46.282] RadarControl.OnPaint[145] DrawTracks
[2026-03-30 10:59:46.282] RadarControl.OnPaint[145] DrawTargets begin
[2026-03-30 10:59:46.283] RadarControl.OnPaint[145] DrawTargets end
[2026-03-30 10:59:46.283] RadarControl.OnPaint[145] DrawCenter
[2026-03-30 10:59:46.283] RadarControl.OnPaint[145] EXIT ok
[2026-03-30 10:59:47.255] RadarControl.SetTargets: count=7, selected=none
[2026-03-30 10:59:47.268] RadarControl.OnPaint[146] ENTER width=743 height=743 targets=7 range=16,0
[2026-03-30 10:59:47.282] RadarControl.OnPaint[146] DrawRangeRings
[2026-03-30 10:59:47.283] RadarControl.OnPaint[146] DrawGrid
[2026-03-30 10:59:47.283] RadarControl.OnPaint[146] DrawTracks
[2026-03-30 10:59:47.284] RadarControl.OnPaint[146] DrawTargets begin
[2026-03-30 10:59:47.284] RadarControl.OnPaint[146] DrawTargets end
[2026-03-30 10:59:47.284] RadarControl.OnPaint[146] DrawCenter
[2026-03-30 10:59:47.285] RadarControl.OnPaint[146] EXIT ok
[2026-03-30 10:59:48.255] RadarControl.SetTargets: count=8, selected=none
[2026-03-30 10:59:48.267] RadarControl.OnPaint[147] ENTER width=743 height=743 targets=8 range=16,0
[2026-03-30 10:59:48.281] RadarControl.OnPaint[147] DrawRangeRings
[2026-03-30 10:59:48.282] RadarControl.OnPaint[147] DrawGrid
[2026-03-30 10:59:48.283] RadarControl.OnPaint[147] DrawTracks
[2026-03-30 10:59:48.283] RadarControl.OnPaint[147] DrawTargets begin
[2026-03-30 10:59:48.284] RadarControl.OnPaint[147] DrawTargets end
[2026-03-30 10:59:48.284] RadarControl.OnPaint[147] DrawCenter
[2026-03-30 10:59:48.285] RadarControl.OnPaint[147] EXIT ok
[2026-03-30 10:59:49.259] RadarControl.SetTargets: count=8, selected=none
[2026-03-30 10:59:49.273] RadarControl.OnPaint[148] ENTER width=743 height=743 targets=8 range=16,0
[2026-03-30 10:59:49.288] RadarControl.OnPaint[148] DrawRangeRings
[2026-03-30 10:59:49.290] RadarControl.OnPaint[148] DrawGrid
[2026-03-30 10:59:49.290] RadarControl.OnPaint[148] DrawTracks
[2026-03-30 10:59:49.290] RadarControl.OnPaint[148] DrawTargets begin
[2026-03-30 10:59:49.291] RadarControl.OnPaint[148] DrawTargets end
[2026-03-30 10:59:49.291] RadarControl.OnPaint[148] DrawCenter
[2026-03-30 10:59:49.292] RadarControl.OnPaint[148] EXIT ok
[2026-03-30 10:59:50.255] RadarControl.SetTargets: count=7, selected=none
[2026-03-30 10:59:50.266] RadarControl.OnPaint[149] ENTER width=743 height=743 targets=7 range=16,0
[2026-03-30 10:59:50.281] RadarControl.OnPaint[149] DrawRangeRings
[2026-03-30 10:59:50.282] RadarControl.OnPaint[149] DrawGrid
[2026-03-30 10:59:50.282] RadarControl.OnPaint[149] DrawTracks
[2026-03-30 10:59:50.283] RadarControl.OnPaint[149] DrawTargets begin
[2026-03-30 10:59:50.283] RadarControl.OnPaint[149] DrawTargets end
[2026-03-30 10:59:50.284] RadarControl.OnPaint[149] DrawCenter
[2026-03-30 10:59:50.284] RadarControl.OnPaint[149] EXIT ok
[2026-03-30 10:59:51.255] RadarControl.SetTargets: count=7, selected=none
[2026-03-30 10:59:51.267] RadarControl.OnPaint[150] ENTER width=743 height=743 targets=7 range=16,0
[2026-03-30 10:59:51.280] RadarControl.OnPaint[150] DrawRangeRings
[2026-03-30 10:59:51.281] RadarControl.OnPaint[150] DrawGrid
[2026-03-30 10:59:51.282] RadarControl.OnPaint[150] DrawTracks
[2026-03-30 10:59:51.282] RadarControl.OnPaint[150] DrawTargets begin
[2026-03-30 10:59:51.283] RadarControl.OnPaint[150] DrawTargets end
[2026-03-30 10:59:51.283] RadarControl.OnPaint[150] DrawCenter
[2026-03-30 10:59:51.283] RadarControl.OnPaint[150] EXIT ok
[2026-03-30 10:59:52.277] RadarControl.SetTargets: count=7, selected=none
[2026-03-30 10:59:52.288] RadarControl.OnPaint[151] ENTER width=743 height=743 targets=7 range=16,0
[2026-03-30 10:59:52.301] RadarControl.OnPaint[151] DrawRangeRings
[2026-03-30 10:59:52.303] RadarControl.OnPaint[151] DrawGrid
[2026-03-30 10:59:52.303] RadarControl.OnPaint[151] DrawTracks
[2026-03-30 10:59:52.304] RadarControl.OnPaint[151] DrawTargets begin
[2026-03-30 10:59:52.304] RadarControl.OnPaint[151] DrawTargets end
[2026-03-30 10:59:52.304] RadarControl.OnPaint[151] DrawCenter
[2026-03-30 10:59:52.305] RadarControl.OnPaint[151] EXIT ok
[2026-03-30 10:59:53.262] RadarControl.SetTargets: count=8, selected=none
[2026-03-30 10:59:53.272] RadarControl.OnPaint[152] ENTER width=743 height=743 targets=8 range=16,0
[2026-03-30 10:59:53.285] RadarControl.OnPaint[152] DrawRangeRings
[2026-03-30 10:59:53.287] RadarControl.OnPaint[152] DrawGrid
[2026-03-30 10:59:53.287] RadarControl.OnPaint[152] DrawTracks
[2026-03-30 10:59:53.288] RadarControl.OnPaint[152] DrawTargets begin
[2026-03-30 10:59:53.288] RadarControl.OnPaint[152] DrawTargets end
[2026-03-30 10:59:53.289] RadarControl.OnPaint[152] DrawCenter
[2026-03-30 10:59:53.289] RadarControl.OnPaint[152] EXIT ok
[2026-03-30 10:59:54.258] RadarControl.SetTargets: count=8, selected=none
[2026-03-30 10:59:54.269] RadarControl.OnPaint[153] ENTER width=743 height=743 targets=8 range=16,0
[2026-03-30 10:59:54.284] RadarControl.OnPaint[153] DrawRangeRings
[2026-03-30 10:59:54.285] RadarControl.OnPaint[153] DrawGrid
[2026-03-30 10:59:54.285] RadarControl.OnPaint[153] DrawTracks
[2026-03-30 10:59:54.286] RadarControl.OnPaint[153] DrawTargets begin
[2026-03-30 10:59:54.287] RadarControl.OnPaint[153] DrawTargets end
[2026-03-30 10:59:54.287] RadarControl.OnPaint[153] DrawCenter
[2026-03-30 10:59:54.287] RadarControl.OnPaint[153] EXIT ok
[2026-03-30 10:59:55.254] RadarControl.SetTargets: count=8, selected=none
[2026-03-30 10:59:55.266] RadarControl.OnPaint[154] ENTER width=743 height=743 targets=8 range=16,0
[2026-03-30 10:59:55.280] RadarControl.OnPaint[154] DrawRangeRings
[2026-03-30 10:59:55.281] RadarControl.OnPaint[154] DrawGrid
[2026-03-30 10:59:55.282] RadarControl.OnPaint[154] DrawTracks
[2026-03-30 10:59:55.282] RadarControl.OnPaint[154] DrawTargets begin
[2026-03-30 10:59:55.283] RadarControl.OnPaint[154] DrawTargets end
[2026-03-30 10:59:55.283] RadarControl.OnPaint[154] DrawCenter
[2026-03-30 10:59:55.283] RadarControl.OnPaint[154] EXIT ok
[2026-03-30 10:59:56.256] RadarControl.SetTargets: count=8, selected=none
[2026-03-30 10:59:56.267] RadarControl.OnPaint[155] ENTER width=743 height=743 targets=8 range=16,0
[2026-03-30 10:59:56.281] RadarControl.OnPaint[155] DrawRangeRings
[2026-03-30 10:59:56.282] RadarControl.OnPaint[155] DrawGrid
[2026-03-30 10:59:56.283] RadarControl.OnPaint[155] DrawTracks
[2026-03-30 10:59:56.283] RadarControl.OnPaint[155] DrawTargets begin
[2026-03-30 10:59:56.283] RadarControl.OnPaint[155] DrawTargets end
[2026-03-30 10:59:56.284] RadarControl.OnPaint[155] DrawCenter
[2026-03-30 10:59:56.284] RadarControl.OnPaint[155] EXIT ok
[2026-03-30 10:59:57.258] RadarControl.SetTargets: count=7, selected=none
[2026-03-30 10:59:57.268] RadarControl.OnPaint[156] ENTER width=743 height=743 targets=7 range=16,0
[2026-03-30 10:59:57.282] RadarControl.OnPaint[156] DrawRangeRings
[2026-03-30 10:59:57.283] RadarControl.OnPaint[156] DrawGrid
[2026-03-30 10:59:57.283] RadarControl.OnPaint[156] DrawTracks
[2026-03-30 10:59:57.284] RadarControl.OnPaint[156] DrawTargets begin
[2026-03-30 10:59:57.285] RadarControl.OnPaint[156] DrawTargets end
[2026-03-30 10:59:57.285] RadarControl.OnPaint[156] DrawCenter
[2026-03-30 10:59:57.285] RadarControl.OnPaint[156] EXIT ok
[2026-03-30 10:59:58.252] RadarControl.SetTargets: count=8, selected=none
[2026-03-30 10:59:58.263] RadarControl.OnPaint[157] ENTER width=743 height=743 targets=8 range=16,0
[2026-03-30 10:59:58.277] RadarControl.OnPaint[157] DrawRangeRings
[2026-03-30 10:59:58.278] RadarControl.OnPaint[157] DrawGrid
[2026-03-30 10:59:58.279] RadarControl.OnPaint[157] DrawTracks
[2026-03-30 10:59:58.279] RadarControl.OnPaint[157] DrawTargets begin
[2026-03-30 10:59:58.279] RadarControl.OnPaint[157] DrawTargets end
[2026-03-30 10:59:58.280] RadarControl.OnPaint[157] DrawCenter
[2026-03-30 10:59:58.280] RadarControl.OnPaint[157] EXIT ok
[2026-03-30 10:59:59.255] RadarControl.SetTargets: count=8, selected=none
[2026-03-30 10:59:59.268] RadarControl.OnPaint[158] ENTER width=743 height=743 targets=8 range=16,0
[2026-03-30 10:59:59.282] RadarControl.OnPaint[158] DrawRangeRings
[2026-03-30 10:59:59.283] RadarControl.OnPaint[158] DrawGrid
[2026-03-30 10:59:59.283] RadarControl.OnPaint[158] DrawTracks
[2026-03-30 10:59:59.284] RadarControl.OnPaint[158] DrawTargets begin
[2026-03-30 10:59:59.284] RadarControl.OnPaint[158] DrawTargets end
[2026-03-30 10:59:59.285] RadarControl.OnPaint[158] DrawCenter
[2026-03-30 10:59:59.285] RadarControl.OnPaint[158] EXIT ok
[2026-03-30 11:00:00.270] RadarControl.SetTargets: count=8, selected=none
[2026-03-30 11:00:00.281] RadarControl.OnPaint[159] ENTER width=743 height=743 targets=8 range=16,0
[2026-03-30 11:00:00.295] RadarControl.OnPaint[159] DrawRangeRings
[2026-03-30 11:00:00.296] RadarControl.OnPaint[159] DrawGrid
[2026-03-30 11:00:00.296] RadarControl.OnPaint[159] DrawTracks
[2026-03-30 11:00:00.297] RadarControl.OnPaint[159] DrawTargets begin
[2026-03-30 11:00:00.298] RadarControl.OnPaint[159] DrawTargets end
[2026-03-30 11:00:00.298] RadarControl.OnPaint[159] DrawCenter
[2026-03-30 11:00:00.298] RadarControl.OnPaint[159] EXIT ok
[2026-03-30 11:00:18.725] RadarControl.SetTargets: count=0, selected=none
[2026-03-30 11:00:18.742] RadarControl.SetTargets: count=0, selected=none
[2026-03-30 11:00:18.761] RadarControl.OnPaint[160] ENTER width=743 height=743 targets=0 range=16,0
[2026-03-30 11:00:18.775] RadarControl.OnPaint[160] DrawRangeRings
[2026-03-30 11:00:18.776] RadarControl.OnPaint[160] DrawGrid
[2026-03-30 11:00:18.778] RadarControl.OnPaint[160] DrawTracks
[2026-03-30 11:00:18.778] RadarControl.OnPaint[160] DrawTargets begin
[2026-03-30 11:00:18.778] RadarControl.OnPaint[160] DrawTargets end
[2026-03-30 11:00:18.778] RadarControl.OnPaint[160] DrawCenter
[2026-03-30 11:00:18.779] RadarControl.OnPaint[160] EXIT ok
[2026-03-30 11:03:33.973] RadarControl.SetTargets: count=0, selected=none
[2026-03-30 11:03:33.983] RadarControl.SetTargets: count=0, selected=none
[2026-03-30 11:03:34.002] RadarControl.OnPaint[161] ENTER width=743 height=743 targets=0 range=16,0
[2026-03-30 11:03:34.016] RadarControl.OnPaint[161] DrawRangeRings
[2026-03-30 11:03:34.018] RadarControl.OnPaint[161] DrawGrid
[2026-03-30 11:03:34.018] RadarControl.OnPaint[161] DrawTracks
[2026-03-30 11:03:34.018] RadarControl.OnPaint[161] DrawTargets begin
[2026-03-30 11:03:34.018] RadarControl.OnPaint[161] DrawTargets end
[2026-03-30 11:03:34.018] RadarControl.OnPaint[161] DrawCenter
[2026-03-30 11:03:34.019] RadarControl.OnPaint[161] EXIT ok
[2026-03-30 11:06:22.752] RadarControl.SetTargets: count=0, selected=none
[2026-03-30 11:06:22.768] RadarControl.SetTargets: count=0, selected=none
[2026-03-30 11:06:22.792] RadarControl.OnPaint[162] ENTER width=743 height=743 targets=0 range=16,0
[2026-03-30 11:06:22.806] RadarControl.OnPaint[162] DrawRangeRings
[2026-03-30 11:06:22.808] RadarControl.OnPaint[162] DrawGrid
[2026-03-30 11:06:22.808] RadarControl.OnPaint[162] DrawTracks
[2026-03-30 11:06:22.808] RadarControl.OnPaint[162] DrawTargets begin
[2026-03-30 11:06:22.809] RadarControl.OnPaint[162] DrawTargets end
[2026-03-30 11:06:22.809] RadarControl.OnPaint[162] DrawCenter
[2026-03-30 11:06:22.809] RadarControl.OnPaint[162] EXIT ok
[2026-03-30 11:06:50.119] RadarControl.SetTargets: count=0, selected=none
[2026-03-30 11:06:50.132] RadarControl.SetTargets: count=0, selected=none
[2026-03-30 11:06:50.149] RadarControl.OnPaint[163] ENTER width=743 height=743 targets=0 range=16,0
[2026-03-30 11:06:50.162] RadarControl.OnPaint[163] DrawRangeRings
[2026-03-30 11:06:50.163] RadarControl.OnPaint[163] DrawGrid
[2026-03-30 11:06:50.163] RadarControl.OnPaint[163] DrawTracks
[2026-03-30 11:06:50.163] RadarControl.OnPaint[163] DrawTargets begin
[2026-03-30 11:06:50.164] RadarControl.OnPaint[163] DrawTargets end
[2026-03-30 11:06:50.164] RadarControl.OnPaint[163] DrawCenter
[2026-03-30 11:06:50.165] RadarControl.OnPaint[163] EXIT ok
[2026-03-30 13:01:51.929] RadarControl.SetTargets: count=0, selected=none
[2026-03-30 13:01:51.942] RadarControl.SetTargets: count=0, selected=none
[2026-03-30 13:01:51.963] RadarControl.OnPaint[164] ENTER width=743 height=743 targets=0 range=13,0
[2026-03-30 13:01:51.980] RadarControl.OnPaint[164] DrawRangeRings
[2026-03-30 13:01:51.982] RadarControl.OnPaint[164] DrawGrid
[2026-03-30 13:01:51.982] RadarControl.OnPaint[164] DrawTracks
[2026-03-30 13:01:51.982] RadarControl.OnPaint[164] DrawTargets begin
[2026-03-30 13:01:51.983] RadarControl.OnPaint[164] DrawTargets end
[2026-03-30 13:01:51.983] RadarControl.OnPaint[164] DrawCenter
[2026-03-30 13:01:51.984] RadarControl.OnPaint[164] EXIT ok
[2026-03-30 13:03:28.561] RadarControl.SetTargets: count=0, selected=none
[2026-03-30 13:03:28.575] RadarControl.SetTargets: count=0, selected=none
[2026-03-30 13:03:28.593] RadarControl.OnPaint[165] ENTER width=743 height=743 targets=0 range=13,0
[2026-03-30 13:03:28.606] RadarControl.OnPaint[165] DrawRangeRings
[2026-03-30 13:03:28.607] RadarControl.OnPaint[165] DrawGrid
[2026-03-30 13:03:28.608] RadarControl.OnPaint[165] DrawTracks
[2026-03-30 13:03:28.608] RadarControl.OnPaint[165] DrawTargets begin
[2026-03-30 13:03:28.608] RadarControl.OnPaint[165] DrawTargets end
[2026-03-30 13:03:28.609] RadarControl.OnPaint[165] DrawCenter
[2026-03-30 13:03:28.609] RadarControl.OnPaint[165] EXIT ok
[2026-03-30 15:08:31.598] RadarControl.OnPaint[166] ENTER width=743 height=743 targets=0 range=13,0
[2026-03-30 15:08:31.625] RadarControl.OnPaint[166] DrawRangeRings
[2026-03-30 15:08:31.627] RadarControl.OnPaint[166] DrawGrid
[2026-03-30 15:08:31.628] RadarControl.OnPaint[166] DrawTracks
[2026-03-30 15:08:31.628] RadarControl.OnPaint[166] DrawTargets begin
[2026-03-30 15:08:31.628] RadarControl.OnPaint[166] DrawTargets end
[2026-03-30 15:08:31.628] RadarControl.OnPaint[166] DrawCenter
[2026-03-30 15:08:31.629] RadarControl.OnPaint[166] EXIT ok
[2026-03-30 20:47:38.194] RadarControl.OnPaint[167] ENTER width=743 height=743 targets=0 range=13,0
[2026-03-30 20:47:38.220] RadarControl.OnPaint[167] DrawRangeRings
[2026-03-30 20:47:38.222] RadarControl.OnPaint[167] DrawGrid
[2026-03-30 20:47:38.222] RadarControl.OnPaint[167] DrawTracks
[2026-03-30 20:47:38.222] RadarControl.OnPaint[167] DrawTargets begin
[2026-03-30 20:47:38.223] RadarControl.OnPaint[167] DrawTargets end
[2026-03-30 20:47:38.223] RadarControl.OnPaint[167] DrawCenter
[2026-03-30 20:47:38.223] RadarControl.OnPaint[167] EXIT ok
[2026-03-30 20:51:12.015] Program.Main: Application.Run returned normally
[2026-03-30 23:41:15.556] ========== APP START ==========
[2026-03-30 23:41:15.560] Program.Main: before Application.Run
[2026-03-30 23:41:15.966] RadarControl.SetTargets: count=0, selected=none
[2026-03-30 23:41:15.977] RadarControl.SetTargets: count=0, selected=none
[2026-03-30 23:41:15.983] RadarControl.SetTargets: count=0, selected=none
[2026-03-30 23:41:16.103] RadarControl.OnPaint[1] ENTER width=743 height=743 targets=0 range=13,0
[2026-03-30 23:41:16.136] RadarControl.OnPaint[1] DrawRangeRings
[2026-03-30 23:41:16.138] RadarControl.OnPaint[1] DrawGrid
[2026-03-30 23:41:16.139] RadarControl.OnPaint[1] DrawTracks
[2026-03-30 23:41:16.141] RadarControl.OnPaint[1] DrawTargets begin
[2026-03-30 23:41:16.143] RadarControl.OnPaint[1] DrawTargets end
[2026-03-30 23:41:16.143] RadarControl.OnPaint[1] DrawCenter
[2026-03-30 23:41:16.145] RadarControl.OnPaint[1] EXIT ok
[2026-03-30 23:41:16.241] RadarControl.SetTargets: count=0, selected=none
[2026-03-30 23:41:16.250] RadarControl.OnPaint[2] ENTER width=743 height=743 targets=0 range=13,0
[2026-03-30 23:41:16.265] RadarControl.OnPaint[2] DrawRangeRings
[2026-03-30 23:41:16.266] RadarControl.OnPaint[2] DrawGrid
[2026-03-30 23:41:16.266] RadarControl.OnPaint[2] DrawTracks
[2026-03-30 23:41:16.266] RadarControl.OnPaint[2] DrawTargets begin
[2026-03-30 23:41:16.267] RadarControl.OnPaint[2] DrawTargets end
[2026-03-30 23:41:16.267] RadarControl.OnPaint[2] DrawCenter
[2026-03-30 23:41:16.267] RadarControl.OnPaint[2] EXIT ok
[2026-03-30 23:41:52.457] RadarControl.SetTargets: count=0, selected=none
[2026-03-30 23:41:52.466] RadarControl.SetTargets: count=0, selected=none
[2026-03-30 23:41:52.479] RadarControl.OnPaint[3] ENTER width=743 height=743 targets=0 range=13,0
[2026-03-30 23:41:52.493] RadarControl.OnPaint[3] DrawRangeRings
[2026-03-30 23:41:52.494] RadarControl.OnPaint[3] DrawGrid
[2026-03-30 23:41:52.494] RadarControl.OnPaint[3] DrawTracks
[2026-03-30 23:41:52.495] RadarControl.OnPaint[3] DrawTargets begin
[2026-03-30 23:41:52.495] RadarControl.OnPaint[3] DrawTargets end
[2026-03-30 23:41:52.495] RadarControl.OnPaint[3] DrawCenter
[2026-03-30 23:41:52.496] RadarControl.OnPaint[3] EXIT ok
[2026-03-30 23:42:36.395] RadarControl.SetTargets: count=0, selected=none
[2026-03-30 23:42:36.404] RadarControl.OnPaint[4] ENTER width=743 height=743 targets=0 range=13,0
[2026-03-30 23:42:36.418] RadarControl.OnPaint[4] DrawRangeRings
[2026-03-30 23:42:36.418] RadarControl.OnPaint[4] DrawGrid
[2026-03-30 23:42:36.419] RadarControl.OnPaint[4] DrawTracks
[2026-03-30 23:42:36.419] RadarControl.OnPaint[4] DrawTargets begin
[2026-03-30 23:42:36.419] RadarControl.OnPaint[4] DrawTargets end
[2026-03-30 23:42:36.419] RadarControl.OnPaint[4] DrawCenter
[2026-03-30 23:42:36.420] RadarControl.OnPaint[4] EXIT ok
[2026-03-30 23:42:59.887] RadarControl.SetTargets: count=1, selected=none
[2026-03-30 23:42:59.897] RadarControl.OnPaint[5] ENTER width=743 height=743 targets=1 range=13,0
[2026-03-30 23:42:59.913] RadarControl.OnPaint[5] DrawRangeRings
[2026-03-30 23:42:59.914] RadarControl.OnPaint[5] DrawGrid
[2026-03-30 23:42:59.914] RadarControl.OnPaint[5] DrawTracks
[2026-03-30 23:42:59.914] RadarControl.OnPaint[5] DrawTargets begin
[2026-03-30 23:42:59.920] RadarControl.OnPaint[5] DrawTargets end
[2026-03-30 23:42:59.920] RadarControl.OnPaint[5] DrawCenter
[2026-03-30 23:42:59.921] RadarControl.OnPaint[5] EXIT ok
[2026-03-30 23:43:08.895] RadarControl.SetTargets: count=0, selected=none
[2026-03-30 23:43:08.904] RadarControl.OnPaint[6] ENTER width=743 height=743 targets=0 range=13,0
[2026-03-30 23:43:08.918] RadarControl.OnPaint[6] DrawRangeRings
[2026-03-30 23:43:08.920] RadarControl.OnPaint[6] DrawGrid
[2026-03-30 23:43:08.921] RadarControl.OnPaint[6] DrawTracks
[2026-03-30 23:43:08.921] RadarControl.OnPaint[6] DrawTargets begin
[2026-03-30 23:43:08.921] RadarControl.OnPaint[6] DrawTargets end
[2026-03-30 23:43:08.921] RadarControl.OnPaint[6] DrawCenter
[2026-03-30 23:43:08.922] RadarControl.OnPaint[6] EXIT ok
[2026-03-30 23:43:08.947] RadarControl.SetTargets: count=0, selected=none
[2026-03-30 23:43:08.955] RadarControl.OnPaint[7] ENTER width=743 height=743 targets=0 range=13,0
[2026-03-30 23:43:08.968] RadarControl.OnPaint[7] DrawRangeRings
[2026-03-30 23:43:08.969] RadarControl.OnPaint[7] DrawGrid
[2026-03-30 23:43:08.970] RadarControl.OnPaint[7] DrawTracks
[2026-03-30 23:43:08.970] RadarControl.OnPaint[7] DrawTargets begin
[2026-03-30 23:43:08.971] RadarControl.OnPaint[7] DrawTargets end
[2026-03-30 23:43:08.971] RadarControl.OnPaint[7] DrawCenter
[2026-03-30 23:43:08.971] RadarControl.OnPaint[7] EXIT ok
[2026-03-30 23:44:17.118] RadarControl.SetTargets: count=0, selected=none
[2026-03-30 23:44:17.132] RadarControl.SetTargets: count=0, selected=none
[2026-03-30 23:44:17.148] RadarControl.OnPaint[8] ENTER width=743 height=743 targets=0 range=13,0
[2026-03-30 23:44:17.162] RadarControl.OnPaint[8] DrawRangeRings
[2026-03-30 23:44:17.163] RadarControl.OnPaint[8] DrawGrid
[2026-03-30 23:44:17.163] RadarControl.OnPaint[8] DrawTracks
[2026-03-30 23:44:17.163] RadarControl.OnPaint[8] DrawTargets begin
[2026-03-30 23:44:17.163] RadarControl.OnPaint[8] DrawTargets end
[2026-03-30 23:44:17.164] RadarControl.OnPaint[8] DrawCenter
[2026-03-30 23:44:17.165] RadarControl.OnPaint[8] EXIT ok
[2026-03-30 23:44:30.844] Program.Main: Application.Run returned normally
[2026-03-31 12:04:22.616] ========== APP START ==========
[2026-03-31 12:04:22.708] Program.Main: before Application.Run
[2026-03-31 12:04:47.815] RadarControl.SetTargets: count=0, selected=none
[2026-03-31 12:04:47.842] RadarControl.SetTargets: count=0, selected=none
[2026-03-31 12:04:47.857] RadarControl.SetTargets: count=0, selected=none
[2026-03-31 12:04:48.003] RadarControl.OnPaint[1] ENTER width=743 height=743 targets=0 range=13,0
[2026-03-31 12:04:56.859] RadarControl.OnPaint[1] DrawRangeRings
[2026-03-31 12:04:56.862] RadarControl.OnPaint[1] DrawGrid
[2026-03-31 12:04:56.865] RadarControl.OnPaint[1] DrawTracks
[2026-03-31 12:04:56.867] RadarControl.OnPaint[1] DrawTargets begin
[2026-03-31 12:04:56.871] RadarControl.OnPaint[1] DrawTargets end
[2026-03-31 12:04:56.871] RadarControl.OnPaint[1] DrawCenter
[2026-03-31 12:04:56.875] RadarControl.OnPaint[1] EXIT ok
[2026-03-31 12:04:57.533] RadarControl.SetTargets: count=6, selected=none
[2026-03-31 12:05:24.478] ========== APP START ==========
[2026-03-31 12:05:29.161] Program.Main: before Application.Run
[2026-03-31 12:05:36.812] RadarControl.SetTargets: count=0, selected=none
[2026-03-31 12:05:36.846] RadarControl.SetTargets: count=0, selected=none
[2026-03-31 12:05:36.872] RadarControl.SetTargets: count=0, selected=none
[2026-03-31 12:05:37.046] RadarControl.OnPaint[1] ENTER width=743 height=743 targets=0 range=13,0
[2026-03-31 12:05:44.413] RadarControl.OnPaint[1] DrawRangeRings
[2026-03-31 12:05:44.416] RadarControl.OnPaint[1] DrawGrid
[2026-03-31 12:05:44.417] RadarControl.OnPaint[1] DrawTracks
[2026-03-31 12:05:44.421] RadarControl.OnPaint[1] DrawTargets begin
[2026-03-31 12:05:44.424] RadarControl.OnPaint[1] DrawTargets end
[2026-03-31 12:05:44.425] RadarControl.OnPaint[1] DrawCenter
[2026-03-31 12:05:44.428] RadarControl.OnPaint[1] EXIT ok
[2026-03-31 12:05:44.793] RadarControl.SetTargets: count=5, selected=none
[2026-03-31 12:05:53.634] RadarControl.OnPaint[2] ENTER width=743 height=743 targets=5 range=13,0
[2026-03-31 12:05:59.603] RadarControl.OnPaint[2] DrawRangeRings
[2026-03-31 12:05:59.605] RadarControl.OnPaint[2] DrawGrid
[2026-03-31 12:05:59.605] RadarControl.OnPaint[2] DrawTracks
[2026-03-31 12:05:59.607] RadarControl.OnPaint[2] DrawTargets begin
[2026-03-31 12:05:59.613] RadarControl.OnPaint[2] DrawTargets end
[2026-03-31 12:05:59.613] RadarControl.OnPaint[2] DrawCenter
[2026-03-31 12:05:59.613] RadarControl.OnPaint[2] EXIT ok
[2026-03-31 12:06:00.122] RadarControl.SetTargets: count=6, selected=none
[2026-03-31 12:06:00.135] RadarControl.OnPaint[3] ENTER width=743 height=743 targets=6 range=13,0
[2026-03-31 12:06:00.149] RadarControl.OnPaint[3] DrawRangeRings
[2026-03-31 12:06:00.150] RadarControl.OnPaint[3] DrawGrid
[2026-03-31 12:06:00.151] RadarControl.OnPaint[3] DrawTracks
[2026-03-31 12:06:00.151] RadarControl.OnPaint[3] DrawTargets begin
[2026-03-31 12:06:00.151] RadarControl.OnPaint[3] DrawTargets end
[2026-03-31 12:06:00.152] RadarControl.OnPaint[3] DrawCenter
[2026-03-31 12:06:00.152] RadarControl.OnPaint[3] EXIT ok
[2026-03-31 12:06:01.131] RadarControl.SetTargets: count=6, selected=none
[2026-03-31 12:06:09.551] RadarControl.OnPaint[4] ENTER width=743 height=743 targets=6 range=13,0
[2026-03-31 12:06:09.565] RadarControl.OnPaint[4] DrawRangeRings
[2026-03-31 12:06:09.566] RadarControl.OnPaint[4] DrawGrid
[2026-03-31 12:06:09.567] RadarControl.OnPaint[4] DrawTracks
[2026-03-31 12:06:09.567] RadarControl.OnPaint[4] DrawTargets begin
[2026-03-31 12:06:09.567] RadarControl.OnPaint[4] DrawTargets end
[2026-03-31 12:06:09.567] RadarControl.OnPaint[4] DrawCenter
[2026-03-31 12:06:09.567] RadarControl.OnPaint[4] EXIT ok
[2026-03-31 12:06:09.958] RadarControl.SetTargets: count=7, selected=none
[2026-03-31 12:06:09.971] RadarControl.OnPaint[5] ENTER width=743 height=743 targets=7 range=13,0
[2026-03-31 12:06:09.986] RadarControl.OnPaint[5] DrawRangeRings
[2026-03-31 12:06:09.986] RadarControl.OnPaint[5] DrawGrid
[2026-03-31 12:06:09.987] RadarControl.OnPaint[5] DrawTracks
[2026-03-31 12:06:09.987] RadarControl.OnPaint[5] DrawTargets begin
[2026-03-31 12:06:09.987] RadarControl.OnPaint[5] DrawTargets end
[2026-03-31 12:06:09.988] RadarControl.OnPaint[5] DrawCenter
[2026-03-31 12:06:09.988] RadarControl.OnPaint[5] EXIT ok
[2026-03-31 12:06:10.132] RadarControl.SetTargets: count=7, selected=none
[2026-03-31 12:06:10.143] RadarControl.OnPaint[6] ENTER width=743 height=743 targets=7 range=13,0
[2026-03-31 12:06:10.156] RadarControl.OnPaint[6] DrawRangeRings
[2026-03-31 12:06:10.157] RadarControl.OnPaint[6] DrawGrid
[2026-03-31 12:06:10.157] RadarControl.OnPaint[6] DrawTracks
[2026-03-31 12:06:10.157] RadarControl.OnPaint[6] DrawTargets begin
[2026-03-31 12:06:10.159] RadarControl.OnPaint[6] DrawTargets end
[2026-03-31 12:06:10.159] RadarControl.OnPaint[6] DrawCenter
[2026-03-31 12:06:10.160] RadarControl.OnPaint[6] EXIT ok
[2026-03-31 12:06:11.130] RadarControl.SetTargets: count=7, selected=none
[2026-03-31 12:06:11.139] RadarControl.OnPaint[7] ENTER width=743 height=743 targets=7 range=13,0
[2026-03-31 12:06:11.154] RadarControl.OnPaint[7] DrawRangeRings
[2026-03-31 12:06:11.154] RadarControl.OnPaint[7] DrawGrid
[2026-03-31 12:06:11.155] RadarControl.OnPaint[7] DrawTracks
[2026-03-31 12:06:11.155] RadarControl.OnPaint[7] DrawTargets begin
[2026-03-31 12:06:11.156] RadarControl.OnPaint[7] DrawTargets end
[2026-03-31 12:06:11.156] RadarControl.OnPaint[7] DrawCenter
[2026-03-31 12:06:11.157] RadarControl.OnPaint[7] EXIT ok
[2026-03-31 12:06:12.138] RadarControl.SetTargets: count=7, selected=none
[2026-03-31 12:06:15.595] RadarControl.OnPaint[8] ENTER width=743 height=743 targets=7 range=13,0
[2026-03-31 12:06:15.608] RadarControl.OnPaint[8] DrawRangeRings
[2026-03-31 12:06:15.609] RadarControl.OnPaint[8] DrawGrid
[2026-03-31 12:06:15.610] RadarControl.OnPaint[8] DrawTracks
[2026-03-31 12:06:15.610] RadarControl.OnPaint[8] DrawTargets begin
[2026-03-31 12:06:15.611] RadarControl.OnPaint[8] DrawTargets end
[2026-03-31 12:06:15.611] RadarControl.OnPaint[8] DrawCenter
[2026-03-31 12:06:15.611] RadarControl.OnPaint[8] EXIT ok
[2026-03-31 12:06:15.754] RadarControl.SetTargets: count=8, selected=none
[2026-03-31 12:06:15.764] RadarControl.OnPaint[9] ENTER width=743 height=743 targets=8 range=13,0
[2026-03-31 12:06:15.777] RadarControl.OnPaint[9] DrawRangeRings
[2026-03-31 12:06:15.779] RadarControl.OnPaint[9] DrawGrid
[2026-03-31 12:06:15.779] RadarControl.OnPaint[9] DrawTracks
[2026-03-31 12:06:15.780] RadarControl.OnPaint[9] DrawTargets begin
[2026-03-31 12:06:15.780] RadarControl.OnPaint[9] DrawTargets end
[2026-03-31 12:06:15.781] RadarControl.OnPaint[9] DrawCenter
[2026-03-31 12:06:15.781] RadarControl.OnPaint[9] EXIT ok
[2026-03-31 12:06:16.139] RadarControl.SetTargets: count=8, selected=none
[2026-03-31 12:06:16.149] RadarControl.OnPaint[10] ENTER width=743 height=743 targets=8 range=13,0
[2026-03-31 12:06:16.169] RadarControl.OnPaint[10] DrawRangeRings
[2026-03-31 12:06:16.169] RadarControl.OnPaint[10] DrawGrid
[2026-03-31 12:06:16.170] RadarControl.OnPaint[10] DrawTracks
[2026-03-31 12:06:16.170] RadarControl.OnPaint[10] DrawTargets begin
[2026-03-31 12:06:16.171] RadarControl.OnPaint[10] DrawTargets end
[2026-03-31 12:06:16.171] RadarControl.OnPaint[10] DrawCenter
[2026-03-31 12:06:16.172] RadarControl.OnPaint[10] EXIT ok
[2026-03-31 12:06:17.131] RadarControl.SetTargets: count=8, selected=none
[2026-03-31 12:06:23.407] RadarControl.OnPaint[11] ENTER width=743 height=743 targets=8 range=13,0
[2026-03-31 12:06:23.421] RadarControl.OnPaint[11] DrawRangeRings
[2026-03-31 12:06:23.422] RadarControl.OnPaint[11] DrawGrid
[2026-03-31 12:06:23.422] RadarControl.OnPaint[11] DrawTracks
[2026-03-31 12:06:23.422] RadarControl.OnPaint[11] DrawTargets begin
[2026-03-31 12:06:23.423] RadarControl.OnPaint[11] DrawTargets end
[2026-03-31 12:06:23.424] RadarControl.OnPaint[11] DrawCenter
[2026-03-31 12:06:23.424] RadarControl.OnPaint[11] EXIT ok
[2026-03-31 12:06:31.327] RadarControl.SetTargets: count=10, selected=none
[2026-03-31 12:06:31.342] RadarControl.SetTargets: count=10, selected=none
[2026-03-31 12:06:31.357] RadarControl.OnPaint[12] ENTER width=743 height=743 targets=10 range=13,0
[2026-03-31 12:06:31.372] RadarControl.OnPaint[12] DrawRangeRings
[2026-03-31 12:06:31.373] RadarControl.OnPaint[12] DrawGrid
[2026-03-31 12:06:31.374] RadarControl.OnPaint[12] DrawTracks
[2026-03-31 12:06:31.374] RadarControl.OnPaint[12] DrawTargets begin
[2026-03-31 12:06:31.375] RadarControl.OnPaint[12] DrawTargets end
[2026-03-31 12:06:31.375] RadarControl.OnPaint[12] DrawCenter
[2026-03-31 12:06:31.375] RadarControl.OnPaint[12] EXIT ok
[2026-03-31 12:06:32.188] RadarControl.SetTargets: count=6, selected=none
[2026-03-31 12:06:39.244] RadarControl.OnPaint[13] ENTER width=743 height=743 targets=6 range=13,0
[2026-03-31 12:06:39.257] RadarControl.OnPaint[13] DrawRangeRings
[2026-03-31 12:06:39.259] RadarControl.OnPaint[13] DrawGrid
[2026-03-31 12:06:39.259] RadarControl.OnPaint[13] DrawTracks
[2026-03-31 12:06:39.259] RadarControl.OnPaint[13] DrawTargets begin
[2026-03-31 12:06:39.261] RadarControl.OnPaint[13] DrawTargets end
[2026-03-31 12:06:39.261] RadarControl.OnPaint[13] DrawCenter
[2026-03-31 12:06:39.261] RadarControl.OnPaint[13] EXIT ok
[2026-03-31 12:06:39.939] Program.Main: Application.Run returned normally
[2026-03-31 12:42:54.192] ========== APP START ==========
[2026-03-31 12:42:54.194] Program.Main: before Application.Run
[2026-03-31 12:42:54.565] RadarControl.SetTargets: count=0, selected=none
[2026-03-31 12:42:54.575] RadarControl.SetTargets: count=0, selected=none
[2026-03-31 12:42:54.584] RadarControl.SetTargets: count=0, selected=none
[2026-03-31 12:42:54.711] RadarControl.OnPaint[1] ENTER width=743 height=743 targets=0 range=13,0
[2026-03-31 12:42:54.745] RadarControl.OnPaint[1] DrawRangeRings
[2026-03-31 12:42:54.747] RadarControl.OnPaint[1] DrawGrid
[2026-03-31 12:42:54.748] RadarControl.OnPaint[1] DrawTracks
[2026-03-31 12:42:54.750] RadarControl.OnPaint[1] DrawTargets begin
[2026-03-31 12:42:54.753] RadarControl.OnPaint[1] DrawTargets end
[2026-03-31 12:42:54.753] RadarControl.OnPaint[1] DrawCenter
[2026-03-31 12:42:54.755] RadarControl.OnPaint[1] EXIT ok
[2026-03-31 12:42:54.849] RadarControl.SetTargets: count=0, selected=none
[2026-03-31 12:42:54.857] RadarControl.OnPaint[2] ENTER width=743 height=743 targets=0 range=13,0
[2026-03-31 12:42:54.872] RadarControl.OnPaint[2] DrawRangeRings
[2026-03-31 12:42:54.873] RadarControl.OnPaint[2] DrawGrid
[2026-03-31 12:42:54.873] RadarControl.OnPaint[2] DrawTracks
[2026-03-31 12:42:54.874] RadarControl.OnPaint[2] DrawTargets begin
[2026-03-31 12:42:54.874] RadarControl.OnPaint[2] DrawTargets end
[2026-03-31 12:42:54.874] RadarControl.OnPaint[2] DrawCenter
[2026-03-31 12:42:54.875] RadarControl.OnPaint[2] EXIT ok
[2026-03-31 12:43:08.604] RadarControl.SetTargets: count=0, selected=none
[2026-03-31 12:43:08.622] RadarControl.SetTargets: count=0, selected=none
[2026-03-31 12:43:08.637] RadarControl.OnPaint[3] ENTER width=743 height=743 targets=0 range=13,0
[2026-03-31 12:43:08.652] RadarControl.OnPaint[3] DrawRangeRings
[2026-03-31 12:43:08.653] RadarControl.OnPaint[3] DrawGrid
[2026-03-31 12:43:08.653] RadarControl.OnPaint[3] DrawTracks
[2026-03-31 12:43:08.653] RadarControl.OnPaint[3] DrawTargets begin
[2026-03-31 12:43:08.654] RadarControl.OnPaint[3] DrawTargets end
[2026-03-31 12:43:08.654] RadarControl.OnPaint[3] DrawCenter
[2026-03-31 12:43:08.654] RadarControl.OnPaint[3] EXIT ok
[2026-03-31 12:43:22.564] RadarControl.SetTargets: count=0, selected=none
[2026-03-31 12:43:22.573] RadarControl.OnPaint[4] ENTER width=743 height=743 targets=0 range=13,0
[2026-03-31 12:43:22.587] RadarControl.OnPaint[4] DrawRangeRings
[2026-03-31 12:43:22.588] RadarControl.OnPaint[4] DrawGrid
[2026-03-31 12:43:22.589] RadarControl.OnPaint[4] DrawTracks
[2026-03-31 12:43:22.589] RadarControl.OnPaint[4] DrawTargets begin
[2026-03-31 12:43:22.589] RadarControl.OnPaint[4] DrawTargets end
[2026-03-31 12:43:22.589] RadarControl.OnPaint[4] DrawCenter
[2026-03-31 12:43:22.589] RadarControl.OnPaint[4] EXIT ok
[2026-03-31 12:43:22.592] RadarControl.SetTargets: count=0, selected=none
[2026-03-31 12:43:22.600] RadarControl.OnPaint[5] ENTER width=743 height=743 targets=0 range=13,0
[2026-03-31 12:43:22.614] RadarControl.OnPaint[5] DrawRangeRings
[2026-03-31 12:43:22.616] RadarControl.OnPaint[5] DrawGrid
[2026-03-31 12:43:22.616] RadarControl.OnPaint[5] DrawTracks
[2026-03-31 12:43:22.616] RadarControl.OnPaint[5] DrawTargets begin
[2026-03-31 12:43:22.617] RadarControl.OnPaint[5] DrawTargets end
[2026-03-31 12:43:22.617] RadarControl.OnPaint[5] DrawCenter
[2026-03-31 12:43:22.617] RadarControl.OnPaint[5] EXIT ok
[2026-03-31 12:43:34.846] RadarControl.SetTargets: count=0, selected=none
[2026-03-31 12:43:34.864] RadarControl.SetTargets: count=0, selected=none
[2026-03-31 12:43:34.884] RadarControl.OnPaint[6] ENTER width=743 height=743 targets=0 range=13,0
[2026-03-31 12:43:34.897] RadarControl.OnPaint[6] DrawRangeRings
[2026-03-31 12:43:34.899] RadarControl.OnPaint[6] DrawGrid
[2026-03-31 12:43:34.900] RadarControl.OnPaint[6] DrawTracks
[2026-03-31 12:43:34.900] RadarControl.OnPaint[6] DrawTargets begin
[2026-03-31 12:43:34.900] RadarControl.OnPaint[6] DrawTargets end
[2026-03-31 12:43:34.901] RadarControl.OnPaint[6] DrawCenter
[2026-03-31 12:43:34.901] RadarControl.OnPaint[6] EXIT ok
[2026-03-31 12:43:39.091] RadarControl.SetTargets: count=3, selected=none
[2026-03-31 12:43:39.101] RadarControl.OnPaint[7] ENTER width=743 height=743 targets=3 range=13,0
[2026-03-31 12:43:39.114] RadarControl.OnPaint[7] DrawRangeRings
[2026-03-31 12:43:39.115] RadarControl.OnPaint[7] DrawGrid
[2026-03-31 12:43:39.115] RadarControl.OnPaint[7] DrawTracks
[2026-03-31 12:43:39.115] RadarControl.OnPaint[7] DrawTargets begin
[2026-03-31 12:43:39.121] RadarControl.OnPaint[7] DrawTargets end
[2026-03-31 12:43:39.121] RadarControl.OnPaint[7] DrawCenter
[2026-03-31 12:43:39.122] RadarControl.OnPaint[7] EXIT ok
[2026-03-31 12:43:40.089] RadarControl.SetTargets: count=3, selected=none
[2026-03-31 12:43:40.100] RadarControl.OnPaint[8] ENTER width=743 height=743 targets=3 range=13,0
[2026-03-31 12:43:40.114] RadarControl.OnPaint[8] DrawRangeRings
[2026-03-31 12:43:40.114] RadarControl.OnPaint[8] DrawGrid
[2026-03-31 12:43:40.115] RadarControl.OnPaint[8] DrawTracks
[2026-03-31 12:43:40.116] RadarControl.OnPaint[8] DrawTargets begin
[2026-03-31 12:43:40.117] RadarControl.OnPaint[8] DrawTargets end
[2026-03-31 12:43:40.117] RadarControl.OnPaint[8] DrawCenter
[2026-03-31 12:43:40.118] RadarControl.OnPaint[8] EXIT ok
[2026-03-31 12:43:41.091] RadarControl.SetTargets: count=3, selected=none
[2026-03-31 12:43:41.100] RadarControl.OnPaint[9] ENTER width=743 height=743 targets=3 range=13,0
[2026-03-31 12:43:41.115] RadarControl.OnPaint[9] DrawRangeRings
[2026-03-31 12:43:41.115] RadarControl.OnPaint[9] DrawGrid
[2026-03-31 12:43:41.116] RadarControl.OnPaint[9] DrawTracks
[2026-03-31 12:43:41.116] RadarControl.OnPaint[9] DrawTargets begin
[2026-03-31 12:43:41.116] RadarControl.OnPaint[9] DrawTargets end
[2026-03-31 12:43:41.116] RadarControl.OnPaint[9] DrawCenter
[2026-03-31 12:43:41.117] RadarControl.OnPaint[9] EXIT ok
[2026-03-31 12:43:42.089] RadarControl.SetTargets: count=3, selected=none
[2026-03-31 12:43:42.100] RadarControl.OnPaint[10] ENTER width=743 height=743 targets=3 range=13,0
[2026-03-31 12:43:42.114] RadarControl.OnPaint[10] DrawRangeRings
[2026-03-31 12:43:42.115] RadarControl.OnPaint[10] DrawGrid
[2026-03-31 12:43:42.116] RadarControl.OnPaint[10] DrawTracks
[2026-03-31 12:43:42.116] RadarControl.OnPaint[10] DrawTargets begin
[2026-03-31 12:43:42.116] RadarControl.OnPaint[10] DrawTargets end
[2026-03-31 12:43:42.116] RadarControl.OnPaint[10] DrawCenter
[2026-03-31 12:43:42.117] RadarControl.OnPaint[10] EXIT ok
[2026-03-31 12:43:43.089] RadarControl.SetTargets: count=3, selected=none
[2026-03-31 12:43:43.100] RadarControl.OnPaint[11] ENTER width=743 height=743 targets=3 range=13,0
[2026-03-31 12:43:43.114] RadarControl.OnPaint[11] DrawRangeRings
[2026-03-31 12:43:43.115] RadarControl.OnPaint[11] DrawGrid
[2026-03-31 12:43:43.115] RadarControl.OnPaint[11] DrawTracks
[2026-03-31 12:43:43.115] RadarControl.OnPaint[11] DrawTargets begin
[2026-03-31 12:43:43.116] RadarControl.OnPaint[11] DrawTargets end
[2026-03-31 12:43:43.116] RadarControl.OnPaint[11] DrawCenter
[2026-03-31 12:43:43.116] RadarControl.OnPaint[11] EXIT ok
[2026-03-31 12:43:44.091] RadarControl.SetTargets: count=3, selected=none
[2026-03-31 12:43:44.102] RadarControl.OnPaint[12] ENTER width=743 height=743 targets=3 range=13,0
[2026-03-31 12:43:44.115] RadarControl.OnPaint[12] DrawRangeRings
[2026-03-31 12:43:44.115] RadarControl.OnPaint[12] DrawGrid
[2026-03-31 12:43:44.115] RadarControl.OnPaint[12] DrawTracks
[2026-03-31 12:43:44.117] RadarControl.OnPaint[12] DrawTargets begin
[2026-03-31 12:43:44.117] RadarControl.OnPaint[12] DrawTargets end
[2026-03-31 12:43:44.117] RadarControl.OnPaint[12] DrawCenter
[2026-03-31 12:43:44.118] RadarControl.OnPaint[12] EXIT ok
[2026-03-31 12:43:45.089] RadarControl.SetTargets: count=4, selected=none
[2026-03-31 12:43:45.101] RadarControl.OnPaint[13] ENTER width=743 height=743 targets=4 range=13,0
[2026-03-31 12:43:45.115] RadarControl.OnPaint[13] DrawRangeRings
[2026-03-31 12:43:45.116] RadarControl.OnPaint[13] DrawGrid
[2026-03-31 12:43:45.117] RadarControl.OnPaint[13] DrawTracks
[2026-03-31 12:43:45.117] RadarControl.OnPaint[13] DrawTargets begin
[2026-03-31 12:43:45.117] RadarControl.OnPaint[13] DrawTargets end
[2026-03-31 12:43:45.117] RadarControl.OnPaint[13] DrawCenter
[2026-03-31 12:43:45.119] RadarControl.OnPaint[13] EXIT ok
[2026-03-31 12:43:46.088] RadarControl.SetTargets: count=4, selected=none
[2026-03-31 12:43:46.100] RadarControl.OnPaint[14] ENTER width=743 height=743 targets=4 range=13,0
[2026-03-31 12:43:46.114] RadarControl.OnPaint[14] DrawRangeRings
[2026-03-31 12:43:46.115] RadarControl.OnPaint[14] DrawGrid
[2026-03-31 12:43:46.116] RadarControl.OnPaint[14] DrawTracks
[2026-03-31 12:43:46.116] RadarControl.OnPaint[14] DrawTargets begin
[2026-03-31 12:43:46.116] RadarControl.OnPaint[14] DrawTargets end
[2026-03-31 12:43:46.116] RadarControl.OnPaint[14] DrawCenter
[2026-03-31 12:43:46.117] RadarControl.OnPaint[14] EXIT ok
[2026-03-31 12:43:47.092] RadarControl.SetTargets: count=5, selected=none
[2026-03-31 12:43:47.101] RadarControl.OnPaint[15] ENTER width=743 height=743 targets=5 range=13,0
[2026-03-31 12:43:47.115] RadarControl.OnPaint[15] DrawRangeRings
[2026-03-31 12:43:47.116] RadarControl.OnPaint[15] DrawGrid
[2026-03-31 12:43:47.117] RadarControl.OnPaint[15] DrawTracks
[2026-03-31 12:43:47.117] RadarControl.OnPaint[15] DrawTargets begin
[2026-03-31 12:43:47.118] RadarControl.OnPaint[15] DrawTargets end
[2026-03-31 12:43:47.118] RadarControl.OnPaint[15] DrawCenter
[2026-03-31 12:43:47.118] RadarControl.OnPaint[15] EXIT ok
[2026-03-31 12:43:48.089] RadarControl.SetTargets: count=5, selected=none
[2026-03-31 12:43:48.101] RadarControl.OnPaint[16] ENTER width=743 height=743 targets=5 range=13,0
[2026-03-31 12:43:48.114] RadarControl.OnPaint[16] DrawRangeRings
[2026-03-31 12:43:48.115] RadarControl.OnPaint[16] DrawGrid
[2026-03-31 12:43:48.115] RadarControl.OnPaint[16] DrawTracks
[2026-03-31 12:43:48.115] RadarControl.OnPaint[16] DrawTargets begin
[2026-03-31 12:43:48.115] RadarControl.OnPaint[16] DrawTargets end
[2026-03-31 12:43:48.117] RadarControl.OnPaint[16] DrawCenter
[2026-03-31 12:43:48.117] RadarControl.OnPaint[16] EXIT ok
[2026-03-31 12:43:49.089] RadarControl.SetTargets: count=5, selected=none
[2026-03-31 12:43:49.101] RadarControl.OnPaint[17] ENTER width=743 height=743 targets=5 range=13,0
[2026-03-31 12:43:49.115] RadarControl.OnPaint[17] DrawRangeRings
[2026-03-31 12:43:49.116] RadarControl.OnPaint[17] DrawGrid
[2026-03-31 12:43:49.116] RadarControl.OnPaint[17] DrawTracks
[2026-03-31 12:43:49.117] RadarControl.OnPaint[17] DrawTargets begin
[2026-03-31 12:43:49.117] RadarControl.OnPaint[17] DrawTargets end
[2026-03-31 12:43:49.117] RadarControl.OnPaint[17] DrawCenter
[2026-03-31 12:43:49.118] RadarControl.OnPaint[17] EXIT ok
[2026-03-31 12:43:50.100] RadarControl.SetTargets: count=5, selected=none
[2026-03-31 12:43:50.111] RadarControl.OnPaint[18] ENTER width=743 height=743 targets=5 range=13,0
[2026-03-31 12:43:50.126] RadarControl.OnPaint[18] DrawRangeRings
[2026-03-31 12:43:50.127] RadarControl.OnPaint[18] DrawGrid
[2026-03-31 12:43:50.127] RadarControl.OnPaint[18] DrawTracks
[2026-03-31 12:43:50.127] RadarControl.OnPaint[18] DrawTargets begin
[2026-03-31 12:43:50.128] RadarControl.OnPaint[18] DrawTargets end
[2026-03-31 12:43:50.128] RadarControl.OnPaint[18] DrawCenter
[2026-03-31 12:43:50.129] RadarControl.OnPaint[18] EXIT ok
[2026-03-31 12:43:51.089] RadarControl.SetTargets: count=5, selected=none
[2026-03-31 12:43:51.100] RadarControl.OnPaint[19] ENTER width=743 height=743 targets=5 range=13,0
[2026-03-31 12:43:51.115] RadarControl.OnPaint[19] DrawRangeRings
[2026-03-31 12:43:51.115] RadarControl.OnPaint[19] DrawGrid
[2026-03-31 12:43:51.116] RadarControl.OnPaint[19] DrawTracks
[2026-03-31 12:43:51.116] RadarControl.OnPaint[19] DrawTargets begin
[2026-03-31 12:43:51.117] RadarControl.OnPaint[19] DrawTargets end
[2026-03-31 12:43:51.117] RadarControl.OnPaint[19] DrawCenter
[2026-03-31 12:43:51.117] RadarControl.OnPaint[19] EXIT ok
[2026-03-31 12:43:52.089] RadarControl.SetTargets: count=6, selected=none
[2026-03-31 12:43:52.100] RadarControl.OnPaint[20] ENTER width=743 height=743 targets=6 range=13,0
[2026-03-31 12:43:52.115] RadarControl.OnPaint[20] DrawRangeRings
[2026-03-31 12:43:52.115] RadarControl.OnPaint[20] DrawGrid
[2026-03-31 12:43:52.116] RadarControl.OnPaint[20] DrawTracks
[2026-03-31 12:43:52.116] RadarControl.OnPaint[20] DrawTargets begin
[2026-03-31 12:43:52.117] RadarControl.OnPaint[20] DrawTargets end
[2026-03-31 12:43:52.117] RadarControl.OnPaint[20] DrawCenter
[2026-03-31 12:43:52.117] RadarControl.OnPaint[20] EXIT ok
[2026-03-31 12:43:53.091] RadarControl.SetTargets: count=6, selected=none
[2026-03-31 12:43:53.101] RadarControl.OnPaint[21] ENTER width=743 height=743 targets=6 range=13,0
[2026-03-31 12:43:53.116] RadarControl.OnPaint[21] DrawRangeRings
[2026-03-31 12:43:53.117] RadarControl.OnPaint[21] DrawGrid
[2026-03-31 12:43:53.117] RadarControl.OnPaint[21] DrawTracks
[2026-03-31 12:43:53.117] RadarControl.OnPaint[21] DrawTargets begin
[2026-03-31 12:43:53.118] RadarControl.OnPaint[21] DrawTargets end
[2026-03-31 12:43:53.118] RadarControl.OnPaint[21] DrawCenter
[2026-03-31 12:43:53.118] RadarControl.OnPaint[21] EXIT ok
[2026-03-31 12:43:54.089] RadarControl.SetTargets: count=5, selected=none
[2026-03-31 12:43:54.100] RadarControl.OnPaint[22] ENTER width=743 height=743 targets=5 range=13,0
[2026-03-31 12:43:54.115] RadarControl.OnPaint[22] DrawRangeRings
[2026-03-31 12:43:54.116] RadarControl.OnPaint[22] DrawGrid
[2026-03-31 12:43:54.116] RadarControl.OnPaint[22] DrawTracks
[2026-03-31 12:43:54.117] RadarControl.OnPaint[22] DrawTargets begin
[2026-03-31 12:43:54.117] RadarControl.OnPaint[22] DrawTargets end
[2026-03-31 12:43:54.117] RadarControl.OnPaint[22] DrawCenter
[2026-03-31 12:43:54.117] RadarControl.OnPaint[22] EXIT ok
[2026-03-31 12:43:55.089] RadarControl.SetTargets: count=5, selected=none
[2026-03-31 12:43:55.101] RadarControl.OnPaint[23] ENTER width=743 height=743 targets=5 range=13,0
[2026-03-31 12:43:55.115] RadarControl.OnPaint[23] DrawRangeRings
[2026-03-31 12:43:55.115] RadarControl.OnPaint[23] DrawGrid
[2026-03-31 12:43:55.116] RadarControl.OnPaint[23] DrawTracks
[2026-03-31 12:43:55.116] RadarControl.OnPaint[23] DrawTargets begin
[2026-03-31 12:43:55.117] RadarControl.OnPaint[23] DrawTargets end
[2026-03-31 12:43:55.117] RadarControl.OnPaint[23] DrawCenter
[2026-03-31 12:43:55.117] RadarControl.OnPaint[23] EXIT ok
[2026-03-31 12:43:56.091] RadarControl.SetTargets: count=4, selected=none
[2026-03-31 12:43:56.102] RadarControl.OnPaint[24] ENTER width=743 height=743 targets=4 range=13,0
[2026-03-31 12:43:56.116] RadarControl.OnPaint[24] DrawRangeRings
[2026-03-31 12:43:56.116] RadarControl.OnPaint[24] DrawGrid
[2026-03-31 12:43:56.116] RadarControl.OnPaint[24] DrawTracks
[2026-03-31 12:43:56.117] RadarControl.OnPaint[24] DrawTargets begin
[2026-03-31 12:43:56.117] RadarControl.OnPaint[24] DrawTargets end
[2026-03-31 12:43:56.117] RadarControl.OnPaint[24] DrawCenter
[2026-03-31 12:43:56.118] RadarControl.OnPaint[24] EXIT ok
[2026-03-31 12:43:57.089] RadarControl.SetTargets: count=4, selected=none
[2026-03-31 12:43:57.101] RadarControl.OnPaint[25] ENTER width=743 height=743 targets=4 range=13,0
[2026-03-31 12:43:57.115] RadarControl.OnPaint[25] DrawRangeRings
[2026-03-31 12:43:57.117] RadarControl.OnPaint[25] DrawGrid
[2026-03-31 12:43:57.117] RadarControl.OnPaint[25] DrawTracks
[2026-03-31 12:43:57.118] RadarControl.OnPaint[25] DrawTargets begin
[2026-03-31 12:43:57.118] RadarControl.OnPaint[25] DrawTargets end
[2026-03-31 12:43:57.118] RadarControl.OnPaint[25] DrawCenter
[2026-03-31 12:43:57.119] RadarControl.OnPaint[25] EXIT ok
[2026-03-31 12:43:58.089] RadarControl.SetTargets: count=4, selected=none
[2026-03-31 12:43:58.100] RadarControl.OnPaint[26] ENTER width=743 height=743 targets=4 range=13,0
[2026-03-31 12:43:58.116] RadarControl.OnPaint[26] DrawRangeRings
[2026-03-31 12:43:58.117] RadarControl.OnPaint[26] DrawGrid
[2026-03-31 12:43:58.117] RadarControl.OnPaint[26] DrawTracks
[2026-03-31 12:43:58.117] RadarControl.OnPaint[26] DrawTargets begin
[2026-03-31 12:43:58.118] RadarControl.OnPaint[26] DrawTargets end
[2026-03-31 12:43:58.118] RadarControl.OnPaint[26] DrawCenter
[2026-03-31 12:43:58.118] RadarControl.OnPaint[26] EXIT ok
[2026-03-31 12:43:59.092] RadarControl.SetTargets: count=4, selected=none
[2026-03-31 12:43:59.103] RadarControl.OnPaint[27] ENTER width=743 height=743 targets=4 range=13,0
[2026-03-31 12:43:59.117] RadarControl.OnPaint[27] DrawRangeRings
[2026-03-31 12:43:59.118] RadarControl.OnPaint[27] DrawGrid
[2026-03-31 12:43:59.119] RadarControl.OnPaint[27] DrawTracks
[2026-03-31 12:43:59.119] RadarControl.OnPaint[27] DrawTargets begin
[2026-03-31 12:43:59.120] RadarControl.OnPaint[27] DrawTargets end
[2026-03-31 12:43:59.120] RadarControl.OnPaint[27] DrawCenter
[2026-03-31 12:43:59.120] RadarControl.OnPaint[27] EXIT ok
[2026-03-31 12:44:00.089] RadarControl.SetTargets: count=4, selected=none
[2026-03-31 12:44:00.101] RadarControl.OnPaint[28] ENTER width=743 height=743 targets=4 range=13,0
[2026-03-31 12:44:00.115] RadarControl.OnPaint[28] DrawRangeRings
[2026-03-31 12:44:00.115] RadarControl.OnPaint[28] DrawGrid
[2026-03-31 12:44:00.116] RadarControl.OnPaint[28] DrawTracks
[2026-03-31 12:44:00.116] RadarControl.OnPaint[28] DrawTargets begin
[2026-03-31 12:44:00.116] RadarControl.OnPaint[28] DrawTargets end
[2026-03-31 12:44:00.120] RadarControl.OnPaint[28] DrawCenter
[2026-03-31 12:44:00.120] RadarControl.OnPaint[28] EXIT ok
[2026-03-31 12:44:01.089] RadarControl.SetTargets: count=3, selected=none
[2026-03-31 12:44:01.100] RadarControl.OnPaint[29] ENTER width=743 height=743 targets=3 range=13,0
[2026-03-31 12:44:01.113] RadarControl.OnPaint[29] DrawRangeRings
[2026-03-31 12:44:01.114] RadarControl.OnPaint[29] DrawGrid
[2026-03-31 12:44:01.115] RadarControl.OnPaint[29] DrawTracks
[2026-03-31 12:44:01.115] RadarControl.OnPaint[29] DrawTargets begin
[2026-03-31 12:44:01.115] RadarControl.OnPaint[29] DrawTargets end
[2026-03-31 12:44:01.115] RadarControl.OnPaint[29] DrawCenter
[2026-03-31 12:44:01.115] RadarControl.OnPaint[29] EXIT ok
[2026-03-31 12:44:02.090] RadarControl.SetTargets: count=3, selected=none
[2026-03-31 12:44:02.101] RadarControl.OnPaint[30] ENTER width=743 height=743 targets=3 range=13,0
[2026-03-31 12:44:02.115] RadarControl.OnPaint[30] DrawRangeRings
[2026-03-31 12:44:02.116] RadarControl.OnPaint[30] DrawGrid
[2026-03-31 12:44:02.116] RadarControl.OnPaint[30] DrawTracks
[2026-03-31 12:44:02.117] RadarControl.OnPaint[30] DrawTargets begin
[2026-03-31 12:44:02.117] RadarControl.OnPaint[30] DrawTargets end
[2026-03-31 12:44:02.117] RadarControl.OnPaint[30] DrawCenter
[2026-03-31 12:44:02.117] RadarControl.OnPaint[30] EXIT ok
[2026-03-31 12:44:03.089] RadarControl.SetTargets: count=3, selected=none
[2026-03-31 12:44:03.100] RadarControl.OnPaint[31] ENTER width=743 height=743 targets=3 range=13,0
[2026-03-31 12:44:03.115] RadarControl.OnPaint[31] DrawRangeRings
[2026-03-31 12:44:03.116] RadarControl.OnPaint[31] DrawGrid
[2026-03-31 12:44:03.116] RadarControl.OnPaint[31] DrawTracks
[2026-03-31 12:44:03.116] RadarControl.OnPaint[31] DrawTargets begin
[2026-03-31 12:44:03.117] RadarControl.OnPaint[31] DrawTargets end
[2026-03-31 12:44:03.117] RadarControl.OnPaint[31] DrawCenter
[2026-03-31 12:44:03.117] RadarControl.OnPaint[31] EXIT ok
[2026-03-31 12:44:04.089] RadarControl.SetTargets: count=3, selected=none
[2026-03-31 12:44:04.102] RadarControl.OnPaint[32] ENTER width=743 height=743 targets=3 range=13,0
[2026-03-31 12:44:04.116] RadarControl.OnPaint[32] DrawRangeRings
[2026-03-31 12:44:04.117] RadarControl.OnPaint[32] DrawGrid
[2026-03-31 12:44:04.117] RadarControl.OnPaint[32] DrawTracks
[2026-03-31 12:44:04.118] RadarControl.OnPaint[32] DrawTargets begin
[2026-03-31 12:44:04.118] RadarControl.OnPaint[32] DrawTargets end
[2026-03-31 12:44:04.118] RadarControl.OnPaint[32] DrawCenter
[2026-03-31 12:44:04.119] RadarControl.OnPaint[32] EXIT ok
[2026-03-31 12:44:05.091] RadarControl.SetTargets: count=3, selected=none
[2026-03-31 12:44:05.102] RadarControl.OnPaint[33] ENTER width=743 height=743 targets=3 range=13,0
[2026-03-31 12:44:05.115] RadarControl.OnPaint[33] DrawRangeRings
[2026-03-31 12:44:05.116] RadarControl.OnPaint[33] DrawGrid
[2026-03-31 12:44:05.117] RadarControl.OnPaint[33] DrawTracks
[2026-03-31 12:44:05.117] RadarControl.OnPaint[33] DrawTargets begin
[2026-03-31 12:44:05.117] RadarControl.OnPaint[33] DrawTargets end
[2026-03-31 12:44:05.117] RadarControl.OnPaint[33] DrawCenter
[2026-03-31 12:44:05.118] RadarControl.OnPaint[33] EXIT ok
[2026-03-31 12:44:06.089] RadarControl.SetTargets: count=3, selected=none
[2026-03-31 12:44:06.100] RadarControl.OnPaint[34] ENTER width=743 height=743 targets=3 range=13,0
[2026-03-31 12:44:06.114] RadarControl.OnPaint[34] DrawRangeRings
[2026-03-31 12:44:06.114] RadarControl.OnPaint[34] DrawGrid
[2026-03-31 12:44:06.115] RadarControl.OnPaint[34] DrawTracks
[2026-03-31 12:44:06.115] RadarControl.OnPaint[34] DrawTargets begin
[2026-03-31 12:44:06.115] RadarControl.OnPaint[34] DrawTargets end
[2026-03-31 12:44:06.115] RadarControl.OnPaint[34] DrawCenter
[2026-03-31 12:44:06.117] RadarControl.OnPaint[34] EXIT ok
[2026-03-31 12:44:07.089] RadarControl.SetTargets: count=3, selected=none
[2026-03-31 12:44:07.100] RadarControl.OnPaint[35] ENTER width=743 height=743 targets=3 range=13,0
[2026-03-31 12:44:07.114] RadarControl.OnPaint[35] DrawRangeRings
[2026-03-31 12:44:07.115] RadarControl.OnPaint[35] DrawGrid
[2026-03-31 12:44:07.115] RadarControl.OnPaint[35] DrawTracks
[2026-03-31 12:44:07.115] RadarControl.OnPaint[35] DrawTargets begin
[2026-03-31 12:44:07.116] RadarControl.OnPaint[35] DrawTargets end
[2026-03-31 12:44:07.116] RadarControl.OnPaint[35] DrawCenter
[2026-03-31 12:44:07.116] RadarControl.OnPaint[35] EXIT ok
[2026-03-31 12:44:08.090] RadarControl.SetTargets: count=3, selected=none
[2026-03-31 12:44:08.101] RadarControl.OnPaint[36] ENTER width=743 height=743 targets=3 range=13,0
[2026-03-31 12:44:08.115] RadarControl.OnPaint[36] DrawRangeRings
[2026-03-31 12:44:08.116] RadarControl.OnPaint[36] DrawGrid
[2026-03-31 12:44:08.116] RadarControl.OnPaint[36] DrawTracks
[2026-03-31 12:44:08.116] RadarControl.OnPaint[36] DrawTargets begin
[2026-03-31 12:44:08.117] RadarControl.OnPaint[36] DrawTargets end
[2026-03-31 12:44:08.117] RadarControl.OnPaint[36] DrawCenter
[2026-03-31 12:44:08.117] RadarControl.OnPaint[36] EXIT ok
[2026-03-31 12:44:09.095] RadarControl.SetTargets: count=3, selected=none
[2026-03-31 12:44:09.104] RadarControl.OnPaint[37] ENTER width=743 height=743 targets=3 range=13,0
[2026-03-31 12:44:09.117] RadarControl.OnPaint[37] DrawRangeRings
[2026-03-31 12:44:09.118] RadarControl.OnPaint[37] DrawGrid
[2026-03-31 12:44:09.118] RadarControl.OnPaint[37] DrawTracks
[2026-03-31 12:44:09.118] RadarControl.OnPaint[37] DrawTargets begin
[2026-03-31 12:44:09.119] RadarControl.OnPaint[37] DrawTargets end
[2026-03-31 12:44:09.119] RadarControl.OnPaint[37] DrawCenter
[2026-03-31 12:44:09.119] RadarControl.OnPaint[37] EXIT ok
[2026-03-31 12:44:10.092] RadarControl.SetTargets: count=3, selected=none
[2026-03-31 12:44:10.102] RadarControl.OnPaint[38] ENTER width=743 height=743 targets=3 range=13,0
[2026-03-31 12:44:10.118] RadarControl.OnPaint[38] DrawRangeRings
[2026-03-31 12:44:10.119] RadarControl.OnPaint[38] DrawGrid
[2026-03-31 12:44:10.119] RadarControl.OnPaint[38] DrawTracks
[2026-03-31 12:44:10.119] RadarControl.OnPaint[38] DrawTargets begin
[2026-03-31 12:44:10.120] RadarControl.OnPaint[38] DrawTargets end
[2026-03-31 12:44:10.120] RadarControl.OnPaint[38] DrawCenter
[2026-03-31 12:44:10.120] RadarControl.OnPaint[38] EXIT ok
[2026-03-31 12:44:11.097] RadarControl.SetTargets: count=3, selected=none
[2026-03-31 12:44:11.107] RadarControl.OnPaint[39] ENTER width=743 height=743 targets=3 range=13,0
[2026-03-31 12:44:11.122] RadarControl.OnPaint[39] DrawRangeRings
[2026-03-31 12:44:11.123] RadarControl.OnPaint[39] DrawGrid
[2026-03-31 12:44:11.124] RadarControl.OnPaint[39] DrawTracks
[2026-03-31 12:44:11.124] RadarControl.OnPaint[39] DrawTargets begin
[2026-03-31 12:44:11.124] RadarControl.OnPaint[39] DrawTargets end
[2026-03-31 12:44:11.124] RadarControl.OnPaint[39] DrawCenter
[2026-03-31 12:44:11.125] RadarControl.OnPaint[39] EXIT ok
[2026-03-31 12:44:12.337] RadarControl.SetTargets: count=3, selected=none
[2026-03-31 12:44:12.348] RadarControl.OnPaint[40] ENTER width=743 height=743 targets=3 range=13,0
[2026-03-31 12:44:12.362] RadarControl.OnPaint[40] DrawRangeRings
[2026-03-31 12:44:12.363] RadarControl.OnPaint[40] DrawGrid
[2026-03-31 12:44:12.363] RadarControl.OnPaint[40] DrawTracks
[2026-03-31 12:44:12.363] RadarControl.OnPaint[40] DrawTargets begin
[2026-03-31 12:44:12.364] RadarControl.OnPaint[40] DrawTargets end
[2026-03-31 12:44:12.364] RadarControl.OnPaint[40] DrawCenter
[2026-03-31 12:44:12.364] RadarControl.OnPaint[40] EXIT ok
[2026-03-31 12:44:13.101] RadarControl.SetTargets: count=3, selected=none
[2026-03-31 12:44:13.112] RadarControl.OnPaint[41] ENTER width=743 height=743 targets=3 range=13,0
[2026-03-31 12:44:13.125] RadarControl.OnPaint[41] DrawRangeRings
[2026-03-31 12:44:13.127] RadarControl.OnPaint[41] DrawGrid
[2026-03-31 12:44:13.127] RadarControl.OnPaint[41] DrawTracks
[2026-03-31 12:44:13.128] RadarControl.OnPaint[41] DrawTargets begin
[2026-03-31 12:44:13.128] RadarControl.OnPaint[41] DrawTargets end
[2026-03-31 12:44:13.128] RadarControl.OnPaint[41] DrawCenter
[2026-03-31 12:44:13.129] RadarControl.OnPaint[41] EXIT ok
[2026-03-31 12:44:14.104] RadarControl.SetTargets: count=3, selected=none
[2026-03-31 12:44:14.113] RadarControl.OnPaint[42] ENTER width=743 height=743 targets=3 range=13,0
[2026-03-31 12:44:14.127] RadarControl.OnPaint[42] DrawRangeRings
[2026-03-31 12:44:14.128] RadarControl.OnPaint[42] DrawGrid
[2026-03-31 12:44:14.128] RadarControl.OnPaint[42] DrawTracks
[2026-03-31 12:44:14.129] RadarControl.OnPaint[42] DrawTargets begin
[2026-03-31 12:44:14.129] RadarControl.OnPaint[42] DrawTargets end
[2026-03-31 12:44:14.129] RadarControl.OnPaint[42] DrawCenter
[2026-03-31 12:44:14.130] RadarControl.OnPaint[42] EXIT ok
[2026-03-31 12:44:15.089] RadarControl.SetTargets: count=3, selected=none
[2026-03-31 12:44:15.132] RadarControl.OnPaint[43] ENTER width=743 height=743 targets=3 range=13,0
[2026-03-31 12:44:15.145] RadarControl.OnPaint[43] DrawRangeRings
[2026-03-31 12:44:15.147] RadarControl.OnPaint[43] DrawGrid
[2026-03-31 12:44:15.148] RadarControl.OnPaint[43] DrawTracks
[2026-03-31 12:44:15.148] RadarControl.OnPaint[43] DrawTargets begin
[2026-03-31 12:44:15.148] RadarControl.OnPaint[43] DrawTargets end
[2026-03-31 12:44:15.149] RadarControl.OnPaint[43] DrawCenter
[2026-03-31 12:44:15.149] RadarControl.OnPaint[43] EXIT ok
[2026-03-31 12:44:15.339] RadarControl.SetTargets: count=3, selected=none
[2026-03-31 12:44:15.349] RadarControl.OnPaint[44] ENTER width=743 height=743 targets=3 range=13,0
[2026-03-31 12:44:15.363] RadarControl.OnPaint[44] DrawRangeRings
[2026-03-31 12:44:15.364] RadarControl.OnPaint[44] DrawGrid
[2026-03-31 12:44:15.364] RadarControl.OnPaint[44] DrawTracks
[2026-03-31 12:44:15.364] RadarControl.OnPaint[44] DrawTargets begin
[2026-03-31 12:44:15.365] RadarControl.OnPaint[44] DrawTargets end
[2026-03-31 12:44:15.365] RadarControl.OnPaint[44] DrawCenter
[2026-03-31 12:44:15.365] RadarControl.OnPaint[44] EXIT ok
[2026-03-31 12:44:16.101] RadarControl.SetTargets: count=3, selected=none
[2026-03-31 12:44:16.111] RadarControl.OnPaint[45] ENTER width=743 height=743 targets=3 range=13,0
[2026-03-31 12:44:16.125] RadarControl.OnPaint[45] DrawRangeRings
[2026-03-31 12:44:16.126] RadarControl.OnPaint[45] DrawGrid
[2026-03-31 12:44:16.127] RadarControl.OnPaint[45] DrawTracks
[2026-03-31 12:44:16.127] RadarControl.OnPaint[45] DrawTargets begin
[2026-03-31 12:44:16.127] RadarControl.OnPaint[45] DrawTargets end
[2026-03-31 12:44:16.127] RadarControl.OnPaint[45] DrawCenter
[2026-03-31 12:44:16.127] RadarControl.OnPaint[45] EXIT ok
[2026-03-31 12:44:17.128] RadarControl.SetTargets: count=3, selected=none
[2026-03-31 12:44:17.139] RadarControl.OnPaint[46] ENTER width=743 height=743 targets=3 range=13,0
[2026-03-31 12:44:17.152] RadarControl.OnPaint[46] DrawRangeRings
[2026-03-31 12:44:17.153] RadarControl.OnPaint[46] DrawGrid
[2026-03-31 12:44:17.153] RadarControl.OnPaint[46] DrawTracks
[2026-03-31 12:44:17.153] RadarControl.OnPaint[46] DrawTargets begin
[2026-03-31 12:44:17.154] RadarControl.OnPaint[46] DrawTargets end
[2026-03-31 12:44:17.154] RadarControl.OnPaint[46] DrawCenter
[2026-03-31 12:44:17.154] RadarControl.OnPaint[46] EXIT ok
[2026-03-31 12:44:18.107] RadarControl.SetTargets: count=3, selected=none
[2026-03-31 12:44:18.117] RadarControl.OnPaint[47] ENTER width=743 height=743 targets=3 range=13,0
[2026-03-31 12:44:18.134] RadarControl.OnPaint[47] DrawRangeRings
[2026-03-31 12:44:18.136] RadarControl.OnPaint[47] DrawGrid
[2026-03-31 12:44:18.136] RadarControl.OnPaint[47] DrawTracks
[2026-03-31 12:44:18.136] RadarControl.OnPaint[47] DrawTargets begin
[2026-03-31 12:44:18.136] RadarControl.OnPaint[47] DrawTargets end
[2026-03-31 12:44:18.136] RadarControl.OnPaint[47] DrawCenter
[2026-03-31 12:44:18.137] RadarControl.OnPaint[47] EXIT ok
[2026-03-31 12:44:19.127] RadarControl.SetTargets: count=3, selected=none
[2026-03-31 12:44:19.161] RadarControl.OnPaint[48] ENTER width=743 height=743 targets=3 range=13,0
[2026-03-31 12:44:19.175] RadarControl.OnPaint[48] DrawRangeRings
[2026-03-31 12:44:19.176] RadarControl.OnPaint[48] DrawGrid
[2026-03-31 12:44:19.177] RadarControl.OnPaint[48] DrawTracks
[2026-03-31 12:44:19.177] RadarControl.OnPaint[48] DrawTargets begin
[2026-03-31 12:44:19.177] RadarControl.OnPaint[48] DrawTargets end
[2026-03-31 12:44:19.177] RadarControl.OnPaint[48] DrawCenter
[2026-03-31 12:44:19.178] RadarControl.OnPaint[48] EXIT ok
[2026-03-31 12:44:20.090] RadarControl.SetTargets: count=3, selected=none
[2026-03-31 12:44:20.136] RadarControl.OnPaint[49] ENTER width=743 height=743 targets=3 range=13,0
[2026-03-31 12:44:20.149] RadarControl.OnPaint[49] DrawRangeRings
[2026-03-31 12:44:20.150] RadarControl.OnPaint[49] DrawGrid
[2026-03-31 12:44:20.150] RadarControl.OnPaint[49] DrawTracks
[2026-03-31 12:44:20.151] RadarControl.OnPaint[49] DrawTargets begin
[2026-03-31 12:44:20.151] RadarControl.OnPaint[49] DrawTargets end
[2026-03-31 12:44:20.151] RadarControl.OnPaint[49] DrawCenter
[2026-03-31 12:44:20.152] RadarControl.OnPaint[49] EXIT ok
[2026-03-31 12:44:20.338] RadarControl.SetTargets: count=3, selected=none
[2026-03-31 12:44:20.372] RadarControl.OnPaint[50] ENTER width=743 height=743 targets=3 range=13,0
[2026-03-31 12:44:20.386] RadarControl.OnPaint[50] DrawRangeRings
[2026-03-31 12:44:20.387] RadarControl.OnPaint[50] DrawGrid
[2026-03-31 12:44:20.387] RadarControl.OnPaint[50] DrawTracks
[2026-03-31 12:44:20.388] RadarControl.OnPaint[50] DrawTargets begin
[2026-03-31 12:44:20.388] RadarControl.OnPaint[50] DrawTargets end
[2026-03-31 12:44:20.388] RadarControl.OnPaint[50] DrawCenter
[2026-03-31 12:44:20.389] RadarControl.OnPaint[50] EXIT ok
[2026-03-31 12:44:21.090] RadarControl.SetTargets: count=3, selected=none
[2026-03-31 12:44:21.132] RadarControl.OnPaint[51] ENTER width=743 height=743 targets=3 range=13,0
[2026-03-31 12:44:21.145] RadarControl.OnPaint[51] DrawRangeRings
[2026-03-31 12:44:21.147] RadarControl.OnPaint[51] DrawGrid
[2026-03-31 12:44:21.147] RadarControl.OnPaint[51] DrawTracks
[2026-03-31 12:44:21.147] RadarControl.OnPaint[51] DrawTargets begin
[2026-03-31 12:44:21.148] RadarControl.OnPaint[51] DrawTargets end
[2026-03-31 12:44:21.148] RadarControl.OnPaint[51] DrawCenter
[2026-03-31 12:44:21.149] RadarControl.OnPaint[51] EXIT ok
[2026-03-31 12:44:21.338] RadarControl.SetTargets: count=3, selected=none
[2026-03-31 12:44:21.372] RadarControl.OnPaint[52] ENTER width=743 height=743 targets=3 range=13,0
[2026-03-31 12:44:21.385] RadarControl.OnPaint[52] DrawRangeRings
[2026-03-31 12:44:21.385] RadarControl.OnPaint[52] DrawGrid
[2026-03-31 12:44:21.387] RadarControl.OnPaint[52] DrawTracks
[2026-03-31 12:44:21.387] RadarControl.OnPaint[52] DrawTargets begin
[2026-03-31 12:44:21.387] RadarControl.OnPaint[52] DrawTargets end
[2026-03-31 12:44:21.388] RadarControl.OnPaint[52] DrawCenter
[2026-03-31 12:44:21.388] RadarControl.OnPaint[52] EXIT ok
[2026-03-31 12:44:22.339] RadarControl.SetTargets: count=3, selected=none
[2026-03-31 12:44:22.372] RadarControl.OnPaint[53] ENTER width=743 height=743 targets=3 range=13,0
[2026-03-31 12:44:22.385] RadarControl.OnPaint[53] DrawRangeRings
[2026-03-31 12:44:22.386] RadarControl.OnPaint[53] DrawGrid
[2026-03-31 12:44:22.387] RadarControl.OnPaint[53] DrawTracks
[2026-03-31 12:44:22.387] RadarControl.OnPaint[53] DrawTargets begin
[2026-03-31 12:44:22.387] RadarControl.OnPaint[53] DrawTargets end
[2026-03-31 12:44:22.387] RadarControl.OnPaint[53] DrawCenter
[2026-03-31 12:44:22.387] RadarControl.OnPaint[53] EXIT ok
[2026-03-31 12:44:23.338] RadarControl.SetTargets: count=3, selected=none
[2026-03-31 12:44:23.374] RadarControl.OnPaint[54] ENTER width=743 height=743 targets=3 range=13,0
[2026-03-31 12:44:23.388] RadarControl.OnPaint[54] DrawRangeRings
[2026-03-31 12:44:23.389] RadarControl.OnPaint[54] DrawGrid
[2026-03-31 12:44:23.389] RadarControl.OnPaint[54] DrawTracks
[2026-03-31 12:44:23.390] RadarControl.OnPaint[54] DrawTargets begin
[2026-03-31 12:44:23.390] RadarControl.OnPaint[54] DrawTargets end
[2026-03-31 12:44:23.390] RadarControl.OnPaint[54] DrawCenter
[2026-03-31 12:44:23.391] RadarControl.OnPaint[54] EXIT ok
[2026-03-31 12:44:24.339] RadarControl.SetTargets: count=3, selected=none
[2026-03-31 12:44:24.374] RadarControl.OnPaint[55] ENTER width=743 height=743 targets=3 range=13,0
[2026-03-31 12:44:24.388] RadarControl.OnPaint[55] DrawRangeRings
[2026-03-31 12:44:24.389] RadarControl.OnPaint[55] DrawGrid
[2026-03-31 12:44:24.389] RadarControl.OnPaint[55] DrawTracks
[2026-03-31 12:44:24.389] RadarControl.OnPaint[55] DrawTargets begin
[2026-03-31 12:44:24.390] RadarControl.OnPaint[55] DrawTargets end
[2026-03-31 12:44:24.390] RadarControl.OnPaint[55] DrawCenter
[2026-03-31 12:44:24.390] RadarControl.OnPaint[55] EXIT ok
[2026-03-31 12:44:25.338] RadarControl.SetTargets: count=3, selected=none
[2026-03-31 12:44:25.375] RadarControl.OnPaint[56] ENTER width=743 height=743 targets=3 range=13,0
[2026-03-31 12:44:25.388] RadarControl.OnPaint[56] DrawRangeRings
[2026-03-31 12:44:25.389] RadarControl.OnPaint[56] DrawGrid
[2026-03-31 12:44:25.390] RadarControl.OnPaint[56] DrawTracks
[2026-03-31 12:44:25.390] RadarControl.OnPaint[56] DrawTargets begin
[2026-03-31 12:44:25.390] RadarControl.OnPaint[56] DrawTargets end
[2026-03-31 12:44:25.390] RadarControl.OnPaint[56] DrawCenter
[2026-03-31 12:44:25.391] RadarControl.OnPaint[56] EXIT ok
[2026-03-31 12:44:26.338] RadarControl.SetTargets: count=3, selected=none
[2026-03-31 12:44:26.373] RadarControl.OnPaint[57] ENTER width=743 height=743 targets=3 range=13,0
[2026-03-31 12:44:26.387] RadarControl.OnPaint[57] DrawRangeRings
[2026-03-31 12:44:26.388] RadarControl.OnPaint[57] DrawGrid
[2026-03-31 12:44:26.388] RadarControl.OnPaint[57] DrawTracks
[2026-03-31 12:44:26.389] RadarControl.OnPaint[57] DrawTargets begin
[2026-03-31 12:44:26.389] RadarControl.OnPaint[57] DrawTargets end
[2026-03-31 12:44:26.389] RadarControl.OnPaint[57] DrawCenter
[2026-03-31 12:44:26.390] RadarControl.OnPaint[57] EXIT ok
[2026-03-31 12:44:27.338] RadarControl.SetTargets: count=3, selected=none
[2026-03-31 12:44:27.373] RadarControl.OnPaint[58] ENTER width=743 height=743 targets=3 range=13,0
[2026-03-31 12:44:27.388] RadarControl.OnPaint[58] DrawRangeRings
[2026-03-31 12:44:27.389] RadarControl.OnPaint[58] DrawGrid
[2026-03-31 12:44:27.389] RadarControl.OnPaint[58] DrawTracks
[2026-03-31 12:44:27.390] RadarControl.OnPaint[58] DrawTargets begin
[2026-03-31 12:44:27.390] RadarControl.OnPaint[58] DrawTargets end
[2026-03-31 12:44:27.390] RadarControl.OnPaint[58] DrawCenter
[2026-03-31 12:44:27.391] RadarControl.OnPaint[58] EXIT ok
[2026-03-31 12:44:27.669] RadarControl.SetTargets: count=3, selected=none
[2026-03-31 12:44:27.722] RadarControl.OnPaint[59] ENTER width=743 height=743 targets=3 range=13,0
[2026-03-31 12:44:27.735] RadarControl.OnPaint[59] DrawRangeRings
[2026-03-31 12:44:27.737] RadarControl.OnPaint[59] DrawGrid
[2026-03-31 12:44:27.737] RadarControl.OnPaint[59] DrawTracks
[2026-03-31 12:44:27.738] RadarControl.OnPaint[59] DrawTargets begin
[2026-03-31 12:44:27.738] RadarControl.OnPaint[59] DrawTargets end
[2026-03-31 12:44:27.738] RadarControl.OnPaint[59] DrawCenter
[2026-03-31 12:44:27.739] RadarControl.OnPaint[59] EXIT ok
[2026-03-31 12:44:28.338] RadarControl.SetTargets: count=3, selected=none
[2026-03-31 12:44:28.394] RadarControl.OnPaint[60] ENTER width=743 height=743 targets=3 range=13,0
[2026-03-31 12:44:28.407] RadarControl.OnPaint[60] DrawRangeRings
[2026-03-31 12:44:28.408] RadarControl.OnPaint[60] DrawGrid
[2026-03-31 12:44:28.409] RadarControl.OnPaint[60] DrawTracks
[2026-03-31 12:44:28.409] RadarControl.OnPaint[60] DrawTargets begin
[2026-03-31 12:44:28.409] RadarControl.OnPaint[60] DrawTargets end
[2026-03-31 12:44:28.409] RadarControl.OnPaint[60] DrawCenter
[2026-03-31 12:44:28.410] RadarControl.OnPaint[60] EXIT ok
[2026-03-31 12:44:29.338] RadarControl.SetTargets: count=3, selected=none
[2026-03-31 12:44:29.395] RadarControl.OnPaint[61] ENTER width=743 height=743 targets=3 range=13,0
[2026-03-31 12:44:29.410] RadarControl.OnPaint[61] DrawRangeRings
[2026-03-31 12:44:29.411] RadarControl.OnPaint[61] DrawGrid
[2026-03-31 12:44:29.411] RadarControl.OnPaint[61] DrawTracks
[2026-03-31 12:44:29.411] RadarControl.OnPaint[61] DrawTargets begin
[2026-03-31 12:44:29.412] RadarControl.OnPaint[61] DrawTargets end
[2026-03-31 12:44:29.412] RadarControl.OnPaint[61] DrawCenter
[2026-03-31 12:44:29.412] RadarControl.OnPaint[61] EXIT ok
[2026-03-31 12:44:30.338] RadarControl.SetTargets: count=3, selected=none
[2026-03-31 12:44:30.394] RadarControl.OnPaint[62] ENTER width=743 height=743 targets=3 range=13,0
[2026-03-31 12:44:30.409] RadarControl.OnPaint[62] DrawRangeRings
[2026-03-31 12:44:30.411] RadarControl.OnPaint[62] DrawGrid
[2026-03-31 12:44:30.411] RadarControl.OnPaint[62] DrawTracks
[2026-03-31 12:44:30.412] RadarControl.OnPaint[62] DrawTargets begin
[2026-03-31 12:44:30.412] RadarControl.OnPaint[62] DrawTargets end
[2026-03-31 12:44:30.413] RadarControl.OnPaint[62] DrawCenter
[2026-03-31 12:44:30.413] RadarControl.OnPaint[62] EXIT ok
[2026-03-31 12:44:31.338] RadarControl.SetTargets: count=3, selected=none
[2026-03-31 12:44:31.398] RadarControl.OnPaint[63] ENTER width=743 height=743 targets=3 range=13,0
[2026-03-31 12:44:31.412] RadarControl.OnPaint[63] DrawRangeRings
[2026-03-31 12:44:31.413] RadarControl.OnPaint[63] DrawGrid
[2026-03-31 12:44:31.414] RadarControl.OnPaint[63] DrawTracks
[2026-03-31 12:44:31.414] RadarControl.OnPaint[63] DrawTargets begin
[2026-03-31 12:44:31.414] RadarControl.OnPaint[63] DrawTargets end
[2026-03-31 12:44:31.415] RadarControl.OnPaint[63] DrawCenter
[2026-03-31 12:44:31.415] RadarControl.OnPaint[63] EXIT ok
[2026-03-31 12:44:32.339] RadarControl.SetTargets: count=3, selected=none
[2026-03-31 12:44:32.390] RadarControl.OnPaint[64] ENTER width=743 height=743 targets=3 range=13,0
[2026-03-31 12:44:32.403] RadarControl.OnPaint[64] DrawRangeRings
[2026-03-31 12:44:32.404] RadarControl.OnPaint[64] DrawGrid
[2026-03-31 12:44:32.405] RadarControl.OnPaint[64] DrawTracks
[2026-03-31 12:44:32.405] RadarControl.OnPaint[64] DrawTargets begin
[2026-03-31 12:44:32.405] RadarControl.OnPaint[64] DrawTargets end
[2026-03-31 12:44:32.405] RadarControl.OnPaint[64] DrawCenter
[2026-03-31 12:44:32.407] RadarControl.OnPaint[64] EXIT ok
[2026-03-31 12:44:33.339] RadarControl.SetTargets: count=3, selected=none
[2026-03-31 12:44:33.392] RadarControl.OnPaint[65] ENTER width=743 height=743 targets=3 range=13,0
[2026-03-31 12:44:33.407] RadarControl.OnPaint[65] DrawRangeRings
[2026-03-31 12:44:33.408] RadarControl.OnPaint[65] DrawGrid
[2026-03-31 12:44:33.409] RadarControl.OnPaint[65] DrawTracks
[2026-03-31 12:44:33.409] RadarControl.OnPaint[65] DrawTargets begin
[2026-03-31 12:44:33.410] RadarControl.OnPaint[65] DrawTargets end
[2026-03-31 12:44:33.410] RadarControl.OnPaint[65] DrawCenter
[2026-03-31 12:44:33.411] RadarControl.OnPaint[65] EXIT ok
[2026-03-31 12:44:34.338] RadarControl.SetTargets: count=3, selected=none
[2026-03-31 12:44:34.392] RadarControl.OnPaint[66] ENTER width=743 height=743 targets=3 range=13,0
[2026-03-31 12:44:34.405] RadarControl.OnPaint[66] DrawRangeRings
[2026-03-31 12:44:34.407] RadarControl.OnPaint[66] DrawGrid
[2026-03-31 12:44:34.408] RadarControl.OnPaint[66] DrawTracks
[2026-03-31 12:44:34.408] RadarControl.OnPaint[66] DrawTargets begin
[2026-03-31 12:44:34.408] RadarControl.OnPaint[66] DrawTargets end
[2026-03-31 12:44:34.409] RadarControl.OnPaint[66] DrawCenter
[2026-03-31 12:44:34.409] RadarControl.OnPaint[66] EXIT ok
[2026-03-31 12:44:35.338] RadarControl.SetTargets: count=3, selected=none
[2026-03-31 12:44:35.394] RadarControl.OnPaint[67] ENTER width=743 height=743 targets=3 range=13,0
[2026-03-31 12:44:35.408] RadarControl.OnPaint[67] DrawRangeRings
[2026-03-31 12:44:35.410] RadarControl.OnPaint[67] DrawGrid
[2026-03-31 12:44:35.410] RadarControl.OnPaint[67] DrawTracks
[2026-03-31 12:44:35.410] RadarControl.OnPaint[67] DrawTargets begin
[2026-03-31 12:44:35.411] RadarControl.OnPaint[67] DrawTargets end
[2026-03-31 12:44:35.411] RadarControl.OnPaint[67] DrawCenter
[2026-03-31 12:44:35.411] RadarControl.OnPaint[67] EXIT ok
[2026-03-31 12:44:35.758] RadarControl.SetTargets: count=3, selected=none
[2026-03-31 12:44:35.791] RadarControl.OnPaint[68] ENTER width=743 height=743 targets=3 range=13,0
[2026-03-31 12:44:35.805] RadarControl.OnPaint[68] DrawRangeRings
[2026-03-31 12:44:35.806] RadarControl.OnPaint[68] DrawGrid
[2026-03-31 12:44:35.807] RadarControl.OnPaint[68] DrawTracks
[2026-03-31 12:44:35.807] RadarControl.OnPaint[68] DrawTargets begin
[2026-03-31 12:44:35.807] RadarControl.OnPaint[68] DrawTargets end
[2026-03-31 12:44:35.808] RadarControl.OnPaint[68] DrawCenter
[2026-03-31 12:44:35.808] RadarControl.OnPaint[68] EXIT ok
[2026-03-31 12:44:36.337] RadarControl.SetTargets: count=3, selected=none
[2026-03-31 12:44:36.373] RadarControl.OnPaint[69] ENTER width=743 height=743 targets=3 range=13,0
[2026-03-31 12:44:36.386] RadarControl.OnPaint[69] DrawRangeRings
[2026-03-31 12:44:36.388] RadarControl.OnPaint[69] DrawGrid
[2026-03-31 12:44:36.388] RadarControl.OnPaint[69] DrawTracks
[2026-03-31 12:44:36.388] RadarControl.OnPaint[69] DrawTargets begin
[2026-03-31 12:44:36.389] RadarControl.OnPaint[69] DrawTargets end
[2026-03-31 12:44:36.389] RadarControl.OnPaint[69] DrawCenter
[2026-03-31 12:44:36.389] RadarControl.OnPaint[69] EXIT ok
[2026-03-31 12:44:37.339] RadarControl.SetTargets: count=3, selected=none
[2026-03-31 12:44:37.375] RadarControl.OnPaint[70] ENTER width=743 height=743 targets=3 range=13,0
[2026-03-31 12:44:37.390] RadarControl.OnPaint[70] DrawRangeRings
[2026-03-31 12:44:37.391] RadarControl.OnPaint[70] DrawGrid
[2026-03-31 12:44:37.391] RadarControl.OnPaint[70] DrawTracks
[2026-03-31 12:44:37.391] RadarControl.OnPaint[70] DrawTargets begin
[2026-03-31 12:44:37.392] RadarControl.OnPaint[70] DrawTargets end
[2026-03-31 12:44:37.392] RadarControl.OnPaint[70] DrawCenter
[2026-03-31 12:44:37.392] RadarControl.OnPaint[70] EXIT ok
[2026-03-31 12:44:38.337] RadarControl.SetTargets: count=3, selected=none
[2026-03-31 12:44:38.374] RadarControl.OnPaint[71] ENTER width=743 height=743 targets=3 range=13,0
[2026-03-31 12:44:38.387] RadarControl.OnPaint[71] DrawRangeRings
[2026-03-31 12:44:38.388] RadarControl.OnPaint[71] DrawGrid
[2026-03-31 12:44:38.388] RadarControl.OnPaint[71] DrawTracks
[2026-03-31 12:44:38.388] RadarControl.OnPaint[71] DrawTargets begin
[2026-03-31 12:44:38.389] RadarControl.OnPaint[71] DrawTargets end
[2026-03-31 12:44:38.389] RadarControl.OnPaint[71] DrawCenter
[2026-03-31 12:44:38.389] RadarControl.OnPaint[71] EXIT ok
[2026-03-31 12:44:39.339] RadarControl.SetTargets: count=3, selected=none
[2026-03-31 12:44:39.361] RadarControl.OnPaint[72] ENTER width=743 height=743 targets=3 range=13,0
[2026-03-31 12:44:39.375] RadarControl.OnPaint[72] DrawRangeRings
[2026-03-31 12:44:39.376] RadarControl.OnPaint[72] DrawGrid
[2026-03-31 12:44:39.377] RadarControl.OnPaint[72] DrawTracks
[2026-03-31 12:44:39.377] RadarControl.OnPaint[72] DrawTargets begin
[2026-03-31 12:44:39.377] RadarControl.OnPaint[72] DrawTargets end
[2026-03-31 12:44:39.377] RadarControl.OnPaint[72] DrawCenter
[2026-03-31 12:44:39.378] RadarControl.OnPaint[72] EXIT ok
[2026-03-31 12:44:40.338] RadarControl.SetTargets: count=3, selected=none
[2026-03-31 12:44:40.361] RadarControl.OnPaint[73] ENTER width=743 height=743 targets=3 range=13,0
[2026-03-31 12:44:40.374] RadarControl.OnPaint[73] DrawRangeRings
[2026-03-31 12:44:40.375] RadarControl.OnPaint[73] DrawGrid
[2026-03-31 12:44:40.376] RadarControl.OnPaint[73] DrawTracks
[2026-03-31 12:44:40.376] RadarControl.OnPaint[73] DrawTargets begin
[2026-03-31 12:44:40.376] RadarControl.OnPaint[73] DrawTargets end
[2026-03-31 12:44:40.376] RadarControl.OnPaint[73] DrawCenter
[2026-03-31 12:44:40.377] RadarControl.OnPaint[73] EXIT ok
[2026-03-31 12:44:41.338] RadarControl.SetTargets: count=3, selected=none
[2026-03-31 12:44:41.361] RadarControl.OnPaint[74] ENTER width=743 height=743 targets=3 range=13,0
[2026-03-31 12:44:41.374] RadarControl.OnPaint[74] DrawRangeRings
[2026-03-31 12:44:41.375] RadarControl.OnPaint[74] DrawGrid
[2026-03-31 12:44:41.377] RadarControl.OnPaint[74] DrawTracks
[2026-03-31 12:44:41.377] RadarControl.OnPaint[74] DrawTargets begin
[2026-03-31 12:44:41.377] RadarControl.OnPaint[74] DrawTargets end
[2026-03-31 12:44:41.377] RadarControl.OnPaint[74] DrawCenter
[2026-03-31 12:44:41.378] RadarControl.OnPaint[74] EXIT ok
[2026-03-31 12:44:42.338] RadarControl.SetTargets: count=3, selected=none
[2026-03-31 12:44:42.358] RadarControl.OnPaint[75] ENTER width=743 height=743 targets=3 range=13,0
[2026-03-31 12:44:42.372] RadarControl.OnPaint[75] DrawRangeRings
[2026-03-31 12:44:42.372] RadarControl.OnPaint[75] DrawGrid
[2026-03-31 12:44:42.373] RadarControl.OnPaint[75] DrawTracks
[2026-03-31 12:44:42.373] RadarControl.OnPaint[75] DrawTargets begin
[2026-03-31 12:44:42.374] RadarControl.OnPaint[75] DrawTargets end
[2026-03-31 12:44:42.374] RadarControl.OnPaint[75] DrawCenter
[2026-03-31 12:44:42.374] RadarControl.OnPaint[75] EXIT ok
[2026-03-31 12:44:43.338] RadarControl.SetTargets: count=3, selected=none
[2026-03-31 12:44:43.361] RadarControl.OnPaint[76] ENTER width=743 height=743 targets=3 range=13,0
[2026-03-31 12:44:43.375] RadarControl.OnPaint[76] DrawRangeRings
[2026-03-31 12:44:43.375] RadarControl.OnPaint[76] DrawGrid
[2026-03-31 12:44:43.376] RadarControl.OnPaint[76] DrawTracks
[2026-03-31 12:44:43.376] RadarControl.OnPaint[76] DrawTargets begin
[2026-03-31 12:44:43.376] RadarControl.OnPaint[76] DrawTargets end
[2026-03-31 12:44:43.376] RadarControl.OnPaint[76] DrawCenter
[2026-03-31 12:44:43.377] RadarControl.OnPaint[76] EXIT ok
[2026-03-31 12:44:44.338] RadarControl.SetTargets: count=3, selected=none
[2026-03-31 12:44:44.360] RadarControl.OnPaint[77] ENTER width=743 height=743 targets=3 range=13,0
[2026-03-31 12:44:44.374] RadarControl.OnPaint[77] DrawRangeRings
[2026-03-31 12:44:44.375] RadarControl.OnPaint[77] DrawGrid
[2026-03-31 12:44:44.375] RadarControl.OnPaint[77] DrawTracks
[2026-03-31 12:44:44.375] RadarControl.OnPaint[77] DrawTargets begin
[2026-03-31 12:44:44.376] RadarControl.OnPaint[77] DrawTargets end
[2026-03-31 12:44:44.376] RadarControl.OnPaint[77] DrawCenter
[2026-03-31 12:44:44.376] RadarControl.OnPaint[77] EXIT ok
[2026-03-31 12:44:45.338] RadarControl.SetTargets: count=3, selected=none
[2026-03-31 12:44:45.361] RadarControl.OnPaint[78] ENTER width=743 height=743 targets=3 range=13,0
[2026-03-31 12:44:45.377] RadarControl.OnPaint[78] DrawRangeRings
[2026-03-31 12:44:45.378] RadarControl.OnPaint[78] DrawGrid
[2026-03-31 12:44:45.378] RadarControl.OnPaint[78] DrawTracks
[2026-03-31 12:44:45.378] RadarControl.OnPaint[78] DrawTargets begin
[2026-03-31 12:44:45.379] RadarControl.OnPaint[78] DrawTargets end
[2026-03-31 12:44:45.379] RadarControl.OnPaint[78] DrawCenter
[2026-03-31 12:44:45.379] RadarControl.OnPaint[78] EXIT ok
[2026-03-31 12:44:46.339] RadarControl.SetTargets: count=3, selected=none
[2026-03-31 12:44:46.362] RadarControl.OnPaint[79] ENTER width=743 height=743 targets=3 range=13,0
[2026-03-31 12:44:46.376] RadarControl.OnPaint[79] DrawRangeRings
[2026-03-31 12:44:46.376] RadarControl.OnPaint[79] DrawGrid
[2026-03-31 12:44:46.377] RadarControl.OnPaint[79] DrawTracks
[2026-03-31 12:44:46.377] RadarControl.OnPaint[79] DrawTargets begin
[2026-03-31 12:44:46.377] RadarControl.OnPaint[79] DrawTargets end
[2026-03-31 12:44:46.377] RadarControl.OnPaint[79] DrawCenter
[2026-03-31 12:44:46.378] RadarControl.OnPaint[79] EXIT ok
[2026-03-31 12:44:47.338] RadarControl.SetTargets: count=3, selected=none
[2026-03-31 12:44:47.360] RadarControl.OnPaint[80] ENTER width=743 height=743 targets=3 range=13,0
[2026-03-31 12:44:47.373] RadarControl.OnPaint[80] DrawRangeRings
[2026-03-31 12:44:47.393] RadarControl.OnPaint[80] DrawGrid
[2026-03-31 12:44:47.394] RadarControl.OnPaint[80] DrawTracks
[2026-03-31 12:44:47.394] RadarControl.OnPaint[80] DrawTargets begin
[2026-03-31 12:44:47.395] RadarControl.OnPaint[80] DrawTargets end
[2026-03-31 12:44:47.395] RadarControl.OnPaint[80] DrawCenter
[2026-03-31 12:44:47.395] RadarControl.OnPaint[80] EXIT ok
[2026-03-31 12:44:48.339] RadarControl.SetTargets: count=3, selected=none
[2026-03-31 12:44:48.361] RadarControl.OnPaint[81] ENTER width=743 height=743 targets=3 range=13,0
[2026-03-31 12:44:48.374] RadarControl.OnPaint[81] DrawRangeRings
[2026-03-31 12:44:48.375] RadarControl.OnPaint[81] DrawGrid
[2026-03-31 12:44:48.376] RadarControl.OnPaint[81] DrawTracks
[2026-03-31 12:44:48.376] RadarControl.OnPaint[81] DrawTargets begin
[2026-03-31 12:44:48.377] RadarControl.OnPaint[81] DrawTargets end
[2026-03-31 12:44:48.377] RadarControl.OnPaint[81] DrawCenter
[2026-03-31 12:44:48.377] RadarControl.OnPaint[81] EXIT ok
[2026-03-31 12:44:49.338] RadarControl.SetTargets: count=3, selected=none
[2026-03-31 12:44:49.362] RadarControl.OnPaint[82] ENTER width=743 height=743 targets=3 range=13,0
[2026-03-31 12:44:49.376] RadarControl.OnPaint[82] DrawRangeRings
[2026-03-31 12:44:49.377] RadarControl.OnPaint[82] DrawGrid
[2026-03-31 12:44:49.378] RadarControl.OnPaint[82] DrawTracks
[2026-03-31 12:44:49.378] RadarControl.OnPaint[82] DrawTargets begin
[2026-03-31 12:44:49.379] RadarControl.OnPaint[82] DrawTargets end
[2026-03-31 12:44:49.379] RadarControl.OnPaint[82] DrawCenter
[2026-03-31 12:44:49.379] RadarControl.OnPaint[82] EXIT ok
[2026-03-31 12:44:50.337] RadarControl.SetTargets: count=3, selected=none
[2026-03-31 12:44:50.358] RadarControl.OnPaint[83] ENTER width=743 height=743 targets=3 range=13,0
[2026-03-31 12:44:50.371] RadarControl.OnPaint[83] DrawRangeRings
[2026-03-31 12:44:50.372] RadarControl.OnPaint[83] DrawGrid
[2026-03-31 12:44:50.373] RadarControl.OnPaint[83] DrawTracks
[2026-03-31 12:44:50.373] RadarControl.OnPaint[83] DrawTargets begin
[2026-03-31 12:44:50.373] RadarControl.OnPaint[83] DrawTargets end
[2026-03-31 12:44:50.373] RadarControl.OnPaint[83] DrawCenter
[2026-03-31 12:44:50.374] RadarControl.OnPaint[83] EXIT ok
[2026-03-31 12:44:51.338] RadarControl.SetTargets: count=3, selected=none
[2026-03-31 12:44:51.361] RadarControl.OnPaint[84] ENTER width=743 height=743 targets=3 range=13,0
[2026-03-31 12:44:51.376] RadarControl.OnPaint[84] DrawRangeRings
[2026-03-31 12:44:51.377] RadarControl.OnPaint[84] DrawGrid
[2026-03-31 12:44:51.377] RadarControl.OnPaint[84] DrawTracks
[2026-03-31 12:44:51.378] RadarControl.OnPaint[84] DrawTargets begin
[2026-03-31 12:44:51.378] RadarControl.OnPaint[84] DrawTargets end
[2026-03-31 12:44:51.378] RadarControl.OnPaint[84] DrawCenter
[2026-03-31 12:44:51.379] RadarControl.OnPaint[84] EXIT ok
[2026-03-31 12:44:52.338] RadarControl.SetTargets: count=3, selected=none
[2026-03-31 12:44:52.360] RadarControl.OnPaint[85] ENTER width=743 height=743 targets=3 range=13,0
[2026-03-31 12:44:52.374] RadarControl.OnPaint[85] DrawRangeRings
[2026-03-31 12:44:52.374] RadarControl.OnPaint[85] DrawGrid
[2026-03-31 12:44:52.375] RadarControl.OnPaint[85] DrawTracks
[2026-03-31 12:44:52.375] RadarControl.OnPaint[85] DrawTargets begin
[2026-03-31 12:44:52.376] RadarControl.OnPaint[85] DrawTargets end
[2026-03-31 12:44:52.376] RadarControl.OnPaint[85] DrawCenter
[2026-03-31 12:44:52.376] RadarControl.OnPaint[85] EXIT ok
[2026-03-31 12:44:53.339] RadarControl.SetTargets: count=3, selected=none
[2026-03-31 12:44:53.361] RadarControl.OnPaint[86] ENTER width=743 height=743 targets=3 range=13,0
[2026-03-31 12:44:53.374] RadarControl.OnPaint[86] DrawRangeRings
[2026-03-31 12:44:53.375] RadarControl.OnPaint[86] DrawGrid
[2026-03-31 12:44:53.375] RadarControl.OnPaint[86] DrawTracks
[2026-03-31 12:44:53.375] RadarControl.OnPaint[86] DrawTargets begin
[2026-03-31 12:44:53.377] RadarControl.OnPaint[86] DrawTargets end
[2026-03-31 12:44:53.377] RadarControl.OnPaint[86] DrawCenter
[2026-03-31 12:44:53.377] RadarControl.OnPaint[86] EXIT ok
[2026-03-31 12:44:54.339] RadarControl.SetTargets: count=3, selected=none
[2026-03-31 12:44:54.362] RadarControl.OnPaint[87] ENTER width=743 height=743 targets=3 range=13,0
[2026-03-31 12:44:54.378] RadarControl.OnPaint[87] DrawRangeRings
[2026-03-31 12:44:54.379] RadarControl.OnPaint[87] DrawGrid
[2026-03-31 12:44:54.379] RadarControl.OnPaint[87] DrawTracks
[2026-03-31 12:44:54.380] RadarControl.OnPaint[87] DrawTargets begin
[2026-03-31 12:44:54.380] RadarControl.OnPaint[87] DrawTargets end
[2026-03-31 12:44:54.380] RadarControl.OnPaint[87] DrawCenter
[2026-03-31 12:44:54.381] RadarControl.OnPaint[87] EXIT ok
[2026-03-31 12:44:55.337] RadarControl.SetTargets: count=3, selected=none
[2026-03-31 12:44:55.360] RadarControl.OnPaint[88] ENTER width=743 height=743 targets=3 range=13,0
[2026-03-31 12:44:55.374] RadarControl.OnPaint[88] DrawRangeRings
[2026-03-31 12:44:55.375] RadarControl.OnPaint[88] DrawGrid
[2026-03-31 12:44:55.375] RadarControl.OnPaint[88] DrawTracks
[2026-03-31 12:44:55.375] RadarControl.OnPaint[88] DrawTargets begin
[2026-03-31 12:44:55.377] RadarControl.OnPaint[88] DrawTargets end
[2026-03-31 12:44:55.377] RadarControl.OnPaint[88] DrawCenter
[2026-03-31 12:44:55.377] RadarControl.OnPaint[88] EXIT ok
[2026-03-31 12:44:56.338] RadarControl.SetTargets: count=3, selected=none
[2026-03-31 12:44:56.361] RadarControl.OnPaint[89] ENTER width=743 height=743 targets=3 range=13,0
[2026-03-31 12:44:56.374] RadarControl.OnPaint[89] DrawRangeRings
[2026-03-31 12:44:56.375] RadarControl.OnPaint[89] DrawGrid
[2026-03-31 12:44:56.375] RadarControl.OnPaint[89] DrawTracks
[2026-03-31 12:44:56.375] RadarControl.OnPaint[89] DrawTargets begin
[2026-03-31 12:44:56.375] RadarControl.OnPaint[89] DrawTargets end
[2026-03-31 12:44:56.375] RadarControl.OnPaint[89] DrawCenter
[2026-03-31 12:44:56.377] RadarControl.OnPaint[89] EXIT ok
[2026-03-31 12:44:57.339] RadarControl.SetTargets: count=3, selected=none
[2026-03-31 12:44:57.361] RadarControl.OnPaint[90] ENTER width=743 height=743 targets=3 range=13,0
[2026-03-31 12:44:57.375] RadarControl.OnPaint[90] DrawRangeRings
[2026-03-31 12:44:57.376] RadarControl.OnPaint[90] DrawGrid
[2026-03-31 12:44:57.376] RadarControl.OnPaint[90] DrawTracks
[2026-03-31 12:44:57.376] RadarControl.OnPaint[90] DrawTargets begin
[2026-03-31 12:44:57.377] RadarControl.OnPaint[90] DrawTargets end
[2026-03-31 12:44:57.377] RadarControl.OnPaint[90] DrawCenter
[2026-03-31 12:44:57.377] RadarControl.OnPaint[90] EXIT ok
[2026-03-31 12:44:58.339] RadarControl.SetTargets: count=3, selected=none
[2026-03-31 12:44:58.360] RadarControl.OnPaint[91] ENTER width=743 height=743 targets=3 range=13,0
[2026-03-31 12:44:58.373] RadarControl.OnPaint[91] DrawRangeRings
[2026-03-31 12:44:58.374] RadarControl.OnPaint[91] DrawGrid
[2026-03-31 12:44:58.375] RadarControl.OnPaint[91] DrawTracks
[2026-03-31 12:44:58.375] RadarControl.OnPaint[91] DrawTargets begin
[2026-03-31 12:44:58.376] RadarControl.OnPaint[91] DrawTargets end
[2026-03-31 12:44:58.376] RadarControl.OnPaint[91] DrawCenter
[2026-03-31 12:44:58.376] RadarControl.OnPaint[91] EXIT ok
[2026-03-31 12:44:59.338] RadarControl.SetTargets: count=3, selected=none
[2026-03-31 12:44:59.361] RadarControl.OnPaint[92] ENTER width=743 height=743 targets=3 range=13,0
[2026-03-31 12:44:59.375] RadarControl.OnPaint[92] DrawRangeRings
[2026-03-31 12:44:59.376] RadarControl.OnPaint[92] DrawGrid
[2026-03-31 12:44:59.376] RadarControl.OnPaint[92] DrawTracks
[2026-03-31 12:44:59.376] RadarControl.OnPaint[92] DrawTargets begin
[2026-03-31 12:44:59.377] RadarControl.OnPaint[92] DrawTargets end
[2026-03-31 12:44:59.377] RadarControl.OnPaint[92] DrawCenter
[2026-03-31 12:44:59.377] RadarControl.OnPaint[92] EXIT ok
[2026-03-31 12:45:00.338] RadarControl.SetTargets: count=3, selected=none
[2026-03-31 12:45:00.361] RadarControl.OnPaint[93] ENTER width=743 height=743 targets=3 range=13,0
[2026-03-31 12:45:00.375] RadarControl.OnPaint[93] DrawRangeRings
[2026-03-31 12:45:00.376] RadarControl.OnPaint[93] DrawGrid
[2026-03-31 12:45:00.377] RadarControl.OnPaint[93] DrawTracks
[2026-03-31 12:45:00.377] RadarControl.OnPaint[93] DrawTargets begin
[2026-03-31 12:45:00.377] RadarControl.OnPaint[93] DrawTargets end
[2026-03-31 12:45:00.377] RadarControl.OnPaint[93] DrawCenter
[2026-03-31 12:45:00.377] RadarControl.OnPaint[93] EXIT ok
[2026-03-31 12:45:01.338] RadarControl.SetTargets: count=3, selected=none
[2026-03-31 12:45:01.362] RadarControl.OnPaint[94] ENTER width=743 height=743 targets=3 range=13,0
[2026-03-31 12:45:01.375] RadarControl.OnPaint[94] DrawRangeRings
[2026-03-31 12:45:01.375] RadarControl.OnPaint[94] DrawGrid
[2026-03-31 12:45:01.377] RadarControl.OnPaint[94] DrawTracks
[2026-03-31 12:45:01.377] RadarControl.OnPaint[94] DrawTargets begin
[2026-03-31 12:45:01.378] RadarControl.OnPaint[94] DrawTargets end
[2026-03-31 12:45:01.378] RadarControl.OnPaint[94] DrawCenter
[2026-03-31 12:45:01.378] RadarControl.OnPaint[94] EXIT ok
[2026-03-31 12:45:02.339] RadarControl.SetTargets: count=3, selected=none
[2026-03-31 12:45:02.361] RadarControl.OnPaint[95] ENTER width=743 height=743 targets=3 range=13,0
[2026-03-31 12:45:02.375] RadarControl.OnPaint[95] DrawRangeRings
[2026-03-31 12:45:02.376] RadarControl.OnPaint[95] DrawGrid
[2026-03-31 12:45:02.376] RadarControl.OnPaint[95] DrawTracks
[2026-03-31 12:45:02.376] RadarControl.OnPaint[95] DrawTargets begin
[2026-03-31 12:45:02.377] RadarControl.OnPaint[95] DrawTargets end
[2026-03-31 12:45:02.377] RadarControl.OnPaint[95] DrawCenter
[2026-03-31 12:45:02.377] RadarControl.OnPaint[95] EXIT ok
[2026-03-31 12:45:03.338] RadarControl.SetTargets: count=3, selected=none
[2026-03-31 12:45:03.361] RadarControl.OnPaint[96] ENTER width=743 height=743 targets=3 range=13,0
[2026-03-31 12:45:03.374] RadarControl.OnPaint[96] DrawRangeRings
[2026-03-31 12:45:03.374] RadarControl.OnPaint[96] DrawGrid
[2026-03-31 12:45:03.375] RadarControl.OnPaint[96] DrawTracks
[2026-03-31 12:45:03.375] RadarControl.OnPaint[96] DrawTargets begin
[2026-03-31 12:45:03.375] RadarControl.OnPaint[96] DrawTargets end
[2026-03-31 12:45:03.375] RadarControl.OnPaint[96] DrawCenter
[2026-03-31 12:45:03.375] RadarControl.OnPaint[96] EXIT ok
[2026-03-31 12:45:03.530] RadarControl.SetTargets: count=0, selected=none
[2026-03-31 12:45:03.549] RadarControl.OnPaint[97] ENTER width=743 height=743 targets=0 range=13,0
[2026-03-31 12:45:03.563] RadarControl.OnPaint[97] DrawRangeRings
[2026-03-31 12:45:03.564] RadarControl.OnPaint[97] DrawGrid
[2026-03-31 12:45:03.565] RadarControl.OnPaint[97] DrawTracks
[2026-03-31 12:45:03.565] RadarControl.OnPaint[97] DrawTargets begin
[2026-03-31 12:45:03.565] RadarControl.OnPaint[97] DrawTargets end
[2026-03-31 12:45:03.565] RadarControl.OnPaint[97] DrawCenter
[2026-03-31 12:45:03.566] RadarControl.OnPaint[97] EXIT ok
[2026-03-31 12:45:03.589] RadarControl.SetTargets: count=0, selected=none
[2026-03-31 12:45:03.607] RadarControl.OnPaint[98] ENTER width=743 height=743 targets=0 range=13,0
[2026-03-31 12:45:03.621] RadarControl.OnPaint[98] DrawRangeRings
[2026-03-31 12:45:03.622] RadarControl.OnPaint[98] DrawGrid
[2026-03-31 12:45:03.622] RadarControl.OnPaint[98] DrawTracks
[2026-03-31 12:45:03.622] RadarControl.OnPaint[98] DrawTargets begin
[2026-03-31 12:45:03.623] RadarControl.OnPaint[98] DrawTargets end
[2026-03-31 12:45:03.623] RadarControl.OnPaint[98] DrawCenter
[2026-03-31 12:45:03.623] RadarControl.OnPaint[98] EXIT ok
[2026-03-31 12:45:07.338] RadarControl.SetTargets: count=3, selected=none
[2026-03-31 12:45:07.362] RadarControl.OnPaint[99] ENTER width=743 height=743 targets=3 range=13,0
[2026-03-31 12:45:07.376] RadarControl.OnPaint[99] DrawRangeRings
[2026-03-31 12:45:07.378] RadarControl.OnPaint[99] DrawGrid
[2026-03-31 12:45:07.379] RadarControl.OnPaint[99] DrawTracks
[2026-03-31 12:45:07.379] RadarControl.OnPaint[99] DrawTargets begin
[2026-03-31 12:45:07.379] RadarControl.OnPaint[99] DrawTargets end
[2026-03-31 12:45:07.379] RadarControl.OnPaint[99] DrawCenter
[2026-03-31 12:45:07.380] RadarControl.OnPaint[99] EXIT ok
[2026-03-31 12:45:08.338] RadarControl.SetTargets: count=3, selected=none
[2026-03-31 12:45:08.361] RadarControl.OnPaint[100] ENTER width=743 height=743 targets=3 range=13,0
[2026-03-31 12:45:08.376] RadarControl.OnPaint[100] DrawRangeRings
[2026-03-31 12:45:08.376] RadarControl.OnPaint[100] DrawGrid
[2026-03-31 12:45:08.377] RadarControl.OnPaint[100] DrawTracks
[2026-03-31 12:45:08.377] RadarControl.OnPaint[100] DrawTargets begin
[2026-03-31 12:45:08.377] RadarControl.OnPaint[100] DrawTargets end
[2026-03-31 12:45:08.377] RadarControl.OnPaint[100] DrawCenter
[2026-03-31 12:45:08.378] RadarControl.OnPaint[100] EXIT ok
[2026-03-31 12:45:09.336] RadarControl.SetTargets: count=3, selected=none
[2026-03-31 12:45:09.357] RadarControl.OnPaint[101] ENTER width=743 height=743 targets=3 range=13,0
[2026-03-31 12:45:09.374] RadarControl.OnPaint[101] DrawRangeRings
[2026-03-31 12:45:09.375] RadarControl.OnPaint[101] DrawGrid
[2026-03-31 12:45:09.376] RadarControl.OnPaint[101] DrawTracks
[2026-03-31 12:45:09.376] RadarControl.OnPaint[101] DrawTargets begin
[2026-03-31 12:45:09.376] RadarControl.OnPaint[101] DrawTargets end
[2026-03-31 12:45:09.376] RadarControl.OnPaint[101] DrawCenter
[2026-03-31 12:45:09.377] RadarControl.OnPaint[101] EXIT ok
[2026-03-31 12:45:10.338] RadarControl.SetTargets: count=3, selected=none
[2026-03-31 12:45:10.362] RadarControl.OnPaint[102] ENTER width=743 height=743 targets=3 range=13,0
[2026-03-31 12:45:10.376] RadarControl.OnPaint[102] DrawRangeRings
[2026-03-31 12:45:10.377] RadarControl.OnPaint[102] DrawGrid
[2026-03-31 12:45:10.377] RadarControl.OnPaint[102] DrawTracks
[2026-03-31 12:45:10.377] RadarControl.OnPaint[102] DrawTargets begin
[2026-03-31 12:45:10.377] RadarControl.OnPaint[102] DrawTargets end
[2026-03-31 12:45:10.377] RadarControl.OnPaint[102] DrawCenter
[2026-03-31 12:45:10.378] RadarControl.OnPaint[102] EXIT ok
[2026-03-31 12:45:11.339] RadarControl.SetTargets: count=3, selected=none
[2026-03-31 12:45:11.362] RadarControl.OnPaint[103] ENTER width=743 height=743 targets=3 range=13,0
[2026-03-31 12:45:11.375] RadarControl.OnPaint[103] DrawRangeRings
[2026-03-31 12:45:11.375] RadarControl.OnPaint[103] DrawGrid
[2026-03-31 12:45:11.377] RadarControl.OnPaint[103] DrawTracks
[2026-03-31 12:45:11.377] RadarControl.OnPaint[103] DrawTargets begin
[2026-03-31 12:45:11.377] RadarControl.OnPaint[103] DrawTargets end
[2026-03-31 12:45:11.377] RadarControl.OnPaint[103] DrawCenter
[2026-03-31 12:45:11.378] RadarControl.OnPaint[103] EXIT ok
[2026-03-31 12:45:12.337] RadarControl.SetTargets: count=3, selected=none
[2026-03-31 12:45:12.360] RadarControl.OnPaint[104] ENTER width=743 height=743 targets=3 range=13,0
[2026-03-31 12:45:12.374] RadarControl.OnPaint[104] DrawRangeRings
[2026-03-31 12:45:12.375] RadarControl.OnPaint[104] DrawGrid
[2026-03-31 12:45:12.376] RadarControl.OnPaint[104] DrawTracks
[2026-03-31 12:45:12.376] RadarControl.OnPaint[104] DrawTargets begin
[2026-03-31 12:45:12.376] RadarControl.OnPaint[104] DrawTargets end
[2026-03-31 12:45:12.376] RadarControl.OnPaint[104] DrawCenter
[2026-03-31 12:45:12.377] RadarControl.OnPaint[104] EXIT ok
[2026-03-31 12:45:13.338] RadarControl.SetTargets: count=3, selected=none
[2026-03-31 12:45:13.360] RadarControl.OnPaint[105] ENTER width=743 height=743 targets=3 range=13,0
[2026-03-31 12:45:13.374] RadarControl.OnPaint[105] DrawRangeRings
[2026-03-31 12:45:13.375] RadarControl.OnPaint[105] DrawGrid
[2026-03-31 12:45:13.376] RadarControl.OnPaint[105] DrawTracks
[2026-03-31 12:45:13.376] RadarControl.OnPaint[105] DrawTargets begin
[2026-03-31 12:45:13.377] RadarControl.OnPaint[105] DrawTargets end
[2026-03-31 12:45:13.377] RadarControl.OnPaint[105] DrawCenter
[2026-03-31 12:45:13.377] RadarControl.OnPaint[105] EXIT ok
[2026-03-31 12:45:14.339] RadarControl.SetTargets: count=3, selected=none
[2026-03-31 12:45:14.384] RadarControl.OnPaint[106] ENTER width=743 height=743 targets=3 range=13,0
[2026-03-31 12:45:14.399] RadarControl.OnPaint[106] DrawRangeRings
[2026-03-31 12:45:14.400] RadarControl.OnPaint[106] DrawGrid
[2026-03-31 12:45:14.401] RadarControl.OnPaint[106] DrawTracks
[2026-03-31 12:45:14.401] RadarControl.OnPaint[106] DrawTargets begin
[2026-03-31 12:45:14.401] RadarControl.OnPaint[106] DrawTargets end
[2026-03-31 12:45:14.401] RadarControl.OnPaint[106] DrawCenter
[2026-03-31 12:45:14.402] RadarControl.OnPaint[106] EXIT ok
[2026-03-31 12:45:15.338] RadarControl.SetTargets: count=3, selected=none
[2026-03-31 12:45:15.375] RadarControl.OnPaint[107] ENTER width=743 height=743 targets=3 range=13,0
[2026-03-31 12:45:15.389] RadarControl.OnPaint[107] DrawRangeRings
[2026-03-31 12:45:15.390] RadarControl.OnPaint[107] DrawGrid
[2026-03-31 12:45:15.391] RadarControl.OnPaint[107] DrawTracks
[2026-03-31 12:45:15.391] RadarControl.OnPaint[107] DrawTargets begin
[2026-03-31 12:45:15.392] RadarControl.OnPaint[107] DrawTargets end
[2026-03-31 12:45:15.392] RadarControl.OnPaint[107] DrawCenter
[2026-03-31 12:45:15.392] RadarControl.OnPaint[107] EXIT ok
[2026-03-31 12:45:15.943] RadarControl.SetTargets: count=3, selected=none
[2026-03-31 12:45:16.001] RadarControl.OnPaint[108] ENTER width=743 height=743 targets=3 range=13,0
[2026-03-31 12:45:16.014] RadarControl.OnPaint[108] DrawRangeRings
[2026-03-31 12:45:16.015] RadarControl.OnPaint[108] DrawGrid
[2026-03-31 12:45:16.016] RadarControl.OnPaint[108] DrawTracks
[2026-03-31 12:45:16.016] RadarControl.OnPaint[108] DrawTargets begin
[2026-03-31 12:45:16.016] RadarControl.OnPaint[108] DrawTargets end
[2026-03-31 12:45:16.016] RadarControl.OnPaint[108] DrawCenter
[2026-03-31 12:45:16.017] RadarControl.OnPaint[108] EXIT ok
[2026-03-31 12:45:16.338] RadarControl.SetTargets: count=3, selected=none
[2026-03-31 12:45:16.392] RadarControl.OnPaint[109] ENTER width=743 height=743 targets=3 range=13,0
[2026-03-31 12:45:16.407] RadarControl.OnPaint[109] DrawRangeRings
[2026-03-31 12:45:16.408] RadarControl.OnPaint[109] DrawGrid
[2026-03-31 12:45:16.409] RadarControl.OnPaint[109] DrawTracks
[2026-03-31 12:45:16.409] RadarControl.OnPaint[109] DrawTargets begin
[2026-03-31 12:45:16.409] RadarControl.OnPaint[109] DrawTargets end
[2026-03-31 12:45:16.410] RadarControl.OnPaint[109] DrawCenter
[2026-03-31 12:45:16.410] RadarControl.OnPaint[109] EXIT ok
[2026-03-31 12:45:17.337] RadarControl.SetTargets: count=3, selected=none
[2026-03-31 12:45:17.395] RadarControl.OnPaint[110] ENTER width=743 height=743 targets=3 range=13,0
[2026-03-31 12:45:17.409] RadarControl.OnPaint[110] DrawRangeRings
[2026-03-31 12:45:17.410] RadarControl.OnPaint[110] DrawGrid
[2026-03-31 12:45:17.411] RadarControl.OnPaint[110] DrawTracks
[2026-03-31 12:45:17.411] RadarControl.OnPaint[110] DrawTargets begin
[2026-03-31 12:45:17.411] RadarControl.OnPaint[110] DrawTargets end
[2026-03-31 12:45:17.411] RadarControl.OnPaint[110] DrawCenter
[2026-03-31 12:45:17.412] RadarControl.OnPaint[110] EXIT ok
[2026-03-31 12:45:17.661] RadarControl.SetTargets: count=3, selected=none
[2026-03-31 12:45:17.695] RadarControl.OnPaint[111] ENTER width=743 height=743 targets=3 range=13,0
[2026-03-31 12:45:17.709] RadarControl.OnPaint[111] DrawRangeRings
[2026-03-31 12:45:17.710] RadarControl.OnPaint[111] DrawGrid
[2026-03-31 12:45:17.710] RadarControl.OnPaint[111] DrawTracks
[2026-03-31 12:45:17.710] RadarControl.OnPaint[111] DrawTargets begin
[2026-03-31 12:45:17.711] RadarControl.OnPaint[111] DrawTargets end
[2026-03-31 12:45:17.711] RadarControl.OnPaint[111] DrawCenter
[2026-03-31 12:45:17.711] RadarControl.OnPaint[111] EXIT ok
[2026-03-31 12:45:18.339] RadarControl.SetTargets: count=3, selected=none
[2026-03-31 12:45:18.376] RadarControl.OnPaint[112] ENTER width=743 height=743 targets=3 range=13,0
[2026-03-31 12:45:18.391] RadarControl.OnPaint[112] DrawRangeRings
[2026-03-31 12:45:18.392] RadarControl.OnPaint[112] DrawGrid
[2026-03-31 12:45:18.392] RadarControl.OnPaint[112] DrawTracks
[2026-03-31 12:45:18.393] RadarControl.OnPaint[112] DrawTargets begin
[2026-03-31 12:45:18.393] RadarControl.OnPaint[112] DrawTargets end
[2026-03-31 12:45:18.393] RadarControl.OnPaint[112] DrawCenter
[2026-03-31 12:45:18.394] RadarControl.OnPaint[112] EXIT ok
[2026-03-31 12:45:19.338] RadarControl.SetTargets: count=3, selected=none
[2026-03-31 12:45:19.385] RadarControl.OnPaint[113] ENTER width=743 height=743 targets=3 range=13,0
[2026-03-31 12:45:19.400] RadarControl.OnPaint[113] DrawRangeRings
[2026-03-31 12:45:19.401] RadarControl.OnPaint[113] DrawGrid
[2026-03-31 12:45:19.402] RadarControl.OnPaint[113] DrawTracks
[2026-03-31 12:45:19.402] RadarControl.OnPaint[113] DrawTargets begin
[2026-03-31 12:45:19.402] RadarControl.OnPaint[113] DrawTargets end
[2026-03-31 12:45:19.403] RadarControl.OnPaint[113] DrawCenter
[2026-03-31 12:45:19.403] RadarControl.OnPaint[113] EXIT ok
[2026-03-31 12:45:20.336] RadarControl.SetTargets: count=3, selected=none
[2026-03-31 12:45:20.359] RadarControl.OnPaint[114] ENTER width=743 height=743 targets=3 range=13,0
[2026-03-31 12:45:20.377] RadarControl.OnPaint[114] DrawRangeRings
[2026-03-31 12:45:20.378] RadarControl.OnPaint[114] DrawGrid
[2026-03-31 12:45:20.379] RadarControl.OnPaint[114] DrawTracks
[2026-03-31 12:45:20.379] RadarControl.OnPaint[114] DrawTargets begin
[2026-03-31 12:45:20.379] RadarControl.OnPaint[114] DrawTargets end
[2026-03-31 12:45:20.379] RadarControl.OnPaint[114] DrawCenter
[2026-03-31 12:45:20.380] RadarControl.OnPaint[114] EXIT ok
[2026-03-31 12:45:20.845] RadarControl.SetTargets: count=0, selected=none
[2026-03-31 12:45:20.864] RadarControl.OnPaint[115] ENTER width=743 height=743 targets=0 range=13,0
[2026-03-31 12:45:20.878] RadarControl.OnPaint[115] DrawRangeRings
[2026-03-31 12:45:20.879] RadarControl.OnPaint[115] DrawGrid
[2026-03-31 12:45:20.880] RadarControl.OnPaint[115] DrawTracks
[2026-03-31 12:45:20.880] RadarControl.OnPaint[115] DrawTargets begin
[2026-03-31 12:45:20.880] RadarControl.OnPaint[115] DrawTargets end
[2026-03-31 12:45:20.880] RadarControl.OnPaint[115] DrawCenter
[2026-03-31 12:45:20.881] RadarControl.OnPaint[115] EXIT ok
[2026-03-31 12:45:20.898] RadarControl.SetTargets: count=0, selected=none
[2026-03-31 12:45:20.918] RadarControl.OnPaint[116] ENTER width=743 height=743 targets=0 range=13,0
[2026-03-31 12:45:20.931] RadarControl.OnPaint[116] DrawRangeRings
[2026-03-31 12:45:20.932] RadarControl.OnPaint[116] DrawGrid
[2026-03-31 12:45:20.933] RadarControl.OnPaint[116] DrawTracks
[2026-03-31 12:45:20.933] RadarControl.OnPaint[116] DrawTargets begin
[2026-03-31 12:45:20.933] RadarControl.OnPaint[116] DrawTargets end
[2026-03-31 12:45:20.933] RadarControl.OnPaint[116] DrawCenter
[2026-03-31 12:45:20.933] RadarControl.OnPaint[116] EXIT ok
[2026-03-31 12:45:24.338] RadarControl.SetTargets: count=2, selected=none
[2026-03-31 12:45:24.359] RadarControl.OnPaint[117] ENTER width=743 height=743 targets=2 range=13,0
[2026-03-31 12:45:24.372] RadarControl.OnPaint[117] DrawRangeRings
[2026-03-31 12:45:24.373] RadarControl.OnPaint[117] DrawGrid
[2026-03-31 12:45:24.373] RadarControl.OnPaint[117] DrawTracks
[2026-03-31 12:45:24.373] RadarControl.OnPaint[117] DrawTargets begin
[2026-03-31 12:45:24.374] RadarControl.OnPaint[117] DrawTargets end
[2026-03-31 12:45:24.374] RadarControl.OnPaint[117] DrawCenter
[2026-03-31 12:45:24.374] RadarControl.OnPaint[117] EXIT ok
[2026-03-31 12:45:25.338] RadarControl.SetTargets: count=2, selected=none
[2026-03-31 12:45:25.362] RadarControl.OnPaint[118] ENTER width=743 height=743 targets=2 range=13,0
[2026-03-31 12:45:25.375] RadarControl.OnPaint[118] DrawRangeRings
[2026-03-31 12:45:25.376] RadarControl.OnPaint[118] DrawGrid
[2026-03-31 12:45:25.377] RadarControl.OnPaint[118] DrawTracks
[2026-03-31 12:45:25.377] RadarControl.OnPaint[118] DrawTargets begin
[2026-03-31 12:45:25.377] RadarControl.OnPaint[118] DrawTargets end
[2026-03-31 12:45:25.377] RadarControl.OnPaint[118] DrawCenter
[2026-03-31 12:45:25.378] RadarControl.OnPaint[118] EXIT ok
[2026-03-31 12:45:26.337] RadarControl.SetTargets: count=2, selected=none
[2026-03-31 12:45:26.358] RadarControl.OnPaint[119] ENTER width=743 height=743 targets=2 range=13,0
[2026-03-31 12:45:26.373] RadarControl.OnPaint[119] DrawRangeRings
[2026-03-31 12:45:26.374] RadarControl.OnPaint[119] DrawGrid
[2026-03-31 12:45:26.374] RadarControl.OnPaint[119] DrawTracks
[2026-03-31 12:45:26.374] RadarControl.OnPaint[119] DrawTargets begin
[2026-03-31 12:45:26.375] RadarControl.OnPaint[119] DrawTargets end
[2026-03-31 12:45:26.375] RadarControl.OnPaint[119] DrawCenter
[2026-03-31 12:45:26.375] RadarControl.OnPaint[119] EXIT ok
[2026-03-31 12:45:27.338] RadarControl.SetTargets: count=2, selected=none
[2026-03-31 12:45:27.360] RadarControl.OnPaint[120] ENTER width=743 height=743 targets=2 range=13,0
[2026-03-31 12:45:27.374] RadarControl.OnPaint[120] DrawRangeRings
[2026-03-31 12:45:27.375] RadarControl.OnPaint[120] DrawGrid
[2026-03-31 12:45:27.375] RadarControl.OnPaint[120] DrawTracks
[2026-03-31 12:45:27.375] RadarControl.OnPaint[120] DrawTargets begin
[2026-03-31 12:45:27.377] RadarControl.OnPaint[120] DrawTargets end
[2026-03-31 12:45:27.377] RadarControl.OnPaint[120] DrawCenter
[2026-03-31 12:45:27.377] RadarControl.OnPaint[120] EXIT ok
[2026-03-31 12:45:28.339] RadarControl.SetTargets: count=2, selected=none
[2026-03-31 12:45:28.361] RadarControl.OnPaint[121] ENTER width=743 height=743 targets=2 range=13,0
[2026-03-31 12:45:28.375] RadarControl.OnPaint[121] DrawRangeRings
[2026-03-31 12:45:28.379] RadarControl.OnPaint[121] DrawGrid
[2026-03-31 12:45:28.380] RadarControl.OnPaint[121] DrawTracks
[2026-03-31 12:45:28.380] RadarControl.OnPaint[121] DrawTargets begin
[2026-03-31 12:45:28.380] RadarControl.OnPaint[121] DrawTargets end
[2026-03-31 12:45:28.380] RadarControl.OnPaint[121] DrawCenter
[2026-03-31 12:45:28.381] RadarControl.OnPaint[121] EXIT ok
[2026-03-31 12:45:29.336] RadarControl.SetTargets: count=2, selected=none
[2026-03-31 12:45:29.360] RadarControl.OnPaint[122] ENTER width=743 height=743 targets=2 range=13,0
[2026-03-31 12:45:29.374] RadarControl.OnPaint[122] DrawRangeRings
[2026-03-31 12:45:29.375] RadarControl.OnPaint[122] DrawGrid
[2026-03-31 12:45:29.376] RadarControl.OnPaint[122] DrawTracks
[2026-03-31 12:45:29.376] RadarControl.OnPaint[122] DrawTargets begin
[2026-03-31 12:45:29.377] RadarControl.OnPaint[122] DrawTargets end
[2026-03-31 12:45:29.377] RadarControl.OnPaint[122] DrawCenter
[2026-03-31 12:45:29.377] RadarControl.OnPaint[122] EXIT ok
[2026-03-31 12:45:30.338] RadarControl.SetTargets: count=2, selected=none
[2026-03-31 12:45:30.359] RadarControl.OnPaint[123] ENTER width=743 height=743 targets=2 range=13,0
[2026-03-31 12:45:30.374] RadarControl.OnPaint[123] DrawRangeRings
[2026-03-31 12:45:30.375] RadarControl.OnPaint[123] DrawGrid
[2026-03-31 12:45:30.375] RadarControl.OnPaint[123] DrawTracks
[2026-03-31 12:45:30.376] RadarControl.OnPaint[123] DrawTargets begin
[2026-03-31 12:45:30.376] RadarControl.OnPaint[123] DrawTargets end
[2026-03-31 12:45:30.376] RadarControl.OnPaint[123] DrawCenter
[2026-03-31 12:45:30.376] RadarControl.OnPaint[123] EXIT ok
[2026-03-31 12:45:31.338] RadarControl.SetTargets: count=2, selected=none
[2026-03-31 12:45:31.362] RadarControl.OnPaint[124] ENTER width=743 height=743 targets=2 range=13,0
[2026-03-31 12:45:31.375] RadarControl.OnPaint[124] DrawRangeRings
[2026-03-31 12:45:31.375] RadarControl.OnPaint[124] DrawGrid
[2026-03-31 12:45:31.377] RadarControl.OnPaint[124] DrawTracks
[2026-03-31 12:45:31.377] RadarControl.OnPaint[124] DrawTargets begin
[2026-03-31 12:45:31.378] RadarControl.OnPaint[124] DrawTargets end
[2026-03-31 12:45:31.378] RadarControl.OnPaint[124] DrawCenter
[2026-03-31 12:45:31.378] RadarControl.OnPaint[124] EXIT ok
[2026-03-31 12:45:32.338] RadarControl.SetTargets: count=2, selected=none
[2026-03-31 12:45:32.359] RadarControl.OnPaint[125] ENTER width=743 height=743 targets=2 range=13,0
[2026-03-31 12:45:32.375] RadarControl.OnPaint[125] DrawRangeRings
[2026-03-31 12:45:32.377] RadarControl.OnPaint[125] DrawGrid
[2026-03-31 12:45:32.377] RadarControl.OnPaint[125] DrawTracks
[2026-03-31 12:45:32.377] RadarControl.OnPaint[125] DrawTargets begin
[2026-03-31 12:45:32.378] RadarControl.OnPaint[125] DrawTargets end
[2026-03-31 12:45:32.378] RadarControl.OnPaint[125] DrawCenter
[2026-03-31 12:45:32.378] RadarControl.OnPaint[125] EXIT ok
[2026-03-31 12:45:33.339] RadarControl.SetTargets: count=2, selected=none
[2026-03-31 12:45:33.362] RadarControl.OnPaint[126] ENTER width=743 height=743 targets=2 range=13,0
[2026-03-31 12:45:33.376] RadarControl.OnPaint[126] DrawRangeRings
[2026-03-31 12:45:33.377] RadarControl.OnPaint[126] DrawGrid
[2026-03-31 12:45:33.377] RadarControl.OnPaint[126] DrawTracks
[2026-03-31 12:45:33.378] RadarControl.OnPaint[126] DrawTargets begin
[2026-03-31 12:45:33.378] RadarControl.OnPaint[126] DrawTargets end
[2026-03-31 12:45:33.378] RadarControl.OnPaint[126] DrawCenter
[2026-03-31 12:45:33.378] RadarControl.OnPaint[126] EXIT ok
[2026-03-31 12:45:34.338] RadarControl.SetTargets: count=2, selected=none
[2026-03-31 12:45:34.358] RadarControl.OnPaint[127] ENTER width=743 height=743 targets=2 range=13,0
[2026-03-31 12:45:34.373] RadarControl.OnPaint[127] DrawRangeRings
[2026-03-31 12:45:34.374] RadarControl.OnPaint[127] DrawGrid
[2026-03-31 12:45:34.374] RadarControl.OnPaint[127] DrawTracks
[2026-03-31 12:45:34.374] RadarControl.OnPaint[127] DrawTargets begin
[2026-03-31 12:45:34.376] RadarControl.OnPaint[127] DrawTargets end
[2026-03-31 12:45:34.376] RadarControl.OnPaint[127] DrawCenter
[2026-03-31 12:45:34.376] RadarControl.OnPaint[127] EXIT ok
[2026-03-31 12:45:35.336] RadarControl.SetTargets: count=2, selected=none
[2026-03-31 12:45:35.360] RadarControl.OnPaint[128] ENTER width=743 height=743 targets=2 range=13,0
[2026-03-31 12:45:35.374] RadarControl.OnPaint[128] DrawRangeRings
[2026-03-31 12:45:35.375] RadarControl.OnPaint[128] DrawGrid
[2026-03-31 12:45:35.375] RadarControl.OnPaint[128] DrawTracks
[2026-03-31 12:45:35.375] RadarControl.OnPaint[128] DrawTargets begin
[2026-03-31 12:45:35.375] RadarControl.OnPaint[128] DrawTargets end
[2026-03-31 12:45:35.377] RadarControl.OnPaint[128] DrawCenter
[2026-03-31 12:45:35.377] RadarControl.OnPaint[128] EXIT ok
[2026-03-31 12:45:36.338] RadarControl.SetTargets: count=2, selected=none
[2026-03-31 12:45:36.361] RadarControl.OnPaint[129] ENTER width=743 height=743 targets=2 range=13,0
[2026-03-31 12:45:36.374] RadarControl.OnPaint[129] DrawRangeRings
[2026-03-31 12:45:36.375] RadarControl.OnPaint[129] DrawGrid
[2026-03-31 12:45:36.376] RadarControl.OnPaint[129] DrawTracks
[2026-03-31 12:45:36.376] RadarControl.OnPaint[129] DrawTargets begin
[2026-03-31 12:45:36.376] RadarControl.OnPaint[129] DrawTargets end
[2026-03-31 12:45:36.377] RadarControl.OnPaint[129] DrawCenter
[2026-03-31 12:45:36.377] RadarControl.OnPaint[129] EXIT ok
[2026-03-31 12:45:37.339] RadarControl.SetTargets: count=2, selected=none
[2026-03-31 12:45:37.361] RadarControl.OnPaint[130] ENTER width=743 height=743 targets=2 range=13,0
[2026-03-31 12:45:37.375] RadarControl.OnPaint[130] DrawRangeRings
[2026-03-31 12:45:37.375] RadarControl.OnPaint[130] DrawGrid
[2026-03-31 12:45:37.377] RadarControl.OnPaint[130] DrawTracks
[2026-03-31 12:45:37.377] RadarControl.OnPaint[130] DrawTargets begin
[2026-03-31 12:45:37.377] RadarControl.OnPaint[130] DrawTargets end
[2026-03-31 12:45:37.377] RadarControl.OnPaint[130] DrawCenter
[2026-03-31 12:45:37.378] RadarControl.OnPaint[130] EXIT ok
[2026-03-31 12:45:38.338] RadarControl.SetTargets: count=2, selected=none
[2026-03-31 12:45:38.358] RadarControl.OnPaint[131] ENTER width=743 height=743 targets=2 range=13,0
[2026-03-31 12:45:38.372] RadarControl.OnPaint[131] DrawRangeRings
[2026-03-31 12:45:38.373] RadarControl.OnPaint[131] DrawGrid
[2026-03-31 12:45:38.373] RadarControl.OnPaint[131] DrawTracks
[2026-03-31 12:45:38.373] RadarControl.OnPaint[131] DrawTargets begin
[2026-03-31 12:45:38.374] RadarControl.OnPaint[131] DrawTargets end
[2026-03-31 12:45:38.374] RadarControl.OnPaint[131] DrawCenter
[2026-03-31 12:45:38.374] RadarControl.OnPaint[131] EXIT ok
[2026-03-31 12:45:39.337] RadarControl.SetTargets: count=2, selected=none
[2026-03-31 12:45:39.360] RadarControl.OnPaint[132] ENTER width=743 height=743 targets=2 range=13,0
[2026-03-31 12:45:39.373] RadarControl.OnPaint[132] DrawRangeRings
[2026-03-31 12:45:39.374] RadarControl.OnPaint[132] DrawGrid
[2026-03-31 12:45:39.375] RadarControl.OnPaint[132] DrawTracks
[2026-03-31 12:45:39.375] RadarControl.OnPaint[132] DrawTargets begin
[2026-03-31 12:45:39.375] RadarControl.OnPaint[132] DrawTargets end
[2026-03-31 12:45:39.375] RadarControl.OnPaint[132] DrawCenter
[2026-03-31 12:45:39.375] RadarControl.OnPaint[132] EXIT ok
[2026-03-31 12:45:40.338] RadarControl.SetTargets: count=2, selected=none
[2026-03-31 12:45:40.359] RadarControl.OnPaint[133] ENTER width=743 height=743 targets=2 range=13,0
[2026-03-31 12:45:40.373] RadarControl.OnPaint[133] DrawRangeRings
[2026-03-31 12:45:40.374] RadarControl.OnPaint[133] DrawGrid
[2026-03-31 12:45:40.375] RadarControl.OnPaint[133] DrawTracks
[2026-03-31 12:45:40.375] RadarControl.OnPaint[133] DrawTargets begin
[2026-03-31 12:45:40.375] RadarControl.OnPaint[133] DrawTargets end
[2026-03-31 12:45:40.376] RadarControl.OnPaint[133] DrawCenter
[2026-03-31 12:45:40.376] RadarControl.OnPaint[133] EXIT ok
[2026-03-31 12:45:41.339] RadarControl.SetTargets: count=2, selected=none
[2026-03-31 12:45:41.361] RadarControl.OnPaint[134] ENTER width=743 height=743 targets=2 range=13,0
[2026-03-31 12:45:41.375] RadarControl.OnPaint[134] DrawRangeRings
[2026-03-31 12:45:41.375] RadarControl.OnPaint[134] DrawGrid
[2026-03-31 12:45:41.376] RadarControl.OnPaint[134] DrawTracks
[2026-03-31 12:45:41.376] RadarControl.OnPaint[134] DrawTargets begin
[2026-03-31 12:45:41.377] RadarControl.OnPaint[134] DrawTargets end
[2026-03-31 12:45:41.377] RadarControl.OnPaint[134] DrawCenter
[2026-03-31 12:45:41.377] RadarControl.OnPaint[134] EXIT ok
[2026-03-31 12:45:42.335] RadarControl.SetTargets: count=2, selected=none
[2026-03-31 12:45:42.356] RadarControl.OnPaint[135] ENTER width=743 height=743 targets=2 range=13,0
[2026-03-31 12:45:42.370] RadarControl.OnPaint[135] DrawRangeRings
[2026-03-31 12:45:42.370] RadarControl.OnPaint[135] DrawGrid
[2026-03-31 12:45:42.371] RadarControl.OnPaint[135] DrawTracks
[2026-03-31 12:45:42.371] RadarControl.OnPaint[135] DrawTargets begin
[2026-03-31 12:45:42.372] RadarControl.OnPaint[135] DrawTargets end
[2026-03-31 12:45:42.372] RadarControl.OnPaint[135] DrawCenter
[2026-03-31 12:45:42.372] RadarControl.OnPaint[135] EXIT ok
[2026-03-31 12:45:43.338] RadarControl.SetTargets: count=2, selected=none
[2026-03-31 12:45:43.361] RadarControl.OnPaint[136] ENTER width=743 height=743 targets=2 range=13,0
[2026-03-31 12:45:43.375] RadarControl.OnPaint[136] DrawRangeRings
[2026-03-31 12:45:43.375] RadarControl.OnPaint[136] DrawGrid
[2026-03-31 12:45:43.377] RadarControl.OnPaint[136] DrawTracks
[2026-03-31 12:45:43.377] RadarControl.OnPaint[136] DrawTargets begin
[2026-03-31 12:45:43.378] RadarControl.OnPaint[136] DrawTargets end
[2026-03-31 12:45:43.378] RadarControl.OnPaint[136] DrawCenter
[2026-03-31 12:45:43.378] RadarControl.OnPaint[136] EXIT ok
[2026-03-31 12:45:44.338] RadarControl.SetTargets: count=2, selected=none
[2026-03-31 12:45:44.361] RadarControl.OnPaint[137] ENTER width=743 height=743 targets=2 range=13,0
[2026-03-31 12:45:44.374] RadarControl.OnPaint[137] DrawRangeRings
[2026-03-31 12:45:44.375] RadarControl.OnPaint[137] DrawGrid
[2026-03-31 12:45:44.375] RadarControl.OnPaint[137] DrawTracks
[2026-03-31 12:45:44.375] RadarControl.OnPaint[137] DrawTargets begin
[2026-03-31 12:45:44.375] RadarControl.OnPaint[137] DrawTargets end
[2026-03-31 12:45:44.375] RadarControl.OnPaint[137] DrawCenter
[2026-03-31 12:45:44.377] RadarControl.OnPaint[137] EXIT ok
[2026-03-31 12:45:45.335] RadarControl.SetTargets: count=2, selected=none
[2026-03-31 12:45:45.357] RadarControl.OnPaint[138] ENTER width=743 height=743 targets=2 range=13,0
[2026-03-31 12:45:45.371] RadarControl.OnPaint[138] DrawRangeRings
[2026-03-31 12:45:45.372] RadarControl.OnPaint[138] DrawGrid
[2026-03-31 12:45:45.373] RadarControl.OnPaint[138] DrawTracks
[2026-03-31 12:45:45.373] RadarControl.OnPaint[138] DrawTargets begin
[2026-03-31 12:45:45.373] RadarControl.OnPaint[138] DrawTargets end
[2026-03-31 12:45:45.373] RadarControl.OnPaint[138] DrawCenter
[2026-03-31 12:45:45.374] RadarControl.OnPaint[138] EXIT ok
[2026-03-31 12:45:46.339] RadarControl.SetTargets: count=2, selected=none
[2026-03-31 12:45:46.360] RadarControl.OnPaint[139] ENTER width=743 height=743 targets=2 range=13,0
[2026-03-31 12:45:46.373] RadarControl.OnPaint[139] DrawRangeRings
[2026-03-31 12:45:46.374] RadarControl.OnPaint[139] DrawGrid
[2026-03-31 12:45:46.375] RadarControl.OnPaint[139] DrawTracks
[2026-03-31 12:45:46.375] RadarControl.OnPaint[139] DrawTargets begin
[2026-03-31 12:45:46.375] RadarControl.OnPaint[139] DrawTargets end
[2026-03-31 12:45:46.375] RadarControl.OnPaint[139] DrawCenter
[2026-03-31 12:45:46.375] RadarControl.OnPaint[139] EXIT ok
[2026-03-31 12:45:47.339] RadarControl.SetTargets: count=2, selected=none
[2026-03-31 12:45:47.361] RadarControl.OnPaint[140] ENTER width=743 height=743 targets=2 range=13,0
[2026-03-31 12:45:47.375] RadarControl.OnPaint[140] DrawRangeRings
[2026-03-31 12:45:47.376] RadarControl.OnPaint[140] DrawGrid
[2026-03-31 12:45:47.377] RadarControl.OnPaint[140] DrawTracks
[2026-03-31 12:45:47.377] RadarControl.OnPaint[140] DrawTargets begin
[2026-03-31 12:45:47.377] RadarControl.OnPaint[140] DrawTargets end
[2026-03-31 12:45:47.377] RadarControl.OnPaint[140] DrawCenter
[2026-03-31 12:45:47.377] RadarControl.OnPaint[140] EXIT ok
[2026-03-31 12:45:48.336] RadarControl.SetTargets: count=2, selected=none
[2026-03-31 12:45:48.357] RadarControl.OnPaint[141] ENTER width=743 height=743 targets=2 range=13,0
[2026-03-31 12:45:48.373] RadarControl.OnPaint[141] DrawRangeRings
[2026-03-31 12:45:48.373] RadarControl.OnPaint[141] DrawGrid
[2026-03-31 12:45:48.374] RadarControl.OnPaint[141] DrawTracks
[2026-03-31 12:45:48.374] RadarControl.OnPaint[141] DrawTargets begin
[2026-03-31 12:45:48.374] RadarControl.OnPaint[141] DrawTargets end
[2026-03-31 12:45:48.375] RadarControl.OnPaint[141] DrawCenter
[2026-03-31 12:45:48.375] RadarControl.OnPaint[141] EXIT ok
[2026-03-31 12:45:49.339] RadarControl.SetTargets: count=2, selected=none
[2026-03-31 12:45:49.362] RadarControl.OnPaint[142] ENTER width=743 height=743 targets=2 range=13,0
[2026-03-31 12:45:49.376] RadarControl.OnPaint[142] DrawRangeRings
[2026-03-31 12:45:49.376] RadarControl.OnPaint[142] DrawGrid
[2026-03-31 12:45:49.377] RadarControl.OnPaint[142] DrawTracks
[2026-03-31 12:45:49.377] RadarControl.OnPaint[142] DrawTargets begin
[2026-03-31 12:45:49.377] RadarControl.OnPaint[142] DrawTargets end
[2026-03-31 12:45:49.377] RadarControl.OnPaint[142] DrawCenter
[2026-03-31 12:45:49.378] RadarControl.OnPaint[142] EXIT ok
[2026-03-31 12:45:50.339] RadarControl.SetTargets: count=2, selected=none
[2026-03-31 12:45:50.361] RadarControl.OnPaint[143] ENTER width=743 height=743 targets=2 range=13,0
[2026-03-31 12:45:50.376] RadarControl.OnPaint[143] DrawRangeRings
[2026-03-31 12:45:50.376] RadarControl.OnPaint[143] DrawGrid
[2026-03-31 12:45:50.377] RadarControl.OnPaint[143] DrawTracks
[2026-03-31 12:45:50.377] RadarControl.OnPaint[143] DrawTargets begin
[2026-03-31 12:45:50.377] RadarControl.OnPaint[143] DrawTargets end
[2026-03-31 12:45:50.377] RadarControl.OnPaint[143] DrawCenter
[2026-03-31 12:45:50.378] RadarControl.OnPaint[143] EXIT ok
[2026-03-31 12:45:51.338] RadarControl.SetTargets: count=2, selected=none
[2026-03-31 12:45:51.361] RadarControl.OnPaint[144] ENTER width=743 height=743 targets=2 range=13,0
[2026-03-31 12:45:51.374] RadarControl.OnPaint[144] DrawRangeRings
[2026-03-31 12:45:51.375] RadarControl.OnPaint[144] DrawGrid
[2026-03-31 12:45:51.375] RadarControl.OnPaint[144] DrawTracks
[2026-03-31 12:45:51.375] RadarControl.OnPaint[144] DrawTargets begin
[2026-03-31 12:45:51.375] RadarControl.OnPaint[144] DrawTargets end
[2026-03-31 12:45:51.377] RadarControl.OnPaint[144] DrawCenter
[2026-03-31 12:45:51.377] RadarControl.OnPaint[144] EXIT ok
[2026-03-31 12:45:52.338] RadarControl.SetTargets: count=2, selected=none
[2026-03-31 12:45:52.360] RadarControl.OnPaint[145] ENTER width=743 height=743 targets=2 range=13,0
[2026-03-31 12:45:52.374] RadarControl.OnPaint[145] DrawRangeRings
[2026-03-31 12:45:52.375] RadarControl.OnPaint[145] DrawGrid
[2026-03-31 12:45:52.376] RadarControl.OnPaint[145] DrawTracks
[2026-03-31 12:45:52.376] RadarControl.OnPaint[145] DrawTargets begin
[2026-03-31 12:45:52.377] RadarControl.OnPaint[145] DrawTargets end
[2026-03-31 12:45:52.378] RadarControl.OnPaint[145] DrawCenter
[2026-03-31 12:45:52.378] RadarControl.OnPaint[145] EXIT ok
[2026-03-31 12:45:53.338] RadarControl.SetTargets: count=2, selected=none
[2026-03-31 12:45:53.361] RadarControl.OnPaint[146] ENTER width=743 height=743 targets=2 range=13,0
[2026-03-31 12:45:53.375] RadarControl.OnPaint[146] DrawRangeRings
[2026-03-31 12:45:53.376] RadarControl.OnPaint[146] DrawGrid
[2026-03-31 12:45:53.376] RadarControl.OnPaint[146] DrawTracks
[2026-03-31 12:45:53.376] RadarControl.OnPaint[146] DrawTargets begin
[2026-03-31 12:45:53.377] RadarControl.OnPaint[146] DrawTargets end
[2026-03-31 12:45:53.377] RadarControl.OnPaint[146] DrawCenter
[2026-03-31 12:45:53.377] RadarControl.OnPaint[146] EXIT ok
[2026-03-31 12:45:54.344] RadarControl.SetTargets: count=2, selected=none
[2026-03-31 12:45:54.370] RadarControl.OnPaint[147] ENTER width=743 height=743 targets=2 range=13,0
[2026-03-31 12:45:54.384] RadarControl.OnPaint[147] DrawRangeRings
[2026-03-31 12:45:54.385] RadarControl.OnPaint[147] DrawGrid
[2026-03-31 12:45:54.385] RadarControl.OnPaint[147] DrawTracks
[2026-03-31 12:45:54.385] RadarControl.OnPaint[147] DrawTargets begin
[2026-03-31 12:45:54.387] RadarControl.OnPaint[147] DrawTargets end
[2026-03-31 12:45:54.387] RadarControl.OnPaint[147] DrawCenter
[2026-03-31 12:45:54.388] RadarControl.OnPaint[147] EXIT ok
[2026-03-31 12:45:55.338] RadarControl.SetTargets: count=2, selected=none
[2026-03-31 12:45:55.363] RadarControl.OnPaint[148] ENTER width=743 height=743 targets=2 range=13,0
[2026-03-31 12:45:55.378] RadarControl.OnPaint[148] DrawRangeRings
[2026-03-31 12:45:55.379] RadarControl.OnPaint[148] DrawGrid
[2026-03-31 12:45:55.380] RadarControl.OnPaint[148] DrawTracks
[2026-03-31 12:45:55.380] RadarControl.OnPaint[148] DrawTargets begin
[2026-03-31 12:45:55.381] RadarControl.OnPaint[148] DrawTargets end
[2026-03-31 12:45:55.381] RadarControl.OnPaint[148] DrawCenter
[2026-03-31 12:45:55.381] RadarControl.OnPaint[148] EXIT ok
[2026-03-31 12:45:56.338] RadarControl.SetTargets: count=2, selected=none
[2026-03-31 12:45:56.358] RadarControl.OnPaint[149] ENTER width=743 height=743 targets=2 range=13,0
[2026-03-31 12:45:56.375] RadarControl.OnPaint[149] DrawRangeRings
[2026-03-31 12:45:56.376] RadarControl.OnPaint[149] DrawGrid
[2026-03-31 12:45:56.376] RadarControl.OnPaint[149] DrawTracks
[2026-03-31 12:45:56.377] RadarControl.OnPaint[149] DrawTargets begin
[2026-03-31 12:45:56.377] RadarControl.OnPaint[149] DrawTargets end
[2026-03-31 12:45:56.377] RadarControl.OnPaint[149] DrawCenter
[2026-03-31 12:45:56.377] RadarControl.OnPaint[149] EXIT ok
[2026-03-31 12:45:57.335] RadarControl.SetTargets: count=2, selected=none
[2026-03-31 12:45:57.356] RadarControl.OnPaint[150] ENTER width=743 height=743 targets=2 range=13,0
[2026-03-31 12:45:57.371] RadarControl.OnPaint[150] DrawRangeRings
[2026-03-31 12:45:57.372] RadarControl.OnPaint[150] DrawGrid
[2026-03-31 12:45:57.373] RadarControl.OnPaint[150] DrawTracks
[2026-03-31 12:45:57.373] RadarControl.OnPaint[150] DrawTargets begin
[2026-03-31 12:45:57.373] RadarControl.OnPaint[150] DrawTargets end
[2026-03-31 12:45:57.374] RadarControl.OnPaint[150] DrawCenter
[2026-03-31 12:45:57.374] RadarControl.OnPaint[150] EXIT ok
[2026-03-31 12:45:58.339] RadarControl.SetTargets: count=2, selected=none
[2026-03-31 12:45:58.364] RadarControl.OnPaint[151] ENTER width=743 height=743 targets=2 range=13,0
[2026-03-31 12:45:58.378] RadarControl.OnPaint[151] DrawRangeRings
[2026-03-31 12:45:58.379] RadarControl.OnPaint[151] DrawGrid
[2026-03-31 12:45:58.380] RadarControl.OnPaint[151] DrawTracks
[2026-03-31 12:45:58.380] RadarControl.OnPaint[151] DrawTargets begin
[2026-03-31 12:45:58.380] RadarControl.OnPaint[151] DrawTargets end
[2026-03-31 12:45:58.380] RadarControl.OnPaint[151] DrawCenter
[2026-03-31 12:45:58.381] RadarControl.OnPaint[151] EXIT ok
[2026-03-31 12:45:59.338] RadarControl.SetTargets: count=2, selected=none
[2026-03-31 12:45:59.360] RadarControl.OnPaint[152] ENTER width=743 height=743 targets=2 range=13,0
[2026-03-31 12:45:59.375] RadarControl.OnPaint[152] DrawRangeRings
[2026-03-31 12:45:59.376] RadarControl.OnPaint[152] DrawGrid
[2026-03-31 12:45:59.376] RadarControl.OnPaint[152] DrawTracks
[2026-03-31 12:45:59.376] RadarControl.OnPaint[152] DrawTargets begin
[2026-03-31 12:45:59.377] RadarControl.OnPaint[152] DrawTargets end
[2026-03-31 12:45:59.377] RadarControl.OnPaint[152] DrawCenter
[2026-03-31 12:45:59.377] RadarControl.OnPaint[152] EXIT ok
[2026-03-31 12:46:00.339] RadarControl.SetTargets: count=2, selected=none
[2026-03-31 12:46:00.357] RadarControl.OnPaint[153] ENTER width=743 height=743 targets=2 range=13,0
[2026-03-31 12:46:00.370] RadarControl.OnPaint[153] DrawRangeRings
[2026-03-31 12:46:00.371] RadarControl.OnPaint[153] DrawGrid
[2026-03-31 12:46:00.371] RadarControl.OnPaint[153] DrawTracks
[2026-03-31 12:46:00.372] RadarControl.OnPaint[153] DrawTargets begin
[2026-03-31 12:46:00.372] RadarControl.OnPaint[153] DrawTargets end
[2026-03-31 12:46:00.372] RadarControl.OnPaint[153] DrawCenter
[2026-03-31 12:46:00.373] RadarControl.OnPaint[153] EXIT ok
[2026-03-31 12:46:01.338] RadarControl.SetTargets: count=2, selected=none
[2026-03-31 12:46:01.362] RadarControl.OnPaint[154] ENTER width=743 height=743 targets=2 range=13,0
[2026-03-31 12:46:01.376] RadarControl.OnPaint[154] DrawRangeRings
[2026-03-31 12:46:01.376] RadarControl.OnPaint[154] DrawGrid
[2026-03-31 12:46:01.377] RadarControl.OnPaint[154] DrawTracks
[2026-03-31 12:46:01.377] RadarControl.OnPaint[154] DrawTargets begin
[2026-03-31 12:46:01.377] RadarControl.OnPaint[154] DrawTargets end
[2026-03-31 12:46:01.378] RadarControl.OnPaint[154] DrawCenter
[2026-03-31 12:46:01.378] RadarControl.OnPaint[154] EXIT ok
[2026-03-31 12:46:02.339] RadarControl.SetTargets: count=2, selected=none
[2026-03-31 12:46:02.358] RadarControl.OnPaint[155] ENTER width=743 height=743 targets=2 range=13,0
[2026-03-31 12:46:02.372] RadarControl.OnPaint[155] DrawRangeRings
[2026-03-31 12:46:02.373] RadarControl.OnPaint[155] DrawGrid
[2026-03-31 12:46:02.374] RadarControl.OnPaint[155] DrawTracks
[2026-03-31 12:46:02.374] RadarControl.OnPaint[155] DrawTargets begin
[2026-03-31 12:46:02.374] RadarControl.OnPaint[155] DrawTargets end
[2026-03-31 12:46:02.374] RadarControl.OnPaint[155] DrawCenter
[2026-03-31 12:46:02.375] RadarControl.OnPaint[155] EXIT ok
[2026-03-31 12:46:03.339] RadarControl.SetTargets: count=2, selected=none
[2026-03-31 12:46:03.357] RadarControl.OnPaint[156] ENTER width=743 height=743 targets=2 range=13,0
[2026-03-31 12:46:03.371] RadarControl.OnPaint[156] DrawRangeRings
[2026-03-31 12:46:03.372] RadarControl.OnPaint[156] DrawGrid
[2026-03-31 12:46:03.372] RadarControl.OnPaint[156] DrawTracks
[2026-03-31 12:46:03.373] RadarControl.OnPaint[156] DrawTargets begin
[2026-03-31 12:46:03.373] RadarControl.OnPaint[156] DrawTargets end
[2026-03-31 12:46:03.373] RadarControl.OnPaint[156] DrawCenter
[2026-03-31 12:46:03.373] RadarControl.OnPaint[156] EXIT ok
[2026-03-31 12:46:04.337] RadarControl.SetTargets: count=2, selected=none
[2026-03-31 12:46:04.359] RadarControl.OnPaint[157] ENTER width=743 height=743 targets=2 range=13,0
[2026-03-31 12:46:04.373] RadarControl.OnPaint[157] DrawRangeRings
[2026-03-31 12:46:04.373] RadarControl.OnPaint[157] DrawGrid
[2026-03-31 12:46:04.374] RadarControl.OnPaint[157] DrawTracks
[2026-03-31 12:46:04.374] RadarControl.OnPaint[157] DrawTargets begin
[2026-03-31 12:46:04.374] RadarControl.OnPaint[157] DrawTargets end
[2026-03-31 12:46:04.375] RadarControl.OnPaint[157] DrawCenter
[2026-03-31 12:46:04.375] RadarControl.OnPaint[157] EXIT ok
[2026-03-31 12:46:05.338] RadarControl.SetTargets: count=2, selected=none
[2026-03-31 12:46:05.358] RadarControl.OnPaint[158] ENTER width=743 height=743 targets=2 range=13,0
[2026-03-31 12:46:05.373] RadarControl.OnPaint[158] DrawRangeRings
[2026-03-31 12:46:05.374] RadarControl.OnPaint[158] DrawGrid
[2026-03-31 12:46:05.375] RadarControl.OnPaint[158] DrawTracks
[2026-03-31 12:46:05.375] RadarControl.OnPaint[158] DrawTargets begin
[2026-03-31 12:46:05.375] RadarControl.OnPaint[158] DrawTargets end
[2026-03-31 12:46:05.375] RadarControl.OnPaint[158] DrawCenter
[2026-03-31 12:46:05.376] RadarControl.OnPaint[158] EXIT ok
[2026-03-31 12:46:06.337] RadarControl.SetTargets: count=2, selected=none
[2026-03-31 12:46:06.357] RadarControl.OnPaint[159] ENTER width=743 height=743 targets=2 range=13,0
[2026-03-31 12:46:06.371] RadarControl.OnPaint[159] DrawRangeRings
[2026-03-31 12:46:06.371] RadarControl.OnPaint[159] DrawGrid
[2026-03-31 12:46:06.372] RadarControl.OnPaint[159] DrawTracks
[2026-03-31 12:46:06.372] RadarControl.OnPaint[159] DrawTargets begin
[2026-03-31 12:46:06.372] RadarControl.OnPaint[159] DrawTargets end
[2026-03-31 12:46:06.373] RadarControl.OnPaint[159] DrawCenter
[2026-03-31 12:46:06.373] RadarControl.OnPaint[159] EXIT ok
[2026-03-31 12:46:07.334] RadarControl.SetTargets: count=2, selected=none
[2026-03-31 12:46:07.358] RadarControl.OnPaint[160] ENTER width=743 height=743 targets=2 range=13,0
[2026-03-31 12:46:07.371] RadarControl.OnPaint[160] DrawRangeRings
[2026-03-31 12:46:07.372] RadarControl.OnPaint[160] DrawGrid
[2026-03-31 12:46:07.373] RadarControl.OnPaint[160] DrawTracks
[2026-03-31 12:46:07.373] RadarControl.OnPaint[160] DrawTargets begin
[2026-03-31 12:46:07.373] RadarControl.OnPaint[160] DrawTargets end
[2026-03-31 12:46:07.374] RadarControl.OnPaint[160] DrawCenter
[2026-03-31 12:46:07.374] RadarControl.OnPaint[160] EXIT ok
[2026-03-31 12:46:08.338] RadarControl.SetTargets: count=2, selected=none
[2026-03-31 12:46:08.361] RadarControl.OnPaint[161] ENTER width=743 height=743 targets=2 range=13,0
[2026-03-31 12:46:08.375] RadarControl.OnPaint[161] DrawRangeRings
[2026-03-31 12:46:08.376] RadarControl.OnPaint[161] DrawGrid
[2026-03-31 12:46:08.376] RadarControl.OnPaint[161] DrawTracks
[2026-03-31 12:46:08.377] RadarControl.OnPaint[161] DrawTargets begin
[2026-03-31 12:46:08.377] RadarControl.OnPaint[161] DrawTargets end
[2026-03-31 12:46:08.377] RadarControl.OnPaint[161] DrawCenter
[2026-03-31 12:46:08.378] RadarControl.OnPaint[161] EXIT ok
[2026-03-31 12:46:09.338] RadarControl.SetTargets: count=2, selected=none
[2026-03-31 12:46:09.357] RadarControl.OnPaint[162] ENTER width=743 height=743 targets=2 range=13,0
[2026-03-31 12:46:09.371] RadarControl.OnPaint[162] DrawRangeRings
[2026-03-31 12:46:09.372] RadarControl.OnPaint[162] DrawGrid
[2026-03-31 12:46:09.373] RadarControl.OnPaint[162] DrawTracks
[2026-03-31 12:46:09.373] RadarControl.OnPaint[162] DrawTargets begin
[2026-03-31 12:46:09.373] RadarControl.OnPaint[162] DrawTargets end
[2026-03-31 12:46:09.373] RadarControl.OnPaint[162] DrawCenter
[2026-03-31 12:46:09.374] RadarControl.OnPaint[162] EXIT ok
[2026-03-31 12:46:10.337] RadarControl.SetTargets: count=2, selected=none
[2026-03-31 12:46:10.361] RadarControl.OnPaint[163] ENTER width=743 height=743 targets=2 range=13,0
[2026-03-31 12:46:10.375] RadarControl.OnPaint[163] DrawRangeRings
[2026-03-31 12:46:10.375] RadarControl.OnPaint[163] DrawGrid
[2026-03-31 12:46:10.376] RadarControl.OnPaint[163] DrawTracks
[2026-03-31 12:46:10.376] RadarControl.OnPaint[163] DrawTargets begin
[2026-03-31 12:46:10.376] RadarControl.OnPaint[163] DrawTargets end
[2026-03-31 12:46:10.377] RadarControl.OnPaint[163] DrawCenter
[2026-03-31 12:46:10.378] RadarControl.OnPaint[163] EXIT ok
[2026-03-31 12:46:11.338] RadarControl.SetTargets: count=2, selected=none
[2026-03-31 12:46:11.358] RadarControl.OnPaint[164] ENTER width=743 height=743 targets=2 range=13,0
[2026-03-31 12:46:11.373] RadarControl.OnPaint[164] DrawRangeRings
[2026-03-31 12:46:11.373] RadarControl.OnPaint[164] DrawGrid
[2026-03-31 12:46:11.374] RadarControl.OnPaint[164] DrawTracks
[2026-03-31 12:46:11.374] RadarControl.OnPaint[164] DrawTargets begin
[2026-03-31 12:46:11.374] RadarControl.OnPaint[164] DrawTargets end
[2026-03-31 12:46:11.375] RadarControl.OnPaint[164] DrawCenter
[2026-03-31 12:46:11.375] RadarControl.OnPaint[164] EXIT ok
[2026-03-31 12:46:12.338] RadarControl.SetTargets: count=2, selected=none
[2026-03-31 12:46:12.358] RadarControl.OnPaint[165] ENTER width=743 height=743 targets=2 range=13,0
[2026-03-31 12:46:12.373] RadarControl.OnPaint[165] DrawRangeRings
[2026-03-31 12:46:12.374] RadarControl.OnPaint[165] DrawGrid
[2026-03-31 12:46:12.375] RadarControl.OnPaint[165] DrawTracks
[2026-03-31 12:46:12.375] RadarControl.OnPaint[165] DrawTargets begin
[2026-03-31 12:46:12.375] RadarControl.OnPaint[165] DrawTargets end
[2026-03-31 12:46:12.375] RadarControl.OnPaint[165] DrawCenter
[2026-03-31 12:46:12.375] RadarControl.OnPaint[165] EXIT ok
[2026-03-31 12:46:13.338] RadarControl.SetTargets: count=2, selected=none
[2026-03-31 12:46:13.360] RadarControl.OnPaint[166] ENTER width=743 height=743 targets=2 range=13,0
[2026-03-31 12:46:13.373] RadarControl.OnPaint[166] DrawRangeRings
[2026-03-31 12:46:13.374] RadarControl.OnPaint[166] DrawGrid
[2026-03-31 12:46:13.375] RadarControl.OnPaint[166] DrawTracks
[2026-03-31 12:46:13.375] RadarControl.OnPaint[166] DrawTargets begin
[2026-03-31 12:46:13.375] RadarControl.OnPaint[166] DrawTargets end
[2026-03-31 12:46:13.375] RadarControl.OnPaint[166] DrawCenter
[2026-03-31 12:46:13.375] RadarControl.OnPaint[166] EXIT ok
[2026-03-31 12:46:14.338] RadarControl.SetTargets: count=2, selected=none
[2026-03-31 12:46:14.357] RadarControl.OnPaint[167] ENTER width=743 height=743 targets=2 range=13,0
[2026-03-31 12:46:14.372] RadarControl.OnPaint[167] DrawRangeRings
[2026-03-31 12:46:14.373] RadarControl.OnPaint[167] DrawGrid
[2026-03-31 12:46:14.373] RadarControl.OnPaint[167] DrawTracks
[2026-03-31 12:46:14.373] RadarControl.OnPaint[167] DrawTargets begin
[2026-03-31 12:46:14.374] RadarControl.OnPaint[167] DrawTargets end
[2026-03-31 12:46:14.374] RadarControl.OnPaint[167] DrawCenter
[2026-03-31 12:46:14.374] RadarControl.OnPaint[167] EXIT ok
[2026-03-31 12:46:15.338] RadarControl.SetTargets: count=2, selected=none
[2026-03-31 12:46:15.362] RadarControl.OnPaint[168] ENTER width=743 height=743 targets=2 range=13,0
[2026-03-31 12:46:15.378] RadarControl.OnPaint[168] DrawRangeRings
[2026-03-31 12:46:15.379] RadarControl.OnPaint[168] DrawGrid
[2026-03-31 12:46:15.379] RadarControl.OnPaint[168] DrawTracks
[2026-03-31 12:46:15.379] RadarControl.OnPaint[168] DrawTargets begin
[2026-03-31 12:46:15.380] RadarControl.OnPaint[168] DrawTargets end
[2026-03-31 12:46:15.380] RadarControl.OnPaint[168] DrawCenter
[2026-03-31 12:46:15.380] RadarControl.OnPaint[168] EXIT ok
[2026-03-31 12:46:16.338] RadarControl.SetTargets: count=2, selected=none
[2026-03-31 12:46:16.358] RadarControl.OnPaint[169] ENTER width=743 height=743 targets=2 range=13,0
[2026-03-31 12:46:16.372] RadarControl.OnPaint[169] DrawRangeRings
[2026-03-31 12:46:16.373] RadarControl.OnPaint[169] DrawGrid
[2026-03-31 12:46:16.373] RadarControl.OnPaint[169] DrawTracks
[2026-03-31 12:46:16.373] RadarControl.OnPaint[169] DrawTargets begin
[2026-03-31 12:46:16.374] RadarControl.OnPaint[169] DrawTargets end
[2026-03-31 12:46:16.374] RadarControl.OnPaint[169] DrawCenter
[2026-03-31 12:46:16.374] RadarControl.OnPaint[169] EXIT ok
[2026-03-31 12:46:17.338] RadarControl.SetTargets: count=2, selected=none
[2026-03-31 12:46:17.357] RadarControl.OnPaint[170] ENTER width=743 height=743 targets=2 range=13,0
[2026-03-31 12:46:17.371] RadarControl.OnPaint[170] DrawRangeRings
[2026-03-31 12:46:17.372] RadarControl.OnPaint[170] DrawGrid
[2026-03-31 12:46:17.372] RadarControl.OnPaint[170] DrawTracks
[2026-03-31 12:46:17.372] RadarControl.OnPaint[170] DrawTargets begin
[2026-03-31 12:46:17.373] RadarControl.OnPaint[170] DrawTargets end
[2026-03-31 12:46:17.373] RadarControl.OnPaint[170] DrawCenter
[2026-03-31 12:46:17.374] RadarControl.OnPaint[170] EXIT ok
[2026-03-31 12:46:18.214] Program.Main: Application.Run returned normally
[2026-03-31 12:53:22.821] ========== APP START ==========
[2026-03-31 12:53:22.824] Program.Main: before Application.Run
[2026-03-31 12:53:23.210] RadarControl.SetTargets: count=0, selected=none
[2026-03-31 12:53:23.223] RadarControl.SetTargets: count=0, selected=none
[2026-03-31 12:53:23.234] RadarControl.SetTargets: count=0, selected=none
[2026-03-31 12:53:23.366] RadarControl.OnPaint[1] ENTER width=743 height=743 targets=0 range=13,0
[2026-03-31 12:53:23.399] RadarControl.OnPaint[1] DrawRangeRings
[2026-03-31 12:53:23.401] RadarControl.OnPaint[1] DrawGrid
[2026-03-31 12:53:23.402] RadarControl.OnPaint[1] DrawTracks
[2026-03-31 12:53:23.404] RadarControl.OnPaint[1] DrawTargets begin
[2026-03-31 12:53:23.407] RadarControl.OnPaint[1] DrawTargets end
[2026-03-31 12:53:23.407] RadarControl.OnPaint[1] DrawCenter
[2026-03-31 12:53:23.410] RadarControl.OnPaint[1] EXIT ok
[2026-03-31 12:53:23.494] RadarControl.SetTargets: count=0, selected=none
[2026-03-31 12:53:23.505] RadarControl.OnPaint[2] ENTER width=743 height=743 targets=0 range=13,0
[2026-03-31 12:53:23.518] RadarControl.OnPaint[2] DrawRangeRings
[2026-03-31 12:53:23.519] RadarControl.OnPaint[2] DrawGrid
[2026-03-31 12:53:23.520] RadarControl.OnPaint[2] DrawTracks
[2026-03-31 12:53:23.520] RadarControl.OnPaint[2] DrawTargets begin
[2026-03-31 12:53:23.520] RadarControl.OnPaint[2] DrawTargets end
[2026-03-31 12:53:23.520] RadarControl.OnPaint[2] DrawCenter
[2026-03-31 12:53:23.521] RadarControl.OnPaint[2] EXIT ok
[2026-03-31 12:53:39.901] RadarControl.SetTargets: count=0, selected=none
[2026-03-31 12:53:39.913] RadarControl.SetTargets: count=0, selected=none
[2026-03-31 12:53:39.931] RadarControl.OnPaint[3] ENTER width=743 height=743 targets=0 range=13,0
[2026-03-31 12:53:39.947] RadarControl.OnPaint[3] DrawRangeRings
[2026-03-31 12:53:39.947] RadarControl.OnPaint[3] DrawGrid
[2026-03-31 12:53:39.948] RadarControl.OnPaint[3] DrawTracks
[2026-03-31 12:53:39.948] RadarControl.OnPaint[3] DrawTargets begin
[2026-03-31 12:53:39.948] RadarControl.OnPaint[3] DrawTargets end
[2026-03-31 12:53:39.949] RadarControl.OnPaint[3] DrawCenter
[2026-03-31 12:53:39.949] RadarControl.OnPaint[3] EXIT ok
[2026-03-31 12:54:05.782] Program.Main: Application.Run returned normally
[2026-03-31 12:55:39.936] ========== APP START ==========
[2026-03-31 12:55:39.938] Program.Main: before Application.Run
[2026-03-31 12:55:40.315] RadarControl.SetTargets: count=0, selected=none
[2026-03-31 12:55:40.326] RadarControl.SetTargets: count=0, selected=none
[2026-03-31 12:55:40.336] RadarControl.SetTargets: count=0, selected=none
[2026-03-31 12:55:40.470] RadarControl.OnPaint[1] ENTER width=743 height=743 targets=0 range=13,0
[2026-03-31 12:55:40.503] RadarControl.OnPaint[1] DrawRangeRings
[2026-03-31 12:55:40.505] RadarControl.OnPaint[1] DrawGrid
[2026-03-31 12:55:40.506] RadarControl.OnPaint[1] DrawTracks
[2026-03-31 12:55:40.507] RadarControl.OnPaint[1] DrawTargets begin
[2026-03-31 12:55:40.509] RadarControl.OnPaint[1] DrawTargets end
[2026-03-31 12:55:40.509] RadarControl.OnPaint[1] DrawCenter
[2026-03-31 12:55:40.512] RadarControl.OnPaint[1] EXIT ok
[2026-03-31 12:55:40.627] RadarControl.SetTargets: count=0, selected=none
[2026-03-31 12:55:40.636] RadarControl.OnPaint[2] ENTER width=743 height=743 targets=0 range=13,0
[2026-03-31 12:55:40.651] RadarControl.OnPaint[2] DrawRangeRings
[2026-03-31 12:55:40.651] RadarControl.OnPaint[2] DrawGrid
[2026-03-31 12:55:40.651] RadarControl.OnPaint[2] DrawTracks
[2026-03-31 12:55:40.652] RadarControl.OnPaint[2] DrawTargets begin
[2026-03-31 12:55:40.652] RadarControl.OnPaint[2] DrawTargets end
[2026-03-31 12:55:40.652] RadarControl.OnPaint[2] DrawCenter
[2026-03-31 12:55:40.653] RadarControl.OnPaint[2] EXIT ok
[2026-03-31 12:59:05.104] Program.Main: Application.Run returned normally
