Terminal log file
Date: 21.07.2024 - 19:23:05
-----------------------------------------------
Hex , Squawk, Flight, alt , pres alt, speed, course, vert_rate,   lat   ,    lon   , air_type, Ti
--------------------------------------------------------------------------------------------
151D97,2165,         ,1279,   1279,   320,    258,   1216,      0.000000,  0.000000, 9, 0


Hex , Squawk, Flight, alt , pres alt, speed, course, vert_rate,   lat   ,    lon   , air_type, Ti
--------------------------------------------------------------------------------------------
151D97,2165,         ,1279,   1279,   320,    258,   1216,      0.000000,  0.000000, 9, 0


Hex , Squawk, Flight, alt , pres alt, speed, course, vert_rate,   lat   ,    lon   , air_type, Ti
--------------------------------------------------------------------------------------------
151D97,2165,         ,1287,   1287,   320,    258,   1216,      0.000000,  0.000000, 9, 0


Hex , Squawk, Flight, alt , pres alt, speed, course, vert_rate,   lat   ,    lon   , air_type, Ti
--------------------------------------------------------------------------------------------
151D97,2165,         ,1287,   1287,   320,    258,   1216,      0.000000,  0.000000, 9, 0


Hex , Squawk, Flight, alt , pres alt, speed, course, vert_rate,   lat   ,    lon   , air_type, Ti
--------------------------------------------------------------------------------------------
151D97,2165,         ,1287,   1287,   322,    257,   1088,      0.000000,  0.000000, 9, 0


Hex , Squawk, Flight, alt , pres alt, speed, course, vert_rate,   lat   ,    lon   , air_type, Ti
--------------------------------------------------------------------------------------------
151D97,2165,         ,1287,   1287,   322,    257,   1088,      0.000000,  0.000000, 9, 0


Hex , Squawk, Flight, alt , pres alt, speed, course, vert_rate,   lat   ,    lon   , air_type, Ti
--------------------------------------------------------------------------------------------
151D97,2165,         ,1287,   1287,   322,    257,   1088,      0.000000,  0.000000, 9, 0


Hex , Squawk, Flight, alt , pres alt, speed, course, vert_rate,   lat   ,    lon   , air_type, Ti
--------------------------------------------------------------------------------------------
151D97,2165,         ,1287,   1287,   322,    257,   1088,      0.000000,  0.000000, 9, 0


Hex , Squawk, Flight, alt , pres alt, speed, course, vert_rate,   lat   ,    lon   , air_type, Ti
--------------------------------------------------------------------------------------------
151D97,2165,         ,1294,   1294,   322,    257,   1088,      0.000000,  0.000000, 9, 0


Hex , Squawk, Flight, alt , pres alt, speed, course, vert_rate,   lat   ,    lon   , air_type, Ti
--------------------------------------------------------------------------------------------
151D97,2165,         ,1294,   1294,   322,    257,   1088,      0.000000,  0.000000, 9, 0


Hex , Squawk, Flight, alt , pres alt, speed, course, vert_rate,   lat   ,    lon   , air_type, Ti
--------------------------------------------------------------------------------------------
151D97,2165,         ,1294,   1294,   322,    257,   1088,      0.000000,  0.000000, 9, 0


Hex , Squawk, Flight, alt , pres alt, speed, course, vert_rate,   lat   ,    lon   , air_type, Ti
--------------------------------------------------------------------------------------------
151D97,2165,         ,1294,   1294,   322,    257,   1088,      0.000000,  0.000000, 9, 1


Hex , Squawk, Flight, alt , pres alt, speed, course, vert_rate,   lat   ,    lon   , air_type, Ti
--------------------------------------------------------------------------------------------
151D97,2165,         ,1294,   1294,   322,    257,   1088,      0.000000,  0.000000, 9, 0


Hex , Squawk, Flight, alt , pres alt, speed, course, vert_rate,   lat   ,    lon   , air_type, Ti
--------------------------------------------------------------------------------------------
151D97,2165,         ,1294,   1294,   322,    257,   1088,      0.000000,  0.000000, 9, 0


Hex , Squawk, Flight, alt , pres alt, speed, course, vert_rate,   lat   ,    lon   , air_type, Ti
--------------------------------------------------------------------------------------------
151D97,2165,         ,1294,   1294,   322,    257,   1088,      0.000000,  0.000000, 9, 0


Hex , Squawk, Flight, alt , pres alt, speed, course, vert_rate,   lat   ,    lon   , air_type, Ti
--------------------------------------------------------------------------------------------
151D97,2165, AFL1118 ,1302,   1302,   322,    257,   1088,      0.000000,  0.000000, 9, 0


Hex , Squawk, Flight, alt , pres alt, speed, course, vert_rate,   lat   ,    lon   , air_type, Ti
--------------------------------------------------------------------------------------------
151D97,2165, AFL1118 ,1302,   1302,   322,    257,   1088,      0.000000,  0.000000, 9, 0


Hex , Squawk, Flight, alt , pres alt, speed, course, vert_rate,   lat   ,    lon   , air_type, Ti
--------------------------------------------------------------------------------------------
151D97,2165, AFL1118 ,1302,   1302,   322,    257,   1088,      0.000000,  0.000000, 9, 0


Hex , Squawk, Flight, alt , pres alt, speed, course, vert_rate,   lat   ,    lon   , air_type, Ti
--------------------------------------------------------------------------------------------
151D97,2165, AFL1118 ,1302,   1302,   322,    257,   1088,      0.000000,  0.000000, 9, 0


Hex , Squawk, Flight, alt , pres alt, speed, course, vert_rate,   lat   ,    lon   , air_type, Ti
--------------------------------------------------------------------------------------------
151D97,2165, AFL1118 ,1309,   1309,   322,    257,   1088,      0.000000,  0.000000, 9, 0


Hex , Squawk, Flight, alt , pres alt, speed, course, vert_rate,   lat   ,    lon   , air_type, Ti
--------------------------------------------------------------------------------------------
151D97,2165, AFL1118 ,1309,   1309,   322,    257,   1088,      0.000000,  0.000000, 9, 0


Hex , Squawk, Flight, alt , pres alt, speed, course, vert_rate,   lat   ,    lon   , air_type, Ti
--------------------------------------------------------------------------------------------
151D97,2165, AFL1118 ,1309,   1309,   322,    257,   1088,      0.000000,  0.000000, 9, 0


Hex , Squawk, Flight, alt , pres alt, speed, course, vert_rate,   lat   ,    lon   , air_type, Ti
--------------------------------------------------------------------------------------------
151D97,2165, AFL1118 ,1309,   1309,   322,    257,   1088,      0.000000,  0.000000, 9, 0


Hex , Squawk, Flight, alt , pres alt, speed, course, vert_rate,   lat   ,    lon   , air_type, Ti
--------------------------------------------------------------------------------------------
151D97,2165, AFL1118 ,1446,   1446,   377,    257,   1408,      0.000000,  0.000000, 9, 10


Hex , Squawk, Flight, alt , pres alt, speed, course, vert_rate,   lat   ,    lon   , air_type, Ti
--------------------------------------------------------------------------------------------
151D97,2165, AFL1118 ,1446,   1446,   377,    257,   1408,      0.000000,  0.000000, 9, 10


Hex , Squawk, Flight, alt , pres alt, speed, course, vert_rate,   lat   ,    lon   , air_type, Ti
--------------------------------------------------------------------------------------------
151D97,2165, AFL1118 ,1446,   1446,   377,    257,   1408,      0.000000,  0.000000, 9, 11


Hex , Squawk, Flight, alt , pres alt, speed, course, vert_rate,   lat   ,    lon   , air_type, Ti
--------------------------------------------------------------------------------------------
151D97,2165, AFL1118 ,1446,   1446,   377,    257,   1408,      0.000000,  0.000000, 9, 11


Hex , Squawk, Flight, alt , pres alt, speed, course, vert_rate,   lat   ,    lon   , air_type, Ti
--------------------------------------------------------------------------------------------
151D97,2165, AFL1118 ,1446,   1446,   377,    257,   1408,      0.000000,  0.000000, 9, 11


Hex , Squawk, Flight, alt , pres alt, speed, course, vert_rate,   lat   ,    lon   , air_type, Ti
--------------------------------------------------------------------------------------------
151D97,2165, AFL1118 ,1446,   1446,   377,    257,   1408,      0.000000,  0.000000, 9, 11


Hex , Squawk, Flight, alt , pres alt, speed, course, vert_rate,   lat   ,    lon   , air_type, Ti
--------------------------------------------------------------------------------------------
151D97,2165, AFL1118 ,1446,   1446,   377,    257,   1408,      0.000000,  0.000000, 9, 12


Hex , Squawk, Flight, alt , pres alt, speed, course, vert_rate,   lat   ,    lon   , air_type, Ti
--------------------------------------------------------------------------------------------
151D97,2165, AFL1118 ,1446,   1446,   377,    257,   1408,      0.000000,  0.000000, 9, 12


Hex , Squawk, Flight, alt , pres alt, speed, course, vert_rate,   lat   ,    lon   , air_type, Ti
--------------------------------------------------------------------------------------------
151D97,2165, AFL1118 ,1446,   1446,   377,    257,   1408,      0.000000,  0.000000, 9, 12


Hex , Squawk, Flight, alt , pres alt, speed, course, vert_rate,   lat   ,    lon   , air_type, Ti
--------------------------------------------------------------------------------------------
151D97,2165, AFL1118 ,1446,   1446,   377,    257,   1408,      0.000000,  0.000000, 9, 13


Hex , Squawk, Flight, alt , pres alt, speed, course, vert_rate,   lat   ,    lon   , air_type, Ti
--------------------------------------------------------------------------------------------
151D97,2165, AFL1118 ,1446,   1446,   377,    257,   1408,      0.000000,  0.000000, 9, 13


Hex , Squawk, Flight, alt , pres alt, speed, course, vert_rate,   lat   ,    lon   , air_type, Ti
--------------------------------------------------------------------------------------------
151D97,2165, AFL1118 ,1446,   1446,   377,    257,   1408,      0.000000,  0.000000, 9, 13


Hex , Squawk, Flight, alt , pres alt, speed, course, vert_rate,   lat   ,    lon   , air_type, Ti
--------------------------------------------------------------------------------------------
151D97,2165, AFL1118 ,1446,   1446,   377,    257,   1408,      0.000000,  0.000000, 9, 13


Hex , Squawk, Flight, alt , pres alt, speed, course, vert_rate,   lat   ,    lon   , air_type, Ti
--------------------------------------------------------------------------------------------
151D97,2165, AFL1118 ,1446,   1446,   377,    257,   1408,      0.000000,  0.000000, 9, 14


Hex , Squawk, Flight, alt , pres alt, speed, course, vert_rate,   lat   ,    lon   , air_type, Ti
--------------------------------------------------------------------------------------------
151D97,2165, AFL1118 ,1446,   1446,   377,    257,   1408,      0.000000,  0.000000, 9, 14


Hex , Squawk, Flight, alt , pres alt, speed, course, vert_rate,   lat   ,    lon   , air_type, Ti
--------------------------------------------------------------------------------------------
151D97,2165, AFL1118 ,1446,   1446,   377,    257,   1408,      0.000000,  0.000000, 9, 14


Hex , Squawk, Flight, alt , pres alt, speed, course, vert_rate,   lat   ,    lon   , air_type, Ti
--------------------------------------------------------------------------------------------
151D97,2165, AFL1118 ,1446,   1446,   377,    257,   1408,      0.000000,  0.000000, 9, 15


Hex , Squawk, Flight, alt , pres alt, speed, course, vert_rate,   lat   ,    lon   , air_type, Ti
--------------------------------------------------------------------------------------------
151D97,2165, AFL1118 ,1446,   1446,   377,    257,   1408,      0.000000,  0.000000, 9, 15


Hex , Squawk, Flight, alt , pres alt, speed, course, vert_rate,   lat   ,    lon   , air_type, Ti
--------------------------------------------------------------------------------------------
151D97,2165, AFL1118 ,1446,   1446,   377,    257,   1408,      0.000000,  0.000000, 9, 15


Hex , Squawk, Flight, alt , pres alt, speed, course, vert_rate,   lat   ,    lon   , air_type, Ti
--------------------------------------------------------------------------------------------
151D97,2165, AFL1118 ,1446,   1446,   377,    257,   1408,      0.000000,  0.000000, 9, 16


Hex , Squawk, Flight, alt , pres alt, speed, course, vert_rate,   lat   ,    lon   , air_type, Ti
--------------------------------------------------------------------------------------------
151D97,2165, AFL1118 ,1446,   1446,   377,    257,   1408,      0.000000,  0.000000, 9, 16


Hex , Squawk, Flight, alt , pres alt, speed, course, vert_rate,   lat   ,    lon   , air_type, Ti
--------------------------------------------------------------------------------------------
151D97,2165, AFL1118 ,1446,   1446,   377,    257,   1408,      0.000000,  0.000000, 9, 16


Hex , Squawk, Flight, alt , pres alt, speed, course, vert_rate,   lat   ,    lon   , air_type, Ti
--------------------------------------------------------------------------------------------
151D97,2165, AFL1118 ,1446,   1446,   377,    257,   1408,      0.000000,  0.000000, 9, 16


Hex , Squawk, Flight, alt , pres alt, speed, course, vert_rate,   lat   ,    lon   , air_type, Ti
--------------------------------------------------------------------------------------------
151D97,2165, AFL1118 ,1446,   1446,   377,    257,   1408,      0.000000,  0.000000, 9, 17


Hex , Squawk, Flight, alt , pres alt, speed, course, vert_rate,   lat   ,    lon   , air_type, Ti
--------------------------------------------------------------------------------------------
151D97,2165, AFL1118 ,1446,   1446,   377,    257,   1408,      0.000000,  0.000000, 9, 17


Hex , Squawk, Flight, alt , pres alt, speed, course, vert_rate,   lat   ,    lon   , air_type, Ti
--------------------------------------------------------------------------------------------
151D97,2165, AFL1118 ,1446,   1446,   377,    257,   1408,      0.000000,  0.000000, 9, 17


Hex , Squawk, Flight, alt , pres alt, speed, course, vert_rate,   lat   ,    lon   , air_type, Ti
--------------------------------------------------------------------------------------------
151D97,2165, AFL1118 ,1446,   1446,   377,    257,   1408,      0.000000,  0.000000, 9, 17


17, CCA910  ,1591,   1591,   411,    258,   2560,      0.000000,  0.000000, 9, 18


Hex , Squawk, Flight, alt , pres alt, speed, course, vert_rate,   lat   ,    lon   , air_type, Ti
--------------------------------------------------------------------------------------------
7809A9,2117, CCA910  ,1591,   1591,   411,    258,   2560,      0.000000,  0.000000, 9, 19


Hex , Squawk, Flight, alt , pres alt, speed, course, vert_rate,   lat   ,    lon   , air_type, Ti
--------------------------------------------------------------------------------------------
7809A9,2117, CCA910  ,1591,   1591,   411,    258,   2560,      0.000000,  0.000000, 9, 19


Hex , Squawk, Flight, alt , pres alt, speed, course, vert_rate,   lat   ,    lon   , air_type, Ti
--------------------------------------------------------------------------------------------
7809A9,2117, CCA910  ,1591,   1591,   411,    258,   2560,      0.000000,  0.000000, 9, 19


Hex , Squawk, Flight, alt , pres alt, speed, course, vert_rate,   lat   ,    lon   , air_type, Ti
--------------------------------------------------------------------------------------------
7809A9,2117, CCA910  ,1591,   1591,   411,    258,   2560,      0.000000,  0.000000, 9, 19


Hex , Squawk, Flight, alt , pres alt, speed, course, vert_rate,   lat   ,    lon   , air_type, Ti
--------------------------------------------------------------------------------------------
7809A9,2117, CCA910  ,1591,   1591,   411,    258,   2560,      0.000000,  0.000000, 9, 20


Hex , Squawk, Flight, alt , pres alt, speed, course, vert_rate,   lat   ,    lon   , air_type, Ti
--------------------------------------------------------------------------------------------
151D56,0,         ,0,   0,   0,    0,   0,      0.000000,  0.000000, 9, 0


Hex , Squawk, Flight, alt , pres alt, speed, course, vert_rate,   lat   ,    lon   , air_type, Ti
--------------------------------------------------------------------------------------------
7809A9,2117, CCA910  ,1591,   1591,   411,    258,   2560,      0.000000,  0.000000, 9, 20


Hex , Squawk, Flight, alt , pres alt, speed, course, vert_rate,   lat   ,    lon   , air_type, Ti
--------------------------------------------------------------------------------------------
151D56,0,         ,0,   0,   0,    0,   0,      0.000000,  0.000000, 9, 0


Hex , Squawk, Flight, alt , pres alt, speed, course, vert_rate,   lat   ,    lon   , air_type, Ti
--------------------------------------------------------------------------------------------
7809A9,2117, CCA910  ,1591,   1591,   411,    258,   2560,      0.000000,  0.000000, 9, 20


Hex , Squawk, Flight, alt , pres alt, speed, course, vert_rate,   lat   ,    lon   , air_type, Ti
--------------------------------------------------------------------------------------------
151D56,0,         ,0,   0,   0,    0,   0,      0.000000,  0.000000, 9, 1


Hex , Squawk, Flight, alt , pres alt, speed, course, vert_rate,   lat   ,    lon   , air_type, Ti
--------------------------------------------------------------------------------------------
7809A9,2117, CCA910  ,1591,   1591,   411,    258,   2560,      0.000000,  0.000000, 9, 21


Hex , Squawk, Flight, alt , pres alt, speed, course, vert_rate,   lat   ,    lon   , air_type, Ti
--------------------------------------------------------------------------------------------
151D56,0,         ,0,   0,   0,    0,   0,      0.000000,  0.000000, 9, 1


Hex , Squawk, Flight, alt , pres alt, speed, course, vert_rate,   lat   ,    lon   , air_type, Ti
--------------------------------------------------------------------------------------------
7809A9,2117, CCA910  ,1591,   1591,   411,    258,   2560,      0.000000,  0.000000, 9, 21


Hex , Squawk, Flight, alt , pres alt, speed, course, vert_rate,   lat   ,    lon   , air_type, Ti
--------------------------------------------------------------------------------------------
151D56,0,         ,0,   0,   0,    0,   0,      0.000000,  0.000000, 9, 1


Hex , Squawk, Flight, alt , pres alt, speed, course, vert_rate,   lat   ,    lon   , air_type, Ti
--------------------------------------------------------------------------------------------
7809A9,2117, CCA910  ,1591,   1591,   411,    258,   2560,      0.000000,  0.000000, 9, 21


Hex , Squawk, Flight, alt , pres alt, speed, course, vert_rate,   lat   ,    lon   , air_type, Ti
--------------------------------------------------------------------------------------------
151D56,0,         ,0,   0,   0,    0,   0,      0.000000,  0.000000, 9, 1


Hex , Squawk, Flight, alt , pres alt, speed, course, vert_rate,   lat   ,    lon   , air_type, Ti
--------------------------------------------------------------------------------------------
7809A9,2117, CCA910  ,1591,   1591,   411,    258,   2560,      0.000000,  0.000000, 9, 21


Hex , Squawk, Flight, alt , pres alt, speed, course, vert_rate,   lat   ,    lon   , air_type, Ti
--------------------------------------------------------------------------------------------
151D56,0,         ,0,   0,   0,    0,   0,      0.000000,  0.000000, 9, 2


Hex , Squawk, Flight, alt , pres alt, speed, course, vert_rate,   lat   ,    lon   , air_type, Ti
--------------------------------------------------------------------------------------------
7809A9,2117, CCA910  ,1591,   1591,   411,    258,   2560,      0.000000,  0.000000, 9, 22


Hex , Squawk, Flight, alt , pres alt, speed, course, vert_rate,   lat   ,    lon   , air_type, Ti
--------------------------------------------------------------------------------------------
151D56,0,         ,0,   0,   0,    0,   0,      0.000000,  0.000000, 9, 2


Hex , Squawk, Flight, alt , pres alt, speed, course, vert_rate,   lat   ,    lon   , air_type, Ti
--------------------------------------------------------------------------------------------
7809A9,2117, CCA910  ,1591,   1591,   411,    258,   2560,      0.000000,  0.000000, 9, 22


Hex , Squawk, Flight, alt , pres alt, speed, course, vert_rate,   lat   ,    lon   , air_type, Ti
--------------------------------------------------------------------------------------------
151D56,0,         ,0,   0,   0,    0,   0,      0.000000,  0.000000, 9, 2


Hex , Squawk, Flight, alt , pres alt, speed, course, vert_rate,   lat   ,    lon   , air_type, Ti
--------------------------------------------------------------------------------------------
7809A9,2117, CCA910  ,1591,   1591,   411,    258,   2560,      0.000000,  0.000000, 9, 22


Hex , Squawk, Flight, alt , pres alt, speed, course, vert_rate,   lat   ,    lon   , air_type, Ti
--------------------------------------------------------------------------------------------
151D56,0,         ,0,   0,   0,    0,   0,      0.000000,  0.000000, 9, 2


Hex , Squawk, Flight, alt , pres alt, speed, course, vert_rate,   lat   ,    lon   , air_type, Ti
--------------------------------------------------------------------------------------------
7809A9,2117, CCA910  ,1591,   1591,   411,    258,   2560,      0.000000,  0.000000, 9, 22


Hex , Squawk, Flight, alt , pres alt, speed, course, vert_rate,   lat   ,    lon   , air_type, Ti
--------------------------------------------------------------------------------------------
151D56,0,         ,0,   0,   0,    0,   0,      0.000000,  0.000000, 9, 3


Hex , Squawk, Flight, alt , pres alt, speed, course, vert_rate,   lat   ,    lon   , air_type, Ti
--------------------------------------------------------------------------------------------
7809A9,2117, CCA910  ,1591,   1591,   411,    258,   2560,      0.000000,  0.000000, 9, 23


Hex , Squawk, Flight, alt , pres alt, speed, course, vert_rate,   lat   ,    lon   , air_type, Ti
--------------------------------------------------------------------------------------------
151D56,0,         ,0,   0,   0,    0,   0,      0.000000,  0.000000, 9, 3


Hex , Squawk, Flight, alt , pres alt, speed, course, vert_rate,   lat   ,    lon   , air_type, Ti
--------------------------------------------------------------------------------------------
7809A9,2117, CCA910  ,1591,   1591,   411,    258,   2560,      0.000000,  0.000000, 9, 23


Hex , Squawk, Flight, alt , pres alt, speed, course, vert_rate,   lat   ,    lon   , air_type, Ti
--------------------------------------------------------------------------------------------
151D56,0,         ,0,   0,   0,    0,   0,      0.000000,  0.000000, 9, 3


Hex , Squawk, Flight, alt , pres alt, speed, course, vert_rate,   lat   ,    lon   , air_type, Ti
--------------------------------------------------------------------------------------------
7809A9,2117, CCA910  ,1591,   1591,   411,    258,   2560,      0.000000,  0.000000, 9, 23


Hex , Squawk, Flight, alt , pres alt, speed, course, vert_rate,   lat   ,    lon   , air_type, Ti
--------------------------------------------------------------------------------------------
151D56,0,         ,0,   0,   0,    0,   0,      0.000000,  0.000000, 9, 3


Hex , Squawk, Flight, alt , pres alt, speed, course, vert_rate,   lat   ,    lon   , air_type, Ti
--------------------------------------------------------------------------------------------
7809A9,2117, CCA910  ,1591,   1591,   411,    258,   2560,      0.000000,  0.000000, 9, 23


Hex , Squawk, Flight, alt , pres alt, speed, course, vert_rate,   lat   ,    lon   , air_type, Ti
--------------------------------------------------------------------------------------------
151D56,0,         ,0,   0,   0,    0,   0,      0.000000,  0.000000, 9, 4


Hex , Squawk, Flight, alt , pres alt, speed, course, vert_rate,   lat   ,    lon   , air_type, Ti
--------------------------------------------------------------------------------------------
7809A9,2117, CCA910  ,1591,   1591,   411,    258,   2560,      0.000000,  0.000000, 9, 24


Hex , Squawk, Flight, alt , pres alt, speed, course, vert_rate,   lat   ,    lon   , air_type, Ti
--------------------------------------------------------------------------------------------
151D56,0,         ,0,   0,   0,    0,   0,      0.000000,  0.000000, 9, 4


Hex , Squawk, Flight, alt , pres alt, speed, course, vert_rate,   lat   ,    lon   , air_type, Ti
--------------------------------------------------------------------------------------------
7809A9,2117, CCA910  ,1591,   1591,   411,    258,   2560,      0.000000,  0.000000, 9, 24


Hex , Squawk, Flight, alt , pres alt, speed, course, vert_rate,   lat   ,    lon   , air_type, Ti
--------------------------------------------------------------------------------------------
151D56,0,         ,0,   0,   0,    0,   0,      0.000000,  0.000000, 9, 0


Hex , Squawk, Flight, alt , pres alt, speed, course, vert_rate,   lat   ,    lon   , air_type, Ti
--------------------------------------------------------------------------------------------
7809A9,2117, CCA910  ,1591,   1591,   411,    258,   2560,      0.000000,  0.000000, 9, 24


Hex , Squawk, Flight, alt , pres alt, speed, course, vert_rate,   lat   ,    lon   , air_type, Ti
--------------------------------------------------------------------------------------------
151D56,0,         ,0,   0,   0,    0,   0,      0.000000,  0.000000, 9, 0


Hex , Squawk, Flight, alt , pres alt, speed, course, vert_rate,   lat   ,    lon   , air_type, Ti
--------------------------------------------------------------------------------------------
7809A9,2117, CCA910  ,1591,   1591,   411,    258,   2560,      0.000000,  0.000000, 9, 24


Hex , Squawk, Flight, alt , pres alt, speed, course, vert_rate,   lat   ,    lon   , air_type, Ti
--------------------------------------------------------------------------------------------
151D56,0,         ,0,   0,   0,    0,   0,      0.000000,  0.000000, 9, 0


Hex , Squawk, Flight, alt , pres alt, speed, course, vert_rate,   lat   ,    lon   , air_type, Ti
--------------------------------------------------------------------------------------------
7809A9,2117, CCA910  ,1591,   1591,   411,    258,   2560,      0.000000,  0.000000, 9, 25


Hex , Squawk, Flight, alt , pres alt, speed, course, vert_rate,   lat   ,    lon   , air_type, Ti
--------------------------------------------------------------------------------------------
151D56,0,         ,0,   0,   0,    0,   0,      0.000000,  0.000000, 9, 0


Hex , Squawk, Flight, alt , pres alt, speed, course, vert_rate,   lat   ,    lon   , air_type, Ti
--------------------------------------------------------------------------------------------
7809A9,2117, CCA910  ,1591,   1591,   411,    258,   2560,      0.000000,  0.000000, 9, 25


Hex , Squawk, Flight, alt , pres alt, speed, course, vert_rate,   lat   ,    lon   , air_type, Ti
--------------------------------------------------------------------------------------------
151D56,0,         ,0,   0,   0,    0,   0,      0.000000,  0.000000, 9, 0


Hex , Squawk, Flight, alt , pres alt, speed, course, vert_rate,   lat   ,    lon   , air_type, Ti
--------------------------------------------------------------------------------------------
7809A9,2117, CCA910  ,1591,   1591,   411,    258,   2560,      0.000000,  0.000000, 9, 25


Hex , Squawk, Flight, alt , pres alt, speed, course, vert_rate,   lat   ,    lon   , air_type, Ti
--------------------------------------------------------------------------------------------
151D56,0,         ,0,   0,   0,    0,   0,      0.000000,  0.000000, 9, 0


Hex , Squawk, Flight, alt , pres alt, speed, course, vert_rate,   lat   ,    lon   , air_type, Ti
--------------------------------------------------------------------------------------------
7809A9,2117, CCA910  ,1591,   1591,   411,    258,   2560,      0.000000,  0.000000, 9, 25


Hex , Squawk, Flight, alt , pres alt, speed, course, vert_rate,   lat   ,    lon   , air_type, Ti
--------------------------------------------------------------------------------------------
151D56,0,         ,0,   0,   0,    0,   0,      0.000000,  0.000000, 9, 1


Hex , Squawk, Flight, alt , pres alt, speed, course, vert_rate,   lat   ,    lon   , air_type, Ti
--------------------------------------------------------------------------------------------
7809A9,2117, CCA910  ,1591,   1591,   411,    258,   2560,      0.000000,  0.000000, 9, 26


Hex , Squawk, Flight, alt , pres alt, speed, course, vert_rate,   lat   ,    lon   , air_type, Ti
--------------------------------------------------------------------------------------------
151D56,0,         ,0,   0,   0,    0,   0,      0.000000,  0.000000, 9, 1


Hex , Squawk, Flight, alt , pres alt, speed, course, vert_rate,   lat   ,    lon   , air_type, Ti
--------------------------------------------------------------------------------------------
7809A9,2117, CCA910  ,1591,   1591,   411,    258,   2560,      0.000000,  0.000000, 9, 26


Hex , Squawk, Flight, alt , pres alt, speed, course, vert_rate,   lat   ,    lon   , air_type, Ti
--------------------------------------------------------------------------------------------
151D56,0,         ,0,   0,   0,    0,   0,      0.000000,  0.000000, 9, 1


Hex , Squawk, Flight, alt , pres alt, speed, course, vert_rate,   lat   ,    lon   , air_type, Ti
--------------------------------------------------------------------------------------------
7809A9,2117, CCA910  ,1591,   1591,   411,    258,   2560,      0.000000,  0.000000, 9, 26


Hex , Squawk, Flight, alt , pres alt, speed, course, vert_rate,   lat   ,    lon   , air_type, Ti
--------------------------------------------------------------------------------------------
151D56,0,         ,0,   0,   0,    0,   0,      0.000000,  0.000000, 9, 2


Hex , Squawk, Flight, alt , pres alt, speed, course, vert_rate,   lat   ,    lon   , air_type, Ti
--------------------------------------------------------------------------------------------
7809A9,2117, CCA910  ,1591,   1591,   411,    258,   2560,      0.000000,  0.000000, 9, 27


Hex , Squawk, Flight, alt , pres alt, speed, course, vert_rate,   lat   ,    lon   , air_type, Ti
--------------------------------------------------------------------------------------------
151D56,0,         ,0,   0,   0,    0,   0,      0.000000,  0.000000, 9, 2


Hex , Squawk, Flight, alt , pres alt, speed, course, vert_rate,   lat   ,    lon   , air_type, Ti
--------------------------------------------------------------------------------------------
7809A9,2117, CCA910  ,1591,   1591,   411,    258,   2560,      0.000000,  0.000000, 9, 27


Hex , Squawk, Flight, alt , pres alt, speed, course, vert_rate,   lat   ,    lon   , air_type, Ti
--------------------------------------------------------------------------------------------
151D56,0,         ,0,   0,   0,    0,   0,      0.000000,  0.000000, 9, 0


Hex , Squawk, Flight, alt , pres alt, speed, course, vert_rate,   lat   ,    lon   , air_type, Ti
--------------------------------------------------------------------------------------------
7809A9,2117, CCA910  ,1591,   1591,   411,    258,   2560,      0.000000,  0.000000, 9, 27


Hex , Squawk, Flight, alt , pres alt, speed, course, vert_rate,   lat   ,    lon   , air_type, Ti
--------------------------------------------------------------------------------------------
151D56,0,         ,0,   0,   0,    0,   0,      0.000000,  0.000000, 9, 0


Hex , Squawk, Flight, alt , pres alt, speed, course, vert_rate,   lat   ,    lon   , air_type, Ti
--------------------------------------------------------------------------------------------
7809A9,2117, CCA910  ,1591,   1591,   411,    258,   2560,      0.000000,  0.000000, 9, 27


Hex , Squawk, Flight, alt , pres alt, speed, course, vert_rate,   lat   ,    lon   , air_type, Ti
--------------------------------------------------------------------------------------------
151D56,0,         ,0,   0,   0,    0,   0,      0.000000,  0.000000, 9, 1


Hex , Squawk, Flight, alt , pres alt, speed, course, vert_rate,   lat   ,    lon   , air_type, Ti
--------------------------------------------------------------------------------------------
7809A9,2117, CCA910  ,1591,   1591,   411,    258,   2560,      0.000000,  0.000000, 9, 28


Hex , Squawk, Flight, alt , pres alt, speed, course, vert_rate,   lat   ,    lon   , air_type, Ti
--------------------------------------------------------------------------------------------
151D56,0,         ,0,   0,   0,    0,   0,      0.000000,  0.000000, 9, 1


Hex , Squawk, Flight, alt , pres alt, speed, course, vert_rate,   lat   ,    lon   , air_type, Ti
--------------------------------------------------------------------------------------------
7809A9,2117, CCA910  ,1591,   1591,   411,    258,   2560,      0.000000,  0.000000, 9, 28


Hex , Squawk, Flight, alt , pres alt, speed, course, vert_rate,   lat   ,    lon   , air_type, Ti
--------------------------------------------------------------------------------------------
151D56,0,         ,0,   0,   0,    0,   0,      0.000000,  0.000000, 9, 1


Hex , Squawk, Flight, alt , pres alt, speed, course, vert_rate,   lat   ,    lon   , air_type, Ti
--------------------------------------------------------------------------------------------
7809A9,2117, CCA910  ,1591,   1591,   411,    258,   2560,      0.000000,  0.000000, 9, 28


Hex , Squawk, Flight, alt , pres alt, speed, course, vert_rate,   lat   ,    lon   , air_type, Ti
--------------------------------------------------------------------------------------------
151D56,0,         ,0,   0,   0,    0,   0,      0.000000,  0.000000, 9, 1


Hex , Squawk, Flight, alt , pres alt, speed, course, vert_rate,   lat   ,    lon   , air_type, Ti
--------------------------------------------------------------------------------------------
7809A9,2117, CCA910  ,1591,   1591,   411,    258,   2560,      0.000000,  0.000000, 9, 28


Hex , Squawk, Flight, alt , pres alt, speed, course, vert_rate,   lat   ,    lon   , air_type, Ti
--------------------------------------------------------------------------------------------
151D56,0,         ,0,   0,   0,    0,   0,      0.000000,  0.000000, 9, 2


Hex , Squawk, Flight, alt , pres alt, speed, course, vert_rate,   lat   ,    lon   , air_type, Ti
--------------------------------------------------------------------------------------------
7809A9,2117, CCA910  ,1591,   1591,   411,    258,   2560,      0.000000,  0.000000, 9, 29


Hex , Squawk, Flight, alt , pres alt, speed, course, vert_rate,   lat   ,    lon   , air_type, Ti
--------------------------------------------------------------------------------------------
151D56,0,         ,0,   0,   0,    0,   0,      0.000000,  0.000000, 9, 2


Hex , Squawk, Flight, alt , pres alt, speed, course, vert_rate,   lat   ,    lon   , air_type, Ti
--------------------------------------------------------------------------------------------
7809A9,2117, CCA910  ,1591,   1591,   411,    258,   2560,      0.000000,  0.000000, 9, 29


Hex , Squawk, Flight, alt , pres alt, speed, course, vert_rate,   lat   ,    lon   , air_type, Ti
--------------------------------------------------------------------------------------------
151D56,0,         ,0,   0,   0,    0,   0,      0.000000,  0.000000, 9, 2


Hex , Squawk, Flight, alt , pres alt, speed, course, vert_rate,   lat   ,    lon   , air_type, Ti
--------------------------------------------------------------------------------------------
7809A9,2117, CCA910  ,1591,   1591,   411,    258,   2560,      0.000000,  0.000000, 9, 29


Hex , Squawk, Flight, alt , pres alt, speed, course, vert_rate,   lat   ,    lon   , air_type, Ti
--------------------------------------------------------------------------------------------
151D56,0,         ,0,   0,   0,    0,   0,      0.000000,  0.000000, 9, 2


Hex , Squawk, Flight, alt , pres alt, speed, course, vert_rate,   lat   ,    lon   , air_type, Ti
--------------------------------------------------------------------------------------------
7809A9,2117, CCA910  ,1591,   1591,   411,    258,   2560,      0.000000,  0.000000, 9, 29


Hex , Squawk, Flight, alt , pres alt, speed, course, vert_rate,   lat   ,    lon   , air_type, Ti
--------------------------------------------------------------------------------------------
151D56,0,         ,0,   0,   0,    0,   0,      0.000000,  0.000000, 9, 3


Hex , Squawk, Flight, alt , pres alt, speed, course, vert_rate,   lat   ,    lon   , air_type, Ti
--------------------------------------------------------------------------------------------
7809A9,2117, CCA910  ,1591,   1591,   411,    258,   2560,      0.000000,  0.000000, 9, 30


Hex , Squawk, Flight, alt , pres alt, speed, course, vert_rate,   lat   ,    lon   , air_type, Ti
--------------------------------------------------------------------------------------------
151D56,0,         ,0,   0,   0,    0,   0,      0.000000,  0.000000, 9, 3


Hex , Squawk, Flight, alt , pres alt, speed, course, vert_rate,   lat   ,    lon   , air_type, Ti
--------------------------------------------------------------------------------------------
7809A9,2117, CCA910  ,1591,   1591,   411,    258,   2560,      0.000000,  0.000000, 9, 30


Hex , Squawk, Flight, alt , pres alt, speed, course, vert_rate,   lat   ,    lon   , air_type, Ti
--------------------------------------------------------------------------------------------
151D56,0,         ,0,   0,   0,    0,   0,      0.000000,  0.000000, 9, 3


Hex , Squawk, Flight, alt , pres alt, speed, course, vert_rate,   lat   ,    lon   , air_type, Ti
--------------------------------------------------------------------------------------------
7809A9,2117, CCA910  ,1591,   1591,   411,    258,   2560,      0.000000,  0.000000, 9, 30


Hex , Squawk, Flight, alt , pres alt, speed, course, vert_rate,   lat   ,    lon   , air_type, Ti
--------------------------------------------------------------------------------------------
151D56,0,         ,0,   0,   0,    0,   0,      0.000000,  0.000000, 9, 0


Hex , Squawk, Flight, alt , pres alt, speed, course, vert_rate,   lat   ,    lon   , air_type, Ti
--------------------------------------------------------------------------------------------
7809A9,2117, CCA910  ,1591,   1591,   411,    258,   2560,      0.000000,  0.000000, 9, 30


Hex , Squawk, Flight, alt , pres alt, speed, course, vert_rate,   lat   ,    lon   , air_type, Ti
--------------------------------------------------------------------------------------------
151D56,0,         ,0,   0,   0,    0,   0,      0.000000,  0.000000, 9, 1


Hex , Squawk, Flight, alt , pres alt, speed, course, vert_rate,   lat   ,    lon   , air_type, Ti
--------------------------------------------------------------------------------------------
7809A9,2117, CCA910  ,1591,   1591,   411,    258,   2560,      0.000000,  0.000000, 9, 31


Hex , Squawk, Flight, alt , pres alt, speed, course, vert_rate,   lat   ,    lon   , air_type, Ti
--------------------------------------------------------------------------------------------
151D56,0,         ,0,   0,   0,    0,   0,      0.000000,  0.000000, 9, 1


Hex , Squawk, Flight, alt , pres alt, speed, course, vert_rate,   lat   ,    lon   , air_type, Ti
--------------------------------------------------------------------------------------------
7809A9,2117, CCA910  ,1591,   1591,   411,    258,   2560,      0.000000,  0.000000, 9, 31


Hex , Squawk, Flight, alt , pres alt, speed, course, vert_rate,   lat   ,    lon   , air_type, Ti
--------------------------------------------------------------------------------------------
151D56,0,         ,0,   0,   0,    0,   0,      0.000000,  0.000000, 9, 1


Hex , Squawk, Flight, alt , pres alt, speed, course, vert_rate,   lat   ,    lon   , air_type, Ti
--------------------------------------------------------------------------------------------
7809A9,2117, CCA910  ,1591,   1591,   411,    258,   2560,      0.000000,  0.000000, 9, 31


Hex , Squawk, Flight, alt , pres alt, speed, course, vert_rate,   lat   ,    lon   , air_type, Ti
--------------------------------------------------------------------------------------------
151D56,0,         ,0,   0,   0,    0,   0,      0.000000,  0.000000, 9, 2


Hex , Squawk, Flight, alt , pres alt, speed, course, vert_rate,   lat   ,    lon   , air_type, Ti
--------------------------------------------------------------------------------------------
7809A9,2117, CCA910  ,1591,   1591,   411,    258,   2560,      0.000000,  0.000000, 9, 32


Hex , Squawk, Flight, alt , pres alt, speed, course, vert_rate,   lat   ,    lon   , air_type, Ti
--------------------------------------------------------------------------------------------
151D56,0,         ,0,   0,   0,    0,   0,      0.000000,  0.000000, 9, 2


Hex , Squawk, Flight, alt , pres alt, speed, course, vert_rate,   lat   ,    lon   , air_type, Ti
--------------------------------------------------------------------------------------------
7809A9,2117, CCA910  ,1591,   1591,   411,    258,   2560,      0.000000,  0.000000, 9, 32


Hex , Squawk, Flight, alt , pres alt, speed, course, vert_rate,   lat   ,    lon   , air_type, Ti
--------------------------------------------------------------------------------------------
151D56,0,         ,0,   0,   0,    0,   0,      0.000000,  0.000000, 9, 2


Hex , Squawk, Flight, alt , pres alt, speed, course, vert_rate,   lat   ,    lon   , air_type, Ti
--------------------------------------------------------------------------------------------
7809A9,2117, CCA910  ,1591,   1591,   411,    258,   2560,      0.000000,  0.000000, 9, 32


Hex , Squawk, Flight, alt , pres alt, speed, course, vert_rate,   lat   ,    lon   , air_type, Ti
--------------------------------------------------------------------------------------------
151D56,0,         ,0,   0,   0,    0,   0,      0.000000,  0.000000, 9, 2


Hex , Squawk, Flight, alt , pres alt, speed, course, vert_rate,   lat   ,    lon   , air_type, Ti
--------------------------------------------------------------------------------------------
7809A9,2117, CCA910  ,1591,   1591,   411,    258,   2560,      0.000000,  0.000000, 9, 32


Hex , Squawk, Flight, alt , pres alt, speed, course, vert_rate,   lat   ,    lon   , air_type, Ti
--------------------------------------------------------------------------------------------
151D56,0,         ,0,   0,   0,    0,   0,      0.000000,  0.000000, 9, 3


Hex , Squawk, Flight, alt , pres alt, speed, course, vert_rate,   lat   ,    lon   , air_type, Ti
--------------------------------------------------------------------------------------------
7809A9,2117, CCA910  ,1591,   1591,   411,    258,   2560,      0.000000,  0.000000, 9, 33


Hex , Squawk, Flight, alt , pres alt, speed, course, vert_rate,   lat   ,    lon   , air_type, Ti
--------------------------------------------------------------------------------------------
151D56,0,         ,0,   0,   0,    0,   0,      0.000000,  0.000000, 9, 3


Hex , Squawk, Flight, alt , pres alt, speed, course, vert_rate,   lat   ,    lon   , air_type, Ti
--------------------------------------------------------------------------------------------
7809A9,2117, CCA910  ,1591,   1591,   411,    258,   2560,      0.000000,  0.000000, 9, 33


Hex , Squawk, Flight, alt , pres alt, speed, course, vert_rate,   lat   ,    lon   , air_type, Ti
--------------------------------------------------------------------------------------------
151D56,0,         ,0,   0,   0,    0,   0,      0.000000,  0.000000, 9, 3


Hex , Squawk, Flight, alt , pres alt, speed, course, vert_rate,   lat   ,    lon   , air_type, Ti
--------------------------------------------------------------------------------------------
7809A9,2117, CCA910  ,1591,   1591,   411,    258,   2560,      0.000000,  0.000000, 9, 33


Hex , Squawk, Flight, alt , pres alt, speed, course, vert_rate,   lat   ,    lon   , air_type, Ti
--------------------------------------------------------------------------------------------
151D56,0,         ,0,   0,   0,    0,   0,      0.000000,  0.000000, 9, 3


Hex , Squawk, Flight, alt , pres alt, speed, course, vert_rate,   lat   ,    lon   , air_type, Ti
--------------------------------------------------------------------------------------------
7809A9,2117, CCA910  ,1591,   1591,   411,    258,   2560,      0.000000,  0.000000, 9, 33


Hex , Squawk, Flight, alt , pres alt, speed, course, vert_rate,   lat   ,    lon   , air_type, Ti
--------------------------------------------------------------------------------------------
151D56,0,         ,0,   0,   0,    0,   0,      0.000000,  0.000000, 9, 4


Hex , Squawk, Flight, alt , pres alt, speed, course, vert_rate,   lat   ,    lon   , air_type, Ti
--------------------------------------------------------------------------------------------
7809A9,2117, CCA910  ,1591,   1591,   411,    258,   2560,      0.000000,  0.000000, 9, 34


Hex , Squawk, Flight, alt , pres alt, speed, course, vert_rate,   lat   ,    lon   , air_type, Ti
--------------------------------------------------------------------------------------------
151D56,0,         ,0,   0,   0,    0,   0,      0.000000,  0.000000, 9, 4


Hex , Squawk, Flight, alt , pres alt, speed, course, vert_rate,   lat   ,    lon   , air_type, Ti
--------------------------------------------------------------------------------------------
7809A9,2117, CCA910  ,1591,   1591,   411,    258,   2560,      0.000000,  0.000000, 9, 34


Hex , Squawk, Flight, alt , pres alt, speed, course, vert_rate,   lat   ,    lon   , air_type, Ti
--------------------------------------------------------------------------------------------
151D56,0,         ,0,   0,   0,    0,   0,      0.000000,  0.000000, 9, 4


Hex , Squawk, Flight, alt , pres alt, speed, course, vert_rate,   lat   ,    lon   , air_type, Ti
--------------------------------------------------------------------------------------------
7809A9,2117, CCA910  ,1591,   1591,   411,    258,   2560,      0.000000,  0.000000, 9, 34


Hex , Squawk, Flight, alt , pres alt, speed, course, vert_rate,   lat   ,    lon   , air_type, Ti
--------------------------------------------------------------------------------------------
151D56,0,         ,0,   0,   0,    0,   0,      0.000000,  0.000000, 9, 4


Hex , Squawk, Flight, alt , pres alt, speed, course, vert_rate,   lat   ,    lon   , air_type, Ti
--------------------------------------------------------------------------------------------
7809A9,2117, CCA910  ,1591,   1591,   411,    258,   2560,      0.000000,  0.000000, 9, 34


Hex , Squawk, Flight, alt , pres alt, speed, course, vert_rate,   lat   ,    lon   , air_type, Ti
--------------------------------------------------------------------------------------------
151D56,0,         ,0,   0,   0,    0,   0,      0.000000,  0.000000, 9, 5


Hex , Squawk, Flight, alt , pres alt, speed, course, vert_rate,   lat   ,    lon   , air_type, Ti
--------------------------------------------------------------------------------------------
7809A9,2117, CCA910  ,1591,   1591,   411,    258,   2560,      0.000000,  0.000000, 9, 35


Hex , Squawk, Flight, alt , pres alt, speed, course, vert_rate,   lat   ,    lon   , air_type, Ti
--------------------------------------------------------------------------------------------
151D56,0,         ,0,   0,   0,    0,   0,      0.000000,  0.000000, 9, 5


Hex , Squawk, Flight, alt , pres alt, speed, course, vert_rate,   lat   ,    lon   , air_type, Ti
--------------------------------------------------------------------------------------------
7809A9,2117, CCA910  ,1591,   1591,   411,    258,   2560,      0.000000,  0.000000, 9, 35


Hex , Squawk, Flight, alt , pres alt, speed, course, vert_rate,   lat   ,    lon   , air_type, Ti
--------------------------------------------------------------------------------------------
151D56,0,         ,0,   0,   0,    0,   0,      0.000000,  0.000000, 9, 5


Hex , Squawk, Flight, alt , pres alt, speed, course, vert_rate,   lat   ,    lon   , air_type, Ti
--------------------------------------------------------------------------------------------
7809A9,2117, CCA910  ,1591,   1591,   411,    258,   2560,      0.000000,  0.000000, 9, 35


Hex , Squawk, Flight, alt , pres alt, speed, course, vert_rate,   lat   ,    lon   , air_type, Ti
--------------------------------------------------------------------------------------------
151D56,0,         ,0,   0,   0,    0,   0,      0.000000,  0.000000, 9, 5


Hex , Squawk, Flight, alt , pres alt, speed, course, vert_rate,   lat   ,    lon   , air_type, Ti
--------------------------------------------------------------------------------------------
7809A9,2117, CCA910  ,1591,   1591,   411,    258,   2560,      0.000000,  0.000000, 9, 35


Hex , Squawk, Flight, alt , pres alt, speed, course, vert_rate,   lat   ,    lon   , air_type, Ti
--------------------------------------------------------------------------------------------
151D56,0,         ,0,   0,   0,    0,   0,      0.000000,  0.000000, 9, 6


Hex , Squawk, Flight, alt , pres alt, speed, course, vert_rate,   lat   ,    lon   , air_type, Ti
--------------------------------------------------------------------------------------------
7809A9,2117, CCA910  ,1591,   1591,   411,    258,   2560,      0.000000,  0.000000, 9, 36


Hex , Squawk, Flight, alt , pres alt, speed, course, vert_rate,   lat   ,    lon   , air_type, Ti
--------------------------------------------------------------------------------------------
151D56,0,         ,0,   0,   0,    0,   0,      0.000000,  0.000000, 9, 6


Hex , Squawk, Flight, alt , pres alt, speed, course, vert_rate,   lat   ,    lon   , air_type, Ti
--------------------------------------------------------------------------------------------
7809A9,2117, CCA910  ,1591,   1591,   411,    258,   2560,      0.000000,  0.000000, 9, 36


Hex , Squawk, Flight, alt , pres alt, speed, course, vert_rate,   lat   ,    lon   , air_type, Ti
--------------------------------------------------------------------------------------------
151D56,0,         ,0,   0,   0,    0,   0,      0.000000,  0.000000, 9, 6


Hex , Squawk, Flight, alt , pres alt, speed, course, vert_rate,   lat   ,    lon   , air_type, Ti
--------------------------------------------------------------------------------------------
7809A9,2117, CCA910  ,1591,   1591,   411,    258,   2560,      0.000000,  0.000000, 9, 36


Hex , Squawk, Flight, alt , pres alt, speed, course, vert_rate,   lat   ,    lon   , air_type, Ti
--------------------------------------------------------------------------------------------
151D56,0,         ,0,   0,   0,    0,   0,      0.000000,  0.000000, 9, 7


Hex , Squawk, Flight, alt , pres alt, speed, course, vert_rate,   lat   ,    lon   , air_type, Ti
--------------------------------------------------------------------------------------------
7809A9,2117, CCA910  ,1591,   1591,   411,    258,   2560,      0.000000,  0.000000, 9, 37


Hex , Squawk, Flight, alt , pres alt, speed, course, vert_rate,   lat   ,    lon   , air_type, Ti
--------------------------------------------------------------------------------------------
151D56,0,         ,0,   0,   0,    0,   0,      0.000000,  0.000000, 9, 7


Hex , Squawk, Flight, alt , pres alt, speed, course, vert_rate,   lat   ,    lon   , air_type, Ti
--------------------------------------------------------------------------------------------
7809A9,2117, CCA910  ,1591,   1591,   411,    258,   2560,      0.000000,  0.000000, 9, 37


Hex , Squawk, Flight, alt , pres alt, speed, course, vert_rate,   lat   ,    lon   , air_type, Ti
--------------------------------------------------------------------------------------------
151D56,0,         ,0,   0,   0,    0,   0,      0.000000,  0.000000, 9, 7


Hex , Squawk, Flight, alt , pres alt, speed, course, vert_rate,   lat   ,    lon   , air_type, Ti
--------------------------------------------------------------------------------------------
7809A9,2117, CCA910  ,1591,   1591,   411,    258,   2560,      0.000000,  0.000000, 9, 37


Hex , Squawk, Flight, alt , pres alt, speed, course, vert_rate,   lat   ,    lon   , air_type, Ti
--------------------------------------------------------------------------------------------
151D56,0,         ,0,   0,   0,    0,   0,      0.000000,  0.000000, 9, 7


Hex , Squawk, Flight, alt , pres alt, speed, course, vert_rate,   lat   ,    lon   , air_type, Ti
--------------------------------------------------------------------------------------------
7809A9,2117, CCA910  ,1591,   1591,   411,    258,   2560,      0.000000,  0.000000, 9, 37


Hex , Squawk, Flight, alt , pres alt, speed, course, vert_rate,   lat   ,    lon   , air_type, Ti
--------------------------------------------------------------------------------------------
151D56,0,         ,0,   0,   0,    0,   0,      0.000000,  0.000000, 9, 8


Hex , Squawk, Flight, alt , pres alt, speed, course, vert_rate,   lat   ,    lon   , air_type, Ti
--------------------------------------------------------------------------------------------
7809A9,2117, CCA910  ,1591,   1591,   411,    258,   2560,      0.000000,  0.000000, 9, 38


Hex , Squawk, Flight, alt , pres alt, speed, course, vert_rate,   lat   ,    lon   , air_type, Ti
--------------------------------------------------------------------------------------------
151D56,0,         ,0,   0,   0,    0,   0,      0.000000,  0.000000, 9, 8


Hex , Squawk, Flight, alt , pres alt, speed, course, vert_rate,   lat   ,    lon   , air_type, Ti
--------------------------------------------------------------------------------------------
7809A9,2117, CCA910  ,1591,   1591,   411,    258,   2560,      0.000000,  0.000000, 9, 38


Hex , Squawk, Flight, alt , pres alt, speed, course, vert_rate,   lat   ,    lon   , air_type, Ti
--------------------------------------------------------------------------------------------
151D56,0,         ,0,   0,   0,    0,   0,      0.000000,  0.000000, 9, 8


Hex , Squawk, Flight, alt , pres alt, speed, course, vert_rate,   lat   ,    lon   , air_type, Ti
--------------------------------------------------------------------------------------------
7809A9,2117, CCA910  ,1591,   1591,   411,    258,   2560,      0.000000,  0.000000, 9, 38


Hex , Squawk, Flight, alt , pres alt, speed, course, vert_rate,   lat   ,    lon   , air_type, Ti
--------------------------------------------------------------------------------------------
151D56,0,         ,0,   0,   0,    0,   0,      0.000000,  0.000000, 9, 8


Hex , Squawk, Flight, alt , pres alt, speed, course, vert_rate,   lat   ,    lon   , air_type, Ti
--------------------------------------------------------------------------------------------
7809A9,2117, CCA910  ,1591,   1591,   411,    258,   2560,      0.000000,  0.000000, 9, 38


Hex , Squawk, Flight, alt , pres alt, speed, course, vert_rate,   lat   ,    lon   , air_type, Ti
--------------------------------------------------------------------------------------------
151D56,0,         ,0,   0,   0,    0,   0,      0.000000,  0.000000, 9, 9


Hex , Squawk, Flight, alt , pres alt, speed, course, vert_rate,   lat   ,    lon   , air_type, Ti
--------------------------------------------------------------------------------------------
7809A9,2117, CCA910  ,1591,   1591,   411,    258,   2560,      0.000000,  0.000000, 9, 39


Hex , Squawk, Flight, alt , pres alt, speed, course, vert_rate,   lat   ,    lon   , air_type, Ti
--------------------------------------------------------------------------------------------
151D56,0,         ,0,   0,   0,    0,   0,      0.000000,  0.000000, 9, 9


Hex , Squawk, Flight, alt , pres alt, speed, course, vert_rate,   lat   ,    lon   , air_type, Ti
--------------------------------------------------------------------------------------------
7809A9,2117, CCA910  ,1591,   1591,   411,    258,   2560,      0.000000,  0.000000, 9, 39


Hex , Squawk, Flight, alt , pres alt, speed, course, vert_rate,   lat   ,    lon   , air_type, Ti
--------------------------------------------------------------------------------------------
151D56,0,         ,0,   0,   0,    0,   0,      0.000000,  0.000000, 9, 0


Hex , Squawk, Flight, alt , pres alt, speed, course, vert_rate,   lat   ,    lon   , air_type, Ti
--------------------------------------------------------------------------------------------
7809A9,2117, CCA910  ,1591,   1591,   411,    258,   2560,      0.000000,  0.000000, 9, 39


Hex , Squawk, Flight, alt , pres alt, speed, course, vert_rate,   lat   ,    lon   , air_type, Ti
--------------------------------------------------------------------------------------------
151D56,0,         ,0,   0,   0,    0,   0,      0.000000,  0.000000, 9, 0


Hex , Squawk, Flight, alt , pres alt, speed, course, vert_rate,   lat   ,    lon   , air_type, Ti
--------------------------------------------------------------------------------------------
7809A9,2117, CCA910  ,1591,   1591,   411,    258,   2560,      0.000000,  0.000000, 9, 39


Hex , Squawk, Flight, alt , pres alt, speed, course, vert_rate,   lat   ,    lon   , air_type, Ti
--------------------------------------------------------------------------------------------
151D56,0,         ,0,   0,   0,    0,   0,      0.000000,  0.000000, 9, 1


Hex , Squawk, Flight, alt , pres alt, speed, course, vert_rate,   lat   ,    lon   , air_type, Ti
--------------------------------------------------------------------------------------------
7809A9,2117, CCA910  ,1591,   1591,   411,    258,   2560,      0.000000,  0.000000, 9, 40


Hex , Squawk, Flight, alt , pres alt, speed, course, vert_rate,   lat   ,    lon   , air_type, Ti
--------------------------------------------------------------------------------------------
151D56,0,         ,0,   0,   0,    0,   0,      0.000000,  0.000000, 9, 0


Hex , Squawk, Flight, alt , pres alt, speed, course, vert_rate,   lat   ,    lon   , air_type, Ti
--------------------------------------------------------------------------------------------
7809A9,2117, CCA910  ,1591,   1591,   411,    258,   2560,      0.000000,  0.000000, 9, 40


Hex , Squawk, Flight, alt , pres alt, speed, course, vert_rate,   lat   ,    lon   , air_type, Ti
--------------------------------------------------------------------------------------------
151D56,0,         ,0,   0,   0,    0,   0,      0.000000,  0.000000, 9, 0


Hex , Squawk, Flight, alt , pres alt, speed, course, vert_rate,   lat   ,    lon   , air_type, Ti
--------------------------------------------------------------------------------------------
7809A9,2117, CCA910  ,1591,   1591,   411,    258,   2560,      0.000000,  0.000000, 9, 40


Hex , Squawk, Flight, alt , pres alt, speed, course, vert_rate,   lat   ,    lon   , air_type, Ti
--------------------------------------------------------------------------------------------
151D56,0,         ,0,   0,   0,    0,   0,      0.000000,  0.000000, 9, 0


Hex , Squawk, Flight, alt , pres alt, speed, course, vert_rate,   lat   ,    lon   , air_type, Ti
--------------------------------------------------------------------------------------------
7809A9,2117, CCA910  ,1591,   1591,   411,    258,   2560,      0.000000,  0.000000, 9, 40


Hex , Squawk, Flight, alt , pres alt, speed, course, vert_rate,   lat   ,    lon   , air_type, Ti
--------------------------------------------------------------------------------------------
151D56,0,         ,0,   0,   0,    0,   0,      0.000000,  0.000000, 9, 1


Hex , Squawk, Flight, alt , pres alt, speed, course, vert_rate,   lat   ,    lon   , air_type, Ti
--------------------------------------------------------------------------------------------
7809A9,2117, CCA910  ,1591,   1591,   411,    258,   2560,      0.000000,  0.000000, 9, 41


Hex , Squawk, Flight, alt , pres alt, speed, course, vert_rate,   lat   ,    lon   , air_type, Ti
--------------------------------------------------------------------------------------------
151D56,0,         ,0,   0,   0,    0,   0,      0.000000,  0.000000, 9, 1


Hex , Squawk, Flight, alt , pres alt, speed, course, vert_rate,   lat   ,    lon   , air_type, Ti
--------------------------------------------------------------------------------------------
7809A9,2117, CCA910  ,1591,   1591,   411,    258,   2560,      0.000000,  0.000000, 9, 41


Hex , Squawk, Flight, alt , pres alt, speed, course, vert_rate,   lat   ,    lon   , air_type, Ti
--------------------------------------------------------------------------------------------
151D56,0,         ,0,   0,   0,    0,   0,      0.000000,  0.000000, 9, 1


Hex , Squawk, Flight, alt , pres alt, speed, course, vert_rate,   lat   ,    lon   , air_type, Ti
--------------------------------------------------------------------------------------------
7809A9,2117, CCA910  ,1591,   1591,   411,    258,   2560,      0.000000,  0.000000, 9, 41


Hex , Squawk, Flight, alt , pres alt, speed, course, vert_rate,   lat   ,    lon   , air_type, Ti
--------------------------------------------------------------------------------------------
151D56,0,         ,0,   0,   0,    0,   0,      0.000000,  0.000000, 9, 1


Hex , Squawk, Flight, alt , pres alt, speed, course, vert_rate,   lat   ,    lon   , air_type, Ti
--------------------------------------------------------------------------------------------
7809A9,2117, CCA910  ,1591,   1591,   411,    258,   2560,      0.000000,  0.000000, 9, 41


Hex , Squawk, Flight, alt , pres alt, speed, course, vert_rate,   lat   ,    lon   , air_type, Ti
--------------------------------------------------------------------------------------------
151D56,0,         ,0,   0,   0,    0,   0,      0.000000,  0.000000, 9, 2


Hex , Squawk, Flight, alt , pres alt, speed, course, vert_rate,   lat   ,    lon   , air_type, Ti
--------------------------------------------------------------------------------------------
7809A9,2117, CCA910  ,1591,   1591,   411,    258,   2560,      0.000000,  0.000000, 9, 42


Hex , Squawk, Flight, alt , pres alt, speed, course, vert_rate,   lat   ,    lon   , air_type, Ti
--------------------------------------------------------------------------------------------
151D56,0,         ,0,   0,   0,    0,   0,      0.000000,  0.000000, 9, 2


Hex , Squawk, Flight, alt , pres alt, speed, course, vert_rate,   lat   ,    lon   , air_type, Ti
--------------------------------------------------------------------------------------------
7809A9,2117, CCA910  ,1591,   1591,   411,    258,   2560,      0.000000,  0.000000, 9, 42


Hex , Squawk, Flight, alt , pres alt, speed, course, vert_rate,   lat   ,    lon   , air_type, Ti
--------------------------------------------------------------------------------------------
151D56,0,         ,0,   0,   0,    0,   0,      0.000000,  0.000000, 9, 2


Hex , Squawk, Flight, alt , pres alt, speed, course, vert_rate,   lat   ,    lon   , air_type, Ti
--------------------------------------------------------------------------------------------
7809A9,2117, CCA910  ,1591,   1591,   411,    258,   2560,      0.000000,  0.000000, 9, 42


Hex , Squawk, Flight, alt , pres alt, speed, course, vert_rate,   lat   ,    lon   , air_type, Ti
--------------------------------------------------------------------------------------------
151D56,0,         ,0,   0,   0,    0,   0,      0.000000,  0.000000, 9, 3


Hex , Squawk, Flight, alt , pres alt, speed, course, vert_rate,   lat   ,    lon   , air_type, Ti
--------------------------------------------------------------------------------------------
7809A9,2117, CCA910  ,1591,   1591,   411,    258,   2560,      0.000000,  0.000000, 9, 43


Hex , Squawk, Flight, alt , pres alt, speed, course, vert_rate,   lat   ,    lon   , air_type, Ti
--------------------------------------------------------------------------------------------
151D56,0,         ,0,   0,   0,    0,   0,      0.000000,  0.000000, 9, 3


Hex , Squawk, Flight, alt , pres alt, speed, course, vert_rate,   lat   ,    lon   , air_type, Ti
--------------------------------------------------------------------------------------------
7809A9,2117, CCA910  ,1591,   1591,   411,    258,   2560,      0.000000,  0.000000, 9, 43


Hex , Squawk, Flight, alt , pres alt, speed, course, vert_rate,   lat   ,    lon   , air_type, Ti
--------------------------------------------------------------------------------------------
151D56,0,         ,0,   0,   0,    0,   0,      0.000000,  0.000000, 9, 3


Hex , Squawk, Flight, alt , pres alt, speed, course, vert_rate,   lat   ,    lon   , air_type, Ti
--------------------------------------------------------------------------------------------
7809A9,2117, CCA910  ,1591,   1591,   411,    258,   2560,      0.000000,  0.000000, 9, 43


Hex , Squawk, Flight, alt , pres alt, speed, course, vert_rate,   lat   ,    lon   , air_type, Ti
--------------------------------------------------------------------------------------------
151D56,0,         ,0,   0,   0,    0,   0,      0.000000,  0.000000, 9, 3


Hex , Squawk, Flight, alt , pres alt, speed, course, vert_rate,   lat   ,    lon   , air_type, Ti
--------------------------------------------------------------------------------------------
7809A9,2117, CCA910  ,1591,   1591,   411,    258,   2560,      0.000000,  0.000000, 9, 43


Hex , Squawk, Flight, alt , pres alt, speed, course, vert_rate,   lat   ,    lon   , air_type, Ti
--------------------------------------------------------------------------------------------
151D56,0,         ,0,   0,   0,    0,   0,      0.000000,  0.000000, 9, 1


Hex , Squawk, Flight, alt , pres alt, speed, course, vert_rate,   lat   ,    lon   , air_type, Ti
--------------------------------------------------------------------------------------------
7809A9,2117, CCA910  ,1591,   1591,   411,    258,   2560,      0.000000,  0.000000, 9, 44


Hex , Squawk, Flight, alt , pres alt, speed, course, vert_rate,   lat   ,    lon   , air_type, Ti
--------------------------------------------------------------------------------------------
151D56,0,         ,0,   0,   0,    0,   0,      0.000000,  0.000000, 9, 1


Hex , Squawk, Flight, alt , pres alt, speed, course, vert_rate,   lat   ,    lon   , air_type, Ti
--------------------------------------------------------------------------------------------
7809A9,2117, CCA910  ,1591,   1591,   411,    258,   2560,      0.000000,  0.000000, 9, 44


Hex , Squawk, Flight, alt , pres alt, speed, course, vert_rate,   lat   ,    lon   , air_type, Ti
--------------------------------------------------------------------------------------------
151D56,0,         ,0,   0,   0,    0,   0,      0.000000,  0.000000, 9, 1


Hex , Squawk, Flight, alt , pres alt, speed, course, vert_rate,   lat   ,    lon   , air_type, Ti
--------------------------------------------------------------------------------------------
7809A9,2117, CCA910  ,1591,   1591,   411,    258,   2560,      0.000000,  0.000000, 9, 44


Hex , Squawk, Flight, alt , pres alt, speed, course, vert_rate,   lat   ,    lon   , air_type, Ti
--------------------------------------------------------------------------------------------
151D56,0,         ,0,   0,   0,    0,   0,      0.000000,  0.000000, 9, 1


Hex , Squawk, Flight, alt , pres alt, speed, course, vert_rate,   lat   ,    lon   , air_type, Ti
--------------------------------------------------------------------------------------------
7809A9,2117, CCA910  ,1591,   1591,   411,    258,   2560,      0.000000,  0.000000, 9, 44


Hex , Squawk, Flight, alt , pres alt, speed, course, vert_rate,   lat   ,    lon   , air_type, Ti
--------------------------------------------------------------------------------------------
151D56,0,         ,0,   0,   0,    0,   0,      0.000000,  0.000000, 9, 2


Hex , Squawk, Flight, alt , pres alt, speed, course, vert_rate,   lat   ,    lon   , air_type, Ti
--------------------------------------------------------------------------------------------
7809A9,2117, CCA910  ,1591,   1591,   411,    258,   2560,      0.000000,  0.000000, 9, 45


Hex , Squawk, Flight, alt , pres alt, speed, course, vert_rate,   lat   ,    lon   , air_type, Ti
--------------------------------------------------------------------------------------------
151D56,0,         ,0,   0,   0,    0,   0,      0.000000,  0.000000, 9, 2


Hex , Squawk, Flight, alt , pres alt, speed, course, vert_rate,   lat   ,    lon   , air_type, Ti
--------------------------------------------------------------------------------------------
7809A9,2117, CCA910  ,1591,   1591,   411,    258,   2560,      0.000000,  0.000000, 9, 45


Hex , Squawk, Flight, alt , pres alt, speed, course, vert_rate,   lat   ,    lon   , air_type, Ti
--------------------------------------------------------------------------------------------
151D56,0,         ,0,   0,   0,    0,   0,      0.000000,  0.000000, 9, 2


Hex , Squawk, Flight, alt , pres alt, speed, course, vert_rate,   lat   ,    lon   , air_type, Ti
--------------------------------------------------------------------------------------------
7809A9,2117, CCA910  ,1591,   1591,   411,    258,   2560,      0.000000,  0.000000, 9, 45


Hex , Squawk, Flight, alt , pres alt, speed, course, vert_rate,   lat   ,    lon   , air_type, Ti
--------------------------------------------------------------------------------------------
151D56,0,         ,0,   0,   0,    0,   0,      0.000000,  0.000000, 9, 2


Hex , Squawk, Flight, alt , pres alt, speed, course, vert_rate,   lat   ,    lon   , air_type, Ti
--------------------------------------------------------------------------------------------
7809A9,2117, CCA910  ,1591,   1591,   411,    258,   2560,      0.000000,  0.000000, 9, 45


Hex , Squawk, Flight, alt , pres alt, speed, course, vert_rate,   lat   ,    lon   , air_type, Ti
--------------------------------------------------------------------------------------------
151D56,0,         ,0,   0,   0,    0,   0,      0.000000,  0.000000, 9, 3


Hex , Squawk, Flight, alt , pres alt, speed, course, vert_rate,   lat   ,    lon   , air_type, Ti
--------------------------------------------------------------------------------------------
7809A9,2117, CCA910  ,1591,   1591,   411,    258,   2560,      0.000000,  0.000000, 9, 46


Hex , Squawk, Flight, alt , pres alt, speed, course, vert_rate,   lat   ,    lon   , air_type, Ti
--------------------------------------------------------------------------------------------
151D56,0,         ,0,   0,   0,    0,   0,      0.000000,  0.000000, 9, 3


Hex , Squawk, Flight, alt , pres alt, speed, course, vert_rate,   lat   ,    lon   , air_type, Ti
--------------------------------------------------------------------------------------------
7809A9,2117, CCA910  ,1591,   1591,   411,    258,   2560,      0.000000,  0.000000, 9, 46


Hex , Squawk, Flight, alt , pres alt, speed, course, vert_rate,   lat   ,    lon   , air_type, Ti
--------------------------------------------------------------------------------------------
151D56,0,         ,0,   0,   0,    0,   0,      0.000000,  0.000000, 9, 3


Hex , Squawk, Flight, alt , pres alt, speed, course, vert_rate,   lat   ,    lon   , air_type, Ti
--------------------------------------------------------------------------------------------
7809A9,2117, CCA910  ,1591,   1591,   411,    258,   2560,      0.000000,  0.000000, 9, 46


Hex , Squawk, Flight, alt , pres alt, speed, course, vert_rate,   lat   ,    lon   , air_type, Ti
--------------------------------------------------------------------------------------------
151D56,0,         ,0,   0,   0,    0,   0,      0.000000,  0.000000, 9, 3


Hex , Squawk, Flight, alt , pres alt, speed, course, vert_rate,   lat   ,    lon   , air_type, Ti
--------------------------------------------------------------------------------------------
7809A9,2117, CCA910  ,1591,   1591,   411,    258,   2560,      0.000000,  0.000000, 9, 46


Hex , Squawk, Flight, alt , pres alt, speed, course, vert_rate,   lat   ,    lon   , air_type, Ti
--------------------------------------------------------------------------------------------
151D56,0,         ,0,   0,   0,    0,   0,      0.000000,  0.000000, 9, 4


Hex , Squawk, Flight, alt , pres alt, speed, course, vert_rate,   lat   ,    lon   , air_type, Ti
--------------------------------------------------------------------------------------------
7809A9,2117, CCA910  ,1591,   1591,   411,    258,   2560,      0.000000,  0.000000, 9, 47


Hex , Squawk, Flight, alt , pres alt, speed, course, vert_rate,   lat   ,    lon   , air_type, Ti
--------------------------------------------------------------------------------------------
151D56,0,         ,0,   0,   0,    0,   0,      0.000000,  0.000000, 9, 4


Hex , Squawk, Flight, alt , pres alt, speed, course, vert_rate,   lat   ,    lon   , air_type, Ti
--------------------------------------------------------------------------------------------
7809A9,2117, CCA910  ,1591,   1591,   411,    258,   2560,      0.000000,  0.000000, 9, 47


Hex , Squawk, Flight, alt , pres alt, speed, course, vert_rate,   lat   ,    lon   , air_type, Ti
--------------------------------------------------------------------------------------------
151D56,0,         ,0,   0,   0,    0,   0,      0.000000,  0.000000, 9, 4


Hex , Squawk, Flight, alt , pres alt, speed, course, vert_rate,   lat   ,    lon   , air_type, Ti
--------------------------------------------------------------------------------------------
7809A9,2117, CCA910  ,1591,   1591,   411,    258,   2560,      0.000000,  0.000000, 9, 47


Hex , Squawk, Flight, alt , pres alt, speed, course, vert_rate,   lat   ,    lon   , air_type, Ti
--------------------------------------------------------------------------------------------
151D56,0,         ,0,   0,   0,    0,   0,      0.000000,  0.000000, 9, 5


Hex , Squawk, Flight, alt , pres alt, speed, course, vert_rate,   lat   ,    lon   , air_type, Ti
--------------------------------------------------------------------------------------------
7809A9,2117, CCA910  ,1591,   1591,   411,    258,   2560,      0.000000,  0.000000, 9, 48


Hex , Squawk, Flight, alt , pres alt, speed, course, vert_rate,   lat   ,    lon   , air_type, Ti
--------------------------------------------------------------------------------------------
151D56,0,         ,0,   0,   0,    0,   0,      0.000000,  0.000000, 9, 5


Hex , Squawk, Flight, alt , pres alt, speed, course, vert_rate,   lat   ,    lon   , air_type, Ti
--------------------------------------------------------------------------------------------
7809A9,2117, CCA910  ,1591,   1591,   411,    258,   2560,      0.000000,  0.000000, 9, 48


Hex , Squawk, Flight, alt , pres alt, speed, course, vert_rate,   lat   ,    lon   , air_type, Ti
--------------------------------------------------------------------------------------------
151D56,0,         ,0,   0,   0,    0,   0,      0.000000,  0.000000, 9, 5


Hex , Squawk, Flight, alt , pres alt, speed, course, vert_rate,   lat   ,    lon   , air_type, Ti
--------------------------------------------------------------------------------------------
7809A9,2117, CCA910  ,1591,   1591,   411,    258,   2560,      0.000000,  0.000000, 9, 48


Hex , Squawk, Flight, alt , pres alt, speed, course, vert_rate,   lat   ,    lon   , air_type, Ti
--------------------------------------------------------------------------------------------
151D56,0,         ,0,   0,   0,    0,   0,      0.000000,  0.000000, 9, 5


Hex , Squawk, Flight, alt , pres alt, speed, course, vert_rate,   lat   ,    lon   , air_type, Ti
--------------------------------------------------------------------------------------------
7809A9,2117, CCA910  ,1591,   1591,   411,    258,   2560,      0.000000,  0.000000, 9, 48


Hex , Squawk, Flight, alt , pres alt, speed, course, vert_rate,   lat   ,    lon   , air_type, Ti
--------------------------------------------------------------------------------------------
151D56,0,         ,0,   0,   0,    0,   0,      0.000000,  0.000000, 9, 6


Hex , Squawk, Flight, alt , pres alt, speed, course, vert_rate,   lat   ,    lon   , air_type, Ti
--------------------------------------------------------------------------------------------
7809A9,2117, CCA910  ,1591,   1591,   411,    258,   2560,      0.000000,  0.000000, 9, 49


Hex , Squawk, Flight, alt , pres alt, speed, course, vert_rate,   lat   ,    lon   , air_type, Ti
--------------------------------------------------------------------------------------------
151D56,0,         ,0,   0,   0,    0,   0,      0.000000,  0.000000, 9, 6


Hex , Squawk, Flight, alt , pres alt, speed, course, vert_rate,   lat   ,    lon   , air_type, Ti
--------------------------------------------------------------------------------------------
7809A9,2117, CCA910  ,1591,   1591,   411,    258,   2560,      0.000000,  0.000000, 9, 49


Hex , Squawk, Flight, alt , pres alt, speed, course, vert_rate,   lat   ,    lon   , air_type, Ti
--------------------------------------------------------------------------------------------
151D56,0,         ,0,   0,   0,    0,   0,      0.000000,  0.000000, 9, 6


Hex , Squawk, Flight, alt , pres alt, speed, course, vert_rate,   lat   ,    lon   , air_type, Ti
--------------------------------------------------------------------------------------------
7809A9,2117, CCA910  ,1591,   1591,   411,    258,   2560,      0.000000,  0.000000, 9, 49


Hex , Squawk, Flight, alt , pres alt, speed, course, vert_rate,   lat   ,    lon   , air_type, Ti
--------------------------------------------------------------------------------------------
151D56,0,         ,0,   0,   0,    0,   0,      0.000000,  0.000000, 9, 6


Hex , Squawk, Flight, alt , pres alt, speed, course, vert_rate,   lat   ,    lon   , air_type, Ti
--------------------------------------------------------------------------------------------
7809A9,2117, CCA910  ,1591,   1591,   411,    258,   2560,      0.000000,  0.000000, 9, 49


Hex , Squawk, Flight, alt , pres alt, speed, course, vert_rate,   lat   ,    lon   , air_type, Ti
--------------------------------------------------------------------------------------------
151D56,0,         ,0,   0,   0,    0,   0,      0.000000,  0.000000, 9, 7


Hex , Squawk, Flight, alt , pres alt, speed, course, vert_rate,   lat   ,    lon   , air_type, Ti
--------------------------------------------------------------------------------------------
7809A9,2117, CCA910  ,1591,   1591,   411,    258,   2560,      0.000000,  0.000000, 9, 50


Hex , Squawk, Flight, alt , pres alt, speed, course, vert_rate,   lat   ,    lon   , air_type, Ti
--------------------------------------------------------------------------------------------
151D56,0,         ,0,   0,   0,    0,   0,      0.000000,  0.000000, 9, 7


Hex , Squawk, Flight, alt , pres alt, speed, course, vert_rate,   lat   ,    lon   , air_type, Ti
--------------------------------------------------------------------------------------------
7809A9,2117, CCA910  ,1591,   1591,   411,    258,   2560,      0.000000,  0.000000, 9, 50


Hex , Squawk, Flight, alt , pres alt, speed, course, vert_rate,   lat   ,    lon   , air_type, Ti
--------------------------------------------------------------------------------------------
151D56,0,         ,0,   0,   0,    0,   0,      0.000000,  0.000000, 9, 7


Hex , Squawk, Flight, alt , pres alt, speed, course, vert_rate,   lat   ,    lon   , air_type, Ti
--------------------------------------------------------------------------------------------
7809A9,2117, CCA910  ,1591,   1591,   411,    258,   2560,      0.000000,  0.000000, 9, 50


Hex , Squawk, Flight, alt , pres alt, speed, course, vert_rate,   lat   ,    lon   , air_type, Ti
--------------------------------------------------------------------------------------------
151D56,0,         ,0,   0,   0,    0,   0,      0.000000,  0.000000, 9, 7


Hex , Squawk, Flight, alt , pres alt, speed, course, vert_rate,   lat   ,    lon   , air_type, Ti
--------------------------------------------------------------------------------------------
7809A9,2117, CCA910  ,1591,   1591,   411,    258,   2560,      0.000000,  0.000000, 9, 50


Hex , Squawk, Flight, alt , pres alt, speed, course, vert_rate,   lat   ,    lon   , air_type, Ti
--------------------------------------------------------------------------------------------
151D56,0,         ,0,   0,   0,    0,   0,      0.000000,  0.000000, 9, 8


Hex , Squawk, Flight, alt , pres alt, speed, course, vert_rate,   lat   ,    lon   , air_type, Ti
--------------------------------------------------------------------------------------------
7809A9,2117, CCA910  ,1591,   1591,   411,    258,   2560,      0.000000,  0.000000, 9, 51


Hex , Squawk, Flight, alt , pres alt, speed, course, vert_rate,   lat   ,    lon   , air_type, Ti
--------------------------------------------------------------------------------------------
151D56,0,         ,0,   0,   0,    0,   0,      0.000000,  0.000000, 9, 8


Hex , Squawk, Flight, alt , pres alt, speed, course, vert_rate,   lat   ,    lon   , air_type, Ti
--------------------------------------------------------------------------------------------
7809A9,2117, CCA910  ,1591,   1591,   411,    258,   2560,      0.000000,  0.000000, 9, 51


Hex , Squawk, Flight, alt , pres alt, speed, course, vert_rate,   lat   ,    lon   , air_type, Ti
--------------------------------------------------------------------------------------------
151D56,0,         ,0,   0,   0,    0,   0,      0.000000,  0.000000, 9, 8


Hex , Squawk, Flight, alt , pres alt, speed, course, vert_rate,   lat   ,    lon   , air_type, Ti
--------------------------------------------------------------------------------------------
7809A9,2117, CCA910  ,1591,   1591,   411,    258,   2560,      0.000000,  0.000000, 9, 51


Hex , Squawk, Flight, alt , pres alt, speed, course, vert_rate,   lat   ,    lon   , air_type, Ti
--------------------------------------------------------------------------------------------
151D56,0,         ,0,   0,   0,    0,   0,      0.000000,  0.000000, 9, 8


Hex , Squawk, Flight, alt , pres alt, speed, course, vert_rate,   lat   ,    lon   , air_type, Ti
--------------------------------------------------------------------------------------------
7809A9,2117, CCA910  ,1591,   1591,   411,    258,   2560,      0.000000,  0.000000, 9, 51


Hex , Squawk, Flight, alt , pres alt, speed, course, vert_rate,   lat   ,    lon   , air_type, Ti
--------------------------------------------------------------------------------------------
151D56,0,         ,0,   0,   0,    0,   0,      0.000000,  0.000000, 9, 9


Hex , Squawk, Flight, alt , pres alt, speed, course, vert_rate,   lat   ,    lon   , air_type, Ti
--------------------------------------------------------------------------------------------
7809A9,2117, CCA910  ,1591,   1591,   411,    258,   2560,      0.000000,  0.000000, 9, 52


Hex , Squawk, Flight, alt , pres alt, speed, course, vert_rate,   lat   ,    lon   , air_type, Ti
--------------------------------------------------------------------------------------------
151D56,0,         ,0,   0,   0,    0,   0,      0.000000,  0.000000, 9, 9


Hex , Squawk, Flight, alt , pres alt, speed, course, vert_rate,   lat   ,    lon   , air_type, Ti
--------------------------------------------------------------------------------------------
7809A9,2117, CCA910  ,1591,   1591,   411,    258,   2560,      0.000000,  0.000000, 9, 52


Hex , Squawk, Flight, alt , pres alt, speed, course, vert_rate,   lat   ,    lon   , air_type, Ti
--------------------------------------------------------------------------------------------
151D56,0,         ,0,   0,   0,    0,   0,      0.000000,  0.000000, 9, 9


Hex , Squawk, Flight, alt , pres alt, speed, course, vert_rate,   lat   ,    lon   , air_type, Ti
--------------------------------------------------------------------------------------------
7809A9,2117, CCA910  ,1591,   1591,   411,    258,   2560,      0.000000,  0.000000, 9, 52


Hex , Squawk, Flight, alt , pres alt, speed, course, vert_rate,   lat   ,    lon   , air_type, Ti
--------------------------------------------------------------------------------------------
151D56,0,         ,0,   0,   0,    0,   0,      0.000000,  0.000000, 9, 9


Hex , Squawk, Flight, alt , pres alt, speed, course, vert_rate,   lat   ,    lon   , air_type, Ti
--------------------------------------------------------------------------------------------
7809A9,2117, CCA910  ,1591,   1591,   411,    258,   2560,      0.000000,  0.000000, 9, 52


Hex , Squawk, Flight, alt , pres alt, speed, course, vert_rate,   lat   ,    lon   , air_type, Ti
--------------------------------------------------------------------------------------------
151D56,0,         ,0,   0,   0,    0,   0,      0.000000,  0.000000, 9, 10


Hex , Squawk, Flight, alt , pres alt, speed, course, vert_rate,   lat   ,    lon   , air_type, Ti
--------------------------------------------------------------------------------------------
7809A9,2117, CCA910  ,1591,   1591,   411,    258,   2560,      0.000000,  0.000000, 9, 53


Hex , Squawk, Flight, alt , pres alt, speed, course, vert_rate,   lat   ,    lon   , air_type, Ti
--------------------------------------------------------------------------------------------
151D56,0,         ,0,   0,   0,    0,   0,      0.000000,  0.000000, 9, 10


Hex , Squawk, Flight, alt , pres alt, speed, course, vert_rate,   lat   ,    lon   , air_type, Ti
--------------------------------------------------------------------------------------------
7809A9,2117, CCA910  ,1591,   1591,   411,    258,   2560,      0.000000,  0.000000, 9, 53


Hex , Squawk, Flight, alt , pres alt, speed, course, vert_rate,   lat   ,    lon   , air_type, Ti
--------------------------------------------------------------------------------------------
151D56,0,         ,0,   0,   0,    0,   0,      0.000000,  0.000000, 9, 10


Hex , Squawk, Flight, alt , pres alt, speed, course, vert_rate,   lat   ,    lon   , air_type, Ti
--------------------------------------------------------------------------------------------
7809A9,2117, CCA910  ,1591,   1591,   411,    258,   2560,      0.000000,  0.000000, 9, 53


Hex , Squawk, Flight, alt , pres alt, speed, course, vert_rate,   lat   ,    lon   , air_type, Ti
--------------------------------------------------------------------------------------------
151D56,0,         ,0,   0,   0,    0,   0,      0.000000,  0.000000, 9, 11


Hex , Squawk, Flight, alt , pres alt, speed, course, vert_rate,   lat   ,    lon   , air_type, Ti
--------------------------------------------------------------------------------------------
7809A9,2117, CCA910  ,1591,   1591,   411,    258,   2560,      0.000000,  0.000000, 9, 54


Hex , Squawk, Flight, alt , pres alt, speed, course, vert_rate,   lat   ,    lon   , air_type, Ti
--------------------------------------------------------------------------------------------
151D56,0,         ,0,   0,   0,    0,   0,      0.000000,  0.000000, 9, 11


Hex , Squawk, Flight, alt , pres alt, speed, course, vert_rate,   lat   ,    lon   , air_type, Ti
--------------------------------------------------------------------------------------------
7809A9,2117, CCA910  ,1591,   1591,   411,    258,   2560,      0.000000,  0.000000, 9, 54


Hex , Squawk, Flight, alt , pres alt, speed, course, vert_rate,   lat   ,    lon   , air_type, Ti
--------------------------------------------------------------------------------------------
151D56,0,         ,0,   0,   0,    0,   0,      0.000000,  0.000000, 9, 11


Hex , Squawk, Flight, alt , pres alt, speed, course, vert_rate,   lat   ,    lon   , air_type, Ti
--------------------------------------------------------------------------------------------
7809A9,2117, CCA910  ,1591,   1591,   411,    258,   2560,      0.000000,  0.000000, 9, 54


Hex , Squawk, Flight, alt , pres alt, speed, course, vert_rate,   lat   ,    lon   , air_type, Ti
--------------------------------------------------------------------------------------------
151D56,0,         ,0,   0,   0,    0,   0,      0.000000,  0.000000, 9, 11


Hex , Squawk, Flight, alt , pres alt, speed, course, vert_rate,   lat   ,    lon   , air_type, Ti
--------------------------------------------------------------------------------------------
7809A9,2117, CCA910  ,1591,   1591,   411,    258,   2560,      0.000000,  0.000000, 9, 54


Hex , Squawk, Flight, alt , pres alt, speed, course, vert_rate,   lat   ,    lon   , air_type, Ti
--------------------------------------------------------------------------------------------
151D56,0,         ,0,   0,   0,    0,   0,      0.000000,  0.000000, 9, 12


Hex , Squawk, Flight, alt , pres alt, speed, course, vert_rate,   lat   ,    lon   , air_type, Ti
--------------------------------------------------------------------------------------------
151D56,0,         ,0,   0,   0,    0,   0,      0.000000,  0.000000, 9, 12


Hex , Squawk, Flight, alt , pres alt, speed, course, vert_rate,   lat   ,    lon   , air_type, Ti
--------------------------------------------------------------------------------------------
151D56,0,         ,0,   0,   0,    0,   0,      0.000000,  0.000000, 9, 12


Hex , Squawk, Flight, alt , pres alt, speed, course, vert_rate,   lat   ,    lon   , air_type, Ti
--------------------------------------------------------------------------------------------
151D56,0,         ,0,   0,   0,    0,   0,      0.000000,  0.000000, 9, 12


Hex , Squawk, Flight, alt , pres alt, speed, course, vert_rate,   lat   ,    lon   , air_type, Ti
--------------------------------------------------------------------------------------------
151D56,0,         ,0,   0,   0,    0,   0,      0.000000,  0.000000, 9, 13


Hex , Squawk, Flight, alt , pres alt, speed, course, vert_rate,   lat   ,    lon   , air_type, Ti
--------------------------------------------------------------------------------------------
151D56,0,         ,0,   0,   0,    0,   0,      0.000000,  0.000000, 9, 13


Hex , Squawk, Flight, alt , pres alt, speed, course, vert_rate,   lat   ,    lon   , air_type, Ti
--------------------------------------------------------------------------------------------
151D56,0,         ,0,   0,   0,    0,   0,      0.000000,  0.000000, 9, 13


Hex , Squawk, Flight, alt , pres alt, speed, course, vert_rate,   lat   ,    lon   , air_type, Ti
--------------------------------------------------------------------------------------------
151D56,0,         ,0,   0,   0,    0,   0,      0.000000,  0.000000, 9, 13


Hex , Squawk, Flight, alt , pres alt, speed, course, vert_rate,   lat   ,    lon   , air_type, Ti
--------------------------------------------------------------------------------------------
151D56,0,         ,0,   0,   0,    0,   0,      0.000000,  0.000000, 9, 14


Hex , Squawk, Flight, alt , pres alt, speed, course, vert_rate,   lat   ,    lon   , air_type, Ti
--------------------------------------------------------------------------------------------
151D56,0,         ,0,   0,   0,    0,   0,      0.000000,  0.000000, 9, 14


Hex , Squawk, Flight, alt , pres alt, speed, course, vert_rate,   lat   ,    lon   , air_type, Ti
--------------------------------------------------------------------------------------------
151D56,0,         ,0,   0,   0,    0,   0,      0.000000,  0.000000, 9, 14


Hex , Squawk, Flight, alt , pres alt, speed, course, vert_rate,   lat   ,    lon   , air_type, Ti
--------------------------------------------------------------------------------------------
151D56,0,         ,0,   0,   0,    0,   0,      0.000000,  0.000000, 9, 14


Hex , Squawk, Flight, alt , pres alt, speed, course, vert_rate,   lat   ,    lon   , air_type, Ti
--------------------------------------------------------------------------------------------
151D56,0,         ,0,   0,   0,    0,   0,      0.000000,  0.000000, 9, 15


Hex , Squawk, Flight, alt , pres alt, speed, course, vert_rate,   lat   ,    lon   , air_type, Ti
--------------------------------------------------------------------------------------------
151D56,0,         ,0,   0,   0,    0,   0,      0.000000,  0.000000, 9, 15


Hex , Squawk, Flight, alt , pres alt, speed, course, vert_rate,   lat   ,    lon   , air_type, Ti
--------------------------------------------------------------------------------------------
151D56,0,         ,0,   0,   0,    0,   0,      0.000000,  0.000000, 9, 15


Hex , Squawk, Flight, alt , pres alt, speed, course, vert_rate,   lat   ,    lon   , air_type, Ti
--------------------------------------------------------------------------------------------
151D56,0,         ,0,   0,   0,    0,   0,      0.000000,  0.000000, 9, 16


Hex , Squawk, Flight, alt , pres alt, speed, course, vert_rate,   lat   ,    lon   , air_type, Ti
--------------------------------------------------------------------------------------------
151D56,0,         ,0,   0,   0,    0,   0,      0.000000,  0.000000, 9, 16


Hex , Squawk, Flight, alt , pres alt, speed, course, vert_rate,   lat   ,    lon   , air_type, Ti
--------------------------------------------------------------------------------------------
151D56,0,         ,0,   0,   0,    0,   0,      0.000000,  0.000000, 9, 16


Hex , Squawk, Flight, alt , pres alt, speed, course, vert_rate,   lat   ,    lon   , air_type, Ti
--------------------------------------------------------------------------------------------
151D56,0,         ,0,   0,   0,    0,   0,      0.000000,  0.000000, 9, 16


Hex , Squawk, Flight, alt , pres alt, speed, course, vert_rate,   lat   ,    lon   , air_type, Ti
--------------------------------------------------------------------------------------------
151D56,0,         ,0,   0,   0,    0,   0,      0.000000,  0.000000, 9, 17


Hex , Squawk, Flight, alt , pres alt, speed, course, vert_rate,   lat   ,    lon   , air_type, Ti
--------------------------------------------------------------------------------------------
151D56,0,         ,0,   0,   0,    0,   0,      0.000000,  0.000000, 9, 17


Hex , Squawk, Flight, alt , pres alt, speed, course, vert_rate,   lat   ,    lon   , air_type, Ti
--------------------------------------------------------------------------------------------
151D56,0,         ,0,   0,   0,    0,   0,      0.000000,  0.000000, 9, 17


Hex , Squawk, Flight, alt , pres alt, speed, course, vert_rate,   lat   ,    lon   , air_type, Ti
--------------------------------------------------------------------------------------------
151D56,0,         ,0,   0,   0,    0,   0,      0.000000,  0.000000, 9, 17


Hex , Squawk, Flight, alt , pres alt, speed, course, vert_rate,   lat   ,    lon   , air_type, Ti
--------------------------------------------------------------------------------------------
151D56,0,         ,0,   0,   0,    0,   0,      0.000000,  0.000000, 9, 18


Hex , Squawk, Flight, alt , pres alt, speed, course, vert_rate,   lat   ,    lon   , air_type, Ti
--------------------------------------------------------------------------------------------
151D56,0,         ,0,   0,   0,    0,   0,      0.000000,  0.000000, 9, 18


Hex , Squawk, Flight, alt , pres alt, speed, course, vert_rate,   lat   ,    lon   , air_type, Ti
--------------------------------------------------------------------------------------------
151D56,0,         ,0,   0,   0,    0,   0,      0.000000,  0.000000, 9, 18


Hex , Squawk, Flight, alt , pres alt, speed, course, vert_rate,   lat   ,    lon   , air_type, Ti
--------------------------------------------------------------------------------------------
151D56,0,         ,0,   0,   0,    0,   0,      0.000000,  0.000000, 9, 18


Hex , Squawk, Flight, alt , pres alt, speed, course, vert_rate,   lat   ,    lon   , air_type, Ti
--------------------------------------------------------------------------------------------
151D56,0,         ,0,   0,   0,    0,   0,      0.000000,  0.000000, 9, 19


Hex , Squawk, Flight, alt , pres alt, speed, course, vert_rate,   lat   ,    lon   , air_type, Ti
--------------------------------------------------------------------------------------------
151D56,0,         ,0,   0,   0,    0,   0,      0.000000,  0.000000, 9, 19


Hex , Squawk, Flight, alt , pres alt, speed, course, vert_rate,   lat   ,    lon   , air_type, Ti
--------------------------------------------------------------------------------------------
151D56,0,         ,0,   0,   0,    0,   0,      0.000000,  0.000000, 9, 19


Hex , Squawk, Flight, alt , pres alt, speed, course, vert_rate,   lat   ,    lon   , air_type, Ti
--------------------------------------------------------------------------------------------
151D56,0,         ,0,   0,   0,    0,   0,      0.000000,  0.000000, 9, 19


Hex , Squawk, Flight, alt , pres alt, speed, course, vert_rate,   lat   ,    lon   , air_type, Ti
--------------------------------------------------------------------------------------------
151D56,0,         ,0,   0,   0,    0,   0,      0.000000,  0.000000, 9, 20


Hex , Squawk, Flight, alt , pres alt, speed, course, vert_rate,   lat   ,    lon   , air_type, Ti
--------------------------------------------------------------------------------------------
151D56,0,         ,0,   0,   0,    0,   0,      0.000000,  0.000000, 9, 20


Hex , Squawk, Flight, alt , pres alt, speed, course, vert_rate,   lat   ,    lon   , air_type, Ti
--------------------------------------------------------------------------------------------
151D56,0,         ,0,   0,   0,    0,   0,      0.000000,  0.000000, 9, 20


Hex , Squawk, Flight, alt , pres alt, speed, course, vert_rate,   lat   ,    lon   , air_type, Ti
--------------------------------------------------------------------------------------------
151D56,0,         ,0,   0,   0,    0,   0,      0.000000,  0.000000, 9, 20


Hex , Squawk, Flight, alt , pres alt, speed, course, vert_rate,   lat   ,    lon   , air_type, Ti
--------------------------------------------------------------------------------------------
151D56,0,         ,0,   0,   0,    0,   0,      0.000000,  0.000000, 9, 21


Hex , Squawk, Flight, alt , pres alt, speed, course, vert_rate,   lat   ,    lon   , air_type, Ti
--------------------------------------------------------------------------------------------
151D56,0,         ,0,   0,   0,    0,   0,      0.000000,  0.000000, 9, 21


Hex , Squawk, Flight, alt , pres alt, speed, course, vert_rate,   lat   ,    lon   , air_type, Ti
--------------------------------------------------------------------------------------------
151D56,0,         ,0,   0,   0,    0,   0,      0.000000,  0.000000, 9, 21


Hex , Squawk, Flight, alt , pres alt, speed, course, vert_rate,   lat   ,    lon   , air_type, Ti
--------------------------------------------------------------------------------------------
151D56,0,         ,0,   0,   0,    0,   0,      0.000000,  0.000000, 9, 22


Hex , Squawk, Flight, alt , pres alt, speed, course, vert_rate,   lat   ,    lon   , air_type, Ti
--------------------------------------------------------------------------------------------
151D56,0,         ,0,   0,   0,    0,   0,      0.000000,  0.000000, 9, 22


Hex , Squawk, Flight, alt , pres alt, speed, course, vert_rate,   lat   ,    lon   , air_type, Ti
--------------------------------------------------------------------------------------------
151D56,0,         ,0,   0,   0,    0,   0,      0.000000,  0.000000, 9, 22


Hex , Squawk, Flight, alt , pres alt, speed, course, vert_rate,   lat   ,    lon   , air_type, Ti
--------------------------------------------------------------------------------------------
151D56,0,         ,0,   0,   0,    0,   0,      0.000000,  0.000000, 9, 22


Hex , Squawk, Flight, alt , pres alt, speed, course, vert_rate,   lat   ,    lon   , air_type, Ti
--------------------------------------------------------------------------------------------
151D56,0,         ,0,   0,   0,    0,   0,      0.000000,  0.000000, 9, 23


Hex , Squawk, Flight, alt , pres alt, speed, course, vert_rate,   lat   ,    lon   , air_type, Ti
--------------------------------------------------------------------------------------------
151D56,0,         ,0,   0,   0,    0,   0,      0.000000,  0.000000, 9, 23


Hex , Squawk, Flight, alt , pres alt, speed, course, vert_rate,   lat   ,    lon   , air_type, Ti
--------------------------------------------------------------------------------------------
151D56,0,         ,0,   0,   0,    0,   0,      0.000000,  0.000000, 9, 23


Hex , Squawk, Flight, alt , pres alt, speed, course, vert_rate,   lat   ,    lon   , air_type, Ti
--------------------------------------------------------------------------------------------
151D56,0,         ,0,   0,   0,    0,   0,      0.000000,  0.000000, 9, 23


Hex , Squawk, Flight, alt , pres alt, speed, course, vert_rate,   lat   ,    lon   , air_type, Ti
--------------------------------------------------------------------------------------------
151D56,0,         ,0,   0,   0,    0,   0,      0.000000,  0.000000, 9, 24


Hex , Squawk, Flight, alt , pres alt, speed, course, vert_rate,   lat   ,    lon   , air_type, Ti
--------------------------------------------------------------------------------------------
151D56,0,         ,0,   0,   0,    0,   0,      0.000000,  0.000000, 9, 24


Hex , Squawk, Flight, alt , pres alt, speed, course, vert_rate,   lat   ,    lon   , air_type, Ti
--------------------------------------------------------------------------------------------
151D56,0,         ,0,   0,   0,    0,   0,      0.000000,  0.000000, 9, 24


Hex , Squawk, Flight, alt , pres alt, speed, course, vert_rate,   lat   ,    lon   , air_type, Ti
--------------------------------------------------------------------------------------------
151D56,0,         ,0,   0,   0,    0,   0,      0.000000,  0.000000, 9, 24


Hex , Squawk, Flight, alt , pres alt, speed, course, vert_rate,   lat   ,    lon   , air_type, Ti
--------------------------------------------------------------------------------------------
151D56,0,         ,0,   0,   0,    0,   0,      0.000000,  0.000000, 9, 25


Hex , Squawk, Flight, alt , pres alt, speed, course, vert_rate,   lat   ,    lon   , air_type, Ti
--------------------------------------------------------------------------------------------
151D56,0,         ,0,   0,   0,    0,   0,      0.000000,  0.000000, 9, 25


Hex , Squawk, Flight, alt , pres alt, speed, course, vert_rate,   lat   ,    lon   , air_type, Ti
--------------------------------------------------------------------------------------------
151D56,0,         ,0,   0,   0,    0,   0,      0.000000,  0.000000, 9, 25


Hex , Squawk, Flight, alt , pres alt, speed, course, vert_rate,   lat   ,    lon   , air_type, Ti
--------------------------------------------------------------------------------------------
151D56,0,         ,0,   0,   0,    0,   0,      0.000000,  0.000000, 9, 25


Hex , Squawk, Flight, alt , pres alt, speed, course, vert_rate,   lat   ,    lon   , air_type, Ti
--------------------------------------------------------------------------------------------
151D56,0,         ,0,   0,   0,    0,   0,      0.000000,  0.000000, 9, 26


Hex , Squawk, Flight, alt , pres alt, speed, course, vert_rate,   lat   ,    lon   , air_type, Ti
--------------------------------------------------------------------------------------------
151D56,0,         ,0,   0,   0,    0,   0,      0.000000,  0.000000, 9, 26


Hex , Squawk, Flight, alt , pres alt, speed, course, vert_rate,   lat   ,    lon   , air_type, Ti
--------------------------------------------------------------------------------------------
151D56,0,         ,0,   0,   0,    0,   0,      0.000000,  0.000000, 9, 26


Hex , Squawk, Flight, alt , pres alt, speed, course, vert_rate,   lat   ,    lon   , air_type, Ti
--------------------------------------------------------------------------------------------
151D56,0,         ,0,   0,   0,    0,   0,      0.000000,  0.000000, 9, 27


Hex , Squawk, Flight, alt , pres alt, speed, course, vert_rate,   lat   ,    lon   , air_type, Ti
--------------------------------------------------------------------------------------------
151D56,0,         ,0,   0,   0,    0,   0,      0.000000,  0.000000, 9, 27


Hex , Squawk, Flight, alt , pres alt, speed, course, vert_rate,   lat   ,    lon   , air_type, Ti
--------------------------------------------------------------------------------------------
151D56,0,         ,0,   0,   0,    0,   0,      0.000000,  0.000000, 9, 27


Hex , Squawk, Flight, alt , pres alt, speed, course, vert_rate,   lat   ,    lon   , air_type, Ti
--------------------------------------------------------------------------------------------
151D56,0,         ,0,   0,   0,    0,   0,      0.000000,  0.000000, 9, 27


Hex , Squawk, Flight, alt , pres alt, speed, course, vert_rate,   lat   ,    lon   , air_type, Ti
--------------------------------------------------------------------------------------------
151D56,0,         ,0,   0,   0,    0,   0,      0.000000,  0.000000, 9, 28


Hex , Squawk, Flight, alt , pres alt, speed, course, vert_rate,   lat   ,    lon   , air_type, Ti
--------------------------------------------------------------------------------------------
151D56,0,         ,0,   0,   0,    0,   0,      0.000000,  0.000000, 9, 28


Hex , Squawk, Flight, alt , pres alt, speed, course, vert_rate,   lat   ,    lon   , air_type, Ti
--------------------------------------------------------------------------------------------
151D56,0,         ,0,   0,   0,    0,   0,      0.000000,  0.000000, 9, 28


Hex , Squawk, Flight, alt , pres alt, speed, course, vert_rate,   lat   ,    lon   , air_type, Ti
--------------------------------------------------------------------------------------------
151D56,0,         ,0,   0,   0,    0,   0,      0.000000,  0.000000, 9, 28


Hex , Squawk, Flight, alt , pres alt, speed, course, vert_rate,   lat   ,    lon   , air_type, Ti
--------------------------------------------------------------------------------------------
151D56,0,         ,0,   0,   0,    0,   0,      0.000000,  0.000000, 9, 29


Hex , Squawk, Flight, alt , pres alt, speed, course, vert_rate,   lat   ,    lon   , air_type, Ti
--------------------------------------------------------------------------------------------
151D56,0,         ,0,   0,   0,    0,   0,      0.000000,  0.000000, 9, 29


Hex , Squawk, Flight, alt , pres alt, speed, course, vert_rate,   lat   ,    lon   , air_type, Ti
--------------------------------------------------------------------------------------------
151D56,0,         ,0,   0,   0,    0,   0,      0.000000,  0.000000, 9, 29


Hex , Squawk, Flight, alt , pres alt, speed, course, vert_rate,   lat   ,    lon   , air_type, Ti
--------------------------------------------------------------------------------------------
151D56,0,         ,0,   0,   0,    0,   0,      0.000000,  0.000000, 9, 29


Hex , Squawk, Flight, alt , pres alt, speed, course, vert_rate,   lat   ,    lon   , air_type, Ti
--------------------------------------------------------------------------------------------
151D56,0,         ,0,   0,   0,    0,   0,      0.000000,  0.000000, 9, 30


Hex , Squawk, Flight, alt , pres alt, speed, course, vert_rate,   lat   ,    lon   , air_type, Ti
--------------------------------------------------------------------------------------------
151D56,0,         ,0,   0,   0,    0,   0,      0.000000,  0.000000, 9, 30


Hex , Squawk, Flight, alt , pres alt, speed, course, vert_rate,   lat   ,    lon   , air_type, Ti
--------------------------------------------------------------------------------------------
151D56,0,         ,0,   0,   0,    0,   0,      0.000000,  0.000000, 9, 30


Hex , Squawk, Flight, alt , pres alt, speed, course, vert_rate,   lat   ,    lon   , air_type, Ti
--------------------------------------------------------------------------------------------
151D56,0,         ,0,   0,   0,    0,   0,      0.000000,  0.000000, 9, 30


Hex , Squawk, Flight, alt , pres alt, speed, course, vert_rate,   lat   ,    lon   , air_type, Ti
--------------------------------------------------------------------------------------------
151D56,0,         ,0,   0,   0,    0,   0,      0.000000,  0.000000, 9, 31


Hex , Squawk, Flight, alt , pres alt, speed, course, vert_rate,   lat   ,    lon   , air_type, Ti
--------------------------------------------------------------------------------------------
151D56,0,         ,0,   0,   0,    0,   0,      0.000000,  0.000000, 9, 31


Hex , Squawk, Flight, alt , pres alt, speed, course, vert_rate,   lat   ,    lon   , air_type, Ti
--------------------------------------------------------------------------------------------
151D56,0,         ,0,   0,   0,    0,   0,      0.000000,  0.000000, 9, 31


Hex , Squawk, Flight, alt , pres alt, speed, course, vert_rate,   lat   ,    lon   , air_type, Ti
--------------------------------------------------------------------------------------------
151D56,0,         ,0,   0,   0,    0,   0,      0.000000,  0.000000, 9, 32


Hex , Squawk, Flight, alt , pres alt, speed, course, vert_rate,   lat   ,    lon   , air_type, Ti
--------------------------------------------------------------------------------------------
151D56,0,         ,0,   0,   0,    0,   0,      0.000000,  0.000000, 9, 32


Hex , Squawk, Flight, alt , pres alt, speed, course, vert_rate,   lat   ,    lon   , air_type, Ti
--------------------------------------------------------------------------------------------
151D56,0,         ,0,   0,   0,    0,   0,      0.000000,  0.000000, 9, 32


Hex , Squawk, Flight, alt , pres alt, speed, course, vert_rate,   lat   ,    lon   , air_type, Ti
--------------------------------------------------------------------------------------------
151D56,0,         ,0,   0,   0,    0,   0,      0.000000,  0.000000, 9, 32


Hex , Squawk, Flight, alt , pres alt, speed, course, vert_rate,   lat   ,    lon   , air_type, Ti
--------------------------------------------------------------------------------------------
151D56,0,         ,0,   0,   0,    0,   0,      0.000000,  0.000000, 9, 33


Hex , Squawk, Flight, alt , pres alt, speed, course, vert_rate,   lat   ,    lon   , air_type, Ti
--------------------------------------------------------------------------------------------
151D56,0,         ,0,   0,   0,    0,   0,      0.000000,  0.000000, 9, 33


Hex , Squawk, Flight, alt , pres alt, speed, course, vert_rate,   lat   ,    lon   , air_type, Ti
--------------------------------------------------------------------------------------------
151D56,0,         ,0,   0,   0,    0,   0,      0.000000,  0.000000, 9, 33


Hex , Squawk, Flight, alt , pres alt, speed, course, vert_rate,   lat   ,    lon   , air_type, Ti
--------------------------------------------------------------------------------------------
151D56,0,         ,0,   0,   0,    0,   0,      0.000000,  0.000000, 9, 33


Hex , Squawk, Flight, alt , pres alt, speed, course, vert_rate,   lat   ,    lon   , air_type, Ti
--------------------------------------------------------------------------------------------
151D56,0,         ,0,   0,   0,    0,   0,      0.000000,  0.000000, 9, 34


Hex , Squawk, Flight, alt , pres alt, speed, course, vert_rate,   lat   ,    lon   , air_type, Ti
--------------------------------------------------------------------------------------------
151D56,0,         ,0,   0,   0,    0,   0,      0.000000,  0.000000, 9, 34


Hex , Squawk, Flight, alt , pres alt, speed, course, vert_rate,   lat   ,    lon   , air_type, Ti
--------------------------------------------------------------------------------------------
151D56,0,         ,0,   0,   0,    0,   0,      0.000000,  0.000000, 9, 34


Hex , Squawk, Flight, alt , pres alt, speed, course, vert_rate,   lat   ,    lon   , air_type, Ti
--------------------------------------------------------------------------------------------
151D56,0,         ,0,   0,   0,    0,   0,      0.000000,  0.000000, 9, 34


Hex , Squawk, Flight, alt , pres alt, speed, course, vert_rate,   lat   ,    lon   , air_type, Ti
--------------------------------------------------------------------------------------------
151D56,0,         ,0,   0,   0,    0,   0,      0.000000,  0.000000, 9, 35


Hex , Squawk, Flight, alt , pres alt, speed, course, vert_rate,   lat   ,    lon   , air_type, Ti
--------------------------------------------------------------------------------------------
151D56,0,         ,0,   0,   0,    0,   0,      0.000000,  0.000000, 9, 35


Hex , Squawk, Flight, alt , pres alt, speed, course, vert_rate,   lat   ,    lon   , air_type, Ti
--------------------------------------------------------------------------------------------
151D56,0,         ,0,   0,   0,    0,   0,      0.000000,  0.000000, 9, 35


Hex , Squawk, Flight, alt , pres alt, speed, course, vert_rate,   lat   ,    lon   , air_type, Ti
--------------------------------------------------------------------------------------------
151D56,0,         ,0,   0,   0,    0,   0,      0.000000,  0.000000, 9, 35


Hex , Squawk, Flight, alt , pres alt, speed, course, vert_rate,   lat   ,    lon   , air_type, Ti
--------------------------------------------------------------------------------------------
151D56,0,         ,0,   0,   0,    0,   0,      0.000000,  0.000000, 9, 36


Hex , Squawk, Flight, alt , pres alt, speed, course, vert_rate,   lat   ,    lon   , air_type, Ti
--------------------------------------------------------------------------------------------
151D56,0,         ,0,   0,   0,    0,   0,      0.000000,  0.000000, 9, 36


Hex , Squawk, Flight, alt , pres alt, speed, course, vert_rate,   lat   ,    lon   , air_type, Ti
--------------------------------------------------------------------------------------------
151D56,0,         ,0,   0,   0,    0,   0,      0.000000,  0.000000, 9, 36


Hex , Squawk, Flight, alt , pres alt, speed, course, vert_rate,   lat   ,    lon   , air_type, Ti
--------------------------------------------------------------------------------------------
151D56,0,         ,0,   0,   0,    0,   0,      0.000000,  0.000000, 9, 36


Hex , Squawk, Flight, alt , pres alt, speed, course, vert_rate,   lat   ,    lon   , air_type, Ti
--------------------------------------------------------------------------------------------
151D56,0,         ,0,   0,   0,    0,   0,      0.000000,  0.000000, 9, 37


Hex , Squawk, Flight, alt , pres alt, speed, course, vert_rate,   lat   ,    lon   , air_type, Ti
--------------------------------------------------------------------------------------------
151D56,0,         ,0,   0,   0,    0,   0,      0.000000,  0.000000, 9, 37


Hex , Squawk, Flight, alt , pres alt, speed, course, vert_rate,   lat   ,    lon   , air_type, Ti
--------------------------------------------------------------------------------------------
151D56,0,         ,0,   0,   0,    0,   0,      0.000000,  0.000000, 9, 37


Hex , Squawk, Flight, alt , pres alt, speed, course, vert_rate,   lat   ,    lon   , air_type, Ti
--------------------------------------------------------------------------------------------
151D56,0,         ,0,   0,   0,    0,   0,      0.000000,  0.000000, 9, 38


Hex , Squawk, Flight, alt , pres alt, speed, course, vert_rate,   lat   ,    lon   , air_type, Ti
--------------------------------------------------------------------------------------------
151D56,0,         ,0,   0,   0,    0,   0,      0.000000,  0.000000, 9, 38


Hex , Squawk, Flight, alt , pres alt, speed, course, vert_rate,   lat   ,    lon   , air_type, Ti
--------------------------------------------------------------------------------------------
151D56,0,         ,0,   0,   0,    0,   0,      0.000000,  0.000000, 9, 38


Hex , Squawk, Flight, alt , pres alt, speed, course, vert_rate,   lat   ,    lon   , air_type, Ti
--------------------------------------------------------------------------------------------
151D56,0,         ,0,   0,   0,    0,   0,      0.000000,  0.000000, 9, 38


Hex , Squawk, Flight, alt , pres alt, speed, course, vert_rate,   lat   ,    lon   , air_type, Ti
--------------------------------------------------------------------------------------------
151D56,0,         ,0,   0,   0,    0,   0,      0.000000,  0.000000, 9, 39


Hex , Squawk, Flight, alt , pres alt, speed, course, vert_rate,   lat   ,    lon   , air_type, Ti
--------------------------------------------------------------------------------------------
151D56,0,         ,0,   0,   0,    0,   0,      0.000000,  0.000000, 9, 39


Hex , Squawk, Flight, alt , pres alt, speed, course, vert_rate,   lat   ,    lon   , air_type, Ti
--------------------------------------------------------------------------------------------
151D56,0,         ,0,   0,   0,    0,   0,      0.000000,  0.000000, 9, 39


Hex , Squawk, Flight, alt , pres alt, speed, course, vert_rate,   lat   ,    lon   , air_type, Ti
--------------------------------------------------------------------------------------------
151D56,0,         ,0,   0,   0,    0,   0,      0.000000,  0.000000, 9, 39


Hex , Squawk, Flight, alt , pres alt, speed, course, vert_rate,   lat   ,    lon   , air_type, Ti
--------------------------------------------------------------------------------------------
151D56,0,         ,0,   0,   0,    0,   0,      0.000000,  0.000000, 9, 40


Hex , Squawk, Flight, alt , pres alt, speed, course, vert_rate,   lat   ,    lon   , air_type, Ti
--------------------------------------------------------------------------------------------
151D56,0,         ,0,   0,   0,    0,   0,      0.000000,  0.000000, 9, 40


Hex , Squawk, Flight, alt , pres alt, speed, course, vert_rate,   lat   ,    lon   , air_type, Ti
--------------------------------------------------------------------------------------------
151D56,0,         ,0,   0,   0,    0,   0,      0.000000,  0.000000, 9, 40


Hex , Squawk, Flight, alt , pres alt, speed, course, vert_rate,   lat   ,    lon   , air_type, Ti
--------------------------------------------------------------------------------------------
151D56,0,         ,0,   0,   0,    0,   0,      0.000000,  0.000000, 9, 40


Hex , Squawk, Flight, alt , pres alt, speed, course, vert_rate,   lat   ,    lon   , air_type, Ti
--------------------------------------------------------------------------------------------
151D56,0,         ,0,   0,   0,    0,   0,      0.000000,  0.000000, 9, 41


Hex , Squawk, Flight, alt , pres alt, speed, course, vert_rate,   lat   ,    lon   , air_type, Ti
--------------------------------------------------------------------------------------------
151D56,0,         ,0,   0,   0,    0,   0,      0.000000,  0.000000, 9, 41


Hex , Squawk, Flight, alt , pres alt, speed, course, vert_rate,   lat   ,    lon   , air_type, Ti
--------------------------------------------------------------------------------------------
151D56,0,         ,0,   0,   0,    0,   0,      0.000000,  0.000000, 9, 41


Hex , Squawk, Flight, alt , pres alt, speed, course, vert_rate,   lat   ,    lon   , air_type, Ti
--------------------------------------------------------------------------------------------
151D56,0,         ,0,   0,   0,    0,   0,      0.000000,  0.000000, 9, 41


Hex , Squawk, Flight, alt , pres alt, speed, course, vert_rate,   lat   ,    lon   , air_type, Ti
--------------------------------------------------------------------------------------------
151D56,0,         ,0,   0,   0,    0,   0,      0.000000,  0.000000, 9, 42


Hex , Squawk, Flight, alt , pres alt, speed, course, vert_rate,   lat   ,    lon   , air_type, Ti
--------------------------------------------------------------------------------------------
151D56,0,         ,0,   0,   0,    0,   0,      0.000000,  0.000000, 9, 42


Hex , Squawk, Flight, alt , pres alt, speed, course, vert_rate,   lat   ,    lon   , air_type, Ti
--------------------------------------------------------------------------------------------
151D56,0,         ,0,   0,   0,    0,   0,      0.000000,  0.000000, 9, 42


Hex , Squawk, Flight, alt , pres alt, speed, course, vert_rate,   lat   ,    lon   , air_type, Ti
--------------------------------------------------------------------------------------------
151D56,0,         ,0,   0,   0,    0,   0,      0.000000,  0.000000, 9, 43


Hex , Squawk, Flight, alt , pres alt, speed, course, vert_rate,   lat   ,    lon   , air_type, Ti
--------------------------------------------------------------------------------------------
151D56,0,         ,0,   0,   0,    0,   0,      0.000000,  0.000000, 9, 43


Hex , Squawk, Flight, alt , pres alt, speed, course, vert_rate,   lat   ,    lon   , air_type, Ti
--------------------------------------------------------------------------------------------
151D56,0,         ,0,   0,   0,    0,   0,      0.000000,  0.000000, 9, 43


Hex , Squawk, Flight, alt , pres alt, speed, course, vert_rate,   lat   ,    lon   , air_type, Ti
--------------------------------------------------------------------------------------------
151D56,0,         ,0,   0,   0,    0,   0,      0.000000,  0.000000, 9, 43


Hex , Squawk, Flight, alt , pres alt, speed, course, vert_rate,   lat   ,    lon   , air_type, Ti
--------------------------------------------------------------------------------------------
151D56,0,         ,0,   0,   0,    0,   0,      0.000000,  0.000000, 9, 44


Hex , Squawk, Flight, alt , pres alt, speed, course, vert_rate,   lat   ,    lon   , air_type, Ti
--------------------------------------------------------------------------------------------
151D56,0,         ,0,   0,   0,    0,   0,      0.000000,  0.000000, 9, 44


Hex , Squawk, Flight, alt , pres alt, speed, course, vert_rate,   lat   ,    lon   , air_type, Ti
--------------------------------------------------------------------------------------------
151D56,0,         ,0,   0,   0,    0,   0,      0.000000,  0.000000, 9, 44


Hex , Squawk, Flight, alt , pres alt, speed, course, vert_rate,   lat   ,    lon   , air_type, Ti
--------------------------------------------------------------------------------------------
151D56,0,         ,0,   0,   0,    0,   0,      0.000000,  0.000000, 9, 44


Hex , Squawk, Flight, alt , pres alt, speed, course, vert_rate,   lat   ,    lon   , air_type, Ti
--------------------------------------------------------------------------------------------
151D56,0,         ,0,   0,   0,    0,   0,      0.000000,  0.000000, 9, 45


Hex , Squawk, Flight, alt , pres alt, speed, course, vert_rate,   lat   ,    lon   , air_type, Ti
--------------------------------------------------------------------------------------------
151D56,0,         ,0,   0,   0,    0,   0,      0.000000,  0.000000, 9, 45


Hex , Squawk, Flight, alt , pres alt, speed, course, vert_rate,   lat   ,    lon   , air_type, Ti
--------------------------------------------------------------------------------------------
151D56,0,         ,0,   0,   0,    0,   0,      0.000000,  0.000000, 9, 45


Hex , Squawk, Flight, alt , pres alt, speed, course, vert_rate,   lat   ,    lon   , air_type, Ti
--------------------------------------------------------------------------------------------
151D56,0,         ,0,   0,   0,    0,   0,      0.000000,  0.000000, 9, 45


Hex , Squawk, Flight, alt , pres alt, speed, course, vert_rate,   lat   ,    lon   , air_type, Ti
--------------------------------------------------------------------------------------------
151D56,0,         ,0,   0,   0,    0,   0,      0.000000,  0.000000, 9, 46


Hex , Squawk, Flight, alt , pres alt, speed, course, vert_rate,   lat   ,    lon   , air_type, Ti
--------------------------------------------------------------------------------------------
151D56,0,         ,0,   0,   0,    0,   0,      0.000000,  0.000000, 9, 46


Hex , Squawk, Flight, alt , pres alt, speed, course, vert_rate,   lat   ,    lon   , air_type, Ti
--------------------------------------------------------------------------------------------
151D56,0,         ,0,   0,   0,    0,   0,      0.000000,  0.000000, 9, 46


Hex , Squawk, Flight, alt , pres alt, speed, course, vert_rate,   lat   ,    lon   , air_type, Ti
--------------------------------------------------------------------------------------------
151D56,0,         ,0,   0,   0,    0,   0,      0.000000,  0.000000, 9, 46


Hex , Squawk, Flight, alt , pres alt, speed, course, vert_rate,   lat   ,    lon   , air_type, Ti
--------------------------------------------------------------------------------------------
151D56,0,         ,0,   0,   0,    0,   0,      0.000000,  0.000000, 9, 47


Hex , Squawk, Flight, alt , pres alt, speed, course, vert_rate,   lat   ,    lon   , air_type, Ti
--------------------------------------------------------------------------------------------
151D56,0,         ,0,   0,   0,    0,   0,      0.000000,  0.000000, 9, 47


Hex , Squawk, Flight, alt , pres alt, speed, course, vert_rate,   lat   ,    lon   , air_type, Ti
--------------------------------------------------------------------------------------------
151D56,0,         ,0,   0,   0,    0,   0,      0.000000,  0.000000, 9, 47


Hex , Squawk, Flight, alt , pres alt, speed, course, vert_rate,   lat   ,    lon   , air_type, Ti
--------------------------------------------------------------------------------------------
151D56,0,         ,0,   0,   0,    0,   0,      0.000000,  0.000000, 9, 48


Hex , Squawk, Flight, alt , pres alt, speed, course, vert_rate,   lat   ,    lon   , air_type, Ti
--------------------------------------------------------------------------------------------
151D56,0,         ,0,   0,   0,    0,   0,      0.000000,  0.000000, 9, 48


Hex , Squawk, Flight, alt , pres alt, speed, course, vert_rate,   lat   ,    lon   , air_type, Ti
--------------------------------------------------------------------------------------------
151D56,0,         ,0,   0,   0,    0,   0,      0.000000,  0.000000, 9, 48


Hex , Squawk, Flight, alt , pres alt, speed, course, vert_rate,   lat   ,    lon   , air_type, Ti
--------------------------------------------------------------------------------------------
151D56,0,         ,0,   0,   0,    0,   0,      0.000000,  0.000000, 9, 48


Hex , Squawk, Flight, alt , pres alt, speed, course, vert_rate,   lat   ,    lon   , air_type, Ti
--------------------------------------------------------------------------------------------
151D56,0,         ,0,   0,   0,    0,   0,      0.000000,  0.000000, 9, 49


Hex , Squawk, Flight, alt , pres alt, speed, course, vert_rate,   lat   ,    lon   , air_type, Ti
--------------------------------------------------------------------------------------------
151D56,0,         ,0,   0,   0,    0,   0,      0.000000,  0.000000, 9, 49


Hex , Squawk, Flight, alt , pres alt, speed, course, vert_rate,   lat   ,    lon   , air_type, Ti
--------------------------------------------------------------------------------------------
151D56,0,         ,0,   0,   0,    0,   0,      0.000000,  0.000000, 9, 49


Hex , Squawk, Flight, alt , pres alt, speed, course, vert_rate,   lat   ,    lon   , air_type, Ti
--------------------------------------------------------------------------------------------
151D56,0,         ,0,   0,   0,    0,   0,      0.000000,  0.000000, 9, 49


Hex , Squawk, Flight, alt , pres alt, speed, course, vert_rate,   lat   ,    lon   , air_type, Ti
--------------------------------------------------------------------------------------------
151D56,0,         ,0,   0,   0,    0,   0,      0.000000,  0.000000, 9, 50


Hex , Squawk, Flight, alt , pres alt, speed, course, vert_rate,   lat   ,    lon   , air_type, Ti
--------------------------------------------------------------------------------------------
151D56,0,         ,0,   0,   0,    0,   0,      0.000000,  0.000000, 9, 50


Hex , Squawk, Flight, alt , pres alt, speed, course, vert_rate,   lat   ,    lon   , air_type, Ti
-------------------------------------------------------------
-----------------------------------------------
Date: 21.07.2024 - 19:27:19
End log file
