Terminal log file
Date: 21.07.2024 - 21:32:44
-----------------------------------------------
Hex , Squawk, Flight, alt , pres alt, speed, course, vert_rate,   lat   ,    lon   , air_type, Ti
--------------------------------------------------------------------------------------------
151E0B,2136, PBD6531 ,1294,   1294,   0,    0,   0,      0.000000,  0.000000, 9, 0


Hex , Squawk, Flight, alt , pres alt, speed, course, vert_rate,   lat   ,    lon   , air_type, Ti
--------------------------------------------------------------------------------------------
151E0B,2136, PBD6531 ,1294,   1294,   0,    0,   0,      0.000000,  0.000000, 9, 0


Hex , Squawk, Flight, alt , pres alt, speed, course, vert_rate,   lat   ,    lon   , air_type, Ti
--------------------------------------------------------------------------------------------
151E0B,2136, PBD6531 ,1302,   1302,   0,    0,   0,      0.000000,  0.000000, 9, 0


Hex , Squawk, Flight, alt , pres alt, speed, course, vert_rate,   lat   ,    lon   , air_type, Ti
--------------------------------------------------------------------------------------------
151E0B,2136, PBD6531 ,1302,   1302,   0,    0,   0,      0.000000,  0.000000, 9, 0


Hex , Squawk, Flight, alt , pres alt, speed, course, vert_rate,   lat   ,    lon   , air_type, Ti
--------------------------------------------------------------------------------------------
151E0B,2136, PBD6531 ,1302,   1302,   0,    0,   0,      0.000000,  0.000000, 9, 1


Hex , Squawk, Flight, alt , pres alt, speed, course, vert_rate,   lat   ,    lon   , air_type, Ti
--------------------------------------------------------------------------------------------
151E0B,2136, PBD6531 ,1302,   1302,   0,    0,   0,      0.000000,  0.000000, 9, 0


Hex , Squawk, Flight, alt , pres alt, speed, course, vert_rate,   lat   ,    lon   , air_type, Ti
--------------------------------------------------------------------------------------------
151E0B,2136, PBD6531 ,1302,   1302,   0,    0,   0,      0.000000,  0.000000, 9, 0


Hex , Squawk, Flight, alt , pres alt, speed, course, vert_rate,   lat   ,    lon   , air_type, Ti
--------------------------------------------------------------------------------------------
151E0B,2136, PBD6531 ,1302,   1302,   0,    0,   0,      0.000000,  0.000000, 9, 0


Hex , Squawk, Flight, alt , pres alt, speed, course, vert_rate,   lat   ,    lon   , air_type, Ti
--------------------------------------------------------------------------------------------
151E0B,2136, PBD6531 ,1302,   1302,   0,    0,   0,      0.000000,  0.000000, 9, 1



151E0B,2136, PBD6531 ,1309,   1309,   0,    0,   0,      0.000000,  0.000000, 9, 0



151E0B,2136, PBD6531 ,1309,   1309,   0,    0,   0,      0.000000,  0.000000, 9, 0


type, Ti
--------------------------------------------------------------------------------------------
151E0B,2136, PBD6531 ,1302,   1302,   0,    0,   0,      0.000000,  0.000000, 9, 1


Hex , Squawk, Flight, alt , pres alt, speed, course, vert_rate,   lat   ,    lon   , air_type, Ti
--------------------------------------------------------------------------------------------Hex , Squawk, Flight, alt , pres alt, speed, course, vert_rate,   lat   ,    lon   , air_type, Ti
--------------------------------------------------------------------------------------------
151E0B,2136, PBD6531 ,1309,   1309,   0,    0,   0,      0.000000,  0.000000, 9, 0


Hex , Squawk, Flight, alt , pres alt, speed, course, vert_rate,   lat   ,    lon   , air_type, Ti
--------------------------------------------------------------------------------------------
151E0B,2136, PBD6531 ,1309,   1309,   0,    0,   0,      0.000000,  0.000000, 9, 0


Hex , Squawk, Flight, alt , pres alt, speed, course, vert_rate,   lat   ,    lon   , air_type, Ti
--------------------------------------------------------------------------------------------
151E0B,2136, PBD6531 ,1317,   1317,   0,    0,   0,      0.000000,  0.000000, 9, 0


Hex , Squawk, Flight, alt , pres alt, speed, course, vert_rate,   lat   ,    lon   , air_type, Ti
--------------------------------------------------------------------------------------------
151E0B,2136, PBD6531 ,1317,   1317,   0,    0,   0,      0.000000,  0.000000, 9, 0


Hex , Squawk, Flight, alt , pres alt, speed, course, vert_rate,   lat   ,    lon   , air_type, Ti
--------------------------------------------------------------------------------------------
151E0B,2136, PBD6531 ,1317,   1317,   0,    0,   0,      0.000000,  0.000000, 9, 0


Hex , Squawk, Flight, alt , pres alt, speed, course, vert_rate,   lat   ,    lon   , air_type, Ti
--------------------------------------------------------------------------------------------
151E0B,2136, PBD6531 ,1317,   1317,   0,    0,   0,      0.000000,  0.000000, 9, 1


Hex , Squawk, Flight, alt , pres alt, speed, course, vert_rate,   lat   ,    lon   , air_type, Ti
--------------------------------------------------------------------------------------------
151E0B,2136, PBD6531 ,1317,   1317,   0,    0,   0,      0.000000,  0.000000, 9, 0


Hex , Squawk, Flight, alt , pres alt, speed, course, vert_rate,   lat   ,    lon   , air_type, Ti
--------------------------------------------------------------------------------------------
151E0B,2136, PBD6531 ,1317,   1317,   0,    0,   0,      0.000000,  0.000000, 9, 0


Hex , Squawk, Flight, alt , pres alt, speed, course, vert_rate,   lat   ,    lon   , air_type, Ti
--------------------------------------------------------------------------------------------
151E0B,2136, PBD6531 ,1317,   1317,   0,    0,   0,      0.000000,  0.000000, 9, 0


Hex , Squawk, Flight, alt , pres alt, speed, course, vert_rate,   lat   ,    lon   , air_type, Ti
--------------------------------------------------------------------------------------------
151E0B,2136, PBD6531 ,1317,   1317,   0,    0,   0,      0.000000,  0.000000, 9, 0


Hex , Squawk, Flight, alt , pres alt, speed, course, vert_rate,   lat   ,    lon   , air_type, Ti
--------------------------------------------------------------------------------------------
151E0B,2136, PBD6531 ,1317,   1317,   0,    0,   0,      0.000000,  0.000000, 9, 0


Hex , Squawk, Flight, alt , pres alt, speed, course, vert_rate,   lat   ,    lon   , air_type, Ti
--------------------------------------------------------------------------------------------
151E0B,2136, PBD6531 ,1317,   1317,   0,    0,   0,      0.000000,  0.000000, 9, 0


Hex , Squawk, Flight, alt , pres alt, speed, course, vert_rate,   lat   ,    lon   , air_type, Ti
--------------------------------------------------------------------------------------------
151E0B,2136, PBD6531 ,1317,   1317,   0,    0,   0,      0.000000,  0.000000, 9, 0


Hex , Squawk, Flight, alt , pres alt, speed, course, vert_rate,   lat   ,    lon   , air_type, Ti
--------------------------------------------------------------------------------------------
151E0B,2136, PBD6531 ,1317,   1317,   0,    0,   0,      0.000000,  0.000000, 9, 0


Hex , Squawk, Flight, alt , pres alt, speed, course, vert_rate,   lat   ,    lon   , air_type, Ti
--------------------------------------------------------------------------------------------
151E0B,2136, PBD6531 ,1317,   1317,   0,    0,   0,      0.000000,  0.000000, 9, 0


Hex , Squawk, Flight, alt , pres alt, speed, course, vert_rate,   lat   ,    lon   , air_type, Ti
--------------------------------------------------------------------------------------------
151E0B,2136, PBD6531 ,1317,   1317,   0,    0,   0,      0.000000,  0.000000, 9, 0


Hex , Squawk, Flight, alt , pres alt, speed, course, vert_rate,   lat   ,    lon   , air_type, Ti
--------------------------------------------------------------------------------------------
151E0B,2136, PBD6531 ,1332,   1332,   0,    0,   0,      0.000000,  0.000000, 9, 1


Hex , Squawk, Flight, alt , pres alt, speed, course, vert_rate,   lat   ,    lon   , air_type, Ti
--------------------------------------------------------------------------------------------
151E0B,2136, PBD6531 ,1332,   1332,   0,    0,   0,      0.000000,  0.000000, 9, 1


Hex , Squawk, Flight, alt , pres alt, speed, course, vert_rate,   lat   ,    lon   , air_type, Ti
--------------------------------------------------------------------------------------------
151E0B,2136, PBD6531 ,1332,   1332,   0,    0,   0,      0.000000,  0.000000, 9, 0


Hex , Squawk, Flight, alt , pres alt, speed, course, vert_rate,   lat   ,    lon   , air_type, Ti
--------------------------------------------------------------------------------------------
151E0B,2136, PBD6531 ,1332,   1332,   0,    0,   0,      0.000000,  0.000000, 9, 0


Hex , Squawk, Flight, alt , pres alt, speed, course, vert_rate,   lat   ,    lon   , air_type, Ti
--------------------------------------------------------------------------------------------
151E0B,2136, PBD6531 ,1332,   1332,   0,    0,   0,      0.000000,  0.000000, 9, 1


Hex , Squawk, Flight, alt , pres alt, speed, course, vert_rate,   lat   ,    lon   , air_type, Ti
--------------------------------------------------------------------------------------------
151E0B,2136, PBD6531 ,1332,   1332,   0,    0,   0,      0.000000,  0.000000, 9, 1


Hex , Squawk, Flight, alt , pres alt, speed, course, vert_rate,   lat   ,    lon   , air_type, Ti
--------------------------------------------------------------------------------------------
151E0B,2136, PBD6531 ,1332,   1332,   0,    0,   0,      0.000000,  0.000000, 9, 1


Hex , Squawk, Flight, alt , pres alt, speed, course, vert_rate,   lat   ,    lon   , air_type, Ti
--------------------------------------------------------------------------------------------
151E0B,2136, PBD6531 ,1332,   1332,   0,    0,   0,      0.000000,  0.000000, 9, 0


Hex , Squawk, Flight, alt , pres alt, speed, course, vert_rate,   lat   ,    lon   , air_type, Ti
--------------------------------------------------------------------------------------------
151E0B,2136, PBD6531 ,1332,   1332,   0,    0,   0,      0.000000,  0.000000, 9, 0


Hex , Squawk, Flight, alt , pres alt, speed, course, vert_rate,   lat   ,    lon   , air_type, Ti
--------------------------------------------------------------------------------------------
151E0B,2136, PBD6531 ,1332,   1332,   0,    0,   0,      0.000000,  0.000000, 9, 0


Hex , Squawk, Flight, alt , pres alt, speed, course, vert_rate,   lat   ,    lon   , air_type, Ti
--------------------------------------------------------------------------------------------
151E0B,2136, PBD6531 ,1332,   1332,   0,    0,   0,      0.000000,  0.000000, 9, 0


Hex , Squawk, Flight, alt , pres alt, speed, course, vert_rate,   lat   ,    lon   , air_type, Ti
--------------------------------------------------------------------------------------------
151E0B,2136, PBD6531 ,1332,   1332,   0,    0,   0,      0.000000,  0.000000, 9, 0


Hex , Squawk, Flight, alt , pres alt, speed, course, vert_rate,   lat   ,    lon   , air_type, Ti
--------------------------------------------------------------------------------------------
151E0B,2136, PBD6531 ,1332,   1332,   0,    0,   0,      0.000000,  0.000000, 9, 1


Hex , Squawk, Flight, alt , pres alt, speed, course, vert_rate,   lat   ,    lon   , air_type, Ti
--------------------------------------------------------------------------------------------
151E0B,2136, PBD6531 ,1332,   1332,   0,    0,   0,      0.000000,  0.000000, 9, 1


Hex , Squawk, Flight, alt , pres alt, speed, course, vert_rate,   lat   ,    lon   , air_type, Ti
--------------------------------------------------------------------------------------------
151E0B,2136, PBD6531 ,1332,   1332,   0,    0,   0,      0.000000,  0.000000, 9, 1


Hex , Squawk, Flight, alt , pres alt, speed, course, vert_rate,   lat   ,    lon   , air_type, Ti
--------------------------------------------------------------------------------------------
151E0B,2136, PBD6531 ,1347,   1347,   0,    0,   0,      0.000000,  0.000000, 9, 0


Hex , Squawk, Flight, alt , pres alt, speed, course, vert_rate,   lat   ,    lon   , air_type, Ti
--------------------------------------------------------------------------------------------
151E0B,2136, PBD6531 ,1347,   1347,   0,    0,   0,      0.000000,  0.000000, 9, 1


Hex , Squawk, Flight, alt , pres alt, speed, course, vert_rate,   lat   ,    lon   , air_type, Ti
--------------------------------------------------------------------------------------------
151E0B,2136, PBD6531 ,1347,   1347,   0,    0,   0,      0.000000,  0.000000, 9, 1


Hex , Squawk, Flight, alt , pres alt, speed, course, vert_rate,   lat   ,    lon   , air_type, Ti
--------------------------------------------------------------------------------------------
151E0B,2136, PBD6531 ,1347,   1347,   0,    0,   0,      0.000000,  0.000000, 9, 0


Hex , Squawk, Flight, alt , pres alt, speed, course, vert_rate,   lat   ,    lon   , air_type, Ti
--------------------------------------------------------------------------------------------
151E0B,2136, PBD6531 ,1347,   1347,   0,    0,   0,      0.000000,  0.000000, 9, 1


Hex , Squawk, Flight, alt , pres alt, speed, course, vert_rate,   lat   ,    lon   , air_type, Ti
--------------------------------------------------------------------------------------------
151DF5,0,         ,10661,   10661,   0,    0,   0,      0.000000,  0.000000, 9, 6


Hex , Squawk, Flight, alt , pres alt, speed, course, vert_rate,   lat   ,    lon   , air_type, Ti
--------------------------------------------------------------------------------------------
151E0B,2136, PBD6531 ,1386,   1386,   0,    0,   0,      0.000000,  0.000000, 9, 49


Hex , Squawk, Flight, alt , pres alt, speed, course, vert_rate,   lat   ,    lon   , air_type, Ti
--------------------------------------------------------------------------------------------
151DF5,0,         ,10661,   10661,   0,    0,   0,      0.000000,  0.000000, 9, 6


Hex , Squawk, Flight, alt , pres alt, speed, course, vert_rate,   lat   ,    lon   , air_type, Ti
--------------------------------------------------------------------------------------------
151E0B,2136, PBD6531 ,1386,   1386,   0,    0,   0,      0.000000,  0.000000, 9, 49


Hex , Squawk, Flight, alt , pres alt, speed, course, vert_rate,   lat   ,    lon   , air_type, Ti
--------------------------------------------------------------------------------------------
151DF5,0,         ,10661,   10661,   0,    0,   0,      0.000000,  0.000000, 9, 7


Hex , Squawk, Flight, alt , pres alt, speed, course, vert_rate,   lat   ,    lon   , air_type, Ti
--------------------------------------------------------------------------------------------
151E0B,2136, PBD6531 ,1386,   1386,   0,    0,   0,      0.000000,  0.000000, 9, 50


Hex , Squawk, Flight, alt , pres alt, speed, course, vert_rate,   lat   ,    lon   , air_type, Ti
--------------------------------------------------------------------------------------------
151DF5,0,         ,10661,   10661,   0,    0,   0,      0.000000,  0.000000, 9, 7


Hex , Squawk, Flight, alt , pres alt, speed, course, vert_rate,   lat   ,    lon   , air_type, Ti
--------------------------------------------------------------------------------------------
151E0B,2136, PBD6531 ,1386,   1386,   0,    0,   0,      0.000000,  0.000000, 9, 50


Hex , Squawk, Flight, alt , pres alt, speed, course, vert_rate,   lat   ,    lon   , air_type, Ti
--------------------------------------------------------------------------------------------
151DF5,0,         ,10661,   10661,   0,    0,   0,      0.000000,  0.000000, 9, 7


Hex , Squawk, Flight, alt , pres alt, speed, course, vert_rate,   lat   ,    lon   , air_type, Ti
--------------------------------------------------------------------------------------------
151E0B,2136, PBD6531 ,1386,   1386,   0,    0,   0,      0.000000,  0.000000, 9, 50


Hex , Squawk, Flight, alt , pres alt, speed, course, vert_rate,   lat   ,    lon   , air_type, Ti
--------------------------------------------------------------------------------------------
151DF5,0,         ,10661,   10661,   0,    0,   0,      0.000000,  0.000000, 9, 7


Hex , Squawk, Flight, alt , pres alt, speed, course, vert_rate,   lat   ,    lon   , air_type, Ti
--------------------------------------------------------------------------------------------
151E0B,2136, PBD6531 ,1386,   1386,   0,    0,   0,      0.000000,  0.000000, 9, 50


Hex , Squawk, Flight, alt , pres alt, speed, course, vert_rate,   lat   ,    lon   , air_type, Ti
--------------------------------------------------------------------------------------------
151DF5,0,         ,10661,   10661,   0,    0,   0,      0.000000,  0.000000, 9, 8


Hex , Squawk, Flight, alt , pres alt, speed, course, vert_rate,   lat   ,    lon   , air_type, Ti
--------------------------------------------------------------------------------------------
151E0B,2136, PBD6531 ,1386,   1386,   0,    0,   0,      0.000000,  0.000000, 9, 51


----------------------------------------------------------------------------------
151DF5,0,         ,10661,   10661,   0,    0,   0,      0.000000,  0.000000, 9, 0


Hex , Squawk, Flight, alt , pres alt, speed, course, vert_rate,   lat   ,    lon   , air_type, Ti
--------------------------------------------------------------------------------------------
151DF5,0,         ,10661,   10661,   490,    144,   0,      0.000000,  0.000000, 9, 0


Hex , Squawk, Flight, alt , pres alt, speed, course, vert_rate,   lat   ,    lon   , air_type, Ti
--------------------------------------------------------------------------------------------
151DF5,0, SDM6067 ,10661,   10661,   490,    144,   0,      0.000000,  0.000000, 9, 0


Hex , Squawk, Flight, alt , pres alt, speed, course, vert_rate,   lat   ,    lon   , air_type, Ti
--------------------------------------------------------------------------------------------
151DF5,0, SDM6067 ,10661,   10661,   490,    144,   0,      0.000000,  0.000000, 9, 0


Hex , Squawk, Flight, alt , pres alt, speed, course, vert_rate,   lat   ,    lon   , air_type, Ti
--------------------------------------------------------------------------------------------
151DF5,0, SDM6067 ,10661,   10661,   490,    144,   0,      0.000000,  0.000000, 9, 1


Hex , Squawk, Flight, alt , pres alt, speed, course, vert_rate,   lat   ,    lon   , air_type, Ti
--------------------------------------------------------------------------------------------
151DF5,0, SDM6067 ,10661,   10661,   490,    144,   0,      0.000000,  0.000000, 9, 1


Hex , Squawk, Flight, alt , pres alt, speed, course, vert_rate,   lat   ,    lon   , air_type, Ti
--------------------------------------------------------------------------------------------
151DF5,0, SDM6067 ,10661,   10661,   490,    144,   0,      0.000000,  0.000000, 9, 1


Hex , Squawk, Flight, alt , pres alt, speed, course, vert_rate,   lat   ,    lon   , air_type, Ti
--------------------------------------------------------------------------------------------
151DF5,0, SDM6067 ,10661,   10661,   490,    144,   0,      0.000000,  0.000000, 9, 2


Hex , Squawk, Flight, alt , pres alt, speed, course, vert_rate,   lat   ,    lon   , air_type, Ti
--------------------------------------------------------------------------------------------
151DF5,0, SDM6067 ,10661,   10661,   490,    144,   0,      0.000000,  0.000000, 9, 2


Hex , Squawk, Flight, alt , pres alt, speed, course, vert_rate,   lat   ,    lon   , air_type, Ti
--------------------------------------------------------------------------------------------
151DF5,0, SDM6067 ,10661,   10661,   490,    144,   0,      0.000000,  0.000000, 9, 2


Hex , Squawk, Flight, alt , pres alt, speed, course, vert_rate,   lat   ,    lon   , air_type, Ti
--------------------------------------------------------------------------------------------
151DF5,0, SDM6067 ,10661,   10661,   490,    144,   0,      0.000000,  0.000000, 9, 2


Hex , Squawk, Flight, alt , pres alt, speed, course, vert_rate,   lat   ,    lon   , air_type, Ti
--------------------------------------------------------------------------------------------
151DF5,0, SDM6067 ,10661,   10661,   490,    144,   0,      0.000000,  0.000000, 9, 3


Hex , Squawk, Flight, alt , pres alt, speed, course, vert_rate,   lat   ,    lon   , air_type, Ti
--------------------------------------------------------------------------------------------
151DF5,0, SDM6067 ,10661,   10661,   490,    144,   0,      0.000000,  0.000000, 9, 3


Hex , Squawk, Flight, alt , pres alt, speed, course, vert_rate,   lat   ,    lon   , air_type, Ti
--------------------------------------------------------------------------------------------
151DF5,0, SDM6067 ,10661,   10661,   490,    144,   0,      0.000000,  0.000000, 9, 3


Hex , Squawk, Flight, alt , pres alt, speed, course, vert_rate,   lat   ,    lon   , air_type, Ti
--------------------------------------------------------------------------------------------
151DF5,0, SDM6067 ,10661,   10661,   490,    144,   0,      0.000000,  0.000000, 9, 3


Hex , Squawk, Flight, alt , pres alt, speed, course, vert_rate,   lat   ,    lon   , air_type, Ti
--------------------------------------------------------------------------------------------
151DF5,0, SDM6067 ,10661,   10661,   490,    144,   0,      0.000000,  0.000000, 9, 4


Hex , Squawk, Flight, alt , pres alt, speed, course, vert_rate,   lat   ,    lon   , air_type, Ti
--------------------------------------------------------------------------------------------
151DF5,0, SDM6067 ,10661,   10661,   490,    144,   0,      0.000000,  0.000000, 9, 7


Hex , Squawk, Flight, alt , pres alt, speed, course, vert_rate,   lat   ,    lon   , air_type, Ti
--------------------------------------------------------------------------------------------
151DF5,0, SDM6067 ,10661,   10661,   490,    144,   0,      0.000000,  0.000000, 9, 7


Hex , Squawk, Flight, alt , pres alt, speed, course, vert_rate,   lat   ,    lon   , air_type, Ti
--------------------------------------------------------------------------------------------
151DF5,0, SDM6067 ,10661,   10661,   490,    144,   0,      0.000000,  0.000000, 9, 7


Hex , Squawk, Flight, alt , pres alt, speed, course, vert_rate,   lat   ,    lon   , air_type, Ti
--------------------------------------------------------------------------------------------
151DF5,0, SDM6067 ,10661,   10661,   490,    144,   0,      0.000000,  0.000000, 9, 8


Hex , Squawk, Flight, alt , pres alt, speed, course, vert_rate,   lat   ,    lon   , air_type, Ti
--------------------------------------------------------------------------------------------
151DF5,0, SDM6067 ,10661,   10661,   490,    144,   0,      0.000000,  0.000000, 9, 8



151DF5,0, SDM6067 ,10661,   10661,   490,    144,   0,      0.000000,  0.000000, 9, 8



151DF5,0, SDM6067 ,10661,   10661,   490,    144,   0,      0.000000,  0.000000, 9, 8


e, Ti
--------------------------------------------------------------------------------------------
151DF5,0, SDM6067 ,10661,   10661,   490,    144,   0,      0.000000,  0.000000, 9, 8


Hex , Squawk, Flight, alt , pres alt, speed, course, vert_rate,   lat   ,    lon   , air_type, Ti
--------------------------------------------------------------------------------------------Hex , Squawk, Flight, alt , pres alt, speed, course, vert_rate,   lat   ,    lon   , air_type, Ti
--------------------------------------------------------------------------------------------
151DF5,0, SDM6067 ,10661,   10661,   490,    144,   0,      0.000000,  0.000000, 9, 9


Hex , Squawk, Flight, alt , pres alt, speed, course, vert_rate,   lat   ,    lon   , air_type, Ti
--------------------------------------------------------------------------------------------
151DF5,0, SDM6067 ,10661,   10661,   490,    144,   0,      0.000000,  0.000000, 9, 9


Hex , Squawk, Flight, alt , pres alt, speed, course, vert_rate,   lat   ,    lon   , air_type, Ti
--------------------------------------------------------------------------------------------
151DF5,0, SDM6067 ,10661,   10661,   490,    144,   0,      0.000000,  0.000000, 9, 9


Hex , Squawk, Flight, alt , pres alt, speed, course, vert_rate,   lat   ,    lon   , air_type, Ti
--------------------------------------------------------------------------------------------
151DF5,0, SDM6067 ,10661,   10661,   490,    144,   0,      0.000000,  0.000000, 9, 9


Hex , Squawk, Flight, alt , pres alt, speed, course, vert_rate,   lat   ,    lon   , air_type, Ti
--------------------------------------------------------------------------------------------
151DF5,0, SDM6067 ,10661,   10661,   490,    144,   0,      0.000000,  0.000000, 9, 10


Hex , Squawk, Flight, alt , pres alt, speed, course, vert_rate,   lat   ,    lon   , air_type, Ti
--------------------------------------------------------------------------------------------
151DF5,0, SDM6067 ,10661,   10661,   490,    144,   0,      0.000000,  0.000000, 9, 10


Hex , Squawk, Flight, alt , pres alt, speed, course, vert_rate,   lat   ,    lon   , air_type, Ti
--------------------------------------------------------------------------------------------
151DF5,0, SDM6067 ,10661,   10661,   490,    144,   0,      0.000000,  0.000000, 9, 10


Hex , Squawk, Flight, alt , pres alt, speed, course, vert_rate,   lat   ,    lon   , air_type, Ti
--------------------------------------------------------------------------------------------
151DF5,0, SDM6067 ,10661,   10661,   490,    144,   0,      0.000000,  0.000000, 9, 10


Hex , Squawk, Flight, alt , pres alt, speed, course, vert_rate,   lat   ,    lon   , air_type, Ti
--------------------------------------------------------------------------------------------
151DF5,0, SDM6067 ,10661,   10661,   490,    144,   0,      0.000000,  0.000000, 9, 11


Hex , Squawk, Flight, alt , pres alt, speed, course, vert_rate,   lat   ,    lon   , air_type, Ti
--------------------------------------------------------------------------------------------
151DF5,0, SDM6067 ,10661,   10661,   490,    144,   0,      0.000000,  0.000000, 9, 12


Hex , Squawk, Flight, alt , pres alt, speed, course, vert_rate,   lat   ,    lon   , air_type, Ti
--------------------------------------------------------------------------------------------
151DF5,0, SDM6067 ,10661,   10661,   490,    144,   0,      0.000000,  0.000000, 9, 12


Hex , Squawk, Flight, alt , pres alt, speed, course, vert_rate,   lat   ,    lon   , air_type, Ti
--------------------------------------------------------------------------------------------
151DF5,0, SDM6067 ,10661,   10661,   490,    144,   0,      0.000000,  0.000000, 9, 12


Hex , Squawk, Flight, alt , pres alt, speed, course, vert_rate,   lat   ,    lon   , air_type, Ti
--------------------------------------------------------------------------------------------
151DF5,0, SDM6067 ,10661,   10661,   490,    144,   0,      0.000000,  0.000000, 9, 12


Hex , Squawk, Flight, alt , pres alt, speed, course, vert_rate,   lat   ,    lon   , air_type, Ti
--------------------------------------------------------------------------------------------
151DF5,0, SDM6067 ,10661,   10661,   490,    144,   0,      0.000000,  0.000000, 9, 13


Hex , Squawk, Flight, alt , pres alt, speed, course, vert_rate,   lat   ,    lon   , air_type, Ti
--------------------------------------------------------------------------------------------
151DF5,0, SDM6067 ,10661,   10661,   490,    144,   0,      0.000000,  0.000000, 9, 13


Hex , Squawk, Flight, alt , pres alt, speed, course, vert_rate,   lat   ,    lon   , air_type, Ti
--------------------------------------------------------------------------------------------
151DF5,0, SDM6067 ,10661,   10661,   490,    144,   0,      0.000000,  0.000000, 9, 13


Hex , Squawk, Flight, alt , pres alt, speed, course, vert_rate,   lat   ,    lon   , air_type, Ti
--------------------------------------------------------------------------------------------
151DF5,0, SDM6067 ,10661,   10661,   490,    144,   0,      0.000000,  0.000000, 9, 0


Hex , Squawk, Flight, alt , pres alt, speed, course, vert_rate,   lat   ,    lon   , air_type, Ti
--------------------------------------------------------------------------------------------
151DF5,0, SDM6067 ,10661,   10661,   490,    144,   0,      0.000000,  0.000000, 9, 1


Hex , Squawk, Flight, alt , pres alt, speed, course, vert_rate,   lat   ,    lon   , air_type, Ti
--------------------------------------------------------------------------------------------
151DF5,0, SDM6067 ,10661,   10661,   490,    144,   0,      0.000000,  0.000000, 9, 1


Hex , Squawk, Flight, alt , pres alt, speed, course, vert_rate,   lat   ,    lon   , air_type, Ti
--------------------------------------------------------------------------------------------
151DF5,0, SDM6067 ,10661,   10661,   490,    144,   0,      0.000000,  0.000000, 9, 1


Hex , Squawk, Flight, alt , pres alt, speed, course, vert_rate,   lat   ,    lon   , air_type, Ti
--------------------------------------------------------------------------------------------
151DF5,0, SDM6067 ,10661,   10661,   490,    144,   0,      0.000000,  0.000000, 9, 1


Hex , Squawk, Flight, alt , pres alt, speed, course, vert_rate,   lat   ,    lon   , air_type, Ti
--------------------------------------------------------------------------------------------
151DF5,0, SDM6067 ,10661,   10661,   490,    144,   0,      0.000000,  0.000000, 9, 2


Hex , Squawk, Flight, alt , pres alt, speed, course, vert_rate,   lat   ,    lon   , air_type, Ti
--------------------------------------------------------------------------------------------
151DF5,0, SDM6067 ,10661,   10661,   490,    144,   0,      0.000000,  0.000000, 9, 2


Hex , Squawk, Flight, alt , pres alt, speed, course, vert_rate,   lat   ,    lon   , air_type, Ti
--------------------------------------------------------------------------------------------
151DF5,0, SDM6067 ,10661,   10661,   490,    144,   0,      0.000000,  0.000000, 9, 2


Hex , Squawk, Flight, alt , pres alt, speed, course, vert_rate,   lat   ,    lon   , air_type, Ti
--------------------------------------------------------------------------------------------
151DF5,0, SDM6067 ,10661,   10661,   490,    144,   0,      0.000000,  0.000000, 9, 2


Hex , Squawk, Flight, alt , pres alt, speed, course, vert_rate,   lat   ,    lon   , air_type, Ti
--------------------------------------------------------------------------------------------
151DF5,0, SDM6067 ,10661,   10661,   490,    144,   0,      0.000000,  0.000000, 9, 3


Hex , Squawk, Flight, alt , pres alt, speed, course, vert_rate,   lat   ,    lon   , air_type, Ti
--------------------------------------------------------------------------------------------
151DF5,0, SDM6067 ,10661,   10661,   490,    144,   0,      0.000000,  0.000000, 9, 3


Hex , Squawk, Flight, alt , pres alt, speed, course, vert_rate,   lat   ,    lon   , air_type, Ti
--------------------------------------------------------------------------------------------
151DF5,0, SDM6067 ,10661,   10661,   490,    144,   0,      0.000000,  0.000000, 9, 3


Hex , Squawk, Flight, alt , pres alt, speed, course, vert_rate,   lat   ,    lon   , air_type, Ti
--------------------------------------------------------------------------------------------
151DF5,0, SDM6067 ,10661,   10661,   490,    144,   0,      0.000000,  0.000000, 9, 3


Hex , Squawk, Flight, alt , pres alt, speed, course, vert_rate,   lat   ,    lon   , air_type, Ti
--------------------------------------------------------------------------------------------
151DF5,0, SDM6067 ,10661,   10661,   490,    144,   0,      0.000000,  0.000000, 9, 4


Hex , Squawk, Flight, alt , pres alt, speed, course, vert_rate,   lat   ,    lon   , air_type, Ti
--------------------------------------------------------------------------------------------
151DF5,0, SDM6067 ,10661,   10661,   490,    144,   0,      0.000000,  0.000000, 9, 4


Hex , Squawk, Flight, alt , pres alt, speed, course, vert_rate,   lat   ,    lon   , air_type, Ti
--------------------------------------------------------------------------------------------
151DF5,0, SDM6067 ,10661,   10661,   490,    144,   0,      0.000000,  0.000000, 9, 4


Hex , Squawk, Flight, alt , pres alt, speed, course, vert_rate,   lat   ,    lon   , air_type, Ti
--------------------------------------------------------------------------------------------
151DF5,0, SDM6067 ,10661,   10661,   490,    144,   0,      0.000000,  0.000000, 9, 5


Hex , Squawk, Flight, alt , pres alt, speed, course, vert_rate,   lat   ,    lon   , air_type, Ti
--------------------------------------------------------------------------------------------
151DF5,0, SDM6067 ,10661,   10661,   490,    144,   0,      0.000000,  0.000000, 9, 5


Hex , Squawk, Flight, alt , pres alt, speed, course, vert_rate,   lat   ,    lon   , air_type, Ti
--------------------------------------------------------------------------------------------
151DF5,0, SDM6067 ,10661,   10661,   490,    144,   0,      0.000000,  0.000000, 9, 5


Hex , Squawk, Flight, alt , pres alt, speed, course, vert_rate,   lat   ,    lon   , air_type, Ti
--------------------------------------------------------------------------------------------
151DF5,0, SDM6067 ,10661,   10661,   490,    144,   0,      0.000000,  0.000000, 9, 5


Hex , Squawk, Flight, alt , pres alt, speed, course, vert_rate,   lat   ,    lon   , air_type, Ti
--------------------------------------------------------------------------------------------
151DF5,0, SDM6067 ,10661,   10661,   490,    144,   0,      0.000000,  0.000000, 9, 6


Hex , Squawk, Flight, alt , pres alt, speed, course, vert_rate,   lat   ,    lon   , air_type, Ti
--------------------------------------------------------------------------------------------
151DF5,0, SDM6067 ,10661,   10661,   490,    144,   0,      0.000000,  0.000000, 9, 6


Hex , Squawk, Flight, alt , pres alt, speed, course, vert_rate,   lat   ,    lon   , air_type, Ti
--------------------------------------------------------------------------------------------
151DF5,0, SDM6067 ,10661,   10661,   490,    144,   0,      0.000000,  0.000000, 9, 6


Hex , Squawk, Flight, alt , pres alt, speed, course, vert_rate,   lat   ,    lon   , air_type, Ti
--------------------------------------------------------------------------------------------
151DF5,0, SDM6067 ,10661,   10661,   490,    144,   0,      0.000000,  0.000000, 9, 6


Hex , Squawk, Flight, alt , pres alt, speed, course, vert_rate,   lat   ,    lon   , air_type, Ti
--------------------------------------------------------------------------------------------
151DF5,0, SDM6067 ,10661,   10661,   490,    144,   0,      0.000000,  0.000000, 9, 7


Hex , Squawk, Flight, alt , pres alt, speed, course, vert_rate,   lat   ,    lon   , air_type, Ti
--------------------------------------------------------------------------------------------
151DF5,0, SDM6067 ,10661,   10661,   490,    144,   0,      0.000000,  0.000000, 9, 7


Hex , Squawk, Flight, alt , pres alt, speed, course, vert_rate,   lat   ,    lon   , air_type, Ti
--------------------------------------------------------------------------------------------
151DF5,0, SDM6067 ,10661,   10661,   490,    144,   0,      0.000000,  0.000000, 9, 7


Hex , Squawk, Flight, alt , pres alt, speed, course, vert_rate,   lat   ,    lon   , air_type, Ti
--------------------------------------------------------------------------------------------
151DF5,0, SDM6067 ,10661,   10661,   490,    144,   0,      0.000000,  0.000000, 9, 7


Hex , Squawk, Flight, alt , pres alt, speed, course, vert_rate,   lat   ,    lon   , air_type, Ti
--------------------------------------------------------------------------------------------
151DF5,0, SDM6067 ,10661,   10661,   490,    144,   0,      0.000000,  0.000000, 9, 8


Hex , Squawk, Flight, alt , pres alt, speed, course, vert_rate,   lat   ,    lon   , air_type, Ti
--------------------------------------------------------------------------------------------
151DF5,0, SDM6067 ,10661,   10661,   490,    144,   0,      0.000000,  0.000000, 9, 8


Hex , Squawk, Flight, alt , pres alt, speed, course, vert_rate,   lat   ,    lon   , air_type, Ti
--------------------------------------------------------------------------------------------
151DF5,0, SDM6067 ,10661,   10661,   490,    144,   0,      0.000000,  0.000000, 9, 8


Hex , Squawk, Flight, alt , pres alt, speed, course, vert_rate,   lat   ,    lon   , air_type, Ti
--------------------------------------------------------------------------------------------
151DF5,0, SDM6067 ,10661,   10661,   490,    144,   0,      0.000000,  0.000000, 9, 8


Hex , Squawk, Flight, alt , pres alt, speed, course, vert_rate,   lat   ,    lon   , air_type, Ti
--------------------------------------------------------------------------------------------
151DF5,0, SDM6067 ,10661,   10661,   490,    144,   0,      0.000000,  0.000000, 9, 9


Hex , Squawk, Flight, alt , pres alt, speed, course, vert_rate,   lat   ,    lon   , air_type, Ti
--------------------------------------------------------------------------------------------
151DF5,0, SDM6067 ,10661,   10661,   490,    144,   0,      0.000000,  0.000000, 9, 9


Hex , Squawk, Flight, alt , pres alt, speed, course, vert_rate,   lat   ,    lon   , air_type, Ti
--------------------------------------------------------------------------------------------
151DF5,0, SDM6067 ,10661,   10661,   490,    144,   0,      0.000000,  0.000000, 9, 9


Hex , Squawk, Flight, alt , pres alt, speed, course, vert_rate,   lat   ,    lon   , air_type, Ti
--------------------------------------------------------------------------------------------
151DF5,0, SDM6067 ,10661,   10661,   490,    144,   0,      0.000000,  0.000000, 9, 10


Hex , Squawk, Flight, alt , pres alt, speed, course, vert_rate,   lat   ,    lon   , air_type, Ti
--------------------------------------------------------------------------------------------
151DF5,0, SDM6067 ,10661,   10661,   490,    144,   0,      0.000000,  0.000000, 9, 10


Hex , Squawk, Flight, alt , pres alt, speed, course, vert_rate,   lat   ,    lon   , air_type, Ti
--------------------------------------------------------------------------------------------
151DF5,0, SDM6067 ,10661,   10661,   490,    144,   0,      0.000000,  0.000000, 9, 10


Hex , Squawk, Flight, alt , pres alt, speed, course, vert_rate,   lat   ,    lon   , air_type, Ti
--------------------------------------------------------------------------------------------
151DF5,0, SDM6067 ,10661,   10661,   490,    144,   0,      0.000000,  0.000000, 9, 10


Hex , Squawk, Flight, alt , pres alt, speed, course, vert_rate,   lat   ,    lon   , air_type, Ti
--------------------------------------------------------------------------------------------
151DF5,0, SDM6067 ,10661,   10661,   490,    144,   0,      0.000000,  0.000000, 9, 11


Hex , Squawk, Flight, alt , pres alt, speed, course, vert_rate,   lat   ,    lon   , air_type, Ti
--------------------------------------------------------------------------------------------
151DF5,0, SDM6067 ,10661,   10661,   490,    144,   0,      0.000000,  0.000000, 9, 11


Hex , Squawk, Flight, alt , pres alt, speed, course, vert_rate,   lat   ,    lon   , air_type, Ti
--------------------------------------------------------------------------------------------
151DF5,0, SDM6067 ,10661,   10661,   490,    144,   0,      0.000000,  0.000000, 9, 11


Hex , Squawk, Flight, alt , pres alt, speed, course, vert_rate,   lat   ,    lon   , air_type, Ti
--------------------------------------------------------------------------------------------
151DF5,0, SDM6067 ,10661,   10661,   490,    144,   0,      0.000000,  0.000000, 9, 11


Hex , Squawk, Flight, alt , pres alt, speed, course, vert_rate,   lat   ,    lon   , air_type, Ti
--------------------------------------------------------------------------------------------
151DF5,0, SDM6067 ,10661,   10661,   490,    144,   0,      0.000000,  0.000000, 9, 12


Hex , Squawk, Flight, alt , pres alt, speed, course, vert_rate,   lat   ,    lon   , air_type, Ti
--------------------------------------------------------------------------------------------
151DF5,0, SDM6067 ,10661,   10661,   490,    144,   0,      0.000000,  0.000000, 9, 12


Hex , Squawk, Flight, alt , pres alt, speed, course, vert_rate,   lat   ,    lon   , air_type, Ti
--------------------------------------------------------------------------------------------
151DF5,0, SDM6067 ,10661,   10661,   490,    144,   0,      0.000000,  0.000000, 9, 12


Hex , Squawk, Flight, alt , pres alt, speed, course, vert_rate,   lat   ,    lon   , air_type, Ti
--------------------------------------------------------------------------------------------
151DF5,0, SDM6067 ,10661,   10661,   490,    144,   0,      0.000000,  0.000000, 9, 12


Hex , Squawk, Flight, alt , pres alt, speed, course, vert_rate,   lat   ,    lon   , air_type, Ti
--------------------------------------------------------------------------------------------
151DF5,0, SDM6067 ,10661,   10661,   490,    144,   0,      0.000000,  0.000000, 9, 13


Hex , Squawk, Flight, alt , pres alt, speed, course, vert_rate,   lat   ,    lon   , air_type, Ti
--------------------------------------------------------------------------------------------
151DF5,0, SDM6067 ,10661,   10661,   490,    144,   0,      0.000000,  0.000000, 9, 13


Hex , Squawk, Flight, alt , pres alt, speed, course, vert_rate,   lat   ,    lon   , air_type, Ti
--------------------------------------------------------------------------------------------
151DF5,0, SDM6067 ,10661,   10661,   490,    144,   0,      0.000000,  0.000000, 9, 13


Hex , Squawk, Flight, alt , pres alt, speed, course, vert_rate,   lat   ,    lon   , air_type, Ti
--------------------------------------------------------------------------------------------
151DF5,0, SDM6067 ,10661,   10661,   490,    144,   0,      0.000000,  0.000000, 9, 13


Hex , Squawk, Flight, alt , pres alt, speed, course, vert_rate,   lat   ,    lon   , air_type, Ti
--------------------------------------------------------------------------------------------
151DF5,0, SDM6067 ,10661,   10661,   490,    144,   0,      0.000000,  0.000000, 9, 14


Hex , Squawk, Flight, alt , pres alt, speed, course, vert_rate,   lat   ,    lon   , air_type, Ti
--------------------------------------------------------------------------------------------
151DF5,0, SDM6067 ,10661,   10661,   490,    144,   0,      0.000000,  0.000000, 9, 14


Hex , Squawk, Flight, alt , pres alt, speed, course, vert_rate,   lat   ,    lon   , air_type, Ti
--------------------------------------------------------------------------------------------
151DF5,0, SDM6067 ,10661,   10661,   490,    144,   0,      0.000000,  0.000000, 9, 14


Hex , Squawk, Flight, alt , pres alt, speed, course, vert_rate,   lat   ,    lon   , air_type, Ti
--------------------------------------------------------------------------------------------
151DF5,0, SDM6067 ,10661,   10661,   490,    144,   0,      0.000000,  0.000000, 9, 15


Hex , Squawk, Flight, alt , pres alt, speed, course, vert_rate,   lat   ,    lon   , air_type, Ti
--------------------------------------------------------------------------------------------
151DF5,0, SDM6067 ,10661,   10661,   490,    144,   0,      0.000000,  0.000000, 9, 15


Hex , Squawk, Flight, alt , pres alt, speed, course, vert_rate,   lat   ,    lon   , air_type, Ti
--------------------------------------------------------------------------------------------
151DF5,0, SDM6067 ,10661,   10661,   490,    144,   0,      0.000000,  0.000000, 9, 15


Hex , Squawk, Flight, alt , pres alt, speed, course, vert_rate,   lat   ,    lon   , air_type, Ti
--------------------------------------------------------------------------------------------
151DF5,0, SDM6067 ,10661,   10661,   490,    144,   0,      0.000000,  0.000000, 9, 15


Hex , Squawk, Flight, alt , pres alt, speed, course, vert_rate,   lat   ,    lon   , air_type, Ti
--------------------------------------------------------------------------------------------
151DF5,0, SDM6067 ,10661,   10661,   490,    144,   0,      0.000000,  0.000000, 9, 16


Hex , Squawk, Flight, alt , pres alt, speed, course, vert_rate,   lat   ,    lon   , air_type, Ti
--------------------------------------------------------------------------------------------
151DF5,0, SDM6067 ,10661,   10661,   490,    144,   0,      0.000000,  0.000000, 9, 0


Hex , Squawk, Flight, alt , pres alt, speed, course, vert_rate,   lat   ,    lon   , air_type, Ti
--------------------------------------------------------------------------------------------
151DF5,0, SDM6067 ,10661,   10661,   490,    144,   0,      0.000000,  0.000000, 9, 0


Hex , Squawk, Flight, alt , pres alt, speed, course, vert_rate,   lat   ,    lon   , air_type, Ti
--------------------------------------------------------------------------------------------
151DF5,0, SDM6067 ,10661,   10661,   490,    144,   0,      0.000000,  0.000000, 9, 0


Hex , Squawk, Flight, alt , pres alt, speed, course, vert_rate,   lat   ,    lon   , air_type, Ti
--------------------------------------------------------------------------------------------
151DF5,0, SDM6067 ,10661,   10661,   490,    144,   0,      0.000000,  0.000000, 9, 1


Hex , Squawk, Flight, alt , pres alt, speed, course, vert_rate,   lat   ,    lon   , air_type, Ti
--------------------------------------------------------------------------------------------
151DF5,0, SDM6067 ,10661,   10661,   490,    144,   0,      0.000000,  0.000000, 9, 1


Hex , Squawk, Flight, alt , pres alt, speed, course, vert_rate,   lat   ,    lon   , air_type, Ti
--------------------------------------------------------------------------------------------
151DF5,0, SDM6067 ,10661,   10661,   490,    144,   0,      0.000000,  0.000000, 9, 1


Hex , Squawk, Flight, alt , pres alt, speed, course, vert_rate,   lat   ,    lon   , air_type, Ti
--------------------------------------------------------------------------------------------
151DF5,0, SDM6067 ,10661,   10661,   490,    144,   0,      0.000000,  0.000000, 9, 1


Hex , Squawk, Flight, alt , pres alt, speed, course, vert_rate,   lat   ,    lon   , air_type, Ti
--------------------------------------------------------------------------------------------
151DF5,0, SDM6067 ,10661,   10661,   490,    144,   0,      0.000000,  0.000000, 9, 2


Hex , Squawk, Flight, alt , pres alt, speed, course, vert_rate,   lat   ,    lon   , air_type, Ti
--------------------------------------------------------------------------------------------
151DF5,0, SDM6067 ,10661,   10661,   490,    144,   0,      0.000000,  0.000000, 9, 2


Hex , Squawk, Flight, alt , pres alt, speed, course, vert_rate,   lat   ,    lon   , air_type, Ti
--------------------------------------------------------------------------------------------
151DF5,0, SDM6067 ,10661,   10661,   490,    144,   0,      0.000000,  0.000000, 9, 2


Hex , Squawk, Flight, alt , pres alt, speed, course, vert_rate,   lat   ,    lon   , air_type, Ti
--------------------------------------------------------------------------------------------
151DF5,0, SDM6067 ,10661,   10661,   490,    144,   0,      0.000000,  0.000000, 9, 2


Hex , Squawk, Flight, alt , pres alt, speed, course, vert_rate,   lat   ,    lon   , air_type, Ti
--------------------------------------------------------------------------------------------
151DF5,0, SDM6067 ,10661,   10661,   490,    144,   0,      0.000000,  0.000000, 9, 3


Hex , Squawk, Flight, alt , pres alt, speed, course, vert_rate,   lat   ,    lon   , air_type, Ti
--------------------------------------------------------------------------------------------
151DF5,0, SDM6067 ,10661,   10661,   490,    144,   0,      0.000000,  0.000000, 9, 3


Hex , Squawk, Flight, alt , pres alt, speed, course, vert_rate,   lat   ,    lon   , air_type, Ti
--------------------------------------------------------------------------------------------
151DF5,0, SDM6067 ,10661,   10661,   490,    144,   0,      0.000000,  0.000000, 9, 3


Hex , Squawk, Flight, alt , pres alt, speed, course, vert_rate,   lat   ,    lon   , air_type, Ti
--------------------------------------------------------------------------------------------
151DF5,0, SDM6067 ,10661,   10661,   490,    144,   0,      0.000000,  0.000000, 9, 3


Hex , Squawk, Flight, alt , pres alt, speed, course, vert_rate,   lat   ,    lon   , air_type, Ti
--------------------------------------------------------------------------------------------
151DF5,0, SDM6067 ,10661,   10661,   490,    144,   0,      0.000000,  0.000000, 9, 4


Hex , Squawk, Flight, alt , pres alt, speed, course, vert_rate,   lat   ,    lon   , air_type, Ti
--------------------------------------------------------------------------------------------
151DF5,0, SDM6067 ,10661,   10661,   490,    144,   0,      0.000000,  0.000000, 9, 4


Hex , Squawk, Flight, alt , pres alt, speed, course, vert_rate,   lat   ,    lon   , air_type, Ti
--------------------------------------------------------------------------------------------
151DD1,0,         ,0,   0,   0,    0,   0,      0.000000,  0.000000, 9, 0


Hex , Squawk, Flight, alt , pres alt, speed, course, vert_rate,   lat   ,    lon   , air_type, Ti
--------------------------------------------------------------------------------------------
151DF5,0, SDM6067 ,10661,   10661,   490,    144,   0,      0.000000,  0.000000, 9, 4


Hex , Squawk, Flight, alt , pres alt, speed, course, vert_rate,   lat   ,    lon   , air_type, Ti
--------------------------------------------------------------------------------------------
151DD1,0,         ,0,   0,   0,    0,   0,      0.000000,  0.000000, 9, 1


Hex , Squawk, Flight, alt , pres alt, speed, course, vert_rate,   lat   ,    lon   , air_type, Ti
--------------------------------------------------------------------------------------------
151DF5,0, SDM6067 ,10661,   10661,   490,    144,   0,      0.000000,  0.000000, 9, 5


Hex , Squawk, Flight, alt , pres alt, speed, course, vert_rate,   lat   ,    lon   , air_type, Ti
--------------------------------------------------------------------------------------------
151DD1,0,         ,0,   0,   0,    0,   0,      0.000000,  0.000000, 9, 1


Hex , Squawk, Flight, alt , pres alt, speed, course, vert_rate,   lat   ,    lon   , air_type, Ti
--------------------------------------------------------------------------------------------
151DF5,0, SDM6067 ,10661,   10661,   490,    144,   0,      0.000000,  0.000000, 9, 5


Hex , Squawk, Flight, alt , pres alt, speed, course, vert_rate,   lat   ,    lon   , air_type, Ti
--------------------------------------------------------------------------------------------
151DD1,0,         ,0,   0,   0,    0,   0,      0.000000,  0.000000, 9, 1


Hex , Squawk, Flight, alt , pres alt, speed, course, vert_rate,   lat   ,    lon   , air_type, Ti
--------------------------------------------------------------------------------------------
151DF5,0, SDM6067 ,10661,   10661,   490,    144,   0,      0.000000,  0.000000, 9, 5


Hex , Squawk, Flight, alt , pres alt, speed, course, vert_rate,   lat   ,    lon   , air_type, Ti
--------------------------------------------------------------------------------------------
151DD1,0,         ,0,   0,   0,    0,   0,      0.000000,  0.000000, 9, 1


Hex , Squawk, Flight, alt , pres alt, speed, course, vert_rate,   lat   ,    lon   , air_type, Ti
--------------------------------------------------------------------------------------------
151DF5,0, SDM6067 ,10661,   10661,   490,    144,   0,      0.000000,  0.000000, 9, 5


Hex , Squawk, Flight, alt , pres alt, speed, course, vert_rate,   lat   ,    lon   , air_type, Ti
--------------------------------------------------------------------------------------------
151DD1,0,         ,0,   0,   0,    0,   0,      0.000000,  0.000000, 9, 2


Hex , Squawk, Flight, alt , pres alt, speed, course, vert_rate,   lat   ,    lon   , air_type, Ti
--------------------------------------------------------------------------------------------
151DF5,0, SDM6067 ,10661,   10661,   490,    144,   0,      0.000000,  0.000000, 9, 6


Hex , Squawk, Flight, alt , pres alt, speed, course, vert_rate,   lat   ,    lon   , air_type, Ti
--------------------------------------------------------------------------------------------
151DD1,0,         ,0,   0,   0,    0,   0,      0.000000,  0.000000, 9, 2


Hex , Squawk, Flight, alt , pres alt, speed, course, vert_rate,   lat   ,    lon   , air_type, Ti
--------------------------------------------------------------------------------------------
151DF5,0, SDM6067 ,10661,   10661,   490,    144,   0,      0.000000,  0.000000, 9, 6


Hex , Squawk, Flight, alt , pres alt, speed, course, vert_rate,   lat   ,    lon   , air_type, Ti
--------------------------------------------------------------------------------------------
151DD1,0,         ,0,   0,   0,    0,   0,      0.000000,  0.000000, 9, 2


Hex , Squawk, Flight, alt , pres alt, speed, course, vert_rate,   lat   ,    lon   , air_type, Ti
--------------------------------------------------------------------------------------------
151DF5,0, SDM6067 ,10661,   10661,   490,    144,   0,      0.000000,  0.000000, 9, 6


Hex , Squawk, Flight, alt , pres alt, speed, course, vert_rate,   lat   ,    lon   , air_type, Ti
--------------------------------------------------------------------------------------------
151DD1,0,         ,0,   0,   0,    0,   0,      0.000000,  0.000000, 9, 2


Hex , Squawk, Flight, alt , pres alt, speed, course, vert_rate,   lat   ,    lon   , air_type, Ti
--------------------------------------------------------------------------------------------
151DF5,0, SDM6067 ,10661,   10661,   490,    144,   0,      0.000000,  0.000000, 9, 6


Hex , Squawk, Flight, alt , pres alt, speed, course, vert_rate,   lat   ,    lon   , air_type, Ti
--------------------------------------------------------------------------------------------
151DD1,0,         ,0,   0,   0,    0,   0,      0.000000,  0.000000, 9, 3


Hex , Squawk, Flight, alt , pres alt, speed, course, vert_rate,   lat   ,    lon   , air_type, Ti
--------------------------------------------------------------------------------------------
151DF5,0, SDM6067 ,10661,   10661,   490,    144,   0,      0.000000,  0.000000, 9, 7


Hex , Squawk, Flight, alt , pres alt, speed, course, vert_rate,   lat   ,    lon   , air_type, Ti
--------------------------------------------------------------------------------------------
151DD1,0,         ,0,   0,   0,    0,   0,      0.000000,  0.000000, 9, 3


Hex , Squawk, Flight, alt , pres alt, speed, course, vert_rate,   lat   ,    lon   , air_type, Ti
--------------------------------------------------------------------------------------------
151DF5,0, SDM6067 ,10661,   10661,   490,    144,   0,      0.000000,  0.000000, 9, 7


Hex , Squawk, Flight, alt , pres alt, speed, course, vert_rate,   lat   ,    lon   , air_type, Ti
--------------------------------------------------------------------------------------------
151DD1,0,         ,0,   0,   0,    0,   0,      0.000000,  0.000000, 9, 3


Hex , Squawk, Flight, alt , pres alt, speed, course, vert_rate,   lat   ,    lon   , air_type, Ti
--------------------------------------------------------------------------------------------
151DF5,0, SDM6067 ,10661,   10661,   490,    144,   0,      0.000000,  0.000000, 9, 7


Hex , Squawk, Flight, alt , pres alt, speed, course, vert_rate,   lat   ,    lon   , air_type, Ti
--------------------------------------------------------------------------------------------
151DD1,0,         ,0,   0,   0,    0,   0,      0.000000,  0.000000, 9, 3


Hex , Squawk, Flight, alt , pres alt, speed, course, vert_rate,   lat   ,    lon   , air_type, Ti
--------------------------------------------------------------------------------------------
151DF5,0, SDM6067 ,10661,   10661,   490,    144,   0,      0.000000,  0.000000, 9, 7


Hex , Squawk, Flight, alt , pres alt, speed, course, vert_rate,   lat   ,    lon   , air_type, Ti
--------------------------------------------------------------------------------------------
151DD1,0,         ,0,   0,   0,    0,   0,      0.000000,  0.000000, 9, 4


Hex , Squawk, Flight, alt , pres alt, speed, course, vert_rate,   lat   ,    lon   , air_type, Ti
--------------------------------------------------------------------------------------------
151DF5,0, SDM6067 ,10661,   10661,   490,    144,   0,      0.000000,  0.000000, 9, 8


Hex , Squawk, Flight, alt , pres alt, speed, course, vert_rate,   lat   ,    lon   , air_type, Ti
--------------------------------------------------------------------------------------------
151DD1,0,         ,0,   0,   0,    0,   0,      0.000000,  0.000000, 9, 4


Hex , Squawk, Flight, alt , pres alt, speed, course, vert_rate,   lat   ,    lon   , air_type, Ti
--------------------------------------------------------------------------------------------
151DF5,0, SDM6067 ,10661,   10661,   490,    144,   0,      0.000000,  0.000000, 9, 8


Hex , Squawk, Flight, alt , pres alt, speed, course, vert_rate,   lat   ,    lon   , air_type, Ti
--------------------------------------------------------------------------------------------
151DD1,0,         ,0,   0,   0,    0,   0,      0.000000,  0.000000, 9, 4


Hex , Squawk, Flight, alt , pres alt, speed, course, vert_rate,   lat   ,    lon   , air_type, Ti
--------------------------------------------------------------------------------------------
151DF5,0, SDM6067 ,10661,   10661,   490,    144,   0,      0.000000,  0.000000, 9, 8


Hex , Squawk, Flight, alt , pres alt, speed, course, vert_rate,   lat   ,    lon   , air_type, Ti
--------------------------------------------------------------------------------------------
151DD1,0,         ,0,   0,   0,    0,   0,      0.000000,  0.000000, 9, 4


Hex , Squawk, Flight, alt , pres alt, speed, course, vert_rate,   lat   ,    lon   , air_type, Ti
--------------------------------------------------------------------------------------------
151DF5,0, SDM6067 ,10661,   10661,   490,    144,   0,      0.000000,  0.000000, 9, 8


Hex , Squawk, Flight, alt , pres alt, speed, course, vert_rate,   lat   ,    lon   , air_type, Ti
--------------------------------------------------------------------------------------------
151DD1,0,         ,0,   0,   0,    0,   0,      0.000000,  0.000000, 9, 5


Hex , Squawk, Flight, alt , pres alt, speed, course, vert_rate,   lat   ,    lon   , air_type, Ti
--------------------------------------------------------------------------------------------
151DF5,0, SDM6067 ,10661,   10661,   490,    144,   0,      0.000000,  0.000000, 9, 9


Hex , Squawk, Flight, alt , pres alt, speed, course, vert_rate,   lat   ,    lon   , air_type, Ti
--------------------------------------------------------------------------------------------
151DD1,0,         ,0,   0,   0,    0,   0,      0.000000,  0.000000, 9, 5


Hex , Squawk, Flight, alt , pres alt, speed, course, vert_rate,   lat   ,    lon   , air_type, Ti
--------------------------------------------------------------------------------------------
151DF5,0, SDM6067 ,10661,   10661,   490,    144,   0,      0.000000,  0.000000, 9, 9


Hex , Squawk, Flight, alt , pres alt, speed, course, vert_rate,   lat   ,    lon   , air_type, Ti
--------------------------------------------------------------------------------------------
151DD1,0,         ,0,   0,   0,    0,   0,      0.000000,  0.000000, 9, 5


Hex , Squawk, Flight, alt , pres alt, speed, course, vert_rate,   lat   ,    lon   , air_type, Ti
--------------------------------------------------------------------------------------------
151DF5,0, SDM6067 ,10661,   10661,   490,    144,   0,      0.000000,  0.000000, 9, 9


Hex , Squawk, Flight, alt , pres alt, speed, course, vert_rate,   lat   ,    lon   , air_type, Ti
--------------------------------------------------------------------------------------------
151DD1,0,         ,0,   0,   0,    0,   0,      0.000000,  0.000000, 9, 6


Hex , Squawk, Flight, alt , pres alt, speed, course, vert_rate,   lat   ,    lon   , air_type, Ti
--------------------------------------------------------------------------------------------
151DF5,0, SDM6067 ,10661,   10661,   490,    144,   0,      0.000000,  0.000000, 9, 10


Hex , Squawk, Flight, alt , pres alt, speed, course, vert_rate,   lat   ,    lon   , air_type, Ti
--------------------------------------------------------------------------------------------
151DD1,0,         ,0,   0,   0,    0,   0,      0.000000,  0.000000, 9, 6


Hex , Squawk, Flight, alt , pres alt, speed, course, vert_rate,   lat   ,    lon   , air_type, Ti
--------------------------------------------------------------------------------------------
151DF5,0, SDM6067 ,10661,   10661,   490,    144,   0,      0.000000,  0.000000, 9, 10


Hex , Squawk, Flight, alt , pres alt, speed, course, vert_rate,   lat   ,    lon   , air_type, Ti
--------------------------------------------------------------------------------------------
151DD1,0,         ,0,   0,   0,    0,   0,      0.000000,  0.000000, 9, 6


Hex , Squawk, Flight, alt , pres alt, speed, course, vert_rate,   lat   ,    lon   , air_type, Ti
--------------------------------------------------------------------------------------------
151DF5,0, SDM6067 ,10661,   10661,   490,    144,   0,      0.000000,  0.000000, 9, 10


Hex , Squawk, Flight, alt , pres alt, speed, course, vert_rate,   lat   ,    lon   , air_type, Ti
--------------------------------------------------------------------------------------------
151DD1,0,         ,0,   0,   0,    0,   0,      0.000000,  0.000000, 9, 6


Hex , Squawk, Flight, alt , pres alt, speed, course, vert_rate,   lat   ,    lon   , air_type, Ti
--------------------------------------------------------------------------------------------
151DF5,0, SDM6067 ,10661,   10661,   490,    144,   0,      0.000000,  0.000000, 9, 10


Hex , Squawk, Flight, alt , pres alt, speed, course, vert_rate,   lat   ,    lon   , air_type, Ti
--------------------------------------------------------------------------------------------
151DD1,0,         ,0,   0,   0,    0,   0,      0.000000,  0.000000, 9, 7


Hex , Squawk, Flight, alt , pres alt, speed, course, vert_rate,   lat   ,    lon   , air_type, Ti
--------------------------------------------------------------------------------------------
151DF5,0, SDM6067 ,10661,   10661,   490,    144,   0,      0.000000,  0.000000, 9, 11


Hex , Squawk, Flight, alt , pres alt, speed, course, vert_rate,   lat   ,    lon   , air_type, Ti
--------------------------------------------------------------------------------------------
151DD1,0,         ,0,   0,   0,    0,   0,      0.000000,  0.000000, 9, 7


Hex , Squawk, Flight, alt , pres alt, speed, course, vert_rate,   lat   ,    lon   , air_type, Ti
--------------------------------------------------------------------------------------------
151DF5,0, SDM6067 ,10661,   10661,   490,    144,   0,      0.000000,  0.000000, 9, 11


Hex , Squawk, Flight, alt , pres alt, speed, course, vert_rate,   lat   ,    lon   , air_type, Ti
--------------------------------------------------------------------------------------------
151DD1,0,         ,0,   0,   0,    0,   0,      0.000000,  0.000000, 9, 7


Hex , Squawk, Flight, alt , pres alt, speed, course, vert_rate,   lat   ,    lon   , air_type, Ti
--------------------------------------------------------------------------------------------
151DF5,0, SDM6067 ,10661,   10661,   490,    144,   0,      0.000000,  0.000000, 9, 11


Hex , Squawk, Flight, alt , pres alt, speed, course, vert_rate,   lat   ,    lon   , air_type, Ti
--------------------------------------------------------------------------------------------
151DD1,0,         ,0,   0,   0,    0,   0,      0.000000,  0.000000, 9, 7


Hex , Squawk, Flight, alt , pres alt, speed, course, vert_rate,   lat   ,    lon   , air_type, Ti
--------------------------------------------------------------------------------------------
151DF5,0, SDM6067 ,10661,   10661,   490,    144,   0,      0.000000,  0.000000, 9, 11


Hex , Squawk, Flight, alt , pres alt, speed, course, vert_rate,   lat   ,    lon   , air_type, Ti
--------------------------------------------------------------------------------------------
151DD1,0,         ,0,   0,   0,    0,   0,      0.000000,  0.000000, 9, 8


Hex , Squawk, Flight, alt , pres alt, speed, course, vert_rate,   lat   ,    lon   , air_type, Ti
--------------------------------------------------------------------------------------------
151DF5,0, SDM6067 ,10661,   10661,   490,    144,   0,      0.000000,  0.000000, 9, 12


Hex , Squawk, Flight, alt , pres alt, speed, course, vert_rate,   lat   ,    lon   , air_type, Ti
--------------------------------------------------------------------------------------------
151DD1,0,         ,0,   0,   0,    0,   0,      0.000000,  0.000000, 9, 8


Hex , Squawk, Flight, alt , pres alt, speed, course, vert_rate,   lat   ,    lon   , air_type, Ti
--------------------------------------------------------------------------------------------
151DF5,0, SDM6067 ,10661,   10661,   490,    144,   0,      0.000000,  0.000000, 9, 12


Hex , Squawk, Flight, alt , pres alt, speed, course, vert_rate,   lat   ,    lon   , air_type, Ti
--------------------------------------------------------------------------------------------
151DD1,0,         ,0,   0,   0,    0,   0,      0.000000,  0.000000, 9, 8


Hex , Squawk, Flight, alt , pres alt, speed, course, vert_rate,   lat   ,    lon   , air_type, Ti
--------------------------------------------------------------------------------------------
151DF5,0, SDM6067 ,10661,   10661,   490,    144,   0,      0.000000,  0.000000, 9, 12


Hex , Squawk, Flight, alt , pres alt, speed, course, vert_rate,   lat   ,    lon   , air_type, Ti
--------------------------------------------------------------------------------------------
151DD1,0,         ,0,   0,   0,    0,   0,      0.000000,  0.000000, 9, 8


Hex , Squawk, Flight, alt , pres alt, speed, course, vert_rate,   lat   ,    lon   , air_type, Ti
--------------------------------------------------------------------------------------------
151DF5,0, SDM6067 ,10661,   10661,   490,    144,   0,      0.000000,  0.000000, 9, 12


Hex , Squawk, Flight, alt , pres alt, speed, course, vert_rate,   lat   ,    lon   , air_type, Ti
--------------------------------------------------------------------------------------------
151DD1,0,         ,0,   0,   0,    0,   0,      0.000000,  0.000000, 9, 9


Hex , Squawk, Flight, alt , pres alt, speed, course, vert_rate,   lat   ,    lon   , air_type, Ti
--------------------------------------------------------------------------------------------
151DF5,0, SDM6067 ,10661,   10661,   490,    144,   0,      0.000000,  0.000000, 9, 13


Hex , Squawk, Flight, alt , pres alt, speed, course, vert_rate,   lat   ,    lon   , air_type, Ti
--------------------------------------------------------------------------------------------
151DD1,0,         ,0,   0,   0,    0,   0,      0.000000,  0.000000, 9, 9


Hex , Squawk, Flight, alt , pres alt, speed, course, vert_rate,   lat   ,    lon   , air_type, Ti
--------------------------------------------------------------------------------------------
151DF5,0, SDM6067 ,10661,   10661,   490,    144,   0,      0.000000,  0.000000, 9, 13


Hex , Squawk, Flight, alt , pres alt, speed, course, vert_rate,   lat   ,    lon   , air_type, Ti
--------------------------------------------------------------------------------------------
151DD1,0,         ,0,   0,   0,    0,   0,      0.000000,  0.000000, 9, 9


Hex , Squawk, Flight, alt , pres alt, speed, course, vert_rate,   lat   ,    lon   , air_type, Ti
--------------------------------------------------------------------------------------------
151DF5,0, SDM6067 ,10661,   10661,   490,    144,   0,      0.000000,  0.000000, 9, 13


Hex , Squawk, Flight, alt , pres alt, speed, course, vert_rate,   lat   ,    lon   , air_type, Ti
--------------------------------------------------------------------------------------------
151DD1,0,         ,0,   0,   0,    0,   0,      0.000000,  0.000000, 9, 9


Hex , Squawk, Flight, alt , pres alt, speed, course, vert_rate,   lat   ,    lon   , air_type, Ti
--------------------------------------------------------------------------------------------
151DF5,0, SDM6067 ,10661,   10661,   490,    144,   0,      0.000000,  0.000000, 9, 13


Hex , Squawk, Flight, alt , pres alt, speed, course, vert_rate,   lat   ,    lon   , air_type, Ti
--------------------------------------------------------------------------------------------
151DD1,0,         ,0,   0,   0,    0,   0,      0.000000,  0.000000, 9, 10


Hex , Squawk, Flight, alt , pres alt, speed, course, vert_rate,   lat   ,    lon   , air_type, Ti
--------------------------------------------------------------------------------------------
151DF5,0, SDM6067 ,10661,   10661,   490,    144,   0,      0.000000,  0.000000, 9, 14


Hex , Squawk, Flight, alt , pres alt, speed, course, vert_rate,   lat   ,    lon   , air_type, Ti
--------------------------------------------------------------------------------------------
151DD1,0,         ,0,   0,   0,    0,   0,      0.000000,  0.000000, 9, 10


Hex , Squawk, Flight, alt , pres alt, speed, course, vert_rate,   lat   ,    lon   , air_type, Ti
--------------------------------------------------------------------------------------------
151DF5,0, SDM6067 ,10661,   10661,   490,    144,   0,      0.000000,  0.000000, 9, 14


Hex , Squawk, Flight, alt , pres alt, speed, course, vert_rate,   lat   ,    lon   , air_type, Ti
--------------------------------------------------------------------------------------------
151DD1,0,         ,0,   0,   0,    0,   0,      0.000000,  0.000000, 9, 10


Hex , Squawk, Flight, alt , pres alt, speed, course, vert_rate,   lat   ,    lon   , air_type, Ti
--------------------------------------------------------------------------------------------
151DF5,0, SDM6067 ,10661,   10661,   490,    144,   0,      0.000000,  0.000000, 9, 14


Hex , Squawk, Flight, alt , pres alt, speed, course, vert_rate,   lat   ,    lon   , air_type, Ti
--------------------------------------------------------------------------------------------
151DD1,0,         ,0,   0,   0,    0,   0,      0.000000,  0.000000, 9, 10


Hex , Squawk, Flight, alt , pres alt, speed, course, vert_rate,   lat   ,    lon   , air_type, Ti
--------------------------------------------------------------------------------------------
151DF5,0, SDM6067 ,10661,   10661,   490,    144,   0,      0.000000,  0.000000, 9, 14


Hex , Squawk, Flight, alt , pres alt, speed, course, vert_rate,   lat   ,    lon   , air_type, Ti
--------------------------------------------------------------------------------------------
151DD1,0,         ,0,   0,   0,    0,   0,      0.000000,  0.000000, 9, 11


Hex , Squawk, Flight, alt , pres alt, speed, course, vert_rate,   lat   ,    lon   , air_type, Ti
--------------------------------------------------------------------------------------------
151DF5,0, SDM6067 ,10661,   10661,   490,    144,   0,      0.000000,  0.000000, 9, 15


Hex , Squawk, Flight, alt , pres alt, speed, course, vert_rate,   lat   ,    lon   , air_type, Ti
--------------------------------------------------------------------------------------------
151DD1,0,         ,0,   0,   0,    0,   0,      0.000000,  0.000000, 9, 11


Hex , Squawk, Flight, alt , pres alt, speed, course, vert_rate,   lat   ,    lon   , air_type, Ti
--------------------------------------------------------------------------------------------
151DF5,0, SDM6067 ,10661,   10661,   490,    144,   0,      0.000000,  0.000000, 9, 15


Hex , Squawk, Flight, alt , pres alt, speed, course, vert_rate,   lat   ,    lon   , air_type, Ti
--------------------------------------------------------------------------------------------
151DD1,0,         ,0,   0,   0,    0,   0,      0.000000,  0.000000, 9, 11


Hex , Squawk, Flight, alt , pres alt, speed, course, vert_rate,   lat   ,    lon   , air_type, Ti
--------------------------------------------------------------------------------------------
151DF5,0, SDM6067 ,10661,   10661,   490,    144,   0,      0.000000,  0.000000, 9, 15


Hex , Squawk, Flight, alt , pres alt, speed, course, vert_rate,   lat   ,    lon   , air_type, Ti
--------------------------------------------------------------------------------------------
151DD1,0,         ,0,   0,   0,    0,   0,      0.000000,  0.000000, 9, 12


Hex , Squawk, Flight, alt , pres alt, speed, course, vert_rate,   lat   ,    lon   , air_type, Ti
--------------------------------------------------------------------------------------------
151DF5,0, SDM6067 ,10661,   10661,   490,    144,   0,      0.000000,  0.000000, 9, 16


Hex , Squawk, Flight, alt , pres alt, speed, course, vert_rate,   lat   ,    lon   , air_type, Ti
--------------------------------------------------------------------------------------------
151DD1,0,         ,0,   0,   0,    0,   0,      0.000000,  0.000000, 9, 12


Hex , Squawk, Flight, alt , pres alt, speed, course, vert_rate,   lat   ,    lon   , air_type, Ti
--------------------------------------------------------------------------------------------
151DF5,0, SDM6067 ,10661,   10661,   490,    144,   0,      0.000000,  0.000000, 9, 16


Hex , Squawk, Flight, alt , pres alt, speed, course, vert_rate,   lat   ,    lon   , air_type, Ti
--------------------------------------------------------------------------------------------
151DD1,0,         ,0,   0,   0,    0,   0,      0.000000,  0.000000, 9, 12


Hex , Squawk, Flight, alt , pres alt, speed, course, vert_rate,   lat   ,    lon   , air_type, Ti
--------------------------------------------------------------------------------------------
151DF5,0, SDM6067 ,10661,   10661,   490,    144,   0,      0.000000,  0.000000, 9, 16


Hex , Squawk, Flight, alt , pres alt, speed, course, vert_rate,   lat   ,    lon   , air_type, Ti
--------------------------------------------------------------------------------------------
151DD1,0,         ,0,   0,   0,    0,   0,      0.000000,  0.000000, 9, 0


Hex , Squawk, Flight, alt , pres alt, speed, course, vert_rate,   lat   ,    lon   , air_type, Ti
--------------------------------------------------------------------------------------------
151DF5,0, SDM6067 ,10661,   10661,   490,    144,   0,      0.000000,  0.000000, 9, 16


Hex , Squawk, Flight, alt , pres alt, speed, course, vert_rate,   lat   ,    lon   , air_type, Ti
--------------------------------------------------------------------------------------------
151DD1,0,         ,0,   0,   0,    0,   0,      0.000000,  0.000000, 9, 1


Hex , Squawk, Flight, alt , pres alt, speed, course, vert_rate,   lat   ,    lon   , air_type, Ti
--------------------------------------------------------------------------------------------
151DF5,0, SDM6067 ,10661,   10661,   490,    144,   0,      0.000000,  0.000000, 9, 17


Hex , Squawk, Flight, alt , pres alt, speed, course, vert_rate,   lat   ,    lon   , air_type, Ti
--------------------------------------------------------------------------------------------
151DD1,0,         ,0,   0,   0,    0,   0,      0.000000,  0.000000, 9, 1


Hex , Squawk, Flight, alt , pres alt, speed, course, vert_rate,   lat   ,    lon   , air_type, Ti
--------------------------------------------------------------------------------------------
151DF5,0, SDM6067 ,10661,   10661,   490,    144,   0,      0.000000,  0.000000, 9, 17


Hex , Squawk, Flight, alt , pres alt, speed, course, vert_rate,   lat   ,    lon   , air_type, Ti
--------------------------------------------------------------------------------------------
151DD1,0,         ,0,   0,   0,    0,   0,      0.000000,  0.000000, 9, 1


Hex , Squawk, Flight, alt , pres alt, speed, course, vert_rate,   lat   ,    lon   , air_type, Ti
--------------------------------------------------------------------------------------------
151DF5,0, SDM6067 ,10661,   10661,   490,    144,   0,      0.000000,  0.000000, 9, 17


Hex , Squawk, Flight, alt , pres alt, speed, course, vert_rate,   lat   ,    lon   , air_type, Ti
--------------------------------------------------------------------------------------------
151DD1,0,         ,0,   0,   0,    0,   0,      0.000000,  0.000000, 9, 1


Hex , Squawk, Flight, alt , pres alt, speed, course, vert_rate,   lat   ,    lon   , air_type, Ti
--------------------------------------------------------------------------------------------
151DF5,0, SDM6067 ,10661,   10661,   490,    144,   0,      0.000000,  0.000000, 9, 17


Hex , Squawk, Flight, alt , pres alt, speed, course, vert_rate,   lat   ,    lon   , air_type, Ti
--------------------------------------------------------------------------------------------
151DD1,0,         ,0,   0,   0,    0,   0,      0.000000,  0.000000, 9, 2


Hex , Squawk, Flight, alt , pres alt, speed, course, vert_rate,   lat   ,    lon   , air_type, Ti
--------------------------------------------------------------------------------------------
151DF5,0, SDM6067 ,10661,   10661,   490,    144,   0,      0.000000,  0.000000, 9, 18


Hex , Squawk, Flight, alt , pres alt, speed, course, vert_rate,   lat   ,    lon   , air_type, Ti
--------------------------------------------------------------------------------------------
151DD1,0,         ,0,   0,   0,    0,   0,      0.000000,  0.000000, 9, 2


Hex , Squawk, Flight, alt , pres alt, speed, course, vert_rate,   lat   ,    lon   , air_type, Ti
--------------------------------------------------------------------------------------------
151DF5,0, SDM6067 ,10661,   10661,   490,    144,   0,      0.000000,  0.000000, 9, 18


Hex , Squawk, Flight, alt , pres alt, speed, course, vert_rate,   lat   ,    lon   , air_type, Ti
--------------------------------------------------------------------------------------------
151DD1,0,         ,0,   0,   0,    0,   0,      0.000000,  0.000000, 9, 2


Hex , Squawk, Flight, alt , pres alt, speed, course, vert_rate,   lat   ,    lon   , air_type, Ti
--------------------------------------------------------------------------------------------
151DF5,0, SDM6067 ,10661,   10661,   490,    144,   0,      0.000000,  0.000000, 9, 18


Hex , Squawk, Flight, alt , pres alt, speed, course, vert_rate,   lat   ,    lon   , air_type, Ti
--------------------------------------------------------------------------------------------
151DD1,0,         ,0,   0,   0,    0,   0,      0.000000,  0.000000, 9, 2


Hex , Squawk, Flight, alt , pres alt, speed, course, vert_rate,   lat   ,    lon   , air_type, Ti
--------------------------------------------------------------------------------------------
151DF5,0, SDM6067 ,10661,   10661,   490,    144,   0,      0.000000,  0.000000, 9, 18


Hex , Squawk, Flight, alt , pres alt, speed, course, vert_rate,   lat   ,    lon   , air_type, Ti
--------------------------------------------------------------------------------------------
151DD1,0,         ,0,   0,   0,    0,   0,      0.000000,  0.000000, 9, 3


Hex , Squawk, Flight, alt , pres alt, speed, course, vert_rate,   lat   ,    lon   , air_type, Ti
--------------------------------------------------------------------------------------------
151DF5,0, SDM6067 ,10661,   10661,   490,    144,   0,      0.000000,  0.000000, 9, 19


Hex , Squawk, Flight, alt , pres alt, speed, course, vert_rate,   lat   ,    lon   , air_type, Ti
--------------------------------------------------------------------------------------------
151DD1,0,         ,0,   0,   0,    0,   0,      0.000000,  0.000000, 9, 3


Hex , Squawk, Flight, alt , pres alt, speed, course, vert_rate,   lat   ,    lon   , air_type, Ti
--------------------------------------------------------------------------------------------
151DF5,0, SDM6067 ,10661,   10661,   490,    144,   0,      0.000000,  0.000000, 9, 19


Hex , Squawk, Flight, alt , pres alt, speed, course, vert_rate,   lat   ,    lon   , air_type, Ti
--------------------------------------------------------------------------------------------
151DD1,0,         ,0,   0,   0,    0,   0,      0.000000,  0.000000, 9, 3


Hex , Squawk, Flight, alt , pres alt, speed, course, vert_rate,   lat   ,    lon   , air_type, Ti
--------------------------------------------------------------------------------------------
151DF5,0, SDM6067 ,10661,   10661,   490,    144,   0,      0.000000,  0.000000, 9, 19


Hex , Squawk, Flight, alt , pres alt, speed, course, vert_rate,   lat   ,    lon   , air_type, Ti
--------------------------------------------------------------------------------------------
151DD1,0,         ,0,   0,   0,    0,   0,      0.000000,  0.000000, 9, 3


Hex , Squawk, Flight, alt , pres alt, speed, course, vert_rate,   lat   ,    lon   , air_type, Ti
--------------------------------------------------------------------------------------------
151DF5,0, SDM6067 ,10661,   10661,   490,    144,   0,      0.000000,  0.000000, 9, 19


Hex , Squawk, Flight, alt , pres alt, speed, course, vert_rate,   lat   ,    lon   , air_type, Ti
--------------------------------------------------------------------------------------------
151DD1,0,         ,0,   0,   0,    0,   0,      0.000000,  0.000000, 9, 4


Hex , Squawk, Flight, alt , pres alt, speed, course, vert_rate,   lat   ,    lon   , air_type, Ti
--------------------------------------------------------------------------------------------
151DF5,0, SDM6067 ,10661,   10661,   490,    144,   0,      0.000000,  0.000000, 9, 20


Hex , Squawk, Flight, alt , pres alt, speed, course, vert_rate,   lat   ,    lon   , air_type, Ti
--------------------------------------------------------------------------------------------
151DD1,0,         ,0,   0,   0,    0,   0,      0.000000,  0.000000, 9, 4


Hex , Squawk, Flight, alt , pres alt, speed, course, vert_rate,   lat   ,    lon   , air_type, Ti
--------------------------------------------------------------------------------------------
151DF5,0, SDM6067 ,10661,   10661,   490,    144,   0,      0.000000,  0.000000, 9, 20


Hex , Squawk, Flight, alt , pres alt, speed, course, vert_rate,   lat   ,    lon   , air_type, Ti
--------------------------------------------------------------------------------------------
151DD1,0,         ,0,   0,   0,    0,   0,      0.000000,  0.000000, 9, 4


Hex , Squawk, Flight, alt , pres alt, speed, course, vert_rate,   lat   ,    lon   , air_type, Ti
--------------------------------------------------------------------------------------------
151DF5,0, SDM6067 ,10661,   10661,   490,    144,   0,      0.000000,  0.000000, 9, 20


Hex , Squawk, Flight, alt , pres alt, speed, course, vert_rate,   lat   ,    lon   , air_type, Ti
--------------------------------------------------------------------------------------------
151DD1,0,         ,0,   0,   0,    0,   0,      0.000000,  0.000000, 9, 5


Hex , Squawk, Flight, alt , pres alt, speed, course, vert_rate,   lat   ,    lon   , air_type, Ti
--------------------------------------------------------------------------------------------
151DF5,0, SDM6067 ,10661,   10661,   490,    144,   0,      0.000000,  0.000000, 9, 21


Hex , Squawk, Flight, alt , pres alt, speed, course, vert_rate,   lat   ,    lon   , air_type, Ti
--------------------------------------------------------------------------------------------
151DD1,0,         ,0,   0,   0,    0,   0,      0.000000,  0.000000, 9, 5


Hex , Squawk, Flight, alt , pres alt, speed, course, vert_rate,   lat   ,    lon   , air_type, Ti
--------------------------------------------------------------------------------------------
151DF5,0, SDM6067 ,10661,   10661,   490,    144,   0,      0.000000,  0.000000, 9, 21


Hex , Squawk, Flight, alt , pres alt, speed, course, vert_rate,   lat   ,    lon   , air_type, Ti
--------------------------------------------------------------------------------------------
151DD1,0,         ,0,   0,   0,    0,   0,      0.000000,  0.000000, 9, 5


Hex , Squawk, Flight, alt , pres alt, speed, course, vert_rate,   lat   ,    lon   , air_type, Ti
--------------------------------------------------------------------------------------------
151DF5,0, SDM6067 ,10661,   10661,   490,    144,   0,      0.000000,  0.000000, 9, 21


Hex , Squawk, Flight, alt , pres alt, speed, course, vert_rate,   lat   ,    lon   , air_type, Ti
--------------------------------------------------------------------------------------------
151DD1,0,         ,0,   0,   0,    0,   0,      0.000000,  0.000000, 9, 5


Hex , Squawk, Flight, alt , pres alt, speed, course, vert_rate,   lat   ,    lon   , air_type, Ti
--------------------------------------------------------------------------------------------
151DF5,0, SDM6067 ,10661,   10661,   490,    144,   0,      0.000000,  0.000000, 9, 21


Hex , Squawk, Flight, alt , pres alt, speed, course, vert_rate,   lat   ,    lon   , air_type, Ti
--------------------------------------------------------------------------------------------
151DD1,0,         ,0,   0,   0,    0,   0,      0.000000,  0.000000, 9, 6


Hex , Squawk, Flight, alt , pres alt, speed, course, vert_rate,   lat   ,    lon   , air_type, Ti
--------------------------------------------------------------------------------------------
151DF5,0, SDM6067 ,10661,   10661,   490,    144,   0,      0.000000,  0.000000, 9, 22


Hex , Squawk, Flight, alt , pres alt, speed, course, vert_rate,   lat   ,    lon   , air_type, Ti
--------------------------------------------------------------------------------------------
151DD1,0,         ,0,   0,   0,    0,   0,      0.000000,  0.000000, 9, 6


Hex , Squawk, Flight, alt , pres alt, speed, course, vert_rate,   lat   ,    lon   , air_type, Ti
--------------------------------------------------------------------------------------------
151DF5,0, SDM6067 ,10661,   10661,   490,    144,   0,      0.000000,  0.000000, 9, 22


Hex , Squawk, Flight, alt , pres alt, speed, course, vert_rate,   lat   ,    lon   , air_type, Ti
--------------------------------------------------------------------------------------------
151DD1,0,         ,0,   0,   0,    0,   0,      0.000000,  0.000000, 9, 6


Hex , Squawk, Flight, alt , pres alt, speed, course, vert_rate,   lat   ,    lon   , air_type, Ti
--------------------------------------------------------------------------------------------
151DF5,0, SDM6067 ,10661,   10661,   490,    144,   0,      0.000000,  0.000000, 9, 22


Hex , Squawk, Flight, alt , pres alt, speed, course, vert_rate,   lat   ,    lon   , air_type, Ti
--------------------------------------------------------------------------------------------
151DD1,0,         ,0,   0,   0,    0,   0,      0.000000,  0.000000, 9, 6


Hex , Squawk, Flight, alt , pres alt, speed, course, vert_rate,   lat   ,    lon   , air_type, Ti
--------------------------------------------------------------------------------------------
151DF5,0, SDM6067 ,10661,   10661,   490,    144,   0,      0.000000,  0.000000, 9, 22


Hex , Squawk, Flight, alt , pres alt, speed, course, vert_rate,   lat   ,    lon   , air_type, Ti
--------------------------------------------------------------------------------------------
151DD1,0,         ,0,   0,   0,    0,   0,      0.000000,  0.000000, 9, 7


Hex , Squawk, Flight, alt , pres alt, speed, course, vert_rate,   lat   ,    lon   , air_type, Ti
--------------------------------------------------------------------------------------------
151DF5,0, SDM6067 ,10661,   10661,   490,    144,   0,      0.000000,  0.000000, 9, 23


Hex , Squawk, Flight, alt , pres alt, speed, course, vert_rate,   lat   ,    lon   , air_type, Ti
--------------------------------------------------------------------------------------------
151DD1,0,         ,0,   0,   0,    0,   0,      0.000000,  0.000000, 9, 7


Hex , Squawk, Flight, alt , pres alt, speed, course, vert_rate,   lat   ,    lon   , air_type, Ti
--------------------------------------------------------------------------------------------
151DF5,0, SDM6067 ,10661,   10661,   490,    144,   0,      0.000000,  0.000000, 9, 23


Hex , Squawk, Flight, alt , pres alt, speed, course, vert_rate,   lat   ,    lon   , air_type, Ti
--------------------------------------------------------------------------------------------
151DD1,0,         ,0,   0,   0,    0,   0,      0.000000,  0.000000, 9, 7


Hex , Squawk, Flight, alt , pres alt, speed, course, vert_rate,   lat   ,    lon   , air_type, Ti
--------------------------------------------------------------------------------------------
151DF5,0, SDM6067 ,10661,   10661,   490,    144,   0,      0.000000,  0.000000, 9, 23


Hex , Squawk, Flight, alt , pres alt, speed, course, vert_rate,   lat   ,    lon   , air_type, Ti
--------------------------------------------------------------------------------------------
151DD1,0,         ,0,   0,   0,    0,   0,      0.000000,  0.000000, 9, 7


Hex , Squawk, Flight, alt , pres alt, speed, course, vert_rate,   lat   ,    lon   , air_type, Ti
--------------------------------------------------------------------------------------------
151DF5,0, SDM6067 ,10661,   10661,   490,    144,   0,      0.000000,  0.000000, 9, 23


Hex , Squawk, Flight, alt , pres alt, speed, course, vert_rate,   lat   ,    lon   , air_type, Ti
--------------------------------------------------------------------------------------------
151DD1,0,         ,0,   0,   0,    0,   0,      0.000000,  0.000000, 9, 8


Hex , Squawk, Flight, alt , pres alt, speed, course, vert_rate,   lat   ,    lon   , air_type, Ti
--------------------------------------------------------------------------------------------
151DF5,0, SDM6067 ,10661,   10661,   490,    144,   0,      0.000000,  0.000000, 9, 24


Hex , Squawk, Flight, alt , pres alt, speed, course, vert_rate,   lat   ,    lon   , air_type, Ti
--------------------------------------------------------------------------------------------
151DD1,0,         ,0,   0,   0,    0,   0,      0.000000,  0.000000, 9, 8


Hex , Squawk, Flight, alt , pres alt, speed, course, vert_rate,   lat   ,    lon   , air_type, Ti
--------------------------------------------------------------------------------------------
151DF5,0, SDM6067 ,10661,   10661,   490,    144,   0,      0.000000,  0.000000, 9, 24


Hex , Squawk, Flight, alt , pres alt, speed, course, vert_rate,   lat   ,    lon   , air_type, Ti
--------------------------------------------------------------------------------------------
151DD1,0,         ,0,   0,   0,    0,   0,      0.000000,  0.000000, 9, 8


Hex , Squawk, Flight, alt , pres alt, speed, course, vert_rate,   lat   ,    lon   , air_type, Ti
--------------------------------------------------------------------------------------------
151DF5,0, SDM6067 ,10661,   10661,   490,    144,   0,      0.000000,  0.000000, 9, 24


Hex , Squawk, Flight, alt , pres alt, speed, course, vert_rate,   lat   ,    lon   , air_type, Ti
--------------------------------------------------------------------------------------------
151DD1,0,         ,0,   0,   0,    0,   0,      0.000000,  0.000000, 9, 8


Hex , Squawk, Flight, alt , pres alt, speed, course, vert_rate,   lat   ,    lon   , air_type, Ti
--------------------------------------------------------------------------------------------
151DF5,0, SDM6067 ,10661,   10661,   490,    144,   0,      0.000000,  0.000000, 9, 24


Hex , Squawk, Flight, alt , pres alt, speed, course, vert_rate,   lat   ,    lon   , air_type, Ti
--------------------------------------------------------------------------------------------
151DD1,0,         ,0,   0,   0,    0,   0,      0.000000,  0.000000, 9, 9


Hex , Squawk, Flight, alt , pres alt, speed, course, vert_rate,   lat   ,    lon   , air_type, Ti
--------------------------------------------------------------------------------------------
151DF5,0, SDM6067 ,10661,   10661,   490,    144,   0,      0.000000,  0.000000, 9, 25


Hex , Squawk, Flight, alt , pres alt, speed, course, vert_rate,   lat   ,    lon   , air_type, Ti
--------------------------------------------------------------------------------------------
151DD1,0,         ,0,   0,   0,    0,   0,      0.000000,  0.000000, 9, 9


Hex , Squawk, Flight, alt , pres alt, speed, course, vert_rate,   lat   ,    lon   , air_type, Ti
--------------------------------------------------------------------------------------------
151DF5,0, SDM6067 ,10661,   10661,   490,    144,   0,      0.000000,  0.000000, 9, 25


Hex , Squawk, Flight, alt , pres alt, speed, course, vert_rate,   lat   ,    lon   , air_type, Ti
--------------------------------------------------------------------------------------------
151DD1,0,         ,0,   0,   0,    0,   0,      0.000000,  0.000000, 9, 9


Hex , Squawk, Flight, alt , pres alt, speed, course, vert_rate,   lat   ,    lon   , air_type, Ti
--------------------------------------------------------------------------------------------
151DF5,0, SDM6067 ,10661,   10661,   490,    144,   0,      0.000000,  0.000000, 9, 25


Hex , Squawk, Flight, alt , pres alt, speed, course, vert_rate,   lat   ,    lon   , air_type, Ti
--------------------------------------------------------------------------------------------
151DD1,0,         ,0,   0,   0,    0,   0,      0.000000,  0.000000, 9, 10


Hex , Squawk, Flight, alt , pres alt, speed, course, vert_rate,   lat   ,    lon   , air_type, Ti
--------------------------------------------------------------------------------------------
151DF5,0, SDM6067 ,10661,   10661,   490,    144,   0,      0.000000,  0.000000, 9, 26


Hex , Squawk, Flight, alt , pres alt, speed, course, vert_rate,   lat   ,    lon   , air_type, Ti
--------------------------------------------------------------------------------------------
151DD1,0,         ,0,   0,   0,    0,   0,      0.000000,  0.000000, 9, 10


Hex , Squawk, Flight, alt , pres alt, speed, course, vert_rate,   lat   ,    lon   , air_type, Ti
--------------------------------------------------------------------------------------------
151DF5,0, SDM6067 ,10661,   10661,   490,    144,   0,      0.000000,  0.000000, 9, 26


Hex , Squawk, Flight, alt , pres alt, speed, course, vert_rate,   lat   ,    lon   , air_type, Ti
--------------------------------------------------------------------------------------------
151DD1,0,         ,0,   0,   0,    0,   0,      0.000000,  0.000000, 9, 10


Hex , Squawk, Flight, alt , pres alt, speed, course, vert_rate,   lat   ,    lon   , air_type, Ti
--------------------------------------------------------------------------------------------
151DF5,0, SDM6067 ,10661,   10661,   490,    144,   0,      0.000000,  0.000000, 9, 26


Hex , Squawk, Flight, alt , pres alt, speed, course, vert_rate,   lat   ,    lon   , air_type, Ti
--------------------------------------------------------------------------------------------
151DD1,0,         ,0,   0,   0,    0,   0,      0.000000,  0.000000, 9, 10


Hex , Squawk, Flight, alt , pres alt, speed, course, vert_rate,   lat   ,    lon   , air_type, Ti
--------------------------------------------------------------------------------------------
151DF5,0, SDM6067 ,10661,   10661,   490,    144,   0,      0.000000,  0.000000, 9, 26


Hex , Squawk, Flight, alt , pres alt, speed, course, vert_rate,   lat   ,    lon   , air_type, Ti
--------------------------------------------------------------------------------------------
151DD1,0,         ,0,   0,   0,    0,   0,      0.000000,  0.000000, 9, 11


Hex , Squawk, Flight, alt , pres alt, speed, course, vert_rate,   lat   ,    lon   , air_type, Ti
--------------------------------------------------------------------------------------------
151DF5,0, SDM6067 ,10661,   10661,   490,    144,   0,      0.000000,  0.000000, 9, 27


Hex , Squawk, Flight, alt , pres alt, speed, course, vert_rate,   lat   ,    lon   , air_type, Ti
--------------------------------------------------------------------------------------------
151DD1,0,         ,0,   0,   0,    0,   0,      0.000000,  0.000000, 9, 11


Hex , Squawk, Flight, alt , pres alt, speed, course, vert_rate,   lat   ,    lon   , air_type, Ti
--------------------------------------------------------------------------------------------
151DF5,0, SDM6067 ,10661,   10661,   490,    144,   0,      0.000000,  0.000000, 9, 27


Hex , Squawk, Flight, alt , pres alt, speed, course, vert_rate,   lat   ,    lon   , air_type, Ti
--------------------------------------------------------------------------------------------
151DD1,0,         ,0,   0,   0,    0,   0,      0.000000,  0.000000, 9, 11


Hex , Squawk, Flight, alt , pres alt, speed, course, vert_rate,   lat   ,    lon   , air_type, Ti
--------------------------------------------------------------------------------------------
151DF5,0, SDM6067 ,10661,   10661,   490,    144,   0,      0.000000,  0.000000, 9, 27


Hex , Squawk, Flight, alt , pres alt, speed, course, vert_rate,   lat   ,    lon   , air_type, Ti
--------------------------------------------------------------------------------------------
151DD1,0,         ,0,   0,   0,    0,   0,      0.000000,  0.000000, 9, 11


Hex , Squawk, Flight, alt , pres alt, speed, course, vert_rate,   lat   ,    lon   , air_type, Ti
--------------------------------------------------------------------------------------------
151DF5,0, SDM6067 ,10661,   10661,   490,    144,   0,      0.000000,  0.000000, 9, 27


Hex , Squawk, Flight, alt , pres alt, speed, course, vert_rate,   lat   ,    lon   , air_type, Ti
--------------------------------------------------------------------------------------------
151DD1,0,         ,0,   0,   0,    0,   0,      0.000000,  0.000000, 9, 12


Hex , Squawk, Flight, alt , pres alt, speed, course, vert_rate,   lat   ,    lon   , air_type, Ti
--------------------------------------------------------------------------------------------
151DF5,0, SDM6067 ,10661,   10661,   490,    144,   0,      0.000000,  0.000000, 9, 28


Hex , Squawk, Flight, alt , pres alt, speed, course, vert_rate,   lat   ,    lon   , air_type, Ti
--------------------------------------------------------------------------------------------
151DD1,0,         ,0,   0,   0,    0,   0,      0.000000,  0.000000, 9, 12


Hex , Squawk, Flight, alt , pres alt, speed, course, vert_rate,   lat   ,    lon   , air_type, Ti
--------------------------------------------------------------------------------------------
151DF5,0, SDM6067 ,10661,   10661,   490,    144,   0,      0.000000,  0.000000, 9, 28


Hex , Squawk, Flight, alt , pres alt, speed, course, vert_rate,   lat   ,    lon   , air_type, Ti
--------------------------------------------------------------------------------------------
151DD1,0,         ,0,   0,   0,    0,   0,      0.000000,  0.000000, 9, 12


Hex , Squawk, Flight, alt , pres alt, speed, course, vert_rate,   lat   ,    lon   , air_type, Ti
--------------------------------------------------------------------------------------------
151DF5,0, SDM6067 ,10661,   10661,   490,    144,   0,      0.000000,  0.000000, 9, 28


Hex , Squawk, Flight, alt , pres alt, speed, course, vert_rate,   lat   ,    lon   , air_type, Ti
--------------------------------------------------------------------------------------------
151DD1,0,         ,0,   0,   0,    0,   0,      0.000000,  0.000000, 9, 12


Hex , Squawk, Flight, alt , pres alt, speed, course, vert_rate,   lat   ,    lon   , air_type, Ti
--------------------------------------------------------------------------------------------
151DF5,0, SDM6067 ,10661,   10661,   490,    144,   0,      0.000000,  0.000000, 9, 28


Hex , Squawk, Flight, alt , pres alt, speed, course, vert_rate,   lat   ,    lon   , air_type, Ti
--------------------------------------------------------------------------------------------
151DD1,0,         ,0,   0,   0,    0,   0,      0.000000,  0.000000, 9, 13


Hex , Squawk, Flight, alt , pres alt, speed, course, vert_rate,   lat   ,    lon   , air_type, Ti
--------------------------------------------------------------------------------------------
151DF5,0, SDM6067 ,10661,   10661,   490,    144,   0,      0.000000,  0.000000, 9, 29


Hex , Squawk, Flight, alt , pres alt, speed, course, vert_rate,   lat   ,    lon   , air_type, Ti
--------------------------------------------------------------------------------------------
151DD1,0,         ,0,   0,   0,    0,   0,      0.000000,  0.000000, 9, 13


Hex , Squawk, Flight, alt , pres alt, speed, course, vert_rate,   lat   ,    lon   , air_type, Ti
--------------------------------------------------------------------------------------------
151DF5,0, SDM6067 ,10661,   10661,   490,    144,   0,      0.000000,  0.000000, 9, 29


Hex , Squawk, Flight, alt , pres alt, speed, course, vert_rate,   lat   ,    lon   , air_type, Ti
--------------------------------------------------------------------------------------------
151DD1,0,         ,0,   0,   0,    0,   0,      0.000000,  0.000000, 9, 13


Hex , Squawk, Flight, alt , pres alt, speed, course, vert_rate,   lat   ,    lon   , air_type, Ti
--------------------------------------------------------------------------------------------
151DF5,0, SDM6067 ,10661,   10661,   490,    144,   0,      0.000000,  0.000000, 9, 29


Hex , Squawk, Flight, alt , pres alt, speed, course, vert_rate,   lat   ,    lon   , air_type, Ti
--------------------------------------------------------------------------------------------
151DD1,0,         ,0,   0,   0,    0,   0,      0.000000,  0.000000, 9, 13


Hex , Squawk, Flight, alt , pres alt, speed, course, vert_rate,   lat   ,    lon   , air_type, Ti
--------------------------------------------------------------------------------------------
151DF5,0, SDM6067 ,10661,   10661,   490,    144,   0,      0.000000,  0.000000, 9, 29


Hex , Squawk, Flight, alt , pres alt, speed, course, vert_rate,   lat   ,    lon   , air_type, Ti
--------------------------------------------------------------------------------------------
151DD1,0,         ,0,   0,   0,    0,   0,      0.000000,  0.000000, 9, 1


Hex , Squawk, Flight, alt , pres alt, speed, course, vert_rate,   lat   ,    lon   , air_type, Ti
--------------------------------------------------------------------------------------------
151DF5,0, SDM6067 ,10661,   10661,   490,    144,   0,      0.000000,  0.000000, 9, 30


Hex , Squawk, Flight, alt , pres alt, speed, course, vert_rate,   lat   ,    lon   , air_type, Ti
--------------------------------------------------------------------------------------------
151DD1,0,         ,0,   0,   0,    0,   0,      0.000000,  0.000000, 9, 1


Hex , Squawk, Flight, alt , pres alt, speed, course, vert_rate,   lat   ,    lon   , air_type, Ti
--------------------------------------------------------------------------------------------
151DF5,0, SDM6067 ,10661,   10661,   490,    144,   0,      0.000000,  0.000000, 9, 30


Hex , Squawk, Flight, alt , pres alt, speed, course, vert_rate,   lat   ,    lon   , air_type, Ti
--------------------------------------------------------------------------------------------
151DD1,0,         ,0,   0,   0,    0,   0,      0.000000,  0.000000, 9, 0


Hex , Squawk, Flight, alt , pres alt, speed, course, vert_rate,   lat   ,    lon   , air_type, Ti
--------------------------------------------------------------------------------------------
151DF5,0, SDM6067 ,10661,   10661,   490,    144,   0,      0.000000,  0.000000, 9, 30


Hex , Squawk, Flight, alt , pres alt, speed, course, vert_rate,   lat   ,    lon   , air_type, Ti
--------------------------------------------------------------------------------------------
151DD1,0,         ,0,   0,   0,    0,   0,      0.000000,  0.000000, 9, 0


Hex , Squawk, Flight, alt , pres alt, speed, course, vert_rate,   lat   ,    lon   , air_type, Ti
--------------------------------------------------------------------------------------------
151DF5,0, SDM6067 ,10661,   10661,   490,    144,   0,      0.000000,  0.000000, 9, 30


Hex , Squawk, Flight, alt , pres alt, speed, course, vert_rate,   lat   ,    lon   , air_type, Ti
--------------------------------------------------------------------------------------------
151DD1,0,         ,0,   0,   0,    0,   0,      0.000000,  0.000000, 9, 1


Hex , Squawk, Flight, alt , pres alt, speed, course, vert_rate,   lat   ,    lon   , air_type, Ti
--------------------------------------------------------------------------------------------
151DF5,0, SDM6067 ,10661,   10661,   490,    144,   0,      0.000000,  0.000000, 9, 31


Hex , Squawk, Flight, alt , pres alt, speed, course, vert_rate,   lat   ,    lon   , air_type, Ti
--------------------------------------------------------------------------------------------
151DD1,0,         ,0,   0,   0,    0,   0,      0.000000,  0.000000, 9, 0


Hex , Squawk, Flight, alt , pres alt, speed, course, vert_rate,   lat   ,    lon   , air_type, Ti
--------------------------------------------------------------------------------------------
151DF5,0, SDM6067 ,10661,   10661,   490,    144,   0,      0.000000,  0.000000, 9, 31


Hex , Squawk, Flight, alt , pres alt, speed, course, vert_rate,   lat   ,    lon   , air_type, Ti
--------------------------------------------------------------------------------------------
151DD1,0,         ,0,   0,   0,    0,   0,      0.000000,  0.000000, 9, 0


Hex , Squawk, Flight, alt , pres alt, speed, course, vert_rate,   lat   ,    lon   , air_type, Ti
--------------------------------------------------------------------------------------------
151DF5,0, SDM6067 ,10661,   10661,   490,    144,   0,      0.000000,  0.000000, 9, 31


Hex , Squawk, Flight, alt , pres alt, speed, course, vert_rate,   lat   ,    lon   , air_type, Ti
--------------------------------------------------------------------------------------------
151DD1,0,         ,0,   0,   0,    0,   0,      0.000000,  0.000000, 9, 1


Hex , Squawk, Flight, alt , pres alt, speed, course, vert_rate,   lat   ,    lon   , air_type, Ti
--------------------------------------------------------------------------------------------
151DF5,0, SDM6067 ,10661,   10661,   490,    144,   0,      0.000000,  0.000000, 9, 32


Hex , Squawk, Flight, alt , pres alt, speed, course, vert_rate,   lat   ,    lon   , air_type, Ti
--------------------------------------------------------------------------------------------
151DD1,0,         ,0,   0,   0,    0,   0,      0.000000,  0.000000, 9, 1


Hex , Squawk, Flight, alt , pres alt, speed, course, vert_rate,   lat   ,    lon   , air_type, Ti
--------------------------------------------------------------------------------------------
151DF5,0, SDM6067 ,10661,   10661,   490,    144,   0,      0.000000,  0.000000, 9, 32


Hex , Squawk, Flight, alt , pres alt, speed, course, vert_rate,   lat   ,    lon   , air_type, Ti
--------------------------------------------------------------------------------------------
151DD1,0,         ,0,   0,   0,    0,   0,      0.000000,  0.000000, 9, 1


Hex , Squawk, Flight, alt , pres alt, speed, course, vert_rate,   lat   ,    lon   , air_type, Ti
--------------------------------------------------------------------------------------------
151DF5,0, SDM6067 ,10661,   10661,   490,    144,   0,      0.000000,  0.000000, 9, 32


Hex , Squawk, Flight, alt , pres alt, speed, course, vert_rate,   lat   ,    lon   , air_type, Ti
--------------------------------------------------------------------------------------------
151DD1,0,         ,0,   0,   0,    0,   0,      0.000000,  0.000000, 9, 1


Hex , Squawk, Flight, alt , pres alt, speed, course, vert_rate,   lat   ,    lon   , air_type, Ti
--------------------------------------------------------------------------------------------
151DF5,0, SDM6067 ,10661,   10661,   490,    144,   0,      0.000000,  0.000000, 9, 32


Hex , Squawk, Flight, alt , pres alt, speed, course, vert_rate,   lat   ,    lon   , air_type, Ti
--------------------------------------------------------------------------------------------
151DD1,0,         ,0,   0,   0,    0,   0,      0.000000,  0.000000, 9, 2


Hex , Squawk, Flight, alt , pres alt, speed, course, vert_rate,   lat   ,    lon   , air_type, Ti
--------------------------------------------------------------------------------------------
151DF5,0, SDM6067 ,10661,   10661,   490,    144,   0,      0.000000,  0.000000, 9, 33


Hex , Squawk, Flight, alt , pres alt, speed, course, vert_rate,   lat   ,    lon   , air_type, Ti
--------------------------------------------------------------------------------------------
151DD1,0,         ,0,   0,   0,    0,   0,      0.000000,  0.000000, 9, 2


Hex , Squawk, Flight, alt , pres alt, speed, course, vert_rate,   lat   ,    lon   , air_type, Ti
--------------------------------------------------------------------------------------------
151DF5,0, SDM6067 ,10661,   10661,   490,    144,   0,      0.000000,  0.000000, 9, 33


Hex , Squawk, Flight, alt , pres alt, speed, course, vert_rate,   lat   ,    lon   , air_type, Ti
--------------------------------------------------------------------------------------------
151DD1,0,         ,0,   0,   0,    0,   0,      0.000000,  0.000000, 9, 2


Hex , Squawk, Flight, alt , pres alt, speed, course, vert_rate,   lat   ,    lon   , air_type, Ti
--------------------------------------------------------------------------------------------
151DF5,0, SDM6067 ,10661,   10661,   490,    144,   0,      0.000000,  0.000000, 9, 33


Hex , Squawk, Flight, alt , pres alt, speed, course, vert_rate,   lat   ,    lon   , air_type, Ti
--------------------------------------------------------------------------------------------
151DD1,0,         ,0,   0,   0,    0,   0,      0.000000,  0.000000, 9, 2


Hex , Squawk, Flight, alt , pres alt, speed, course, vert_rate,   lat   ,    lon   , air_type, Ti
--------------------------------------------------------------------------------------------
151DF5,0, SDM6067 ,10661,   10661,   490,    144,   0,      0.000000,  0.000000, 9, 33


Hex , Squawk, Flight, alt , pres alt, speed, course, vert_rate,   lat   ,    lon   , air_type, Ti
--------------------------------------------------------------------------------------------
151DD1,0,         ,0,   0,   0,    0,   0,      0.000000,  0.000000, 9, 3


Hex , Squawk, Flight, alt , pres alt, speed, course, vert_rate,   lat   ,    lon   , air_type, Ti
--------------------------------------------------------------------------------------------
151DF5,0, SDM6067 ,10661,   10661,   490,    144,   0,      0.000000,  0.000000, 9, 34


Hex , Squawk, Flight, alt , pres alt, speed, course, vert_rate,   lat   ,    lon   , air_type, Ti
--------------------------------------------------------------------------------------------
151DD1,0,         ,0,   0,   0,    0,   0,      0.000000,  0.000000, 9, 3


Hex , Squawk, Flight, alt , pres alt, speed, course, vert_rate,   lat   ,    lon   , air_type, Ti
--------------------------------------------------------------------------------------------
151DF5,0, SDM6067 ,10661,   10661,   490,    144,   0,      0.000000,  0.000000, 9, 34


Hex , Squawk, Flight, alt , pres alt, speed, course, vert_rate,   lat   ,    lon   , air_type, Ti
--------------------------------------------------------------------------------------------
151DD1,0,         ,0,   0,   0,    0,   0,      0.000000,  0.000000, 9, 3


Hex , Squawk, Flight, alt , pres alt, speed, course, vert_rate,   lat   ,    lon   , air_type, Ti
--------------------------------------------------------------------------------------------
151DF5,0, SDM6067 ,10661,   10661,   490,    144,   0,      0.000000,  0.000000, 9, 34


Hex , Squawk, Flight, alt , pres alt, speed, course, vert_rate,   lat   ,    lon   , air_type, Ti
--------------------------------------------------------------------------------------------
151DD1,0,         ,0,   0,   0,    0,   0,      0.000000,  0.000000, 9, 3


Hex , Squawk, Flight, alt , pres alt, speed, course, vert_rate,   lat   ,    lon   , air_type, Ti
--------------------------------------------------------------------------------------------
151DF5,0, SDM6067 ,10661,   10661,   490,    144,   0,      0.000000,  0.000000, 9, 34


Hex , Squawk, Flight, alt , pres alt, speed, course, vert_rate,   lat   ,    lon   , air_type, Ti
--------------------------------------------------------------------------------------------
151DD1,0,         ,0,   0,   0,    0,   0,      0.000000,  0.000000, 9, 4


Hex , Squawk, Flight, alt , pres alt, speed, course, vert_rate,   lat   ,    lon   , air_type, Ti
--------------------------------------------------------------------------------------------
151DF5,0, SDM6067 ,10661,   10661,   490,    144,   0,      0.000000,  0.000000, 9, 35


Hex , Squawk, Flight, alt , pres alt, speed, course, vert_rate,   lat   ,    lon   , air_type, Ti
--------------------------------------------------------------------------------------------
151DD1,0,         ,0,   0,   0,    0,   0,      0.000000,  0.000000, 9, 4


Hex , Squawk, Flight, alt , pres alt, speed, course, vert_rate,   lat   ,    lon   , air_type, Ti
--------------------------------------------------------------------------------------------
151DF5,0, SDM6067 ,10661,   10661,   490,    144,   0,      0.000000,  0.000000, 9, 35


Hex , Squawk, Flight, alt , pres alt, speed, course, vert_rate,   lat   ,    lon   , air_type, Ti
--------------------------------------------------------------------------------------------
151DD1,0,         ,0,   0,   0,    0,   0,      0.000000,  0.000000, 9, 4


Hex , Squawk, Flight, alt , pres alt, speed, course, vert_rate,   lat   ,    lon   , air_type, Ti
--------------------------------------------------------------------------------------------
151DF5,0, SDM6067 ,10661,   10661,   490,    144,   0,      0.000000,  0.000000, 9, 35


Hex , Squawk, Flight, alt , pres alt, speed, course, vert_rate,   lat   ,    lon   , air_type, Ti
--------------------------------------------------------------------------------------------
151DD1,0,         ,0,   0,   0,    0,   0,      0.000000,  0.000000, 9, 4


Hex , Squawk, Flight, alt , pres alt, speed, course, vert_rate,   lat   ,    lon   , air_type, Ti
--------------------------------------------------------------------------------------------
151DF5,0, SDM6067 ,10661,   10661,   490,    144,   0,      0.000000,  0.000000, 9, 35


Hex , Squawk, Flight, alt , pres alt, speed, course, vert_rate,   lat   ,    lon   , air_type, Ti
--------------------------------------------------------------------------------------------
151DD1,0,         ,0,   0,   0,    0,   0,      0.000000,  0.000000, 9, 5


Hex , Squawk, Flight, alt , pres alt, speed, course, vert_rate,   lat   ,    lon   , air_type, Ti
--------------------------------------------------------------------------------------------
151DF5,0, SDM6067 ,10661,   10661,   490,    144,   0,      0.000000,  0.000000, 9, 36


Hex , Squawk, Flight, alt , pres alt, speed, course, vert_rate,   lat   ,    lon   , air_type, Ti
--------------------------------------------------------------------------------------------
151DD1,0,         ,0,   0,   0,    0,   0,      0.000000,  0.000000, 9, 5


Hex , Squawk, Flight, alt , pres alt, speed, course, vert_rate,   lat   ,    lon   , air_type, Ti
--------------------------------------------------------------------------------------------
151DF5,0, SDM6067 ,10661,   10661,   490,    144,   0,      0.000000,  0.000000, 9, 36


Hex , Squawk, Flight, alt , pres alt, speed, course, vert_rate,   lat   ,    lon   , air_type, Ti
--------------------------------------------------------------------------------------------
151DD1,0,         ,0,   0,   0,    0,   0,      0.000000,  0.000000, 9, 5


Hex , Squawk, Flight, alt , pres alt, speed, course, vert_rate,   lat   ,    lon   , air_type, Ti
--------------------------------------------------------------------------------------------
151DF5,0, SDM6067 ,10661,   10661,   490,    144,   0,      0.000000,  0.000000, 9, 36


Hex , Squawk, Flight, alt , pres alt, speed, course, vert_rate,   lat   ,    lon   , air_type, Ti
--------------------------------------------------------------------------------------------
151DD1,0,         ,0,   0,   0,    0,   0,      0.000000,  0.000000, 9, 6


Hex , Squawk, Flight, alt , pres alt, speed, course, vert_rate,   lat   ,    lon   , air_type, Ti
--------------------------------------------------------------------------------------------
151DF5,0, SDM6067 ,10661,   10661,   490,    144,   0,      0.000000,  0.000000, 9, 37


Hex , Squawk, Flight, alt , pres alt, speed, course, vert_rate,   lat   ,    lon   , air_type, Ti
--------------------------------------------------------------------------------------------
151DD1,0,         ,0,   0,   0,    0,   0,      0.000000,  0.000000, 9, 6


Hex , Squawk, Flight, alt , pres alt, speed, course, vert_rate,   lat   ,    lon   , air_type, Ti
--------------------------------------------------------------------------------------------
151DF5,0, SDM6067 ,10661,   10661,   490,    144,   0,      0.000000,  0.000000, 9, 37


Hex , Squawk, Flight, alt , pres alt, speed, course, vert_rate,   lat   ,    lon   , air_type, Ti
--------------------------------------------------------------------------------------------
151DD1,0,         ,0,   0,   0,    0,   0,      0.000000,  0.000000, 9, 6


Hex , Squawk, Flight, alt , pres alt, speed, course, vert_rate,   lat   ,    lon   , air_type, Ti
--------------------------------------------------------------------------------------------
151DF5,0, SDM6067 ,10661,   10661,   490,    144,   0,      0.000000,  0.000000, 9, 37


Hex , Squawk, Flight, alt , pres alt, speed, course, vert_rate,   lat   ,    lon   , air_type, Ti
--------------------------------------------------------------------------------------------
151DD1,0,         ,0,   0,   0,    0,   0,      0.000000,  0.000000, 9, 6


Hex , Squawk, Flight, alt , pres alt, speed, course, vert_rate,   lat   ,    lon   , air_type, Ti
--------------------------------------------------------------------------------------------
151DF5,0, SDM6067 ,10661,   10661,   490,    144,   0,      0.000000,  0.000000, 9, 37


Hex , Squawk, Flight, alt , pres alt, speed, course, vert_rate,   lat   ,    lon   , air_type, Ti
--------------------------------------------------------------------------------------------
151DD1,0,         ,0,   0,   0,    0,   0,      0.000000,  0.000000, 9, 7


Hex , Squawk, Flight, alt , pres alt, speed, course, vert_rate,   lat   ,    lon   , air_type, Ti
--------------------------------------------------------------------------------------------
151DF5,0, SDM6067 ,10661,   10661,   490,    144,   0,      0.000000,  0.000000, 9, 38


Hex , Squawk, Flight, alt , pres alt, speed, course, vert_rate,   lat   ,    lon   , air_type, Ti
--------------------------------------------------------------------------------------------
151DD1,0,         ,0,   0,   0,    0,   0,      0.000000,  0.000000, 9, 7


Hex , Squawk, Flight, alt , pres alt, speed, course, vert_rate,   lat   ,    lon   , air_type, Ti
--------------------------------------------------------------------------------------------
151DF5,0, SDM6067 ,10661,   10661,   490,    144,   0,      0.000000,  0.000000, 9, 38


Hex , Squawk, Flight, alt , pres alt, speed, course, vert_rate,   lat   ,    lon   , air_type, Ti
--------------------------------------------------------------------------------------------
151DD1,0,         ,0,   0,   0,    0,   0,      0.000000,  0.000000, 9, 7


Hex , Squawk, Flight, alt , pres alt, speed, course, vert_rate,   lat   ,    lon   , air_type, Ti
--------------------------------------------------------------------------------------------
151DF5,0, SDM6067 ,10661,   10661,   490,    144,   0,      0.000000,  0.000000, 9, 38


Hex , Squawk, Flight, alt , pres alt, speed, course, vert_rate,   lat   ,    lon   , air_type, Ti
--------------------------------------------------------------------------------------------
151DD1,0,         ,0,   0,   0,    0,   0,      0.000000,  0.000000, 9, 7


Hex , Squawk, Flight, alt , pres alt, speed, course, vert_rate,   lat   ,    lon   , air_type, Ti
--------------------------------------------------------------------------------------------
151DF5,0, SDM6067 ,10661,   10661,   490,    144,   0,      0.000000,  0.000000, 9, 38


Hex , Squawk, Flight, alt , pres alt, speed, course, vert_rate,   lat   ,    lon   , air_type, Ti
--------------------------------------------------------------------------------------------
151DD1,0,         ,0,   0,   0,    0,   0,      0.000000,  0.000000, 9, 8


Hex , Squawk, Flight, alt , pres alt, speed, course, vert_rate,   lat   ,    lon   , air_type, Ti
--------------------------------------------------------------------------------------------
151DF5,0, SDM6067 ,10661,   10661,   490,    144,   0,      0.000000,  0.000000, 9, 39


Hex , Squawk, Flight, alt , pres alt, speed, course, vert_rate,   lat   ,    lon   , air_type, Ti
--------------------------------------------------------------------------------------------
151DD1,0,         ,0,   0,   0,    0,   0,      0.000000,  0.000000, 9, 8


Hex , Squawk, Flight, alt , pres alt, speed, course, vert_rate,   lat   ,    lon   , air_type, Ti
--------------------------------------------------------------------------------------------
151DF5,0, SDM6067 ,10661,   10661,   490,    144,   0,      0.000000,  0.000000, 9, 39


Hex , Squawk, Flight, alt , pres alt, speed, course, vert_rate,   lat   ,    lon   , air_type, Ti
--------------------------------------------------------------------------------------------
151DD1,54,         ,0,   0,   0,    0,   0,      0.000000,  0.000000, 9, 0


Hex , Squawk, Flight, alt , pres alt, speed, course, vert_rate,   lat   ,    lon   , air_type, Ti
--------------------------------------------------------------------------------------------
151DF5,0, SDM6067 ,10661,   10661,   490,    144,   0,      0.000000,  0.000000, 9, 39


Hex , Squawk, Flight, alt , pres alt, speed, course, vert_rate,   lat   ,    lon   , air_type, Ti
--------------------------------------------------------------------------------------------
151DD1,54,         ,3411,   3411,   0,    0,   0,      0.000000,  0.000000, 9, 0


Hex , Squawk, Flight, alt , pres alt, speed, course, vert_rate,   lat   ,    lon   , air_type, Ti
--------------------------------------------------------------------------------------------
151DF5,0, SDM6067 ,10661,   10661,   490,    144,   0,      0.000000,  0.000000, 9, 39


Hex , Squawk, Flight, alt , pres alt, speed, course, vert_rate,   lat   ,    lon   , air_type, Ti
--------------------------------------------------------------------------------------------
151DD1,54,         ,3411,   3411,   0,    0,   0,      0.000000,  0.000000, 9, 0


Hex , Squawk, Flight, alt , pres alt, speed, course, vert_rate,   lat   ,    lon   , air_type, Ti
--------------------------------------------------------------------------------------------
151DF5,0, SDM6067 ,10661,   10661,   490,    144,   0,      0.000000,  0.000000, 9, 40


Hex , Squawk, Flight, alt , pres alt, speed, course, vert_rate,   lat   ,    lon   , air_type, Ti
--------------------------------------------------------------------------------------------
151DD1,54,         ,3411,   3411,   0,    0,   0,      0.000000,  0.000000, 9, 0


Hex , Squawk, Flight, alt , pres alt, speed, course, vert_rate,   lat   ,    lon   , air_type, Ti
--------------------------------------------------------------------------------------------
151DF5,0, SDM6067 ,10661,   10661,   490,    144,   0,      0.000000,  0.000000, 9, 40


Hex , Squawk, Flight, alt , pres alt, speed, course, vert_rate,   lat   ,    lon   , air_type, Ti
--------------------------------------------------------------------------------------------
151DD1,54,         ,3411,   3411,   0,    0,   0,      0.000000,  0.000000, 9, 0


Hex , Squawk, Flight, alt , pres alt, speed, course, vert_rate,   lat   ,    lon   , air_type, Ti
--------------------------------------------------------------------------------------------
151DF5,0, SDM6067 ,10661,   10661,   490,    144,   0,      0.000000,  0.000000, 9, 40


Hex , Squawk, Flight, alt , pres alt, speed, course, vert_rate,   lat   ,    lon   , air_type, Ti
--------------------------------------------------------------------------------------------
151DD1,54,         ,3411,   3411,   0,    0,   0,      0.000000,  0.000000, 9, 0


Hex , Squawk, Flight, alt , pres alt, speed, course, vert_rate,   lat   ,    lon   , air_type, Ti
--------------------------------------------------------------------------------------------
151DF5,0, SDM6067 ,10661,   10661,   490,    144,   0,      0.000000,  0.000000, 9, 40


Hex , Squawk, Flight, alt , pres alt, speed, course, vert_rate,   lat   ,    lon   , air_type, Ti
--------------------------------------------------------------------------------------------
151DD1,54,         ,3411,   3411,   0,    0,   0,      0.000000,  0.000000, 9, 0


Hex , Squawk, Flight, alt , pres alt, speed, course, vert_rate,   lat   ,    lon   , air_type, Ti
--------------------------------------------------------------------------------------------
151DF5,0, SDM6067 ,10661,   10661,   490,    144,   0,      0.000000,  0.000000, 9, 41


Hex , Squawk, Flight, alt , pres alt, speed, course, vert_rate,   lat   ,    lon   , air_type, Ti
--------------------------------------------------------------------------------------------
151DD1,54,         ,3411,   3411,   0,    0,   0,      0.000000,  0.000000, 9, 0


Hex , Squawk, Flight, alt , pres alt, speed, course, vert_rate,   lat   ,    lon   , air_type, Ti
--------------------------------------------------------------------------------------------
151DF5,0, SDM6067 ,10661,   10661,   490,    144,   0,      0.000000,  0.000000, 9, 41


Hex , Squawk, Flight, alt , pres alt, speed, course, vert_rate,   lat   ,    lon   , air_type, Ti
--------------------------------------------------------------------------------------------
151DD1,54,         ,3411,   3411,   0,    0,   0,      0.000000,  0.000000, 9, 0


Hex , Squawk, Flight, alt , pres alt, speed, course, vert_rate,   lat   ,    lon   , air_type, Ti
--------------------------------------------------------------------------------------------
151DF5,0, SDM6067 ,10661,   10661,   490,    144,   0,      0.000000,  0.000000, 9, 41


Hex , Squawk, Flight, alt , pres alt, speed, course, vert_rate,   lat   ,    lon   , air_type, Ti
--------------------------------------------------------------------------------------------
151DD1,54,         ,3411,   3411,   0,    0,   0,      0.000000,  0.000000, 9, 0


Hex , Squawk, Flight, alt , pres alt, speed, course, vert_rate,   lat   ,    lon   , air_type, Ti
--------------------------------------------------------------------------------------------
151DF5,0, SDM6067 ,10661,   10661,   490,    144,   0,      0.000000,  0.000000, 9, 41


Hex , Squawk, Flight, alt , pres alt, speed, course, vert_rate,   lat   ,    lon   , air_type, Ti
--------------------------------------------------------------------------------------------
151DD1,54,         ,3411,   3411,   0,    0,   0,      0.000000,  0.000000, 9, 1


Hex , Squawk, Flight, alt , pres alt, speed, course, vert_rate,   lat   ,    lon   , air_type, Ti
--------------------------------------------------------------------------------------------
151DF5,0, SDM6067 ,10661,   10661,   490,    144,   0,      0.000000,  0.000000, 9, 42


Hex , Squawk, Flight, alt , pres alt, speed, course, vert_rate,   lat   ,    lon   , air_type, Ti
--------------------------------------------------------------------------------------------
151DD1,54,         ,3411,   3411,   0,    0,   0,      0.000000,  0.000000, 9, 1


Hex , Squawk, Flight, alt , pres alt, speed, course, vert_rate,   lat   ,    lon   , air_type, Ti
--------------------------------------------------------------------------------------------
151DF5,0, SDM6067 ,10661,   10661,   490,    144,   0,      0.000000,  0.000000, 9, 42


Hex , Squawk, Flight, alt , pres alt, speed, course, vert_rate,   lat   ,    lon   , air_type, Ti
--------------------------------------------------------------------------------------------
151DD1,54,         ,3411,   3411,   0,    0,   0,      0.000000,  0.000000, 9, 1


Hex , Squawk, Flight, alt , pres alt, speed, course, vert_rate,   lat   ,    lon   , air_type, Ti
--------------------------------------------------------------------------------------------
151DF5,0, SDM6067 ,10661,   10661,   490,    144,   0,      0.000000,  0.000000, 9, 42


Hex , Squawk, Flight, alt , pres alt, speed, course, vert_rate,   lat   ,    lon   , air_type, Ti
--------------------------------------------------------------------------------------------
151DD1,54,         ,3411,   3411,   0,    0,   0,      0.000000,  0.000000, 9, 0


Hex , Squawk, Flight, alt , pres alt, speed, course, vert_rate,   lat   ,    lon   , air_type, Ti
--------------------------------------------------------------------------------------------
151DF5,0, SDM6067 ,10661,   10661,   490,    144,   0,      0.000000,  0.000000, 9, 43


Hex , Squawk, Flight, alt , pres alt, speed, course, vert_rate,   lat   ,    lon   , air_type, Ti
--------------------------------------------------------------------------------------------
151DD1,54,         ,3411,   3411,   0,    0,   0,      0.000000,  0.000000, 9, 0


Hex , Squawk, Flight, alt , pres alt, speed, course, vert_rate,   lat   ,    lon   , air_type, Ti
--------------------------------------------------------------------------------------------
151DF5,0, SDM6067 ,10661,   10661,   490,    144,   0,      0.000000,  0.000000, 9, 43


Hex , Squawk, Flight, alt , pres alt, speed, course, vert_rate,   lat   ,    lon   , air_type, Ti
--------------------------------------------------------------------------------------------
151DD1,54,         ,3396,   3396,   0,    0,   0,      0.000000,  0.000000, 9, 0


Hex , Squawk, Flight, alt , pres alt, speed, course, vert_rate,   lat   ,    lon   , air_type, Ti
--------------------------------------------------------------------------------------------
151DF5,0, SDM6067 ,10661,   10661,   490,    144,   0,      0.000000,  0.000000, 9, 43


Hex , Squawk, Flight, alt , pres alt, speed, course, vert_rate,   lat   ,    lon   , air_type, Ti
--------------------------------------------------------------------------------------------
151DD1,54,         ,3388,   3388,   0,    0,   0,      0.000000,  0.000000, 9, 0


Hex , Squawk, Flight, alt , pres alt, speed, course, vert_rate,   lat   ,    lon   , air_type, Ti
--------------------------------------------------------------------------------------------
151DF5,0, SDM6067 ,10661,   10661,   490,    144,   0,      0.000000,  0.000000, 9, 43


Hex , Squawk, Flight, alt , pres alt, speed, course, vert_rate,   lat   ,    lon   , air_type, Ti
--------------------------------------------------------------------------------------------
151DD1,54,         ,3388,   3388,   0,    0,   0,      0.000000,  0.000000, 9, 1


Hex , Squawk, Flight, alt , pres alt, speed, course, vert_rate,   lat   ,    lon   , air_type, Ti
--------------------------------------------------------------------------------------------
151DF5,0, SDM6067 ,10661,   10661,   490,    144,   0,      0.000000,  0.000000, 9, 44


Hex , Squawk, Flight, alt , pres alt, speed, course, vert_rate,   lat   ,    lon   , air_type, Ti
--------------------------------------------------------------------------------------------
151DD1,54,         ,3388,   3388,   0,    0,   0,      0.000000,  0.000000, 9, 0


Hex , Squawk, Flight, alt , pres alt, speed, course, vert_rate,   lat   ,    lon   , air_type, Ti
--------------------------------------------------------------------------------------------
151DF5,0, SDM6067 ,10661,   10661,   490,    144,   0,      0.000000,  0.000000, 9, 44


Hex , Squawk, Flight, alt , pres alt, speed, course, vert_rate,   lat   ,    lon   , air_type, Ti
--------------------------------------------------------------------------------------------
151DD1,54,         ,3388,   3388,   0,    0,   0,      0.000000,  0.000000, 9, 0


Hex , Squawk, Flight, alt , pres alt, speed, course, vert_rate,   lat   ,    lon   , air_type, Ti
--------------------------------------------------------------------------------------------
151DF5,0, SDM6067 ,10661,   10661,   490,    144,   0,      0.000000,  0.000000, 9, 44


Hex , Squawk, Flight, alt , pres alt, speed, course, vert_rate,   lat   ,    lon   , air_type, Ti
--------------------------------------------------------------------------------------------
151DD1,54,         ,3381,   3381,   0,    0,   0,      0.000000,  0.000000, 9, 0


Hex , Squawk, Flight, alt , pres alt, speed, course, vert_rate,   lat   ,    lon   , air_type, Ti
--------------------------------------------------------------------------------------------
151DF5,0, SDM6067 ,10661,   10661,   490,    144,   0,      0.000000,  0.000000, 9, 44


Hex , Squawk, Flight, alt , pres alt, speed, course, vert_rate,   lat   ,    lon   , air_type, Ti
--------------------------------------------------------------------------------------------
151DD1,54,         ,3381,   3381,   0,    0,   0,      0.000000,  0.000000, 9, 1


Hex , Squawk, Flight, alt , pres alt, speed, course, vert_rate,   lat   ,    lon   , air_type, Ti
--------------------------------------------------------------------------------------------
151DF5,0, SDM6067 ,10661,   10661,   490,    144,   0,      0.000000,  0.000000, 9, 45


Hex , Squawk, Flight, alt , pres alt, speed, course, vert_rate,   lat   ,    lon   , air_type, Ti
--------------------------------------------------------------------------------------------
151DD1,54,         ,3381,   3381,   0,    0,   0,      0.000000,  0.000000, 9, 1


Hex , Squawk, Flight, alt , pres alt, speed, course, vert_rate,   lat   ,    lon   , air_type, Ti
--------------------------------------------------------------------------------------------
151DF5,0, SDM6067 ,10661,   10661,   490,    144,   0,      0.000000,  0.000000, 9, 45


Hex , Squawk, Flight, alt , pres alt, speed, course, vert_rate,   lat   ,    lon   , air_type, Ti
--------------------------------------------------------------------------------------------
151DD1,54,         ,3381,   3381,   0,    0,   0,      0.000000,  0.000000, 9, 0


Hex , Squawk, Flight, alt , pres alt, speed, course, vert_rate,   lat   ,    lon   , air_type, Ti
--------------------------------------------------------------------------------------------
151DF5,0, SDM6067 ,10661,   10661,   490,    144,   0,      0.000000,  0.000000, 9, 45


Hex , Squawk, Flight, alt , pres alt, speed, course, vert_rate,   lat   ,    lon   , air_type, Ti
--------------------------------------------------------------------------------------------
151DD1,54,         ,3381,   3381,   0,    0,   0,      0.000000,  0.000000, 9, 0


Hex , Squawk, Flight, alt , pres alt, speed, course, vert_rate,   lat   ,    lon   , air_type, Ti
--------------------------------------------------------------------------------------------
151DF5,0, SDM6067 ,10661,   10661,   490,    144,   0,      0.000000,  0.000000, 9, 45


Hex , Squawk, Flight, alt , pres alt, speed, course, vert_rate,   lat   ,    lon   , air_type, Ti
--------------------------------------------------------------------------------------------
151DD1,54,         ,3381,   3381,   0,    0,   0,      0.000000,  0.000000, 9, 1


Hex , Squawk, Flight, alt , pres alt, speed, course, vert_rate,   lat   ,    lon   , air_type, Ti
--------------------------------------------------------------------------------------------
151DF5,0, SDM6067 ,10661,   10661,   490,    144,   0,      0.000000,  0.000000, 9, 46


Hex , Squawk, Flight, alt , pres alt, speed, course, vert_rate,   lat   ,    lon   , air_type, Ti
--------------------------------------------------------------------------------------------
151DD1,54,         ,3381,   3381,   0,    0,   0,      0.000000,  0.000000, 9, 1


Hex , Squawk, Flight, alt , pres alt, speed, course, vert_rate,   lat   ,    lon   , air_type, Ti
--------------------------------------------------------------------------------------------
151DF5,0, SDM6067 ,10661,   10661,   490,    144,   0,      0.000000,  0.000000, 9, 46


Hex , Squawk, Flight, alt , pres alt, speed, course, vert_rate,   lat   ,    lon   , air_type, Ti
--------------------------------------------------------------------------------------------
151DD1,54, AFL1187 ,3373,   3373,   0,    0,   0,      0.000000,  0.000000, 9, 0


Hex , Squawk, Flight, alt , pres alt, speed, course, vert_rate,   lat   ,    lon   , air_type, Ti
--------------------------------------------------------------------------------------------
151DF5,0, SDM6067 ,10661,   10661,   490,    144,   0,      0.000000,  0.000000, 9, 46


Hex , Squawk, Flight, alt , pres alt, speed, course, vert_rate,   lat   ,    lon   , air_type, Ti
--------------------------------------------------------------------------------------------
151DD1,54, AFL1187 ,3373,   3373,   455,    357,   -1088,      0.000000,  0.000000, 9, 0


Hex , Squawk, Flight, alt , pres alt, speed, course, vert_rate,   lat   ,    lon   , air_type, Ti
--------------------------------------------------------------------------------------------
151DF5,0, SDM6067 ,10661,   10661,   490,    144,   0,      0.000000,  0.000000, 9, 46


Hex , Squawk, Flight, alt , pres alt, speed, course, vert_rate,   lat   ,    lon   , air_type, Ti
--------------------------------------------------------------------------------------------
151DD1,54, AFL1187 ,3373,   3373,   455,    357,   -1088,      0.000000,  0.000000, 9, 0


Hex , Squawk, Flight, alt , pres alt, speed, course, vert_rate,   lat   ,    lon   , air_type, Ti
--------------------------------------------------------------------------------------------
151DF5,0, SDM6067 ,10661,   10661,   490,    144,   0,      0.000000,  0.000000, 9, 47


Hex , Squawk, Flight, alt , pres alt, speed, course, vert_rate,   lat   ,    lon   , air_type, Ti
--------------------------------------------------------------------------------------------
151DD1,54, AFL1187 ,3373,   3373,   455,    357,   -1088,      0.000000,  0.000000, 9, 0


Hex , Squawk, Flight, alt , pres alt, speed, course, vert_rate,   lat   ,    lon   , air_type, Ti
--------------------------------------------------------------------------------------------
151DF5,0, SDM6067 ,10661,   10661,   490,    144,   0,      0.000000,  0.000000, 9, 47


Hex , Squawk, Flight, alt , pres alt, speed, course, vert_rate,   lat   ,    lon   , air_type, Ti
--------------------------------------------------------------------------------------------
151DD1,54, AFL1187 ,3366,   3366,   455,    357,   -1088,      0.000000,  0.000000, 9, 0


Hex , Squawk, Flight, alt , pres alt, speed, course, vert_rate,   lat   ,    lon   , air_type, Ti
--------------------------------------------------------------------------------------------
151DF5,0, SDM6067 ,10661,   10661,   490,    144,   0,      0.000000,  0.000000, 9, 47


Hex , Squawk, Flight, alt , pres alt, speed, course, vert_rate,   lat   ,    lon   , air_type, Ti
--------------------------------------------------------------------------------------------
151DD1,54, AFL1187 ,3366,   3366,   455,    357,   -1088,      0.000000,  0.000000, 9, 0


Hex , Squawk, Flight, alt , pres alt, speed, course, vert_rate,   lat   ,    lon   , air_type, Ti
--------------------------------------------------------------------------------------------
151DF5,0, SDM6067 ,10661,   10661,   490,    144,   0,      0.000000,  0.000000, 9, 48


Hex , Squawk, Flight, alt , pres alt, speed, course, vert_rate,   lat   ,    lon   , air_type, Ti
--------------------------------------------------------------------------------------------
151DD1,54, AFL1187 ,3366,   3366,   455,    357,   -1088,      0.000000,  0.000000, 9, 0


Hex , Squawk, Flight, alt , pres alt, speed, course, vert_rate,   lat   ,    lon   , air_type, Ti
--------------------------------------------------------------------------------------------
151DF5,0, SDM6067 ,10661,   10661,   490,    144,   0,      0.000000,  0.000000, 9, 48


Hex , Squawk, Flight, alt , pres alt, speed, course, vert_rate,   lat   ,    lon   , air_type, Ti
--------------------------------------------------------------------------------------------
151DD1,54, AFL1187 ,3366,   3366,   455,    357,   -1088,      0.000000,  0.000000, 9, 0


Hex , Squawk, Flight, alt , pres alt, speed, course, vert_rate,   lat   ,    lon   , air_type, Ti
--------------------------------------------------------------------------------------------
151DF5,0, SDM6067 ,10661,   10661,   490,    144,   0,      0.000000,  0.000000, 9, 48


Hex , Squawk, Flight, alt , pres alt, speed, course, vert_rate,   lat   ,    lon   , air_type, Ti
--------------------------------------------------------------------------------------------
151DD1,54, AFL1187 ,3366,   3366,   455,    357,   -1088,      0.000000,  0.000000, 9, 0


Hex , Squawk, Flight, alt , pres alt, speed, course, vert_rate,   lat   ,    lon   , air_type, Ti
--------------------------------------------------------------------------------------------
151DF5,0, SDM6067 ,10661,   10661,   490,    144,   0,      0.000000,  0.000000, 9, 48


Hex , Squawk, Flight, alt , pres alt, speed, course, vert_rate,   lat   ,    lon   , air_type, Ti
--------------------------------------------------------------------------------------------
151DD1,54, AFL1187 ,3358,   3358,   455,    357,   -1088,      0.000000,  0.000000, 9, 0


Hex , Squawk, Flight, alt , pres alt, speed, course, vert_rate,   lat   ,    lon   , air_type, Ti
--------------------------------------------------------------------------------------------
151DF5,0, SDM6067 ,10661,   10661,   490,    144,   0,      0.000000,  0.000000, 9, 49


Hex , Squawk, Flight, alt , pres alt, speed, course, vert_rate,   lat   ,    lon   , air_type, Ti
--------------------------------------------------------------------------------------------
151DD1,54, AFL1187 ,3358,   3358,   455,    357,   -1088,      0.000000,  0.000000, 9, 0


Hex , Squawk, Flight, alt , pres alt, speed, course, vert_rate,   lat   ,    lon   , air_type, Ti
--------------------------------------------------------------------------------------------
151DF5,0, SDM6067 ,10661,   10661,   490,    144,   0,      0.000000,  0.000000, 9, 49


Hex , Squawk, Flight, alt , pres alt, speed, course, vert_rate,   lat   ,    lon   , air_type, Ti
--------------------------------------------------------------------------------------------
151DD1,54, AFL1187 ,3358,   3358,   455,    357,   -1088,      0.000000,  0.000000, 9, 0


Hex , Squawk, Flight, alt , pres alt, speed, course, vert_rate,   lat   ,    lon   , air_type, Ti
--------------------------------------------------------------------------------------------
151DF5,0, SDM6067 ,10661,   10661,   490,    144,   0,      0.000000,  0.000000, 9, 49


Hex , Squawk, Flight, alt , pres alt, speed, course, vert_rate,   lat   ,    lon   , air_type, Ti
--------------------------------------------------------------------------------------------
151DD1,54, AFL1187 ,3358,   3358,   455,    357,   -1088,      0.000000,  0.000000, 9, 0


Hex , Squawk, Flight, alt , pres alt, speed, course, vert_rate,   lat   ,    lon   , air_type, Ti
--------------------------------------------------------------------------------------------
151DF5,0, SDM6067 ,10661,   10661,   490,    144,   0,      0.000000,  0.000000, 9, 49


Hex , Squawk, Flight, alt , pres alt, speed, course, vert_rate,   lat   ,    lon   , air_type, Ti
--------------------------------------------------------------------------------------------
151DD1,54, AFL1187 ,3358,   3358,   455,    357,   -1088,      0.000000,  0.000000, 9, 1


Hex , Squawk, Flight, alt , pres alt, speed, course, vert_rate,   lat   ,    lon   , air_type, Ti
--------------------------------------------------------------------------------------------
151DF5,0, SDM6067 ,10661,   10661,   490,    144,   0,      0.000000,  0.000000, 9, 50


Hex , Squawk, Flight, alt , pres alt, speed, course, vert_rate,   lat   ,    lon   , air_type, Ti
--------------------------------------------------------------------------------------------
151DD1,54, AFL1187 ,3358,   3358,   455,    357,   -1088,      0.000000,  0.000000, 9, 0


Hex , Squawk, Flight, alt , pres alt, speed, course, vert_rate,   lat   ,    lon   , air_type, Ti
--------------------------------------------------------------------------------------------
151DF5,0, SDM6067 ,10661,   10661,   490,    144,   0,      0.000000,  0.000000, 9, 50


Hex , Squawk, Flight, alt , pres alt, speed, course, vert_rate,   lat   ,    lon   , air_type, Ti
--------------------------------------------------------------------------------------------
151DD1,54, AFL1187 ,3358,   3358,   455,    357,   -1088,      0.000000,  0.000000, 9, 0


Hex , Squawk, Flight, alt , pres alt, speed, course, vert_rate,   lat   ,    lon   , air_type, Ti
--------------------------------------------------------------------------------------------
151DF5,0, SDM6067 ,10661,   10661,   490,    144,   0,      0.000000,  0.000000, 9, 50


Hex , Squawk, Flight, alt , pres alt, speed, course, vert_rate,   lat   ,    lon   , air_type, Ti
--------------------------------------------------------------------------------------------
151DD1,54, AFL1187 ,3350,   3350,   455,    357,   -1088,      0.000000,  0.000000, 9, 0


Hex , Squawk, Flight, alt , pres alt, speed, course, vert_rate,   lat   ,    lon   , air_type, Ti
--------------------------------------------------------------------------------------------
151DF5,0, SDM6067 ,10661,   10661,   490,    144,   0,      0.000000,  0.000000, 9, 50


Hex , Squawk, Flight, alt , pres alt, speed, course, vert_rate,   lat   ,    lon   , air_type, Ti
--------------------------------------------------------------------------------------------
151DD1,54, AFL1187 ,3350,   3350,   453,    357,   -960,      0.000000,  0.000000, 9, 1


Hex , Squawk, Flight, alt , pres alt, speed, course, vert_rate,   lat   ,    lon   , air_type, Ti
--------------------------------------------------------------------------------------------
151DF5,0, SDM6067 ,10661,   10661,   490,    144,   0,      0.000000,  0.000000, 9, 51


Hex , Squawk, Flight, alt , pres alt, speed, course, vert_rate,   lat   ,    lon   , air_type, Ti
--------------------------------------------------------------------------------------------
151DD1,54, AFL1187 ,3350,   3350,   453,    357,   -960,      0.000000,  0.000000, 9, 1


Hex , Squawk, Flight, alt , pres alt, speed, course, vert_rate,   lat   ,    lon   , air_type, Ti
--------------------------------------------------------------------------------------------
151DF5,0, SDM6067 ,10661,   10661,   490,    144,   0,      0.000000,  0.000000, 9, 51


Hex , Squawk, Flight, alt , pres alt, speed, course, vert_rate,   lat   ,    lon   , air_type, Ti
--------------------------------------------------------------------------------------------
151DD1,54, AFL1187 ,3350,   3350,   453,    357,   -960,      0.000000,  0.000000, 9, 0


Hex , Squawk, Flight, alt , pres alt, speed, course, vert_rate,   lat   ,    lon   , air_type, Ti
--------------------------------------------------------------------------------------------
151DF5,0, SDM6067 ,10661,   10661,   490,    144,   0,      0.000000,  0.000000, 9, 51


Hex , Squawk, Flight, alt , pres alt, speed, course, vert_rate,   lat   ,    lon   , air_type, Ti
--------------------------------------------------------------------------------------------
151DD1,54, AFL1187 ,3350,   3350,   453,    357,   -960,      0.000000,  0.000000, 9, 0


Hex , Squawk, Flight, alt , pres alt, speed, course, vert_rate,   lat   ,    lon   , air_type, Ti
--------------------------------------------------------------------------------------------
151DF5,0, SDM6067 ,10661,   10661,   490,    144,   0,      0.000000,  0.000000, 9, 51


Hex , Squawk, Flight, alt , pres alt, speed, course, vert_rate,   lat   ,    lon   , air_type, Ti
--------------------------------------------------------------------------------------------
151DD1,54, AFL1187 ,3350,   3350,   453,    357,   -960,      0.000000,  0.000000, 9, 1


Hex , Squawk, Flight, alt , pres alt, speed, course, vert_rate,   lat   ,    lon   , air_type, Ti
--------------------------------------------------------------------------------------------
151DF5,0, SDM6067 ,10661,   10661,   490,    144,   0,      0.000000,  0.000000, 9, 52


Hex , Squawk, Flight, alt , pres alt, speed, course, vert_rate,   lat   ,    lon   , air_type, Ti
--------------------------------------------------------------------------------------------
151DD1,54, AFL1187 ,3350,   3350,   453,    357,   -960,      0.000000,  0.000000, 9, 1


Hex , Squawk, Flight, alt , pres alt, speed, course, vert_rate,   lat   ,    lon   , air_type, Ti
--------------------------------------------------------------------------------------------
151DF5,0, SDM6067 ,10661,   10661,   490,    144,   0,      0.000000,  0.000000, 9, 52


Hex , Squawk, Flight, alt , pres alt, speed, course, vert_rate,   lat   ,    lon   , air_type, Ti
--------------------------------------------------------------------------------------------
151DD1,54, AFL1187 ,3343,   3343,   453,    357,   -960,      0.000000,  0.000000, 9, 0


Hex , Squawk, Flight, alt , pres alt, speed, course, vert_rate,   lat   ,    lon   , air_type, Ti
--------------------------------------------------------------------------------------------
151DF5,0, SDM6067 ,10661,   10661,   490,    144,   0,      0.000000,  0.000000, 9, 52


Hex , Squawk, Flight, alt , pres alt, speed, course, vert_rate,   lat   ,    lon   , air_type, Ti
--------------------------------------------------------------------------------------------
151DD1,54, AFL1187 ,3343,   3343,   453,    357,   -960,      0.000000,  0.000000, 9, 1


Hex , Squawk, Flight, alt , pres alt, speed, course, vert_rate,   lat   ,    lon   , air_type, Ti
--------------------------------------------------------------------------------------------
151DF5,0, SDM6067 ,10661,   10661,   490,    144,   0,      0.000000,  0.000000, 9, 53


Hex , Squawk, Flight, alt , pres alt, speed, course, vert_rate,   lat   ,    lon   , air_type, Ti
--------------------------------------------------------------------------------------------
151DD1,54, AFL1187 ,3343,   3343,   453,    357,   -960,      0.000000,  0.000000, 9, 1


Hex , Squawk, Flight, alt , pres alt, speed, course, vert_rate,   lat   ,    lon   , air_type, Ti
--------------------------------------------------------------------------------------------
151DF5,0, SDM6067 ,10661,   10661,   490,    144,   0,      0.000000,  0.000000, 9, 53


Hex , Squawk, Flight, alt , pres alt, speed, course, vert_rate,   lat   ,    lon   , air_type, Ti
--------------------------------------------------------------------------------------------
151DD1,54, AFL1187 ,3343,   3343,   453,    357,   -960,      0.000000,  0.000000, 9, 0


Hex , Squawk, Flight, alt , pres alt, speed, course, vert_rate,   lat   ,    lon   , air_type, Ti
--------------------------------------------------------------------------------------------
151DF5,0, SDM6067 ,10661,   10661,   490,    144,   0,      0.000000,  0.000000, 9, 53


Hex , Squawk, Flight, alt , pres alt, speed, course, vert_rate,   lat   ,    lon   , air_type, Ti
--------------------------------------------------------------------------------------------
151DD1,54, AFL1187 ,3335,   3335,   453,    357,   -960,      0.000000,  0.000000, 9, 0


Hex , Squawk, Flight, alt , pres alt, speed, course, vert_rate,   lat   ,    lon   , air_type, Ti
--------------------------------------------------------------------------------------------
151DF5,0, SDM6067 ,10661,   10661,   490,    144,   0,      0.000000,  0.000000, 9, 53


Hex , Squawk, Flight, alt , pres alt, speed, course, vert_rate,   lat   ,    lon   , air_type, Ti
--------------------------------------------------------------------------------------------
151DD1,54, AFL1187 ,3335,   3335,   453,    357,   -960,      0.000000,  0.000000, 9, 0


Hex , Squawk, Flight, alt , pres alt, speed, course, vert_rate,   lat   ,    lon   , air_type, Ti
--------------------------------------------------------------------------------------------
151DF5,0, SDM6067 ,10661,   10661,   490,    144,   0,      0.000000,  0.000000, 9, 54


Hex , Squawk, Flight, alt , pres alt, speed, course, vert_rate,   lat   ,    lon   , air_type, Ti
--------------------------------------------------------------------------------------------
151DD1,54, AFL1187 ,3335,   3335,   453,    357,   -960,      0.000000,  0.000000, 9, 0


Hex , Squawk, Flight, alt , pres alt, speed, course, vert_rate,   lat   ,    lon   , air_type, Ti
--------------------------------------------------------------------------------------------
151DF5,0, SDM6067 ,10661,   10661,   490,    144,   0,      0.000000,  0.000000, 9, 54


Hex , Squawk, Flight, alt , pres alt, speed, course, vert_rate,   lat   ,    lon   , air_type, Ti
--------------------------------------------------------------------------------------------
151DD1,54, AFL1187 ,3335,   3335,   453,    357,   -960,      0.000000,  0.000000, 9, 0


Hex , Squawk, Flight, alt , pres alt, speed, course, vert_rate,   lat   ,    lon   , air_type, Ti
--------------------------------------------------------------------------------------------
151DF5,0, SDM6067 ,10661,   10661,   490,    144,   0,      0.000000,  0.000000, 9, 54


Hex , Squawk, Flight, alt , pres alt, speed, course, vert_rate,   lat   ,    lon   , air_type, Ti
--------------------------------------------------------------------------------------------
151DD1,54, AFL1187 ,3335,   3335,   453,    357,   -960,      0.000000,  0.000000, 9, 0


Hex , Squawk, Flight, alt , pres alt, speed, course, vert_rate,   lat   ,    lon   , air_type, Ti
--------------------------------------------------------------------------------------------
151DF5,0, SDM6067 ,10661,   10661,   490,    144,   0,      0.000000,  0.000000, 9, 54


Hex , Squawk, Flight, alt , pres alt, speed, course, vert_rate,   lat   ,    lon   , air_type, Ti
--------------------------------------------------------------------------------------------
151DD1,54, AFL1187 ,3335,   3335,   453,    357,   -960,      0.000000,  0.000000, 9, 0


Hex , Squawk, Flight, alt , pres alt, speed, course, vert_rate,   lat   ,    lon   , air_type, Ti
--------------------------------------------------------------------------------------------
151DD1,54, AFL1187 ,3327,   3327,   453,    357,   -960,      0.000000,  0.000000, 9, 0


Hex , Squawk, Flight, alt , pres alt, speed, course, vert_rate,   lat   ,    lon   , air_type, Ti
--------------------------------------------------------------------------------------------
151DD1,54, AFL1187 ,3327,   3327,   453,    357,   -960,      0.000000,  0.000000, 9, 0


Hex , Squawk, Flight, alt , pres alt, speed, course, vert_rate,   lat   ,    lon   , air_type, Ti
--------------------------------------------------------------------------------------------
151DD1,54, AFL1187 ,3327,   3327,   453,    357,   -960,      0.000000,  0.000000, 9, 0


Hex , Squawk, Flight, alt , pres alt, speed, course, vert_rate,   lat   ,    lon   , air_type, Ti
--------------------------------------------------------------------------------------------
151DD1,54, AFL1187 ,3327,   3327,   453,    357,   -960,      0.000000,  0.000000, 9, 1


Hex , Squawk, Flight, alt , pres alt, speed, course, vert_rate,   lat   ,    lon   , air_type, Ti
--------------------------------------------------------------------------------------------
151DD1,54, AFL1187 ,3327,   3327,   453,    357,   -960,      0.000000,  0.000000, 9, 0


Hex , Squawk, Flight, alt , pres alt, speed, course, vert_rate,   lat   ,    lon   , air_type, Ti
--------------------------------------------------------------------------------------------
151DD1,54, AFL1187 ,3327,   3327,   453,    357,   -960,      0.000000,  0.000000, 9, 0


Hex , Squawk, Flight, alt , pres alt, speed, course, vert_rate,   lat   ,    lon   , air_type, Ti
--------------------------------------------------------------------------------------------
151DD1,54, AFL1187 ,3327,   3327,   453,    357,   -960,      0.000000,  0.000000, 9, 0


Hex , Squawk, Flight, alt , pres alt, speed, course, vert_rate,   lat   ,    lon   , air_type, Ti
--------------------------------------------------------------------------------------------
151DD1,54, AFL1187 ,3327,   3327,   453,    357,   -960,      0.000000,  0.000000, 9, 1


Hex , Squawk, Flight, alt , pres alt, speed, course, vert_rate,   lat   ,    lon   , air_type, Ti
--------------------------------------------------------------------------------------------
151DD1,54, AFL1187 ,3327,   3327,   453,    357,   -960,      0.000000,  0.000000, 9, 0


Hex , Squawk, Flight, alt , pres alt, speed, course, vert_rate,   lat   ,    lon   , air_type, Ti
--------------------------------------------------------------------------------------------
151DD1,54, AFL1187 ,3327,   3327,   453,    357,   -960,      0.000000,  0.000000, 9, 0


Hex , Squawk, Flight, alt , pres alt, speed, course, vert_rate,   lat   ,    lon   , air_type, Ti
--------------------------------------------------------------------------------------------
151DD1,54, AFL1187 ,3320,   3320,   453,    357,   -960,      0.000000,  0.000000, 9, 0


Hex , Squawk, Flight, alt , pres alt, speed, course, vert_rate,   lat   ,    lon   , air_type, Ti
--------------------------------------------------------------------------------------------
151DD1,54, AFL1187 ,3320,   3320,   453,    357,   -960,      0.000000,  0.000000, 9, 1


Hex , Squawk, Flight, alt , pres alt, speed, course, vert_rate,   lat   ,    lon   , air_type, Ti
--------------------------------------------------------------------------------------------
151DD1,54, AFL1187 ,3320,   3320,   453,    357,   -960,      0.000000,  0.000000, 9, 1


Hex , Squawk, Flight, alt , pres alt, speed, course, vert_rate,   lat   ,    lon   , air_type, Ti
--------------------------------------------------------------------------------------------
151DD1,54, AFL1187 ,3320,   3320,   453,    357,   -960,      0.000000,  0.000000, 9, 1


Hex , Squawk, Flight, alt , pres alt, speed, course, vert_rate,   lat   ,    lon   , air_type, Ti
--------------------------------------------------------------------------------------------
151DD1,54, AFL1187 ,3320,   3320,   453,    357,   -960,      0.000000,  0.000000, 9, 2


Hex , Squawk, Flight, alt , pres alt, speed, course, vert_rate,   lat   ,    lon   , air_type, Ti
--------------------------------------------------------------------------------------------
151DD1,54, AFL1187 ,3320,   3320,   453,    357,   -960,      0.000000,  0.000000, 9, 2


Hex , Squawk, Flight, alt , pres alt, speed, course, vert_rate,   lat   ,    lon   , air_type, Ti
--------------------------------------------------------------------------------------------
151DD1,54, AFL1187 ,3320,   3320,   453,    357,   -960,      0.000000,  0.000000, 9, 2


Hex , Squawk, Flight, alt , pres alt, speed, course, vert_rate,   lat   ,    lon   , air_type, Ti
--------------------------------------------------------------------------------------------
151DD1,54, AFL1187 ,3312,   3312,   453,    357,   -960,      0.000000,  0.000000, 9, 0


Hex , Squawk, Flight, alt , pres alt, speed, course, vert_rate,   lat   ,    lon   , air_type, Ti
--------------------------------------------------------------------------------------------
151DD1,54, AFL1187 ,3305,   3305,   453,    357,   -960,      0.000000,  0.000000, 9, 0


Hex , Squawk, Flight, alt , pres alt, speed, course, vert_rate,   lat   ,    lon   , air_type, Ti
--------------------------------------------------------------------------------------------
151DD1,54, AFL1187 ,3305,   3305,   453,    357,   -960,      0.000000,  0.000000, 9, 0


Hex , Squawk, Flight, alt , pres alt, speed, course, vert_rate,   lat   ,    lon   , air_type, Ti
--------------------------------------------------------------------------------------------
151DD1,54, AFL1187 ,3305,   3305,   453,    357,   -960,      0.000000,  0.000000, 9, 0


Hex , Squawk, Flight, alt , pres alt, speed, course, vert_rate,   lat   ,    lon   , air_type, Ti
--------------------------------------------------------------------------------------------
151DD1,54, AFL1187 ,3305,   3305,   453,    357,   -960,      0.000000,  0.000000, 9, 0


Hex , Squawk, Flight, alt , pres alt, speed, course, vert_rate,   lat   ,    lon   , air_type, Ti
--------------------------------------------------------------------------------------------
151DD1,54, AFL1187 ,3305,   3305,   453,    357,   -960,      0.000000,  0.000000, 9, 1


Hex , Squawk, Flight, alt , pres alt, speed, course, vert_rate,   lat   ,    lon   , air_type, Ti
--------------------------------------------------------------------------------------------
151DD1,54, AFL1187 ,3305,   3305,   453,    357,   -960,      0.000000,  0.000000, 9, 1


Hex , Squawk, Flight, alt , pres alt, speed, course, vert_rate,   lat   ,    lon   , air_type, Ti
--------------------------------------------------------------------------------------------
151DD1,54, AFL1187 ,3305,   3305,   453,    357,   -960,      0.000000,  0.000000, 9, 1


Hex , Squawk, Flight, alt , pres alt, speed, course, vert_rate,   lat   ,    lon   , air_type, Ti
--------------------------------------------------------------------------------------------
151DD1,54, AFL1187 ,3305,   3305,   453,    357,   -960,      0.000000,  0.000000, 9, 1


Hex , Squawk, Flight, alt , pres alt, speed, course, vert_rate,   lat   ,    lon   , air_type, Ti
--------------------------------------------------------------------------------------------
151DD1,54, AFL1187 ,3305,   3305,   453,    357,   -960,      0.000000,  0.000000, 9, 0


Hex , Squawk, Flight, alt , pres alt, speed, course, vert_rate,   lat   ,    lon   , air_type, Ti
--------------------------------------------------------------------------------------------
151DD1,54, AFL1187 ,3305,   3305,   453,    357,   -960,      0.000000,  0.000000, 9, 0


Hex , Squawk, Flight, alt , pres alt, speed, course, vert_rate,   lat   ,    lon   , air_type, Ti
--------------------------------------------------------------------------------------------
151DD1,54, AFL1187 ,3305,   3305,   453,    357,   -960,      0.000000,  0.000000, 9, 0


Hex , Squawk, Flight, alt , pres alt, speed, course, vert_rate,   lat   ,    lon   , air_type, Ti
--------------------------------------------------------------------------------------------
151DD1,54, AFL1187 ,3305,   3305,   453,    357,   -960,      0.000000,  0.000000, 9, 0


Hex , Squawk, Flight, alt , pres alt, speed, course, vert_rate,   lat   ,    lon   , air_type, Ti
--------------------------------------------------------------------------------------------
151DD1,54, AFL1187 ,3305,   3305,   453,    357,   -960,      0.000000,  0.000000, 9, 1


Hex , Squawk, Flight, alt , pres alt, speed, course, vert_rate,   lat   ,    lon   , air_type, Ti
--------------------------------------------------------------------------------------------
151DD1,54, AFL1187 ,3305,   3305,   453,    357,   -960,      0.000000,  0.000000, 9, 0


Hex , Squawk, Flight, alt , pres alt, speed, course, vert_rate,   lat   ,    lon   , air_type, Ti
--------------------------------------------------------------------------------------------
151DD1,54, AFL1187 ,3305,   3305,   453,    357,   -960,      0.000000,  0.000000, 9, 0


Hex , Squawk, Flight, alt , pres alt, speed, course, vert_rate,   lat   ,    lon   , air_type, Ti
--------------------------------------------------------------------------------------------
151DD1,54, AFL1187 ,3305,   3305,   453,    357,   -960,      0.000000,  0.000000, 9, 1


Hex , Squawk, Flight, alt , pres alt, speed, course, vert_rate,   lat   ,    lon   , air_type, Ti
--------------------------------------------------------------------------------------------
151DD1,54, AFL1187 ,3305,   3305,   453,    357,   -960,      0.000000,  0.000000, 9, 0


Hex , Squawk, Flight, alt , pres alt, speed, course, vert_rate,   lat   ,    lon   , air_type, Ti
--------------------------------------------------------------------------------------------
151DD1,54, AFL1187 ,3305,   3305,   453,    357,   -960,      0.000000,  0.000000, 9, 0


Hex , Squawk, Flight, alt , pres alt, speed, course, vert_rate,   lat   ,    lon   , air_type, Ti
--------------------------------------------------------------------------------------------
151DD1,54, AFL1187 ,3305,   3305,   453,    357,   -960,      0.000000,  0.000000, 9, 0


Hex , Squawk, Flight, alt , pres alt, speed, course, vert_rate,   lat   ,    lon   , air_type, Ti
--------------------------------------------------------------------------------------------
151DD1,54, AFL1187 ,3305,   3305,   453,    357,   -960,      0.000000,  0.0000_type, Ti
--------------------------------------------------------------------------------------------
151DD1,54, AFL1187 ,3327,   3327,   453,    357,   -960,      0.000000,  0.000000, 9, 0


Hex , Squawk, Flight, alt , pres alt, speed, course, vert_rate,   lat   ,    lon   , air_type, Ti
--------------------------------------------------------------------------------------------
151DD1,54, AFL1187 ,3320,   3320,   453,    357,   -960,      0.000000,  0.000000, 9, 0


Hex , Squawk, Flight, alt , pres alt, speed, course, vert_rate,   lat   ,    lon   , aHex , Squawk, Flight, alt , pres alt, speed, course, vert_rate,   lat   ,    lon   , air_type, Ti
--------------------------------------------------------------------------------------------
151DD1,54, AFL1187 ,3145,   3145,   453,    357,   -960,      0.000000,  0.000000, 9, 8


Hex , Squawk, Flight, alt , pres alt, speed, course, vert_rate,   lat   ,    lon   , air_type, Ti
--------------------------------------------------------------------------------------------
151DD1,54, AFL1187 ,3145,   3145,   453,    357,   -960,      0.000000,  0.000000, 9, 8


Hex , Squawk, Flight, alt , pres alt, speed, course, vert_rate,   lat   ,    lon   , air_type, Ti
--------------------------------------------------------------------------------------------
151DD1,54, AFL1187 ,3145,   3145,   453,    357,   -960,      0.000000,  0.000000, 9, 8


Hex , Squawk, Flight, alt , pres alt, speed, course, vert_rate,   lat   ,    lon   , air_type, Ti
--------------------------------------------------------------------------------------------
151DD1,54, AFL1187 ,3145,   3145,   453,    357,   -960,      0.000000,  0.000000, 9, 9


Hex , Squawk, Flight, alt , pres alt, speed, course, vert_rate,   lat   ,    lon   , air_type, Ti
--------------------------------------------------------------------------------------------
151DD1,54, AFL1187 ,3145,   3145,   453,    357,   -960,      0.000000,  0.000000, 9, 9


Hex , Squawk, Flight, alt , pres alt, speed, course, vert_rate,   lat   ,    lon   , air_type, Ti
--------------------------------------------------------------------------------------------
151DD1,54, AFL1187 ,3145,   3145,   453,    357,   -960,      0.000000,  0.000000, 9, 9


Hex , Squawk, Flight, alt , pres alt, speed, course, vert_rate,   lat   ,    lon   , air_type, Ti
--------------------------------------------------------------------------------------------
151DD1,54, AFL1187 ,3145,   3145,   453,    357,   -960,      0.000000,  0.000000, 9, 9


Hex , Squawk, Flight, alt , pres alt, speed, course, vert_rate,   lat   ,    lon   , air_type, Ti
--------------------------------------------------------------------------------------------
151DD1,54, AFL1187 ,3145,   3145,   453,    357,   -960,      0.000000,  0.000000, 9, 10


Hex , Squawk, Flight, alt , pres alt, speed, course, vert_rate,   lat   ,    lon   , air_type, Ti
--------------------------------------------------------------------------------------------
151DD1,54, AFL1187 ,3145,   3145,   453,    357,   -960,      0.000000,  0.000000, 9, 10


Hex , Squawk, Flight, alt , pres alt, speed, course, vert_rate,   lat   ,    lon   , air_type, Ti
--------------------------------------------------------------------------------------------
151DD1,54, AFL1187 ,3145,   3145,   453,    357,   -960,      0.000000,  0.000000, 9, 10


Hex , Squawk, Flight, alt , pres alt, speed, course, vert_rate,   lat   ,    lon   , air_type, Ti
--------------------------------------------------------------------------------------------
151DD1,54, AFL1187 ,3145,   3145,   453,    357,   -960,      0.000000,  0.000000, 9, 11


Hex , Squawk, Flight, alt , pres alt, speed, course, vert_rate,   lat   ,    lon   , air_type, Ti
--------------------------------------------------------------------------------------------
151DD1,54, AFL1187 ,3145,   3145,   453,    357,   -960,      0.000000,  0.000000, 9, 11


Hex , Squawk, Flight, alt , pres alt, speed, course, vert_rate,   lat   ,    lon   , air_type, Ti
--------------------------------------------------------------------------------------------
151DD1,54, AFL1187 ,3145,   3145,   453,    357,   -960,      0.000000,  0.000000, 9, 11


Hex , Squawk, Flight, alt , pres alt, speed, course, vert_rate,   lat   ,    lon   , air_type, Ti
--------------------------------------------------------------------------------------------
151DD1,54, AFL1187 ,3145,   3145,   453,    357,   -960,      0.000000,  0.000000, 9, 11


Hex , Squawk, Flight, alt , pres alt, speed, course, vert_rate,   lat   ,    lon   , air_type, Ti
--------------------------------------------------------------------------------------------
151DD1,54, AFL1187 ,3145,   3145,   453,    357,   -960,      0.000000,  0.000000, 9, 12


Hex , Squawk, Flight, alt , pres alt, speed, course, vert_rate,   lat   ,    lon   , air_type, Ti
--------------------------------------------------------------------------------------------
151DD1,54, AFL1187 ,3145,   3145,   453,    357,   -960,      0.000000,  0.000000, 9, 12


Hex , Squawk, Flight, alt , pres alt, speed, course, vert_rate,   lat   ,    lon   , air_type, Ti
--------------------------------------------------------------------------------------------
151DD1,54, AFL1187 ,3145,   3145,   453,    357,   -960,      0.000000,  0.000000, 9, 12


Hex , Squawk, Flight, alt , pres alt, speed, course, vert_rate,   lat   ,    lon   , air_type, Ti
--------------------------------------------------------------------------------------------
151DD1,54, AFL1187 ,3145,   3145,   453,    357,   -960,      0.000000,  0.000000, 9, 12


Hex , Squawk, Flight, alt , pres alt, speed, course, vert_rate,   lat   ,    lon   , air_type, Ti
--------------------------------------------------------------------------------------------
151DD1,54, AFL1187 ,3145,   3145,   453,    357,   -960,      0.000000,  0.000000, 9, 13


Hex , Squawk, Flight, alt , pres alt, speed, course, vert_rate,   lat   ,    lon   , air_type, Ti
--------------------------------------------------------------------------------------------
151DD1,54, AFL1187 ,3145,   3145,   453,    357,   -960,      0.000000,  0.000000, 9, 13


Hex , Squawk, Flight, alt , pres alt, speed, course, vert_rate,   lat   ,    lon   , air_type, Ti
--------------------------------------------------------------------------------------------
151DD1,54, AFL1187 ,3145,   3145,   453,    357,   -960,      0.000000,  0.000000, 9, 13


Hex , Squawk, Flight, alt , pres alt, speed, course, vert_rate,   lat   ,    lon   , air_type, Ti
--------------------------------------------------------------------------------------------
151DD1,54, AFL1187 ,3145,   3145,   453,    357,   -960,      0.000000,  0.000000, 9, 13


Hex , Squawk, Flight, alt , pres alt, speed, course, vert_rate,   lat   ,    lon   , air_type, Ti
--------------------------------------------------------------------------------------------
151DD1,54, AFL1187 ,3145,   3145,   453,    357,   -960,      0.000000,  0.000000, 9, 14


Hex , Squawk, Flight, alt , pres alt, speed, course, vert_rate,   lat   ,    lon   , air_type, Ti
--------------------------------------------------------------------------------------------
151DD1,54, AFL1187 ,3145,   3145,   453,    357,   -960,      0.000000,  0.000000, 9, 14


Hex , Squawk, Flight, alt , pres alt, speed, course, vert_rate,   lat   ,    lon   , air_type, Ti
--------------------------------------------------------------------------------------------
151DD1,54, AFL1187 ,3145,   3145,   453,    357,   -960,      0.000000,  0.000000, 9, 14


Hex , Squawk, Flight, alt , pres alt, speed, course, vert_rate,   lat   ,    lon   , air_type, Ti
--------------------------------------------------------------------------------------------
151DD1,54, AFL1187 ,3145,   3145,   453,    357,   -960,      0.000000,  0.000000, 9, 14


Hex , Squawk, Flight, alt , pres alt, speed, course, vert_rate,   lat   ,    lon   , air_type, Ti
--------------------------------------------------------------------------------------------
151DD1,54, AFL1187 ,3145,   3145,   453,    357,   -960,      0.000000,  0.000000, 9, 15


Hex , Squawk, Flight, alt , pres alt, speed, course, vert_rate,   lat   ,    lon   , air_type, Ti
--------------------------------------------------------------------------------------------
151DD1,54, AFL1187 ,3145,   3145,   453,    357,   -960,      0.000000,  0.000000, 9, 15


Hex , Squawk, Flight, alt , pres alt, speed, course, vert_rate,   lat   ,    lon   , air_type, Ti
--------------------------------------------------------------------------------------------
151DD1,54, AFL1187 ,3145,   3145,   453,    357,   -960,      0.000000,  0.000000, 9, 15


Hex , Squawk, Flight, alt , pres alt, speed, course, vert_rate,   lat   ,    lon   , air_type, Ti
--------------------------------------------------------------------------------------------
151DD1,54, AFL1187 ,3145,   3145,   453,    357,   -960,      0.000000,  0.000000, 9, 16


Hex , Squawk, Flight, alt , pres alt, speed, course, vert_rate,   lat   ,    lon   , air_type, Ti
--------------------------------------------------------------------------------------------
151DD1,54, AFL1187 ,3145,   3145,   453,    357,   -960,      0.000000,  0.000000, 9, 16


Hex , Squawk, Flight, alt , pres alt, speed, course, vert_rate,   lat   ,    lon   , air_type, Ti
--------------------------------------------------------------------------------------------
151DD1,54, AFL1187 ,3145,   3145,   453,    357,   -960,      0.000000,  0.000000, 9, 16


Hex , Squawk, Flight, alt , pres alt, speed, course, vert_rate,   lat   ,    lon   , air_type, Ti
--------------------------------------------------------------------------------------------
151DD1,54, AFL1187 ,3145,   3145,   453,    357,   -960,      0.000000,  0.000000, 9, 16


Hex , Squawk, Flight, alt , pres alt, speed, course, vert_rate,   lat   ,    lon   , air_type, Ti
--------------------------------------------------------------------------------------------
151DD1,54, AFL1187 ,3145,   3145,   453,    357,   -960,      0.000000,  0.000000, 9, 17


Hex , Squawk, Flight, alt , pres alt, speed, course, vert_rate,   lat   ,    lon   , air_type, Ti
--------------------------------------------------------------------------------------------
151DD1,54, AFL1187 ,3145,   3145,   453,    357,   -960,      0.000000,  0.000000, 9, 17


Hex , Squawk, Flight, alt , pres alt, speed, course, vert_rate,   lat   ,    lon   , air_type, Ti
--------------------------------------------------------------------------------------------
151DD1,54, AFL1187 ,3145,   3145,   453,    357,   -960,      0.000000,  0.000000, 9, 17


Hex , Squawk, Flight, alt , pres alt, speed, course, vert_rate,   lat   ,    lon   , air_type, Ti
--------------------------------------------------------------------------------------------
151DD1,54, AFL1187 ,3145,   3145,   453,    357,   -960,      0.000000,  0.000000, 9, 17


Hex , Squawk, Flight, alt , pres alt, speed, course, vert_rate,   lat   ,    lon   , air_type, Ti
--------------------------------------------------------------------------------------------
151DD1,54, AFL1187 ,3145,   3145,   453,    357,   -960,      0.000000,  0.000000, 9, 18


Hex , Squawk, Flight, alt , pres alt, speed, course, vert_rate,   lat   ,    lon   , air_type, Ti
--------------------------------------------------------------------------------------------
151DD1,54, AFL1187 ,3145,   3145,   453,    357,   -960,      0.000000,  0.000000, 9, 18


Hex , Squawk, Flight, alt , pres alt, speed, course, vert_rate,   lat   ,    lon   , air_type, Ti
--------------------------------------------------------------------------------------------
151DD1,54, AFL1187 ,3145,   3145,   453,    357,   -960,      0.000000,  0.000000, 9, 18


Hex , Squawk, Flight, alt , pres alt, speed, course, vert_rate,   lat   ,    lon   , air_type, Ti
--------------------------------------------------------------------------------------------
151DD1,54, AFL1187 ,3145,   3145,   453,    357,   -960,      0.000000,  0.000000, 9, 18


Hex , Squawk, Flight, alt , pres alt, speed, course, vert_rate,   lat   ,    lon   , air_type, Ti
--------------------------------------------------------------------------------------------
151DD1,54, AFL1187 ,3145,   3145,   453,    357,   -960,      0.000000,  0.000000, 9, 19


Hex , Squawk, Flight, alt , pres alt, speed, course, vert_rate,   lat   ,    lon   , air_type, Ti
--------------------------------------------------------------------------------------------
151DD1,54, AFL1187 ,3145,   3145,   453,    357,   -960,      0.000000,  0.000000, 9, 19


Hex , Squawk, Flight, alt , pres alt, speed, course, vert_rate,   lat   ,    lon   , air_type, Ti
--------------------------------------------------------------------------------------------
151DD1,54, AFL1187 ,3145,   3145,   453,    357,   -960,      0.000000,  0.000000, 9, 0


Hex , Squawk, Flight, alt , pres alt, speed, course, vert_rate,   lat   ,    lon   , air_type, Ti
--------------------------------------------------------------------------------------------
151DD1,54, AFL1187 ,3145,   3145,   453,    357,   -960,      0.000000,  0.000000, 9, 0


Hex , Squawk, Flight, alt , pres alt, speed, course, vert_rate,   lat   ,    lon   , air_type, Ti
--------------------------------------------------------------------------------------------
151DD1,54, AFL1187 ,3145,   3145,   453,    357,   -960,      0.000000,  0.000000, 9, 0


Hex , Squawk, Flight, alt , pres alt, speed, course, vert_rate,   lat   ,    lon   , air_type, Ti
--------------------------------------------------------------------------------------------
151DD1,54, AFL1187 ,3145,   3145,   453,    357,   -960,      0.000000,  0.000000, 9, 0


Hex , Squawk, Flight, alt , pres alt, speed, course, vert_rate,   lat   ,    lon   , air_type, Ti
--------------------------------------------------------------------------------------------
151DD1,54, AFL1187 ,3000,   3000,   453,    357,   -960,      0.000000,  0.000000, 9, 0


Hex , Squawk, Flight, alt , pres alt, speed, course, vert_rate,   lat   ,    lon   , air_type, Ti
--------------------------------------------------------------------------------------------
151DD1,54, AFL1187 ,3000,   3000,   453,    357,   -960,      0.000000,  0.000000, 9, 0


Hex , Squawk, Flight, alt , pres alt, speed, course, vert_rate,   lat   ,    lon   , air_type, Ti
--------------------------------------------------------------------------------------------
151DD1,54, AFL1187 ,3000,   3000,   453,    357,   -960,      0.000000,  0.000000, 9, 1


Hex , Squawk, Flight, alt , pres alt, speed, course, vert_rate,   lat   ,    lon   , air_type, Ti
--------------------------------------------------------------------------------------------
151DD1,54, AFL1187 ,2992,   2992,   453,    357,   -960,      0.000000,  0.000000, 9, 0


Hex , Squawk, Flight, alt , pres alt, speed, course, vert_rate,   lat   ,    lon   , air_type, Ti
--------------------------------------------------------------------------------------------
151DD1,54, AFL1187 ,2992,   2992,   453,    357,   -960,      0.000000,  0.000000, 9, 0


Hex , Squawk, Flight, alt , pres alt, speed, course, vert_rate,   lat   ,    lon   , air_type, Ti
--------------------------------------------------------------------------------------------
151DD1,54, AFL1187 ,2992,   2992,   453,    357,   -960,      0.000000,  0.000000, 9, 1


Hex , Squawk, Flight, alt , pres alt, speed, course, vert_rate,   lat   ,    lon   , air_type, Ti
--------------------------------------------------------------------------------------------
151DD1,54, AFL1187 ,2992,   2992,   453,    357,   -960,      0.000000,  0.000000, 9, 0


Hex , Squawk, Flight, alt , pres alt, speed, course, vert_rate,   lat   ,    lon   , air_type, Ti
--------------------------------------------------------------------------------------------
151DD1,54, AFL1187 ,2985,   2985,   453,    357,   -960,      0.000000,  0.000000, 9, 0


Hex , Squawk, Flight, alt , pres alt, speed, course, vert_rate,   lat   ,    lon   , air_type, Ti
--------------------------------------------------------------------------------------------
151DD1,54, AFL1187 ,2985,   2985,   453,    357,   -960,      0.000000,  0.000000, 9, 0


Hex , Squawk, Flight, alt , pres alt, speed, course, vert_rate,   lat   ,    lon   , air_type, Ti
--------------------------------------------------------------------------------------------
151DD1,54, AFL1187 ,2985,   2985,   444,    328,   -1024,      0.000000,  0.000000, 9, 0


Hex , Squawk, Flight, alt , pres alt, speed, course, vert_rate,   lat   ,    lon   , air_type, Ti
--------------------------------------------------------------------------------------------
151DD1,54, AFL1187 ,2985,   2985,   444,    328,   -1024,      0.000000,  0.000000, 9, 0


Hex , Squawk, Flight, alt , pres alt, speed, course, vert_rate,   lat   ,    lon   , air_type, Ti
--------------------------------------------------------------------------------------------
151DD1,54, AFL1187 ,2985,   2985,   444,    328,   -1024,      0.000000,  0.000000, 9, 0


Hex , Squawk, Flight, alt , pres alt, speed, course, vert_rate,   lat   ,    lon   , air_type, Ti
--------------------------------------------------------------------------------------------
151DD1,54, AFL1187 ,2985,   2985,   444,    328,   -1024,      0.000000,  0.000000, 9, 0


Hex , Squawk, Flight, alt , pres alt, speed, course, vert_rate,   lat   ,    lon   , air_type, Ti
--------------------------------------------------------------------------------------------
151DD1,54, AFL1187 ,2985,   2985,   444,    328,   -1024,      0.000000,  0.000000, 9, 1


Hex , Squawk, Flight, alt , pres alt, speed, course, vert_rate,   lat   ,    lon   , air_type, Ti
--------------------------------------------------------------------------------------------
151DD1,54, AFL1187 ,2985,   2985,   444,    328,   -1024,      0.000000,  0.000000, 9, 1


Hex , Squawk, Flight, alt , pres alt, speed, course, vert_rate,   lat   ,    lon   , air_type, Ti
--------------------------------------------------------------------------------------------
151DD1,54, AFL1187 ,2985,   2985,   444,    328,   -1024,      0.000000,  0.000000, 9, 1


Hex , Squawk, Flight, alt , pres alt, speed, course, vert_rate,   lat   ,    lon   , air_type, Ti
--------------------------------------------------------------------------------------------
151DD1,54, AFL1187 ,2985,   2985,   444,    328,   -1024,      0.000000,  0.000000, 9, 1


Hex , Squawk, Flight, alt , pres alt, speed, course, vert_rate,   lat   ,    lon   , air_type, Ti
--------------------------------------------------------------------------------------------
151DD1,54, AFL1187 ,2985,   2985,   444,    328,   -1024,      0.000000,  0.000000, 9, 0


Hex , Squawk, Flight, alt , pres alt, speed, course, vert_rate,   lat   ,    lon   , air_type, Ti
--------------------------------------------------------------------------------------------
151DD1,54, AFL1187 ,2985,   2985,   444,    328,   -1024,      0.000000,  0.000000, 9, 0


Hex , Squawk, Flight, alt , pres alt, speed, course, vert_rate,   lat   ,    lon   , air_type, Ti
--------------------------------------------------------------------------------------------
151DD1,54, AFL1187 ,2985,   2985,   444,    328,   -1024,      0.000000,  0.000000, 9, 0


Hex , Squawk, Flight, alt , pres alt, speed, course, vert_rate,   lat   ,    lon   , air_type, Ti
--------------------------------------------------------------------------------------------
151DD1,54, AFL1187 ,2985,   2985,   444,    328,   -1024,      0.000000,  0.000000, 9, 0


Hex , Squawk, Flight, alt , pres alt, speed, course, vert_rate,   lat   ,    lon   , air_type, Ti
--------------------------------------------------------------------------------------------
151DD1,54, AFL1187 ,2985,   2985,   444,    328,   -1024,      0.000000,  0.000000, 9, 1


Hex , Squawk, Flight, alt , pres alt, speed, course, vert_rate,   lat   ,    lon   , air_type, Ti
--------------------------------------------------------------------------------------------
151DD1,54, AFL1187 ,2985,   2985,   444,    328,   -1024,      0.000000,  0.000000, 9, 1


Hex , Squawk, Flight, alt , pres alt, speed, course, vert_rate,   lat   ,    lon   , air_type, Ti
--------------------------------------------------------------------------------------------
151DD1,54, AFL1187 ,2985,   2985,   444,    328,   -1024,      0.000000,  0.000000, 9, 1


Hex , Squawk, Flight, alt , pres alt, speed, course, vert_rate,   lat   ,    lon   , air_type, Ti
--------------------------------------------------------------------------------------------
151DD1,54, AFL1187 ,2985,   2985,   444,    328,   -1024,      0.000000,  0.000000, 9, 2


Hex , Squawk, Flight, alt , pres alt, speed, course, vert_rate,   lat   ,    lon   , air_type, Ti
--------------------------------------------------------------------------------------------
151DD1,54, AFL1187 ,2985,   2985,   444,    328,   -1024,      0.000000,  0.000000, 9, 2


Hex , Squawk, Flight, alt , pres alt, speed, course, vert_rate,   lat   ,    lon   , air_type, Ti
--------------------------------------------------------------------------------------------
151DD1,54, AFL1187 ,2985,   2985,   444,    328,   -1024,      0.000000,  0.000000, 9, 2


Hex , Squawk, Flight, alt , pres alt, speed, course, vert_rate,   lat   ,    lon   , air_type, Ti
--------------------------------------------------------------------------------------------
151DD1,54, AFL1187 ,2985,   2985,   444,    328,   -1024,      0.000000,  0.000000, 9, 2


Hex , Squawk, Flight, alt , pres alt, speed, course, vert_rate,   lat   ,    lon   , air_type, Ti
--------------------------------------------------------------------------------------------
151DD1,54, AFL1187 ,2985,   2985,   444,    328,   -1024,      0.000000,  0.000000, 9, 3


Hex , Squawk, Flight, alt , pres alt, speed, course, vert_rate,   lat   ,    lon   , air_type, Ti
--------------------------------------------------------------------------------------------
151DD1,54, AFL1187 ,2985,   2985,   444,    328,   -1024,      0.000000,  0.000000, 9, 0


Hex , Squawk, Flight, alt , pres alt, speed, course, vert_rate,   lat   ,    lon   , air_type, Ti
--------------------------------------------------------------------------------------------
151DD1,54, AFL1187 ,2985,   2985,   444,    328,   -1024,      0.000000,  0.000000, 9, 0


Hex , Squawk, Flight, alt , pres alt, speed, course, vert_rate,   lat   ,    lon   , air_type, Ti
--------------------------------------------------------------------------------------------
151DD1,54, AFL1187 ,2985,   2985,   444,    328,   -1024,      0.000000,  0.000000, 9, 0


Hex , Squawk, Flight, alt , pres alt, speed, course, vert_rate,   lat   ,    lon   , air_type, Ti
--------------------------------------------------------------------------------------------
151DD1,54, AFL1187 ,2954,   2954,   444,    328,   -1024,      0.000000,  0.000000, 9, 1


Hex , Squawk, Flight, alt , pres alt, speed, course, vert_rate,   lat   ,    lon   , air_type, Ti
--------------------------------------------------------------------------------------------
151DD1,54, AFL1187 ,2954,   2954,   444,    328,   -1024,      0.000000,  0.000000, 9, 1


Hex , Squawk, Flight, alt , pres alt, speed, course, vert_rate,   lat   ,    lon   , air_type, Ti
--------------------------------------------------------------------------------------------
151DD1,54, AFL1187 ,2954,   2954,   444,    328,   -1024,      0.000000,  0.000000, 9, 0


Hex , Squawk, Flight, alt , pres alt, speed, course, vert_rate,   lat   ,    lon   , air_type, Ti
--------------------------------------------------------------------------------------------
151DD1,54, AFL1187 ,2954,   2954,   444,    328,   -1024,      0.000000,  0.000000, 9, 0


Hex , Squawk, Flight, alt , pres alt, speed, course, vert_rate,   lat   ,    lon   , air_type, Ti
--------------------------------------------------------------------------------------------
151DD1,54, AFL1187 ,2954,   2954,   444,    328,   -1024,      0.000000,  0.000000, 9, 0


Hex , Squawk, Flight, alt , pres alt, speed, course, vert_rate,   lat   ,    lon   , air_type, Ti
--------------------------------------------------------------------------------------------
151DD1,54, AFL1187 ,2954,   2954,   444,    328,   -1024,      0.000000,  0.000000, 9, 0


Hex , Squawk, Flight, alt , pres alt, speed, course, vert_rate,   lat   ,    lon   , air_type, Ti
--------------------------------------------------------------------------------------------
151DD1,54, AFL1187 ,2954,   2954,   444,    328,   -1024,      0.000000,  0.000000, 9, 0


Hex , Squawk, Flight, alt , pres alt, speed, course, vert_rate,   lat   ,    lon   , air_type, Ti
--------------------------------------------------------------------------------------------
151DD1,54, AFL1187 ,2954,   2954,   444,    328,   -1024,      0.000000,  0.000000, 9, 0


Hex , Squawk, Flight, alt , pres alt, speed, course, vert_rate,   lat   ,    lon   , air_type, Ti
--------------------------------------------------------------------------------------------
151DD1,54, AFL1187 ,2954,   2954,   444,    328,   -1024,      0.000000,  0.000000, 9, 1


Hex , Squawk, Flight, alt , pres alt, speed, course, vert_rate,   lat   ,    lon   , air_type, Ti
--------------------------------------------------------------------------------------------
151DD1,54, AFL1187 ,2954,   2954,   444,    328,   -1024,      0.000000,  0.000000, 9, 1


Hex , Squawk, Flight, alt , pres alt, speed, course, vert_rate,   lat   ,    lon   , air_type, Ti
--------------------------------------------------------------------------------------------
151DD1,54, AFL1187 ,2954,   2954,   444,    328,   -1024,      0.000000,  0.000000, 9, 1


Hex , Squawk, Flight, alt , pres alt, speed, course, vert_rate,   lat   ,    lon   , air_type, Ti
--------------------------------------------------------------------------------------------
151DD1,54, AFL1187 ,2954,   2954,   444,    328,   -1024,      0.000000,  0.000000, 9, 0


Hex , Squawk, Flight, alt , pres alt, speed, course, vert_rate,   lat   ,    lon   , air_type, Ti
--------------------------------------------------------------------------------------------
151DD1,54, AFL1187 ,2954,   2954,   444,    328,   -1024,      0.000000,  0.000000, 9, 1


Hex , Squawk, Flight, alt , pres alt, speed, course, vert_rate,   lat   ,    lon   , air_type, Ti
--------------------------------------------------------------------------------------------
151DD1,54, AFL1187 ,2954,   2954,   444,    328,   -1024,      0.000000,  0.000000, 9, 1


Hex , Squawk, Flight, alt , pres alt, speed, course, vert_rate,   lat   ,    lon   , air_type, Ti
--------------------------------------------------------------------------------------------
151DD1,54, AFL1187 ,2954,   2954,   444,    328,   -1024,      0.000000,  0.000000, 9, 1


Hex , Squawk, Flight, alt , pres alt, speed, course, vert_rate,   lat   ,    lon   , air_type, Ti
--------------------------------------------------------------------------------------------
151DD1,54, AFL1187 ,2954,   2954,   444,    328,   -1024,      0.000000,  0.000000, 9, 2


Hex , Squawk, Flight, alt , pres alt, speed, course, vert_rate,   lat   ,    lon   , air_type, Ti
--------------------------------------------------------------------------------------------
151DD1,54, AFL1187 ,2954,   2954,   444,    328,   -1024,      0.000000,  0.000000, 9, 2


Hex , Squawk, Flight, alt , pres alt, speed, course, vert_rate,   lat   ,    lon   , air_type, Ti
--------------------------------------------------------------------------------------------
151DD1,54, AFL1187 ,2954,   2954,   444,    328,   -1024,      0.000000,  0.000000, 9, 2


Hex , Squawk, Flight, alt , pres alt, speed, course, vert_rate,   lat   ,    lon   , air_type, Ti
--------------------------------------------------------------------------------------------
151DD1,54, AFL1187 ,2954,   2954,   444,    328,   -1024,      0.000000,  0.000000, 9, 2


Hex , Squawk, Flight, alt , pres alt, speed, course, vert_rate,   lat   ,    lon   , air_type, Ti
--------------------------------------------------------------------------------------------
151DD1,54, AFL1187 ,2954,   2954,   444,    328,   -1024,      0.000000,  0.000000, 9, 3


Hex , Squawk, Flight, alt , pres alt, speed, course, vert_rate,   lat   ,    lon   , air_type, Ti
--------------------------------------------------------------------------------------------
151DD1,54, AFL1187 ,2954,   2954,   444,    328,   -1024,      0.000000,  0.000000, 9, 3


Hex , Squawk, Flight, alt , pres alt, speed, course, vert_rate,   lat   ,    lon   , air_type, Ti
--------------------------------------------------------------------------------------------
151DD1,54, AFL1187 ,2954,   2954,   444,    328,   -1024,      0.000000,  0.000000, 9, 3


Hex , Squawk, Flight, alt , pres alt, speed, course, vert_rate,   lat   ,    lon   , air_type, Ti
--------------------------------------------------------------------------------------------
151DD1,54, AFL1187 ,2954,   2954,   444,    328,   -1024,      0.000000,  0.000000, 9, 3


Hex , Squawk, Flight, alt , pres alt, speed, course, vert_rate,   lat   ,    lon   , air_type, Ti
--------------------------------------------------------------------------------------------
151DD1,54, AFL1187 ,2954,   2954,   444,    328,   -1024,      0.000000,  0.000000, 9, 4


Hex , Squawk, Flight, alt , pres alt, speed, course, vert_rate,   lat   ,    lon   , air_type, Ti
--------------------------------------------------------------------------------------------
151DD1,54, AFL1187 ,2954,   2954,   444,    328,   -1024,      0.000000,  0.000000, 9, 4


Hex , Squawk, Flight, alt , pres alt, speed, course, vert_rate,   lat   ,    lon   , air_type, Ti
--------------------------------------------------------------------------------------------
151DD1,54, AFL1187 ,2954,   2954,   444,    328,   -1024,      0.000000,  0.000000, 9, 4


Hex , Squawk, Flight, alt , pres alt, speed, course, vert_rate,   lat   ,    lon   , air_type, Ti
--------------------------------------------------------------------------------------------
151DD1,54, AFL1187 ,2954,   2954,   444,    328,   -1024,      0.000000,  0.000000, 9, 4


Hex , Squawk, Flight, alt , pres alt, speed, course, vert_rate,   lat   ,    lon   , air_type, Ti
--------------------------------------------------------------------------------------------
151DD1,54, AFL1187 ,2954,   2954,   444,    328,   -1024,      0.000000,  0.000000, 9, 5


Hex , Squawk, Flight, alt , pres alt, speed, course, vert_rate,   lat   ,    lon   , air_type, Ti
--------------------------------------------------------------------------------------------
151DD1,54, AFL1187 ,2954,   2954,   444,    328,   -1024,      0.000000,  0.000000, 9, 5


Hex , Squawk, Flight, alt , pres alt, speed, course, vert_rate,   lat   ,    lon   , air_type, Ti
--------------------------------------------------------------------------------------------
151DD1,54, AFL1187 ,2954,   2954,   444,    328,   -1024,      0.000000,  0.000000, 9, 5


Hex , Squawk, Flight, alt , pres alt, speed, course, vert_rate,   lat   ,    lon   , air_type, Ti
--------------------------------------------------------------------------------------------
151DD1,54, AFL1187 ,2954,   2954,   444,    328,   -1024,      0.000000,  0.000000, 9, 5


Hex , Squawk, Flight, alt , pres alt, speed, course, vert_rate,   lat   ,    lon   , air_type, Ti
--------------------------------------------------------------------------------------------
151DD1,54, AFL1187 ,2954,   2954,   444,    328,   -1024,      0.000000,  0.000000, 9, 6


Hex , Squawk, Flight, alt , pres alt, speed, course, vert_rate,   lat   ,    lon   , air_type, Ti
--------------------------------------------------------------------------------------------
151DD1,54, AFL1187 ,2954,   2954,   444,    328,   -1024,      0.000000,  0.000000, 9, 6


Hex , Squawk, Flight, alt , pres alt, speed, course, vert_rate,   lat   ,    lon   , air_type, Ti
--------------------------------------------------------------------------------------------
151DD1,54, AFL1187 ,2954,   2954,   444,    328,   -1024,      0.000000,  0.000000, 9, 6


Hex , Squawk, Flight, alt , pres alt, speed, course, vert_rate,   lat   ,    lon   , air_type, Ti
--------------------------------------------------------------------------------------------
151DD1,54, AFL1187 ,2954,   2954,   444,    328,   -1024,      0.000000,  0.000000, 9, 7


Hex , Squawk, Flight, alt , pres alt, speed, course, vert_rate,   lat   ,    lon   , air_type, Ti
--------------------------------------------------------------------------------------------
151DD1,54, AFL1187 ,2954,   2954,   444,    328,   -1024,      0.000000,  0.000000, 9, 0


Hex , Squawk, Flight, alt , pres alt, speed, course, vert_rate,   lat   ,    lon   , air_type, Ti
--------------------------------------------------------------------------------------------
151DD1,54, AFL1187 ,2954,   2954,   444,    328,   -1024,      0.000000,  0.000000, 9, 0


Hex , Squawk, Flight, alt , pres alt, speed, course, vert_rate,   lat   ,    lon   , air_type, Ti
--------------------------------------------------------------------------------------------
151DD1,54, AFL1187 ,2954,   2954,   444,    328,   -1024,      0.000000,  0.000000, 9, 0


Hex , Squawk, Flight, alt , pres alt, speed, course, vert_rate,   lat   ,    lon   , air_type, Ti
--------------------------------------------------------------------------------------------
151DD1,54, AFL1187 ,2954,   2954,   444,    328,   -1024,      0.000000,  0.000000, 9, 1


Hex , Squawk, Flight, alt , pres alt, speed, course, vert_rate,   lat   ,    lon   , air_type, Ti
--------------------------------------------------------------------------------------------
151DD1,54, AFL1187 ,2954,   2954,   444,    328,   -1024,      0.000000,  0.000000, 9, 1


Hex , Squawk, Flight, alt , pres alt, speed, course, vert_rate,   lat   ,    lon   , air_type, Ti
--------------------------------------------------------------------------------------------
151DD1,54, AFL1187 ,2954,   2954,   444,    328,   -1024,      0.000000,  0.000000, 9, 1


Hex , Squawk, Flight, alt , pres alt, speed, course, vert_rate,   lat   ,    lon   , air_type, Ti
--------------------------------------------------------------------------------------------
151DD1,54, AFL1187 ,2954,   2954,   444,    328,   -1024,      0.000000,  0.000000, 9, 1


Hex , Squawk, Flight, alt , pres alt, speed, course, vert_rate,   lat   ,    lon   , air_type, Ti
--------------------------------------------------------------------------------------------
151DD1,54, AFL1187 ,2954,   2954,   444,    328,   -1024,      0.000000,  0.000000, 9, 2


Hex , Squawk, Flight, alt , pres alt, speed, course, vert_rate,   lat   ,    lon   , air_type, Ti
--------------------------------------------------------------------------------------------
151DD1,54, AFL1187 ,2954,   2954,   444,    328,   -1024,      0.000000,  0.000000, 9, 2


Hex , Squawk, Flight, alt , pres alt, speed, course, vert_rate,   lat   ,    lon   , air_type, Ti
--------------------------------------------------------------------------------------------
151DD1,54, AFL1187 ,2954,   2954,   444,    328,   -1024,      0.000000,  0.000000, 9, 2


Hex , Squawk, Flight, alt , pres alt, speed, course, vert_rate,   lat   ,    lon   , air_type, Ti
--------------------------------------------------------------------------------------------
151DD1,54, AFL1187 ,2954,   2954,   444,    328,   -1024,      0.000000,  0.000000, 9, 0


Hex , Squawk, Flight, alt , pres alt, speed, course, vert_rate,   lat   ,    lon   , air_type, Ti
--------------------------------------------------------------------------------------------
151DD1,54, AFL1187 ,2954,   2954,   444,    328,   -1024,      0.000000,  0.000000, 9, 1


Hex , Squawk, Flight, alt , pres alt, speed, course, vert_rate,   lat   ,    lon   , air_type, Ti
--------------------------------------------------------------------------------------------
151DD1,54, AFL1187 ,2954,   2954,   444,    328,   -1024,      0.000000,  0.000000, 9, 1


Hex , Squawk, Flight, alt , pres alt, speed, course, vert_rate,   lat   ,    lon   , air_type, Ti
--------------------------------------------------------------------------------------------
151DD1,54, AFL1187 ,2954,   2954,   444,    328,   -1024,      0.000000,  0.000000, 9, 1


Hex , Squawk, Flight, alt , pres alt, speed, course, vert_rate,   lat   ,    lon   , air_type, Ti
--------------------------------------------------------------------------------------------
151DD1,54, AFL1187 ,2954,   2954,   444,    328,   -1024,      0.000000,  0.000000, 9, 1


Hex , Squawk, Flight, alt , pres alt, speed, course, vert_rate,   lat   ,    lon   , air_type, Ti
--------------------------------------------------------------------------------------------
151DD1,54, AFL1187 ,2954,   2954,   444,    328,   -1024,      0.000000,  0.000000, 9, 2


Hex , Squawk, Flight, alt , pres alt, speed, course, vert_rate,   lat   ,    lon   , air_type, Ti
--------------------------------------------------------------------------------------------
151DD1,54, AFL1187 ,2954,   2954,   444,    328,   -1024,      0.000000,  0.000000, 9, 0


Hex , Squawk, Flight, alt , pres alt, speed, course, vert_rate,   lat   ,    lon   , air_type, Ti
--------------------------------------------------------------------------------------------
151DD1,54, AFL1187 ,2871,   2871,   444,    328,   -1024,      0.000000,  0.000000, 9, 0


Hex , Squawk, Flight, alt , pres alt, speed, course, vert_rate,   lat   ,    lon   , air_type, Ti
--------------------------------------------------------------------------------------------
151DD1,54, AFL1187 ,2871,   2871,   444,    328,   -1024,      0.000000,  0.000000, 9, 1


Hex , Squawk, Flight, alt , pres alt, speed, course, vert_rate,   lat   ,    lon   , air_type, Ti
--------------------------------------------------------------------------------------------
151DD1,54, AFL1187 ,2871,   2871,   444,    328,   -1024,      0.000000,  0.000000, 9, 0


Hex , Squawk, Flight, alt , pres alt, speed, course, vert_rate,   lat   ,    lon   , air_type, Ti
--------------------------------------------------------------------------------------------
151DD1,54, AFL1187 ,2871,   2871,   444,    328,   -1024,      0.000000,  0.000000, 9, 0


Hex , Squawk, Flight, alt , pres alt, speed, course, vert_rate,   lat   ,    lon   , air_type, Ti
--------------------------------------------------------------------------------------------
151DD1,54, AFL1187 ,2871,   2871,   444,    328,   -1024,      0.000000,  0.000000, 9, 0


Hex , Squawk, Flight, alt , pres alt, speed, course, vert_rate,   lat   ,    lon   , air_type, Ti
--------------------------------------------------------------------------------------------
151DD1,54, AFL1187 ,2871,   2871,   444,    328,   -1024,      0.000000,  0.000000, 9, 1


Hex , Squawk, Flight, alt , pres alt, speed, course, vert_rate,   lat   ,    lon   , air_type, Ti
--------------------------------------------------------------------------------------------
151DD1,54, AFL1187 ,2871,   2871,   444,    328,   -1024,      0.000000,  0.000000, 9, 1


Hex , Squawk, Flight, alt , pres alt, speed, course, vert_rate,   lat   ,    lon   , air_type, Ti
--------------------------------------------------------------------------------------------
151DD1,54, AFL1187 ,2871,   2871,   444,    328,   -1024,      0.000000,  0.000000, 9, 1


Hex , Squawk, Flight, alt , pres alt, speed, course, vert_rate,   lat   ,    lon   , air_type, Ti
--------------------------------------------------------------------------------------------
151DD1,54, AFL1187 ,2871,   2871,   444,    328,   -1024,      0.000000,  0.000000, 9, 1


Hex , Squawk, Flight, alt , pres alt, speed, course, vert_rate,   lat   ,    lon   , air_type, Ti
--------------------------------------------------------------------------------------------
151DD1,54, AFL1187 ,2871,   2871,   444,    328,   -1024,      0.000000,  0.000000, 9, 2


Hex , Squawk, Flight, alt , pres alt, speed, course, vert_rate,   lat   ,    lon   , air_type, Ti
--------------------------------------------------------------------------------------------
151DD1,54, AFL1187 ,2871,   2871,   444,    328,   -1024,      0.000000,  0.000000, 9, 2


Hex , Squawk, Flight, alt , pres alt, speed, course, vert_rate,   lat   ,    lon   , air_type, Ti
--------------------------------------------------------------------------------------------
151DD1,54, AFL1187 ,2871,   2871,   444,    328,   -1024,      0.000000,  0.000000, 9, 2


Hex , Squawk, Flight, alt , pres alt, speed, course, vert_rate,   lat   ,    lon   , air_type, Ti
--------------------------------------------------------------------------------------------
151DD1,54, AFL1187 ,2871,   2871,   444,    328,   -1024,      0.000000,  0.000000, 9, 0


Hex , Squawk, Flight, alt , pres alt, speed, course, vert_rate,   lat   ,    lon   , air_type, Ti
--------------------------------------------------------------------------------------------
151DD1,54, AFL1187 ,2855,   2855,   444,    328,   -1024,      0.000000,  0.000000, 9, 0


Hex , Squawk, Flight, alt , pres alt, speed, course, vert_rate,   lat   ,    lon   , air_type, Ti
--------------------------------------------------------------------------------------------
151DD1,54, AFL1187 ,2855,   2855,   444,    328,   -1024,      0.000000,  0.000000, 9, 0


Hex , Squawk, Flight, alt , pres alt, speed, course, vert_rate,   lat   ,    lon   , air_type, Ti
--------------------------------------------------------------------------------------------
151DD1,54, AFL1187 ,2855,   2855,   444,    328,   -1024,      0.000000,  0.000000, 9, 0


Hex , Squawk, Flight, alt , pres alt, speed, course, vert_rate,   lat   ,    lon   , air_type, Ti
--------------------------------------------------------------------------------------------
151DD1,54, AFL1187 ,2855,   2855,   444,    328,   -1024,      0.000000,  0.000000, 9, 0


Hex , Squawk, Flight, alt , pres alt, speed, course, vert_rate,   lat   ,    lon   , air_type, Ti
--------------------------------------------------------------------------------------------
151DD1,54, AFL1187 ,2855,   2855,   444,    328,   -1024,      0.000000,  0.000000, 9, 1


Hex , Squawk, Flight, alt , pres alt, speed, course, vert_rate,   lat   ,    lon   , air_type, Ti
--------------------------------------------------------------------------------------------
151DD1,54, AFL1187 ,2855,   2855,   444,    328,   -1024,      0.000000,  0.000000, 9, 1


Hex , Squawk, Flight, alt , pres alt, speed, course, vert_rate,   lat   ,    lon   , air_type, Ti
--------------------------------------------------------------------------------------------
151DD1,54, AFL1187 ,2855,   2855,   444,    328,   -1024,      0.000000,  0.000000, 9, 1


Hex , Squawk, Flight, alt , pres alt, speed, course, vert_rate,   lat   ,    lon   , air_type, Ti
--------------------------------------------------------------------------------------------
151DD1,54, AFL1187 ,2855,   2855,   444,    328,   -1024,      0.000000,  0.000000, 9, 1


Hex , Squawk, Flight, alt , pres alt, speed, course, vert_rate,   lat   ,    lon   , air_type, Ti
--------------------------------------------------------------------------------------------
151DD1,54, AFL1187 ,2855,   2855,   444,    328,   -1024,      0.000000,  0.000000, 9, 0


Hex , Squawk, Flight, alt , pres alt, speed, course, vert_rate,   lat   ,    lon   , air_type, Ti
--------------------------------------------------------------------------------------------
151DD1,54, AFL1187 ,2855,   2855,   444,    328,   -1024,      0.000000,  0.000000, 9, 0


Hex , Squawk, Flight, alt , pres alt, speed, course, vert_rate,   lat   ,    lon   , air_type, Ti
--------------------------------------------------------------------------------------------
151DD1,54, AFL1187 ,2855,   2855,   444,    328,   -1024,      0.000000,  0.000000, 9, 0


Hex , Squawk, Flight, alt , pres alt, speed, course, vert_rate,   lat   ,    lon   , air_type, Ti
--------------------------------------------------------------------------------------------
151DD1,54, AFL1187 ,2855,   2855,   444,    328,   -1024,      0.000000,  0.000000, 9, 1


Hex , Squawk, Flight, alt , pres alt, speed, course, vert_rate,   lat   ,    lon   , air_type, Ti
--------------------------------------------------------------------------------------------
151DD1,54, AFL1187 ,2855,   2855,   444,    328,   -1024,      0.000000,  0.000000, 9, 1


Hex , Squawk, Flight, alt , pres alt, speed, course, vert_rate,   lat   ,    lon   , air_type, Ti
--------------------------------------------------------------------------------------------
151DD1,54, AFL1187 ,2855,   2855,   444,    328,   -1024,      0.000000,  0.000000, 9, 1


Hex , Squawk, Flight, alt , pres alt, speed, course, vert_rate,   lat   ,    lon   , air_type, Ti
--------------------------------------------------------------------------------------------
151DD1,54, AFL1187 ,2855,   2855,   444,    328,   -1024,      0.000000,  0.000000, 9, 0


  lat   ,    lon   , air_type, Ti
--------------------------------------------------------------------------------------------
151DD1,54, AFL1187 ,2825,   2825,   444,    328,   -1024,      0.000000,  0.000000, 9, 1


Hex , Squawk, Flight, alt , pres alt, speed, course, vert_rate,   lat   ,    lon   , air_type, Ti
--------------------------------------------------------------------------------------------
151DD1,54, AFL1187 ,2825,   2825,   444,    328,   -1024,      0.000000,  0.000000, 9, 2


Hex , Squawk, Flight, alt , pres alt, speed, course, vert_rate,   lat   ,    lon   , air_type, Ti
--------------------------------------------------------------------------------------------
151DD1,54, AFL1187 ,2825,   2825,   444,    328,   -1024,      0.000000,  0.000000, 9, 2


Hex , Squawk, Flight, alt , pres alt, speed, course, vert_rate,   lat   ,    lon   , air_type, Ti
--------------------------------------------------------------------------------------------
151DD1,54, AFL1187 ,2825,   2825,   444,    328,   -1024,      0.000000,  0.000000, 9, 2


Hex , Squawk, Flight, alt , pres alt, speed, course, vert_rate,   lat   ,    lon   , air_type, Ti
--------------------------------------------------------------------------------------------
151DD1,54, AFL1187 ,2825,   2825,   444,    328,   -1024,      0.000000,  0.000000, 9, 3


Hex , Squawk, Flight, alt , pres alt, speed, course, vert_rate,   lat   ,    lon   , air_type, Ti
--------------------------------------------------------------------------------------------
151DD1,54, AFL1187 ,2825,   2825,   444,    328,   -1024,      0.000000,  0.000000, 9, 3


Hex , Squawk, Flight, alt , pres alt, speed, course, vert_rate,   lat   ,    lon   , air_type, Ti
--------------------------------------------------------------------------------------------
151DD1,54, AFL1187 ,2825,   2825,   444,    328,   -1024,      0.000000,  0.000000, 9, 3


Hex , Squawk, Flight, alt , pres alt, speed, course, vert_rate,   lat   ,    lon   , air_type, Ti
--------------------------------------------------------------------------------------------
151DD1,54, AFL1187 ,2825,   2825,   444,    328,   -1024,      0.000000,  0.000000, 9, 3


Hex , Squawk, Flight, alt , pres alt, speed, course, vert_rate,   lat   ,    lon   , air_type, Ti
--------------------------------------------------------------------------------------------
151DD1,54, AFL1187 ,2825,   2825,   444,    328,   -1024,      0.000000,  0.000000, 9, 4


Hex , Squawk, Flight, alt , pres alt, speed, course, vert_rate,   lat   ,    lon   , air_type, Ti
--------------------------------------------------------------------------------------------
151DD1,54, AFL1187 ,2825,   2825,   444,    328,   -1024,      0.000000,  0.000000, 9, 4


Hex , Squawk, Flight, alt , pres alt, speed, course, vert_rate,   lat   ,    lon   , air_type, Ti
--------------------------------------------------------------------------------------------
151DD1,54, AFL1187 ,2825,   2825,   444,    328,   -1024,      0.000000,  0.000000, 9, 4


Hex , Squawk, Flight, alt , pres alt, speed, course, vert_rate,   lat   ,    lon   , air_type, Ti
--------------------------------------------------------------------------------------------
151DD1,54, AFL1187 ,2825,   2825,   444,    328,   -1024,      0.000000,  0.000000, 9, 4


Hex , Squawk, Flight, alt , pres alt, speed, course, vert_rate,   lat   ,    lon   , air_type, Ti
--------------------------------------------------------------------------------------------
151DD1,54, AFL1187 ,2825,   2825,   444,    328,   -1024,      0.000000,  0.000000, 9, 5


Hex , Squawk, Flight, alt , pres alt, speed, course, vert_rate,   lat   ,    lon   , air_type, Ti
--------------------------------------------------------------------------------------------
151DD1,54, AFL1187 ,2825,   2825,   444,    328,   -1024,      0.000000,  0.000000, 9, 5


Hex , Squawk, Flight, alt , pres alt, speed, course, vert_rate,   lat   ,    lon   , air_type, Ti
--------------------------------------------------------------------------------------------
151DD1,54, AFL1187 ,2825,   2825,   444,    328,   -1024,      0.000000,  0.000000, 9, 5


Hex , Squawk, Flight, alt , pres alt, speed, course, vert_rate,   lat   ,    lon   , air_type, Ti
--------------------------------------------------------------------------------------------
151DD1,54, AFL1187 ,2825,   2825,   444,    328,   -1024,      0.000000,  0.000000, 9, 5


Hex , Squawk, Flight, alt , pres alt, speed, course, vert_rate,   lat   ,    lon   , air_type, Ti
--------------------------------------------------------------------------------------------
151DD1,54, AFL1187 ,2825,   2825,   444,    328,   -1024,      0.000000,  0.000000, 9, 6


Hex , Squawk, Flight, alt , pres alt, speed, course, vert_rate,   lat   ,    lon   , air_type, Ti
--------------------------------------------------------------------------------------------
151DD1,54, AFL1187 ,2825,   2825,   444,    328,   -1024,      0.000000,  0.000000, 9, 6


Hex , Squawk, Flight, alt , pres alt, speed, course, vert_rate,   lat   ,    lon   , air_type, Ti
--------------------------------------------------------------------------------------------
151DD1,54, AFL1187 ,2825,   2825,   444,    328,   -1024,      0.000000,  0.000000, 9, 6



151DD1,54, AFL1187 ,2825,   2825,   444,    328,   -1024,      0.000000,  0.000000, 9, 7



151DD1,54, AFL1187 ,2825,   2825,   444,    328,   -1024,      0.000000,  0.000000, 9, 7


Ti
--------------------------------------------------------------------------------------------
151DD1,54, AFL1187 ,2825,   2825,   444,    328,   -1024,      0.000000,  0.000000, 9, 6


Hex , Squawk, Flight, alt , pres alt, speed, course, vert_rate,   lat   ,    lon   , air_type, Ti
--------------------------------------------------------------------------------------------
151DD1,54, AFL1187 ,2825,   2825,   444,    328,   -1024,      0.000000,  0.000000, 9, 7


Hex , Squawk, Flight, alt , pres alt, speed, course, vert_rate,   lat   ,    lon   , air_type, Ti
--------------------------------------------------------------------------------------------Hex , Squawk, Flight, alt , pres alt, speed, course, vert_rate,   lat   ,    lon   , air_type, Ti
--------------------------------------------------------------------------------------------
151DD1,54, AFL1187 ,2825,   2825,   444,    328,   -1024,      0.000000,  0.000000, 9, 7


Hex , Squawk, Flight, alt , pres alt, speed, course, vert_rate,   lat   ,    lon   , air_type, Ti
--------------------------------------------------------------------------------------------
151DD1,54, AFL1187 ,2825,   2825,   444,    328,   -1024,      0.000000,  0.000000, 9, 8


Hex , Squawk, Flight, alt , pres alt, speed, course, vert_rate,   lat   ,    lon   , air_type, Ti
--------------------------------------------------------------------------------------------
151DD1,54, AFL1187 ,2825,   2825,   444,    328,   -1024,      0.000000,  0.000000, 9, 8


Hex , Squawk, Flight, alt , pres alt, speed, course, vert_rate,   lat   ,    lon   , air_type, Ti
--------------------------------------------------------------------------------------------
151DD1,54, AFL1187 ,2825,   2825,   444,    328,   -1024,      0.000000,  0.000000, 9, 8


Hex , Squawk, Flight, alt , pres alt, speed, course, vert_rate,   lat   ,    lon   , air_type, Ti
--------------------------------------------------------------------------------------------
151DD1,54, AFL1187 ,2825,   2825,   444,    328,   -1024,      0.000000,  0.000000, 9, 8


Hex , Squawk, Flight, alt , pres alt, speed, course, vert_rate,   lat   ,    lon   , air_type, Ti
--------------------------------------------------------------------------------------------
151DD1,54, AFL1187 ,2825,   2825,   444,    328,   -1024,      0.000000,  0.000000, 9, 9



151DD1,54, AFL1187 ,2825,   2825,   444,    328,   -1024,      0.000000,  0.000000, 9, 10



151DD1,54, AFL1187 ,2825,   2825,   444,    328,   -1024,      0.000000,  0.000000, 9, 10


i
--------------------------------------------------------------------------------------------
151DD1,54, AFL1187 ,2825,   2825,   444,    328,   -1024,      0.000000,  0.000000, 9, 9


Hex , Squawk, Flight, alt , pres alt, speed, course, vert_rate,   lat   ,    lon   , air_type, Ti
--------------------------------------------------------------------------------------------
151DD1,54, AFL1187 ,2825,   2825,   444,    328,   -1024,      0.000000,  0.000000, 9, 9


Hex , Squawk, Flight, alt , pres alt, speed, course, vert_rate,   lat   ,    lon   , air_type, Ti
--------------------------------------------------------------------------------------------
151DD1,54, AFL1187 ,2825,   2825,   444,    328,   -1024,      0.000000,  0.000000, 9, 9


Hex , Squawk, Flight, alt , pres alt, speed, course, vert_rate,   lat   ,    lon   , air_type, Ti
--------------------------------------------------------------------------------------------Hex , Squawk, Flight, alt , pres alt, speed, course, vert_rate,   lat   ,    lon   , air_type, Ti
--------------------------------------------------------------------------------------------
151DD1,54, AFL1187 ,2825,   2825,   444,    328,   -1024,      0.000000,  0.000000, 9, 10


Hex , Squawk, Flight, alt , pres alt, speed, course, vert_rate,   lat   ,    lon   , air_type, Ti
--------------------------------------------------------------------------------------------
151DD1,54, AFL1187 ,2825,   2825,   444,    328,   -1024,      0.000000,  0.000000, 9, 10


Hex , Squawk, Flight, alt , pres alt, speed, course, vert_rate,   lat   ,    lon   , air_type, Ti
--------------------------------------------------------------------------------------------
151DD1,54, AFL1187 ,2825,   2825,   444,    328,   -1024,      0.000000,  0.000000, 9, 10


Hex , Squawk, Flight, alt , pres alt, speed, course, vert_rate,   lat   ,    lon   , air_type, Ti
--------------------------------------------------------------------------------------------
151DD1,54, AFL1187 ,2825,   2825,   444,    328,   -1024,      0.000000,  0.000000, 9, 11


Hex , Squawk, Flight, alt , pres alt, speed, course, vert_rate,   lat   ,    lon   , air_type, Ti
--------------------------------------------------------------------------------------------
151DD1,54, AFL1187 ,2825,   2825,   444,    328,   -1024,      0.000000,  0.000000, 9, 11


Hex , Squawk, Flight, alt , pres alt, speed, course, vert_rate,   lat   ,    lon   , air_type, Ti
--------------------------------------------------------------------------------------------
151DD1,54, AFL1187 ,2825,   2825,   444,    328,   -1024,      0.000000,  0.000000, 9, 11


Hex , Squawk, Flight, alt , pres alt, speed, course, vert_rate,   lat   ,    lon   , air_type, Ti
--------------------------------------------------------------------------------------------
151DD1,54, AFL1187 ,2825,   2825,   444,    328,   -1024,      0.000000,  0.000000, 9, 11


Hex , Squawk, Flight, alt , pres alt, speed, course, vert_rate,   lat   ,    lon   , air_type, Ti
--------------------------------------------------------------------------------------------
151DD1,54, AFL1187 ,2825,   2825,   444,    328,   -1024,      0.000000,  0.000000, 9, 12


Hex , Squawk, Flight, alt , pres alt, speed, course, vert_rate,   lat   ,    lon   , air_type, Ti
--------------------------------------------------------------------------------------------
151DD1,54, AFL1187 ,2825,   2825,   444,    328,   -1024,      0.000000,  0.000000, 9, 12


Hex , Squawk, Flight, alt , pres alt, speed, course, vert_rate,   lat   ,    lon   , air_type, Ti
--------------------------------------------------------------------------------------------
151DD1,54, AFL1187 ,2825,   2825,   444,    328,   -1024,      0.000000,  0.000000, 9, 12


Hex , Squawk, Flight, alt , pres alt, speed, course, vert_rate,   lat   ,    lon   , air_type, Ti
--------------------------------------------------------------------------------------------
151DD1,54, AFL1187 ,2825,   2825,   444,    328,   -1024,      0.000000,  0.000000, 9, 12


Hex , Squawk, Flight, alt , pres alt, speed, course, vert_rate,   lat   ,    lon   , air_type, Ti
--------------------------------------------------------------------------------------------
151DD1,54, AFL1187 ,2825,   2825,   444,    328,   -1024,      0.000000,  0.000000, 9, 13


Hex , Squawk, Flight, alt , pres alt, speed, course, vert_rate,   lat   ,    lon   , air_type, Ti
--------------------------------------------------------------------------------------------
151DD1,54, AFL1187 ,2825,   2825,   444,    328,   -1024,      0.000000,  0.000000, 9, 13


Hex , Squawk, Flight, alt , pres alt, speed, course, vert_rate,   lat   ,    lon   , air_type, Ti
--------------------------------------------------------------------------------------------
151DD1,54, AFL1187 ,2825,   2825,   444,    328,   -1024,      0.000000,  0.000000, 9, 13


Hex , Squawk, Flight, alt , pres alt, speed, course, vert_rate,   lat   ,    lon   , air_type, Ti
--------------------------------------------------------------------------------------------
151DD1,54, AFL1187 ,2825,   2825,   444,    328,   -1024,      0.000000,  0.000000, 9, 14


Hex , Squawk, Flight, alt , pres alt, speed, course, vert_rate,   lat   ,    lon   , air_type, Ti
--------------------------------------------------------------------------------------------
151DD1,54, AFL1187 ,2825,   2825,   444,    328,   -1024,      0.000000,  0.000000, 9, 14


Hex , Squawk, Flight, alt , pres alt, speed, course, vert_rate,   lat   ,    lon   , air_type, Ti
--------------------------------------------------------------------------------------------
151DD1,54, AFL1187 ,2825,   2825,   444,    328,   -1024,      0.000000,  0.000000, 9, 14


Hex , Squawk, Flight, alt , pres alt, speed, course, vert_rate,   lat   ,    lon   , air_type, Ti
--------------------------------------------------------------------------------------------
151DD1,54, AFL1187 ,2825,   2825,   444,    328,   -1024,      0.000000,  0.000000, 9, 14


Hex , Squawk, Flight, alt , pres alt, speed, course, vert_rate,   lat   ,    lon   , air_type, Ti
--------------------------------------------------------------------------------------------
151DD1,54, AFL1187 ,2825,   2825,   444,    328,   -1024,      0.000000,  0.000000, 9, 15


Hex , Squawk, Flight, alt , pres alt, speed, course, vert_rate,   lat   ,    lon   , air_type, Ti
--------------------------------------------------------------------------------------------
151DD1,54, AFL1187 ,2825,   2825,   444,    328,   -1024,      0.000000,  0.000000, 9, 15


Hex , Squawk, Flight, alt , pres alt, speed, course, vert_rate,   lat   ,    lon   , air_type, Ti
--------------------------------------------------------------------------------------------
151DD1,54, AFL1187 ,2825,   2825,   444,    328,   -1024,      0.000000,  0.000000, 9, 15


Hex , Squawk, Flight, alt , pres alt, speed, course, vert_rate,   lat   ,    lon   , air_type, Ti
--------------------------------------------------------------------------------------------
151DD1,54, AFL1187 ,2825,   2825,   444,    328,   -1024,      0.000000,  0.000000, 9, 15


Hex , Squawk, Flight, alt , pres alt, speed, course, vert_rate,   lat   ,    lon   , air_type, Ti
--------------------------------------------------------------------------------------------
151DD1,54, AFL1187 ,2825,   2825,   444,    328,   -1024,      0.000000,  0.000000, 9, 16


Hex , Squawk, Flight, alt , pres alt, speed, course, vert_rate,   lat   ,    lon   , air_type, Ti
--------------------------------------------------------------------------------------------
151DD1,54, AFL1187 ,2825,   2825,   444,    328,   -1024,      0.000000,  0.000000, 9, 16


Hex , Squawk, Flight, alt , pres alt, speed, course, vert_rate,   lat   ,    lon   , air_type, Ti
--------------------------------------------------------------------------------------------
151DD1,54, AFL1187 ,2825,   2825,   444,    328,   -1024,      0.000000,  0.000000, 9, 16


Hex , Squawk, Flight, alt , pres alt, speed, course, vert_rate,   lat   ,    lon   , air_type, Ti
--------------------------------------------------------------------------------------------
151DD1,54, AFL1187 ,2825,   2825,   444,    328,   -1024,      0.000000,  0.000000, 9, 16


Hex , Squawk, Flight, alt , pres alt, speed, course, vert_rate,   lat   ,    lon   , air_type, Ti
--------------------------------------------------------------------------------------------
151DD1,54, AFL1187 ,2825,   2825,   444,    328,   -1024,      0.000000,  0.000000, 9, 17


Hex , Squawk, Flight, alt , pres alt, speed, course, vert_rate,   lat   ,    lon   , air_type, Ti
--------------------------------------------------------------------------------------------
151DD1,54, AFL1187 ,2825,   2825,   444,    328,   -1024,      0.000000,  0.000000, 9, 17


Hex , Squawk, Flight, alt , pres alt, speed, course, vert_rate,   lat   ,    lon   , air_type, Ti
--------------------------------------------------------------------------------------------
151DD1,54, AFL1187 ,2825,   2825,   444,    328,   -1024,      0.000000,  0.000000, 9, 17


Hex , Squawk, Flight, alt , pres alt, speed, course, vert_rate,   lat   ,    lon   , air_type, Ti
--------------------------------------------------------------------------------------------
151DD1,54, AFL1187 ,2825,   2825,   444,    328,   -1024,      0.000000,  0.000000, 9, 17


Hex , Squawk, Flight, alt , pres alt, speed, course, vert_rate,   lat   ,    lon   , air_type, Ti
--------------------------------------------------------------------------------------------
151DD1,54, AFL1187 ,2825,   2825,   444,    328,   -1024,      0.000000,  0.000000, 9, 18


Hex , Squawk, Flight, alt , pres alt, speed, course, vert_rate,   lat   ,    lon   , air_type, Ti
--------------------------------------------------------------------------------------------
151DD1,54, AFL1187 ,2825,   2825,   444,    328,   -1024,      0.000000,  0.000000, 9, 18


Hex , Squawk, Flight, alt , pres alt, speed, course, vert_rate,   lat   ,    lon   , air_type, Ti
--------------------------------------------------------------------------------------------
151DD1,54, AFL1187 ,2825,   2825,   444,    328,   -1024,      0.000000,  0.000000, 9, 18


Hex , Squawk, Flight, alt , pres alt, speed, course, vert_rate,   lat   ,    lon   , air_type, Ti
--------------------------------------------------------------------------------------------
151DD1,54, AFL1187 ,2825,   2825,   444,    328,   -1024,      0.000000,  0.000000, 9, 19


Hex , Squawk, Flight, alt , pres alt, speed, course, vert_rate,   lat   ,    lon   , air_type, Ti
--------------------------------------------------------------------------------------------
151DD1,54, AFL1187 ,2825,   2825,   444,    328,   -1024,      0.000000,  0.000000, 9, 19


Hex , Squawk, Flight, alt , pres alt, speed, course, vert_rate,   lat   ,    lon   , air_type, Ti
--------------------------------------------------------------------------------------------
151DD1,54, AFL1187 ,2825,   2825,   444,    328,   -1024,      0.000000,  0.000000, 9, 19


Hex , Squawk, Flight, alt , pres alt, speed, course, vert_rate,   lat   ,    lon   , air_type, Ti
--------------------------------------------------------------------------------------------
151DD1,54, AFL1187 ,2825,   2825,   444,    328,   -1024,      0.000000,  0.000000, 9, 19


Hex , Squawk, Flight, alt , pres alt, speed, course, vert_rate,   lat   ,    lon   , air_type, Ti
--------------------------------------------------------------------------------------------
151DD1,54, AFL1187 ,2825,   2825,   444,    328,   -1024,      0.000000,  0.000000, 9, 20


Hex , Squawk, Flight, alt , pres alt, speed, course, vert_rate,   lat   ,    lon   , air_type, Ti
--------------------------------------------------------------------------------------------
151DD1,54, AFL1187 ,2825,   2825,   444,    328,   -1024,      0.000000,  0.000000, 9, 20


Hex , Squawk, Flight, alt , pres alt, speed, course, vert_rate,   lat   ,    lon   , air_type, Ti
--------------------------------------------------------------------------------------------
151DD1,54, AFL1187 ,2825,   2825,   444,    328,   -1024,      0.000000,  0.000000, 9, 20


Hex , Squawk, Flight, alt , pres alt, speed, course, vert_rate,   lat   ,    lon   , air_type, Ti
--------------------------------------------------------------------------------------------
151DD1,54, AFL1187 ,2825,   2825,   444,    328,   -1024,      0.000000,  0.000000, 9, 20


Hex , Squawk, Flight, alt , pres alt, speed, course, vert_rate,   lat   ,    lon   , air_type, Ti
--------------------------------------------------------------------------------------------
151DD1,54, AFL1187 ,2825,   2825,   444,    328,   -1024,      0.000000,  0.000000, 9, 21


Hex , Squawk, Flight, alt , pres alt, speed, course, vert_rate,   lat   ,    lon   , air_type, Ti
--------------------------------------------------------------------------------------------
151DD1,54, AFL1187 ,2825,   2825,   444,    328,   -1024,      0.000000,  0.000000, 9, 21


Hex , Squawk, Flight, alt , pres alt, speed, course, vert_rate,   lat   ,    lon   , air_type, Ti
--------------------------------------------------------------------------------------------
151DD1,54, AFL1187 ,2825,   2825,   444,    328,   -1024,      0.000000,  0.000000, 9, 21


Hex , Squawk, Flight, alt , pres alt, speed, course, vert_rate,   lat   ,    lon   , air_type, Ti
--------------------------------------------------------------------------------------------
151DD1,54, AFL1187 ,2825,   2825,   444,    328,   -1024,      0.000000,  0.000000, 9, 21


Hex , Squawk, Flight, alt , pres alt, speed, course, vert_rate,   lat   ,    lon   , air_type, Ti
--------------------------------------------------------------------------------------------
151DD1,54, AFL1187 ,2825,   2825,   444,    328,   -1024,      0.000000,  0.000000, 9, 22


Hex , Squawk, Flight, alt , pres alt, speed, course, vert_rate,   lat   ,    lon   , air_type, Ti
--------------------------------------------------------------------------------------------
151DD1,54, AFL1187 ,2825,   2825,   444,    328,   -1024,      0.000000,  0.000000, 9, 22


Hex , Squawk, Flight, alt , pres alt, speed, course, vert_rate,   lat   ,    lon   , air_type, Ti
--------------------------------------------------------------------------------------------
151DD1,54, AFL1187 ,2825,   2825,   444,    328,   -1024,      0.000000,  0.000000, 9, 22


Hex , Squawk, Flight, alt , pres alt, speed, course, vert_rate,   lat   ,    lon   , air_type, Ti
--------------------------------------------------------------------------------------------
151DD1,54, AFL1187 ,2825,   2825,   444,    328,   -1024,      0.000000,  0.000000, 9, 22


Hex , Squawk, Flight, alt , pres alt, speed, course, vert_rate,   lat   ,    lon   , air_type, Ti
--------------------------------------------------------------------------------------------
151DD1,54, AFL1187 ,2825,   2825,   444,    328,   -1024,      0.000000,  0.000000, 9, 23


Hex , Squawk, Flight, alt , pres alt, speed, course, vert_rate,   lat   ,    lon   , air_type, Ti
--------------------------------------------------------------------------------------------
151DD1,54, AFL1187 ,2825,   2825,   444,    328,   -1024,      0.000000,  0.000000, 9, 23


Hex , Squawk, Flight, alt , pres alt, speed, course, vert_rate,   lat   ,    lon   , air_type, Ti
--------------------------------------------------------------------------------------------
151DD1,54, AFL1187 ,2825,   2825,   444,    328,   -1024,      0.000000,  0.000000, 9, 23


Hex , Squawk, Flight, alt , pres alt, speed, course, vert_rate,   lat   ,    lon   , air_type, Ti
--------------------------------------------------------------------------------------------
151DD1,54, AFL1187 ,2825,   2825,   444,    328,   -1024,      0.000000,  0.000000, 9, 23


Hex , Squawk, Flight, alt , pres alt, speed, course, vert_rate,   lat   ,    lon   , air_type, Ti
--------------------------------------------------------------------------------------------
151DD1,54, AFL1187 ,2825,   2825,   444,    328,   -1024,      0.000000,  0.000000, 9, 24


Hex , Squawk, Flight, alt , pres alt, speed, course, vert_rate,   lat   ,    lon   , air_type, Ti
--------------------------------------------------------------------------------------------
151DD1,54, AFL1187 ,2825,   2825,   444,    328,   -1024,      0.000000,  0.000000, 9, 24


Hex , Squawk, Flight, alt , pres alt, speed, course, vert_rate,   lat   ,    lon   , air_type, Ti
--------------------------------------------------------------------------------------------
151DD1,54, AFL1187 ,2825,   2825,   444,    328,   -1024,      0.000000,  0.000000, 9, 24


Hex , Squawk, Flight, alt , pres alt, speed, course, vert_rate,   lat   ,    lon   , air_type, Ti
--------------------------------------------------------------------------------------------
151DD1,54, AFL1187 ,2825,   2825,   444,    328,   -1024,      0.000000,  0.000000, 9, 25


Hex , Squawk, Flight, alt , pres alt, speed, course, vert_rate,   lat   ,    lon   , air_type, Ti
--------------------------------------------------------------------------------------------
151DD1,54, AFL1187 ,2825,   2825,   444,    328,   -1024,      0.000000,  0.000000, 9, 25


Hex , Squawk, Flight, alt , pres alt, speed, course, vert_rate,   lat   ,    lon   , air_type, Ti
--------------------------------------------------------------------------------------------
151DD1,54, AFL1187 ,2825,   2825,   444,    328,   -1024,      0.000000,  0.000000, 9, 25


Hex , Squawk, Flight, alt , pres alt, speed, course, vert_rate,   lat   ,    lon   , air_type, Ti
--------------------------------------------------------------------------------------------
151DD1,54, AFL1187 ,2825,   2825,   444,    328,   -1024,      0.000000,  0.000000, 9, 25


Hex , Squawk, Flight, alt , pres alt, speed, course, vert_rate,   lat   ,    lon   , air_type, Ti
--------------------------------------------------------------------------------------------
151DD1,54, AFL1187 ,2825,   2825,   444,    328,   -1024,      0.000000,  0.000000, 9, 26


Hex , Squawk, Flight, alt , pres alt, speed, course, vert_rate,   lat   ,    lon   , air_type, Ti
--------------------------------------------------------------------------------------------
151DD1,54, AFL1187 ,2825,   2825,   444,    328,   -1024,      0.000000,  0.000000, 9, 26


Hex , Squawk, Flight, alt , pres alt, speed, course, vert_rate,   lat   ,    lon   , air_type, Ti
--------------------------------------------------------------------------------------------
151DD1,54, AFL1187 ,2825,   2825,   444,    328,   -1024,      0.000000,  0.000000, 9, 26


Hex , Squawk, Flight, alt , pres alt, speed, course, vert_rate,   lat   ,    lon   , air_type, Ti
--------------------------------------------------------------------------------------------
151DD1,54, AFL1187 ,2825,   2825,   444,    328,   -1024,      0.000000,  0.000000, 9, 26


Hex , Squawk, Flight, alt , pres alt, speed, course, vert_rate,   lat   ,    lon   , air_type, Ti
--------------------------------------------------------------------------------------------
151DD1,54, AFL1187 ,2825,   2825,   444,    328,   -1024,      0.000000,  0.000000, 9, 27


Hex , Squawk, Flight, alt , pres alt, speed, course, vert_rate,   lat   ,    lon   , air_type, Ti
--------------------------------------------------------------------------------------------
151DD1,54, AFL1187 ,2825,   2825,   444,    328,   -1024,      0.000000,  0.000000, 9, 27


Hex , Squawk, Flight, alt , pres alt, speed, course, vert_rate,   lat   ,    lon   , air_type, Ti
--------------------------------------------------------------------------------------------
151DD1,54, AFL1187 ,2825,   2825,   444,    328,   -1024,      0.000000,  0.000000, 9, 27


Hex , Squawk, Flight, alt , pres alt, speed, course, vert_rate,   lat   ,    lon   , air_type, Ti
--------------------------------------------------------------------------------------------
151DD1,54, AFL1187 ,2825,   2825,   444,    328,   -1024,      0.000000,  0.000000, 9, 27


Hex , Squawk, Flight, alt , pres alt, speed, course, vert_rate,   lat   ,    lon   , air_type, Ti
--------------------------------------------------------------------------------------------
151DD1,54, AFL1187 ,2825,   2825,   444,    328,   -1024,      0.000000,  0.000000, 9, 28


Hex , Squawk, Flight, alt , pres alt, speed, course, vert_rate,   lat   ,    lon   , air_type, Ti
--------------------------------------------------------------------------------------------
151DD1,54, AFL1187 ,2825,   2825,   444,    328,   -1024,      0.000000,  0.000000, 9, 28


Hex , Squawk, Flight, alt , pres alt, speed, course, vert_rate,   lat   ,    lon   , air_type, Ti
--------------------------------------------------------------------------------------------
151DD1,54, AFL1187 ,2825,   2825,   444,    328,   -1024,      0.000000,  0.000000, 9, 28


Hex , Squawk, Flight, alt , pres alt, speed, course, vert_rate,   lat   ,    lon   , air_type, Ti
--------------------------------------------------------------------------------------------
151DD1,54, AFL1187 ,2825,   2825,   444,    328,   -1024,      0.000000,  0.000000, 9, 28


Hex , Squawk, Flight, alt , pres alt, speed, course, vert_rate,   lat   ,    lon   , air_type, Ti
--------------------------------------------------------------------------------------------
151DD1,54, AFL1187 ,2825,   2825,   444,    328,   -1024,      0.000000,  0.000000, 9, 29


Hex , Squawk, Flight, alt , pres alt, speed, course, vert_rate,   lat   ,    lon   , air_type, Ti
--------------------------------------------------------------------------------------------
151DD1,54, AFL1187 ,2825,   2825,   444,    328,   -1024,      0.000000,  0.000000, 9, 29


Hex , Squawk, Flight, alt , pres alt, speed, course, vert_rate,   lat   ,    lon   , air_type, Ti
--------------------------------------------------------------------------------------------
151DD1,54, AFL1187 ,2825,   2825,   444,    328,   -1024,      0.000000,  0.000000, 9, 29


Hex , Squawk, Flight, alt , pres alt, speed, course, vert_rate,   lat   ,    lon   , air_type, Ti
--------------------------------------------------------------------------------------------
151DD1,54, AFL1187 ,2825,   2825,   444,    328,   -1024,      0.000000,  0.000000, 9, 30


Hex , Squawk, Flight, alt , pres alt, speed, course, vert_rate,   lat   ,    lon   , air_type, Ti
--------------------------------------------------------------------------------------------
151DD1,54, AFL1187 ,2825,   2825,   444,    328,   -1024,      0.000000,  0.000000, 9, 30


Hex , Squawk, Flight, alt , pres alt, speed, course, vert_rate,   lat   ,    lon   , air_type, Ti
--------------------------------------------------------------------------------------------
151DD1,54, AFL1187 ,2825,   2825,   444,    328,   -1024,      0.000000,  0.000000, 9, 30


Hex , Squawk, Flight, alt , pres alt, speed, course, vert_rate,   lat   ,    lon   , air_type, Ti
--------------------------------------------------------------------------------------------
151DD1,54, AFL1187 ,2825,   2825,   444,    328,   -1024,      0.000000,  0.000000, 9, 30


Hex , Squawk, Flight, alt , pres alt, speed, course, vert_rate,   lat   ,    lon   , air_type, Ti
--------------------------------------------------------------------------------------------
151DD1,54, AFL1187 ,2825,   2825,   444,    328,   -1024,      0.000000,  0.000000, 9, 31


Hex , Squawk, Flight, alt , pres alt, speed, course, vert_rate,   lat   ,    lon   , air_type, Ti
--------------------------------------------------------------------------------------------
151DD1,54, AFL1187 ,2825,   2825,   444,    328,   -1024,      0.000000,  0.000000, 9, 31


Hex , Squawk, Flight, alt , pres alt, speed, course, vert_rate,   lat   ,    lon   , air_type, Ti
--------------------------------------------------------------------------------------------
151DD1,54, AFL1187 ,2825,   2825,   444,    328,   -1024,      0.000000,  0.000000, 9, 31


Hex , Squawk, Flight, alt , pres alt, speed, course, vert_rate,   lat   ,    lon   , air_type, Ti
--------------------------------------------------------------------------------------------
151DD1,54, AFL1187 ,2825,   2825,   444,    328,   -1024,      0.000000,  0.000000, 9, 31


Hex , Squawk, Flight, alt , pres alt, speed, course, vert_rate,   lat   ,    lon   , air_type, Ti
--------------------------------------------------------------------------------------------
151DD1,54, AFL1187 ,2825,   2825,   444,    328,   -1024,      0.000000,  0.000000, 9, 32


Hex , Squawk, Flight, alt , pres alt, speed, course, vert_rate,   lat   ,    lon   , air_type, Ti
--------------------------------------------------------------------------------------------
151DD1,54, AFL1187 ,2825,   2825,   444,    328,   -1024,      0.000000,  0.000000, 9, 32


Hex , Squawk, Flight, alt , pres alt, speed, course, vert_rate,   lat   ,    lon   , air_type, Ti
--------------------------------------------------------------------------------------------
151DD1,54, AFL1187 ,2825,   2825,   444,    328,   -1024,      0.000000,  0.000000, 9, 32


Hex , Squawk, Flight, alt , pres alt, speed, course, vert_rate,   lat   ,    lon   , air_type, Ti
--------------------------------------------------------------------------------------------
151DD1,54, AFL1187 ,2825,   2825,   444,    328,   -1024,      0.000000,  0.000000, 9, 32


Hex , Squawk, Flight, alt , pres alt, speed, course, vert_rate,   lat   ,    lon   , air_type, Ti
--------------------------------------------------------------------------------------------
151DD1,54, AFL1187 ,2825,   2825,   444,    328,   -1024,      0.000000,  0.000000, 9, 33


Hex , Squawk, Flight, alt , pres alt, speed, course, vert_rate,   lat   ,    lon   , air_type, Ti
--------------------------------------------------------------------------------------------
151DD1,54, AFL1187 ,2825,   2825,   444,    328,   -1024,      0.000000,  0.000000, 9, 33


Hex , Squawk, Flight, alt , pres alt, speed, course, vert_rate,   lat   ,    lon   , air_type, Ti
--------------------------------------------------------------------------------------------
151DD1,54, AFL1187 ,2825,   2825,   444,    328,   -1024,      0.000000,  0.000000, 9, 33


Hex , Squawk, Flight, alt , pres alt, speed, course, vert_rate,   lat   ,    lon   , air_type, Ti
--------------------------------------------------------------------------------------------
151DD1,54, AFL1187 ,2825,   2825,   444,    328,   -1024,      0.000000,  0.000000, 9, 33


Hex , Squawk, Flight, alt , pres alt, speed, course, vert_rate,   lat   ,    lon   , air_type, Ti
--------------------------------------------------------------------------------------------
151DD1,54, AFL1187 ,2825,   2825,   444,    328,   -1024,      0.000000,  0.000000, 9, 34


Hex , Squawk, Flight, alt , pres alt, speed, course, vert_rate,   lat   ,    lon   , air_type, Ti
--------------------------------------------------------------------------------------------
151DD1,54, AFL1187 ,2825,   2825,   444,    328,   -1024,      0.000000,  0.000000, 9, 34


Hex , Squawk, Flight, alt , pres alt, speed, course, vert_rate,   lat   ,    lon   , air_type, Ti
--------------------------------------------------------------------------------------------
151DD1,54, AFL1187 ,2825,   2825,   444,    328,   -1024,      0.000000,  0.000000, 9, 34


Hex , Squawk, Flight, alt , pres alt, speed, course, vert_rate,   lat   ,    lon   , air_type, Ti
--------------------------------------------------------------------------------------------
151DD1,54, AFL1187 ,2825,   2825,   444,    328,   -1024,      0.000000,  0.000000, 9, 34


Hex , Squawk, Flight, alt , pres alt, speed, course, vert_rate,   lat   ,    lon   , air_type, Ti
--------------------------------------------------------------------------------------------
151DD1,54, AFL1187 ,2825,   2825,   444,    328,   -1024,      0.000000,  0.000000, 9, 35


Hex , Squawk, Flight, alt , pres alt, speed, course, vert_rate,   lat   ,    lon   , air_type, Ti
--------------------------------------------------------------------------------------------
151DD1,54, AFL1187 ,2825,   2825,   444,    328,   -1024,      0.000000,  0.000000, 9, 35


Hex , Squawk, Flight, alt , pres alt, speed, course, vert_rate,   lat   ,    lon   , air_type, Ti
--------------------------------------------------------------------------------------------
151DD1,54, AFL1187 ,2825,   2825,   444,    328,   -1024,      0.000000,  0.000000, 9, 35


Hex , Squawk, Flight, alt , pres alt, speed, course, vert_rate,   lat   ,    lon   , air_type, Ti
--------------------------------------------------------------------------------------------
151DD1,54, AFL1187 ,2825,   2825,   444,    328,   -1024,      0.000000,  0.000000, 9, 36


Hex , Squawk, Flight, alt , pres alt, speed, course, vert_rate,   lat   ,    lon   , air_type, Ti
--------------------------------------------------------------------------------------------
151DD1,54, AFL1187 ,2825,   2825,   444,    328,   -1024,      0.000000,  0.000000, 9, 36


Hex , Squawk, Flight, alt , pres alt, speed, course, vert_rate,   lat   ,    lon   , air_type, Ti
--------------------------------------------------------------------------------------------
151DD1,54, AFL1187 ,2825,   2825,   444,    328,   -1024,      0.000000,  0.000000, 9, 36


Hex , Squawk, Flight, alt , pres alt, speed, course, vert_rate,   lat   ,    lon   , air_type, Ti
--------------------------------------------------------------------------------------------
151DD1,54, AFL1187 ,2825,   2825,   444,    328,   -1024,      0.000000,  0.000000, 9, 36


Hex , Squawk, Flight, alt , pres alt, speed, course, vert_rate,   lat   ,    lon   , air_type, Ti
--------------------------------------------------------------------------------------------
151DD1,54, AFL1187 ,2825,   2825,   444,    328,   -1024,      0.000000,  0.000000, 9, 37


Hex , Squawk, Flight, alt , pres alt, speed, course, vert_rate,   lat   ,    lon   , air_type, Ti
--------------------------------------------------------------------------------------------
151DD1,54, AFL1187 ,2825,   2825,   444,    328,   -1024,      0.000000,  0.000000, 9, 37


Hex , Squawk, Flight, alt , pres alt, speed, course, vert_rate,   lat   ,    lon   , air_type, Ti
--------------------------------------------------------------------------------------------
151DD1,54, AFL1187 ,2825,   2825,   444,    328,   -1024,      0.000000,  0.000000, 9, 37


Hex , Squawk, Flight, alt , pres alt, speed, course, vert_rate,   lat   ,    lon   , air_type, Ti
--------------------------------------------------------------------------------------------
151DD1,54, AFL1187 ,2825,   2825,   444,    328,   -1024,      0.000000,  0.000000, 9, 37


Hex , Squawk, Flight, alt , pres alt, speed, course, vert_rate,   lat   ,    lon   , air_type, Ti
--------------------------------------------------------------------------------------------
151DD1,54, AFL1187 ,2825,   2825,   444,    328,   -1024,      0.000000,  0.000000, 9, 38


Hex , Squawk, Flight, alt , pres alt, speed, course, vert_rate,   lat   ,    lon   , air_type, Ti
--------------------------------------------------------------------------------------------
151DD1,54, AFL1187 ,2825,   2825,   444,    328,   -1024,      0.000000,  0.000000, 9, 38


Hex , Squawk, Flight, alt , pres alt, speed, course, vert_rate,   lat   ,    lon   , air_type, Ti
--------------------------------------------------------------------------------------------
151DD1,54, AFL1187 ,2825,   2825,   444,    328,   -1024,      0.000000,  0.000000, 9, 38


Hex , Squawk, Flight, alt , pres alt, speed, course, vert_rate,   lat   ,    lon   , air_type, Ti
--------------------------------------------------------------------------------------------
151DD1,54, AFL1187 ,2825,   2825,   444,    328,   -1024,      0.000000,  0.000000, 9, 38


Hex , Squawk, Flight, alt , pres alt, speed, course, vert_rate,   lat   ,    lon   , air_type, Ti
--------------------------------------------------------------------------------------------
151DD1,54, AFL1187 ,2825,   2825,   444,    328,   -1024,      0.000000,  0.000000, 9, 39


Hex , Squawk, Flight, alt , pres alt, speed, course, vert_rate,   lat   ,    lon   , air_type, Ti
--------------------------------------------------------------------------------------------
151DD1,54, AFL1187 ,2825,   2825,   444,    328,   -1024,      0.000000,  0.000000, 9, 39


Hex , Squawk, Flight, alt , pres alt, speed, course, vert_rate,   lat   ,    lon   , air_type, Ti
--------------------------------------------------------------------------------------------
151DD1,54, AFL1187 ,2825,   2825,   444,    328,   -1024,      0.000000,  0.000000, 9, 39


Hex , Squawk, Flight, alt , pres alt, speed, course, vert_rate,   lat   ,    lon   , air_type, Ti
--------------------------------------------------------------------------------------------
151DD1,54, AFL1187 ,2825,   2825,   444,    328,   -1024,      0.000000,  0.000000, 9, 39


Hex , Squawk, Flight, alt , pres alt, speed, course, vert_rate,   lat   ,    lon   , air_type, Ti
--------------------------------------------------------------------------------------------
151DD1,54, AFL1187 ,2825,   2825,   444,    328,   -1024,      0.000000,  0.000000, 9, 40


Hex , Squawk, Flight, alt , pres alt, speed, course, vert_rate,   lat   ,    lon   , air_type, Ti
--------------------------------------------------------------------------------------------
151DD1,54, AFL1187 ,2825,   2825,   444,    328,   -1024,      0.000000,  0.000000, 9, 40


Hex , Squawk, Flight, alt , pres alt, speed, course, vert_rate,   lat   ,    lon   , air_type, Ti
--------------------------------------------------------------------------------------------
151DD1,54, AFL1187 ,2825,   2825,   444,    328,   -1024,      0.000000,  0.000000, 9, 40


Hex , Squawk, Flight, alt , pres alt, speed, course, vert_rate,   lat   ,    lon   , air_type, Ti
--------------------------------------------------------------------------------------------
151DD1,54, AFL1187 ,2825,   2825,   444,    328,   -1024,      0.000000,  0.000000, 9, 41


Hex , Squawk, Flight, alt , pres alt, speed, course, vert_rate,   lat   ,    lon   , air_type, Ti
--------------------------------------------------------------------------------------------
151DD1,54, AFL1187 ,2825,   2825,   444,    328,   -1024,      0.000000,  0.000000, 9, 41


Hex , Squawk, Flight, alt , pres alt, speed, course, vert_rate,   lat   ,    lon   , air_type, Ti
--------------------------------------------------------------------------------------------
151DD1,54, AFL1187 ,2825,   2825,   444,    328,   -1024,      0.000000,  0.000000, 9, 41


Hex , Squawk, Flight, alt , pres alt, speed, course, vert_rate,   lat   ,    lon   , air_type, Ti
--------------------------------------------------------------------------------------------
151DD1,54, AFL1187 ,2825,   2825,   444,    328,   -1024,      0.000000,  0.000000, 9, 41


Hex , Squawk, Flight, alt , pres alt, speed, course, vert_rate,   lat   ,    lon   , air_type, Ti
--------------------------------------------------------------------------------------------
151DD1,54, AFL1187 ,2825,   2825,   444,    328,   -1024,      0.000000,  0.000000, 9, 42


Hex , Squawk, Flight, alt , pres alt, speed, course, vert_rate,   lat   ,    lon   , air_type, Ti
--------------------------------------------------------------------------------------------
151DD1,54, AFL1187 ,2825,   2825,   444,    328,   -1024,      0.000000,  0.000000, 9, 42


Hex , Squawk, Flight, alt , pres alt, speed, course, vert_rate,   lat   ,    lon   , air_type, Ti
--------------------------------------------------------------------------------------------
151DD1,54, AFL1187 ,2825,   2825,   444,    328,   -1024,      0.000000,  0.000000, 9, 42


Hex , Squawk, Flight, alt , pres alt, speed, course, vert_rate,   lat   ,    lon   , air_type, Ti
--------------------------------------------------------------------------------------------
151DD1,54, AFL1187 ,2825,   2825,   444,    328,   -1024,      0.000000,  0.000000, 9, 42


Hex , Squawk, Flight, alt , pres alt, speed, course, vert_rate,   lat   ,    lon   , air_type, Ti
--------------------------------------------------------------------------------------------
151DD1,54, AFL1187 ,2825,   2825,   444,    328,   -1024,      0.000000,  0.000000, 9, 43


Hex , Squawk, Flight, alt , pres alt, speed, course, vert_rate,   lat   ,    lon   , air_type, Ti
--------------------------------------------------------------------------------------------
151DD1,54, AFL1187 ,2825,   2825,   444,    328,   -1024,      0.000000,  0.000000, 9, 43


Hex , Squawk, Flight, alt , pres alt, speed, course, vert_rate,   lat   ,    lon   , air_type, Ti
--------------------------------------------------------------------------------------------
151DD1,54, AFL1187 ,2825,   2825,   444,    328,   -1024,      0.000000,  0.000000, 9, 43


Hex , Squawk, Flight, alt , pres alt, speed, course, vert_rate,   lat   ,    lon   , air_type, Ti
--------------------------------------------------------------------------------------------
151DD1,54, AFL1187 ,2825,   2825,   444,    328,   -1024,      0.000000,  0.000000, 9, 43


Hex , Squawk, Flight, alt , pres alt, speed, course, vert_rate,   lat   ,    lon   , air_type, Ti
--------------------------------------------------------------------------------------------
151DD1,54, AFL1187 ,2825,   2825,   444,    328,   -1024,      0.000000,  0.000000, 9, 44


Hex , Squawk, Flight, alt , pres alt, speed, course, vert_rate,   lat   ,    lon   , air_type, Ti
--------------------------------------------------------------------------------------------
151DD1,54, AFL1187 ,2825,   2825,   444,    328,   -1024,      0.000000,  0.000000, 9, 44


Hex , Squawk, Flight, alt , pres alt, speed, course, vert_rate,   lat   ,    lon   , air_type, Ti
--------------------------------------------------------------------------------------------
151DD1,54, AFL1187 ,2825,   2825,   444,    328,   -1024,      0.000000,  0.000000, 9, 44


Hex , Squawk, Flight, alt , pres alt, speed, course, vert_rate,   lat   ,    lon   , air_type, Ti
--------------------------------------------------------------------------------------------
151DD1,54, AFL1187 ,2825,   2825,   444,    328,   -1024,      0.000000,  0.000000, 9, 44


Hex , Squawk, Flight, alt , pres alt, speed, course, vert_rate,   lat   ,    lon   , air_type, Ti
--------------------------------------------------------------------------------------------
151DD1,54, AFL1187 ,2825,   2825,   444,    328,   -1024,      0.000000,  0.000000, 9, 45


Hex , Squawk, Flight, alt , pres alt, speed, course, vert_rate,   lat   ,    lon   , air_type, Ti
--------------------------------------------------------------------------------------------
15203A,0,         ,0,   0,   0,    0,   0,      0.000000,  0.000000, 9, 0


Hex , Squawk, Flight, alt , pres alt, speed, course, vert_rate,   lat   ,    lon   , air_type, Ti
--------------------------------------------------------------------------------------------
151DD1,54, AFL1187 ,2825,   2825,   444,    328,   -1024,      0.000000,  0.000000, 9, 45


Hex , Squawk, Flight, alt , pres alt, speed, course, vert_rate,   lat   ,    lon   , air_type, Ti
--------------------------------------------------------------------------------------------
15203A,0,         ,0,   0,   0,    0,   0,      0.000000,  0.000000, 9, 0


Hex , Squawk, Flight, alt , pres alt, speed, course, vert_rate,   lat   ,    lon   , air_type, Ti
--------------------------------------------------------------------------------------------
151DD1,54, AFL1187 ,2825,   2825,   444,    328,   -1024,      0.000000,  0.000000, 9, 45


Hex , Squawk, Flight, alt , pres alt, speed, course, vert_rate,   lat   ,    lon   , air_type, Ti
--------------------------------------------------------------------------------------------
15203A,0,         ,0,   0,   0,    0,   0,      0.000000,  0.000000, 9, 1


Hex , Squawk, Flight, alt , pres alt, speed, course, vert_rate,   lat   ,    lon   , air_type, Ti
--------------------------------------------------------------------------------------------
151DD1,54, AFL1187 ,2825,   2825,   444,    328,   -1024,      0.000000,  0.000000, 9, 46


Hex , Squawk, Flight, alt , pres alt, speed, course, vert_rate,   lat   ,    lon   , air_type, Ti
--------------------------------------------------------------------------------------------
15203A,0,         ,0,   0,   0,    0,   0,      0.000000,  0.000000, 9, 0


Hex , Squawk, Flight, alt , pres alt, speed, course, vert_rate,   lat   ,    lon   , air_type, Ti
--------------------------------------------------------------------------------------------
151DD1,54, AFL1187 ,2825,   2825,   444,    328,   -1024,      0.000000,  0.000000, 9, 46


Hex , Squawk, Flight, alt , pres alt, speed, course, vert_rate,   lat   ,    lon   , air_type, Ti
--------------------------------------------------------------------------------------------
15203A,0,         ,0,   0,   0,    0,   0,      0.000000,  0.000000, 9, 0


Hex , Squawk, Flight, alt , pres alt, speed, course, vert_rate,   lat   ,    lon   , air_type, Ti
--------------------------------------------------------------------------------------------
151DD1,54, AFL1187 ,2825,   2825,   444,    328,   -1024,      0.000000,  0.000000, 9, 46


Hex , Squawk, Flight, alt , pres alt, speed, course, vert_rate,   lat   ,    lon   , air_type, Ti
--------------------------------------------------------------------------------------------
15203A,0,         ,0,   0,   0,    0,   0,      0.000000,  0.000000, 9, 0


Hex , Squawk, Flight, alt , pres alt, speed, course, vert_rate,   lat   ,    lon   , air_type, Ti
--------------------------------------------------------------------------------------------
151DD1,54, AFL1187 ,2825,   2825,   444,    328,   -1024,      0.000000,  0.000000, 9, 46


Hex , Squawk, Flight, alt , pres alt, speed, course, vert_rate,   lat   ,    lon   , air_type, Ti
--------------------------------------------------------------------------------------------
15203A,0,         ,0,   0,   0,    0,   0,      0.000000,  0.000000, 9, 1


Hex , Squawk, Flight, alt , pres alt, speed, course, vert_rate,   lat   ,    lon   , air_type, Ti
--------------------------------------------------------------------------------------------
151DD1,54, AFL1187 ,2825,   2825,   444,    328,   -1024,      0.000000,  0.000000, 9, 47


Hex , Squawk, Flight, alt , pres alt, speed, course, vert_rate,   lat   ,    lon   , air_type, Ti
--------------------------------------------------------------------------------------------
15203A,0,         ,0,   0,   0,    0,   0,      0.000000,  0.000000, 9, 1


Hex , Squawk, Flight, alt , pres alt, speed, course, vert_rate,   lat   ,    lon   , air_type, Ti
--------------------------------------------------------------------------------------------
151DD1,54, AFL1187 ,2825,   2825,   444,    328,   -1024,      0.000000,  0.000000, 9, 47


Hex , Squawk, Flight, alt , pres alt, speed, course, vert_rate,   lat   ,    lon   , air_type, Ti
--------------------------------------------------------------------------------------------
15203A,0,         ,0,   0,   0,    0,   0,      0.000000,  0.000000, 9, 1


Hex , Squawk, Flight, alt , pres alt, speed, course, vert_rate,   lat   ,    lon   , air_type, Ti
--------------------------------------------------------------------------------------------
151DD1,54, AFL1187 ,2825,   2825,   444,    328,   -1024,      0.000000,  0.000000, 9, 47


Hex , Squawk, Flight, alt , pres alt, speed, course, vert_rate,   lat   ,    lon   , air_type, Ti
--------------------------------------------------------------------------------------------
15203A,0,         ,0,   0,   0,    0,   0,      0.000000,  0.000000, 9, 1


Hex , Squawk, Flight, alt , pres alt, speed, course, vert_rate,   lat   ,    lon   , air_type, Ti
--------------------------------------------------------------------------------------------
151DD1,54, AFL1187 ,2825,   2825,   444,    328,   -1024,      0.000000,  0.000000, 9, 47


Hex , Squawk, Flight, alt , pres alt, speed, course, vert_rate,   lat   ,    lon   , air_type, Ti
--------------------------------------------------------------------------------------------
15203A,0,         ,0,   0,   0,    0,   0,      0.000000,  0.000000, 9, 2


Hex , Squawk, Flight, alt , pres alt, speed, course, vert_rate,   lat   ,    lon   , air_type, Ti
--------------------------------------------------------------------------------------------
151DD1,54, AFL1187 ,2825,   2825,   444,    328,   -1024,      0.000000,  0.000000, 9, 48


Hex , Squawk, Flight, alt , pres alt, speed, course, vert_rate,   lat   ,    lon   , air_type, Ti
--------------------------------------------------------------------------------------------
15203A,0,         ,0,   0,   0,    0,   0,      0.000000,  0.000000, 9, 0


Hex , Squawk, Flight, alt , pres alt, speed, course, vert_rate,   lat   ,    lon   , air_type, Ti
--------------------------------------------------------------------------------------------
151DD1,54, AFL1187 ,2825,   2825,   444,    328,   -1024,      0.000000,  0.000000, 9, 48


Hex , Squawk, Flight, alt , pres alt, speed, course, vert_rate,   lat   ,    lon   , air_type, Ti
--------------------------------------------------------------------------------------------
15203A,0,         ,0,   0,   0,    0,   0,      0.000000,  0.000000, 9, 0


Hex , Squawk, Flight, alt , pres alt, speed, course, vert_rate,   lat   ,    lon   , air_type, Ti
--------------------------------------------------------------------------------------------
151DD1,54, AFL1187 ,2825,   2825,   444,    328,   -1024,      0.000000,  0.000000, 9, 48


Hex , Squawk, Flight, alt , pres alt, speed, course, vert_rate,   lat   ,    lon   , air_type, Ti
--------------------------------------------------------------------------------------------
15203A,0,         ,0,   0,   0,    0,   0,      0.000000,  0.000000, 9, 0


Hex , Squawk, Flight, alt , pres alt, speed, course, vert_rate,   lat   ,    lon   , air_type, Ti
--------------------------------------------------------------------------------------------
151DD1,54, AFL1187 ,2825,   2825,   444,    328,   -1024,      0.000000,  0.000000, 9, 48


Hex , Squawk, Flight, alt , pres alt, speed, course, vert_rate,   lat   ,    lon   , air_type, Ti
--------------------------------------------------------------------------------------------
15203A,0,         ,0,   0,   0,    0,   0,      0.000000,  0.000000, 9, 1


Hex , Squawk, Flight, alt , pres alt, speed, course, vert_rate,   lat   ,    lon   , air_type, Ti
--------------------------------------------------------------------------------------------
151DD1,54, AFL1187 ,2825,   2825,   444,    328,   -1024,      0.000000,  0.000000, 9, 49


Hex , Squawk, Flight, alt , pres alt, speed, course, vert_rate,   lat   ,    lon   , air_type, Ti
--------------------------------------------------------------------------------------------
15203A,0,         ,0,   0,   0,    0,   0,      0.000000,  0.000000, 9, 0


Hex , Squawk, Flight, alt , pres alt, speed, course, vert_rate,   lat   ,    lon   , air_type, Ti
--------------------------------------------------------------------------------------------
151DD1,54, AFL1187 ,2825,   2825,   444,    328,   -1024,      0.000000,  0.000000, 9, 49


Hex , Squawk, Flight, alt , pres alt, speed, course, vert_rate,   lat   ,    lon   , air_type, Ti
--------------------------------------------------------------------------------------------
15203A,0,         ,0,   0,   0,    0,   0,      0.000000,  0.000000, 9, 0


Hex , Squawk, Flight, alt , pres alt, speed, course, vert_rate,   lat   ,    lon   , air_type, Ti
--------------------------------------------------------------------------------------------
151DD1,54, AFL1187 ,2825,   2825,   444,    328,   -1024,      0.000000,  0.000000, 9, 49


Hex , Squawk, Flight, alt , pres alt, speed, course, vert_rate,   lat   ,    lon   , air_type, Ti
--------------------------------------------------------------------------------------------
15203A,0,         ,982,   982,   0,    0,   0,      0.000000,  0.000000, 9, 0


Hex , Squawk, Flight, alt , pres alt, speed, course, vert_rate,   lat   ,    lon   , air_type, Ti
--------------------------------------------------------------------------------------------
151DD1,54, AFL1187 ,2825,   2825,   444,    328,   -1024,      0.000000,  0.000000, 9, 49


Hex , Squawk, Flight, alt , pres alt, speed, course, vert_rate,   lat   ,    lon   , air_type, Ti
--------------------------------------------------------------------------------------------
15203A,0,         ,982,   982,   0,    0,   0,      0.000000,  0.000000, 9, 0


Hex , Squawk, Flight, alt , pres alt, speed, course, vert_rate,   lat   ,    lon   , air_type, Ti
--------------------------------------------------------------------------------------------
151DD1,54, AFL1187 ,2825,   2825,   444,    328,   -1024,      0.000000,  0.000000, 9, 50


Hex , Squawk, Flight, alt , pres alt, speed, course, vert_rate,   lat   ,    lon   , air_type, Ti
--------------------------------------------------------------------------------------------
15203A,0,         ,982,   982,   0,    0,   0,      0.000000,  0.000000, 9, 0


Hex , Squawk, Flight, alt , pres alt, speed, course, vert_rate,   lat   ,    lon   , air_type, Ti
--------------------------------------------------------------------------------------------
151DD1,54, AFL1187 ,2825,   2825,   444,    328,   -1024,      0.000000,  0.000000, 9, 50


Hex , Squawk, Flight, alt , pres alt, speed, course, vert_rate,   lat   ,    lon   , air_type, Ti
--------------------------------------------------------------------------------------------
15203A,0,         ,982,   982,   0,    0,   0,      0.000000,  0.000000, 9, 0


Hex , Squawk, Flight, alt , pres alt, speed, course, vert_rate,   lat   ,    lon   , air_type, Ti
--------------------------------------------------------------------------------------------
151DD1,54, AFL1187 ,2825,   2825,   444,    328,   -1024,      0.000000,  0.000000, 9, 50


Hex , Squawk, Flight, alt , pres alt, speed, course, vert_rate,   lat   ,    lon   , air_type, Ti
--------------------------------------------------------------------------------------------
15203A,2764, AFL224  ,997,   997,   0,    0,   0,      0.000000,  0.000000, 9, 0


Hex , Squawk, Flight, alt , pres alt, speed, course, vert_rate,   lat   ,    lon   , air_type, Ti
--------------------------------------------------------------------------------------------
151DD1,54, AFL1187 ,2825,   2825,   444,    328,   -1024,      0.000000,  0.000000, 9, 50


Hex , Squawk, Flight, alt , pres alt, speed, course, vert_rate,   lat   ,    lon   , air_type, Ti
--------------------------------------------------------------------------------------------
15203A,2764, AFL224  ,997,   997,   0,    0,   0,      0.000000,  0.000000, 9, 0


Hex , Squawk, Flight, alt , pres alt, speed, course, vert_rate,   lat   ,    lon   , air_type, Ti
--------------------------------------------------------------------------------------------
151DD1,54, AFL1187 ,2825,   2825,   444,    328,   -1024,      0.000000,  0.000000, 9, 51


Hex , Squawk, Flight, alt , pres alt, speed, course, vert_rate,   lat   ,    lon   , air_type, Ti
--------------------------------------------------------------------------------------------
15203A,2764, AFL224  ,997,   997,   0,    0,   0,      0.000000,  0.000000, 9, 0


Hex , Squawk, Flight, alt , pres alt, speed, course, vert_rate,   lat   ,    lon   , air_type, Ti
--------------------------------------------------------------------------------------------
151DD1,54, AFL1187 ,2825,   2825,   444,    328,   -1024,      0.000000,  0.000000, 9, 51


Hex , Squawk, Flight, alt , pres alt, speed, course, vert_rate,   lat   ,    lon   , air_type, Ti
--------------------------------------------------------------------------------------------
15203A,2764, AFL224  ,997,   997,   0,    0,   0,      0.000000,  0.000000, 9, 0


Hex , Squawk, Flight, alt , pres alt, speed, course, vert_rate,   lat   ,    lon   , air_type, Ti
--------------------------------------------------------------------------------------------
151DD1,54, AFL1187 ,2825,   2825,   444,    328,   -1024,      0.000000,  0.000000, 9, 51


Hex , Squawk, Flight, alt , pres alt, speed, course, vert_rate,   lat   ,    lon   , air_type, Ti
--------------------------------------------------------------------------------------------
15203A,2764, AFL224  ,997,   997,   333,    257,   1344,      0.000000,  0.000000, 9, 0


Hex , Squawk, Flight, alt , pres alt, speed, course, vert_rate,   lat   ,    lon   , air_type, Ti
--------------------------------------------------------------------------------------------
151DD1,54, AFL1187 ,2825,   2825,   444,    328,   -1024,      0.000000,  0.000000, 9, 52


Hex , Squawk, Flight, alt , pres alt, speed, course, vert_rate,   lat   ,    lon   , air_type, Ti
--------------------------------------------------------------------------------------------
15203A,2764, AFL224  ,1005,   1005,   333,    257,   1344,      0.000000,  0.000000, 9, 0


Hex , Squawk, Flight, alt , pres alt, speed, course, vert_rate,   lat   ,    lon   , air_type, Ti
--------------------------------------------------------------------------------------------
151DD1,54, AFL1187 ,2825,   2825,   444,    328,   -1024,      0.000000,  0.000000, 9, 52


Hex , Squawk, Flight, alt , pres alt, speed, course, vert_rate,   lat   ,    lon   , air_type, Ti
--------------------------------------------------------------------------------------------
15203A,2764, AFL224  ,1005,   1005,   333,    257,   1344,      0.000000,  0.000000, 9, 0


Hex , Squawk, Flight, alt , pres alt, speed, course, vert_rate,   lat   ,    lon   , air_type, Ti
--------------------------------------------------------------------------------------------
151DD1,54, AFL1187 ,2825,   2825,   444,    328,   -1024,      0.000000,  0.000000, 9, 52


Hex , Squawk, Flight, alt , pres alt, speed, course, vert_rate,   lat   ,    lon   , air_type, Ti
--------------------------------------------------------------------------------------------
15203A,2764, AFL224  ,1005,   1005,   333,    257,   1344,      0.000000,  0.000000, 9, 0


Hex , Squawk, Flight, alt , pres alt, speed, course, vert_rate,   lat   ,    lon   , air_type, Ti
--------------------------------------------------------------------------------------------
151DD1,54, AFL1187 ,2825,   2825,   444,    328,   -1024,      0.000000,  0.000000, 9, 52


Hex , Squawk, Flight, alt , pres alt, speed, course, vert_rate,   lat   ,    lon   , air_type, Ti
--------------------------------------------------------------------------------------------
15203A,2764, AFL224  ,1005,   1005,   333,    257,   1344,      0.000000,  0.000000, 9, 1


Hex , Squawk, Flight, alt , pres alt, speed, course, vert_rate,   lat   ,    lon   , air_type, Ti
--------------------------------------------------------------------------------------------
151DD1,54, AFL1187 ,2825,   2825,   444,    328,   -1024,      0.000000,  0.000000, 9, 53


Hex , Squawk, Flight, alt , pres alt, speed, course, vert_rate,   lat   ,    lon   , air_type, Ti
--------------------------------------------------------------------------------------------
15203A,2764, AFL224  ,1005,   1005,   333,    257,   1344,      0.000000,  0.000000, 9, 1


Hex , Squawk, Flight, alt , pres alt, speed, course, vert_rate,   lat   ,    lon   , air_type, Ti
--------------------------------------------------------------------------------------------
151DD1,54, AFL1187 ,2825,   2825,   444,    328,   -1024,      0.000000,  0.000000, 9, 53


Hex , Squawk, Flight, alt , pres alt, speed, course, vert_rate,   lat   ,    lon   , air_type, Ti
--------------------------------------------------------------------------------------------
15203A,2764, AFL224  ,1005,   1005,   333,    257,   1344,      0.000000,  0.000000, 9, 1


Hex , Squawk, Flight, alt , pres alt, speed, course, vert_rate,   lat   ,    lon   , air_type, Ti
--------------------------------------------------------------------------------------------
151DD1,54, AFL1187 ,2825,   2825,   444,    328,   -1024,      0.000000,  0.000000, 9, 53


Hex , Squawk, Flight, alt , pres alt, speed, course, vert_rate,   lat   ,    lon   , air_type, Ti
--------------------------------------------------------------------------------------------
15203A,2764, AFL224  ,1005,   1005,   333,    257,   1344,      0.000000,  0.000000, 9, 0


Hex , Squawk, Flight, alt , pres alt, speed, course, vert_rate,   lat   ,    lon   , air_type, Ti
--------------------------------------------------------------------------------------------
151DD1,54, AFL1187 ,2825,   2825,   444,    328,   -1024,      0.000000,  0.000000, 9, 53


Hex , Squawk, Flight, alt , pres alt, speed, course, vert_rate,   lat   ,    lon   , air_type, Ti
--------------------------------------------------------------------------------------------
15203A,2764, AFL224  ,1005,   1005,   333,    257,   1344,      0.000000,  0.000000, 9, 0


Hex , Squawk, Flight, alt , pres alt, speed, course, vert_rate,   lat   ,    lon   , air_type, Ti
--------------------------------------------------------------------------------------------
151DD1,54, AFL1187 ,2825,   2825,   444,    328,   -1024,      0.000000,  0.000000, 9, 54


Hex , Squawk, Flight, alt , pres alt, speed, course, vert_rate,   lat   ,    lon   , air_type, Ti
--------------------------------------------------------------------------------------------
15203A,2764, AFL224  ,1005,   1005,   333,    257,   1344,      0.000000,  0.000000, 9, 0


Hex , Squawk, Flight, alt , pres alt, speed, course, vert_rate,   lat   ,    lon   , air_type, Ti
--------------------------------------------------------------------------------------------
151DD1,54, AFL1187 ,2825,   2825,   444,    328,   -1024,      0.000000,  0.000000, 9, 54


Hex , Squawk, Flight, alt , pres alt, speed, course, vert_rate,   lat   ,    lon   , air_type, Ti
--------------------------------------------------------------------------------------------
15203A,2764, AFL224  ,1020,   1020,   333,    257,   1344,      0.000000,  0.000000, 9, 0


Hex , Squawk, Flight, alt , pres alt, speed, course, vert_rate,   lat   ,    lon   , air_type, Ti
--------------------------------------------------------------------------------------------
151DD1,54, AFL1187 ,2825,   2825,   444,    328,   -1024,      0.000000,  0.000000, 9, 54


Hex , Squawk, Flight, alt , pres alt, speed, course, vert_rate,   lat   ,    lon   , air_type, Ti
--------------------------------------------------------------------------------------------
15203A,2764, AFL224  ,1020,   1020,   333,    257,   1344,      0.000000,  0.000000, 9, 0


Hex , Squawk, Flight, alt , pres alt, speed, course, vert_rate,   lat   ,    lon   , air_type, Ti
--------------------------------------------------------------------------------------------
151DD1,54, AFL1187 ,2825,   2825,   444,    328,   -1024,      0.000000,  0.000000, 9, 54


Hex , Squawk, Flight, alt , pres alt, speed, course, vert_rate,   lat   ,    lon   , air_type, Ti
--------------------------------------------------------------------------------------------
15203A,2764, AFL224  ,1020,   1020,   333,    257,   1344,      0.000000,  0.000000, 9, 0


Hex , Squawk, Flight, alt , pres alt, speed, course, vert_rate,   lat   ,    lon   , air_type, Ti
--------------------------------------------------------------------------------------------
15203A,2764, AFL224  ,1020,   1020,   333,    257,   1344,      0.000000,  0.000000, 9, 0


Hex , Squawk, Flight, alt , pres alt, speed, course, vert_rate,   lat   ,    lon   , air_type, Ti
--------------------------------------------------------------------------------------------
15203A,2764, AFL224  ,1020,   1020,   333,    257,   1344,      0.000000,  0.000000, 9, 0


Hex , Squawk, Flight, alt , pres alt, speed, course, vert_rate,   lat   ,    lon   , air_type, Ti
--------------------------------------------------------------------------------------------
15203A,2764, AFL224  ,1020,   1020,   333,    257,   1344,      0.000000,  0.000000, 9, 0


Hex , Squawk, Flight, alt , pres alt, speed, course, vert_rate,   lat   ,    lon   , air_type, Ti
--------------------------------------------------------------------------------------------
15203A,2764, AFL224  ,1020,   1020,   333,    257,   1344,      0.000000,  0.000000, 9, 0


Hex , Squawk, Flight, alt , pres alt, speed, course, vert_rate,   lat   ,    lon   , air_type, Ti
--------------------------------------------------------------------------------------------
15203A,2764, AFL224  ,1028,   1028,   333,    257,   1344,      0.000000,  0.000000, 9, 0


Hex , Squawk, Flight, alt , pres alt, speed, course, vert_rate,   lat   ,    lon   , air_type, Ti
--------------------------------------------------------------------------------------------
15203A,2764, AFL224  ,1028,   1028,   333,    257,   1344,      0.000000,  0.000000, 9, 0


Hex , Squawk, Flight, alt , pres alt, speed, course, vert_rate,   lat   ,    lon   , air_type, Ti
--------------------------------------------------------------------------------------------
15203A,2764, AFL224  ,1035,   1035,   333,    257,   1344,      0.000000,  0.000000, 9, 0


Hex , Squawk, Flight, alt , pres alt, speed, course, vert_rate,   lat   ,    lon   , air_type, Ti
--------------------------------------------------------------------------------------------
15203A,2764, AFL224  ,1035,   1035,   333,    257,   1344,      0.000000,  0.000000, 9, 0


Hex , Squawk, Flight, alt , pres alt, speed, course, vert_rate,   lat   ,    lon   , air_type, Ti
--------------------------------------------------------------------------------------------
15203A,2764, AFL224  ,1035,   1035,   333,    257,   1344,      0.000000,  0.000000, 9, 0


Hex , Squawk, Flight, alt , pres alt, speed, course, vert_rate,   lat   ,    lon   , air_type, Ti
--------------------------------------------------------------------------------------------
15203A,2764, AFL224  ,1043,   1043,   333,    257,   1344,      0.000000,  0.000000, 9, 0


Hex , Squawk, Flight, alt , pres alt, speed, course, vert_rate,   lat   ,    lon   , air_type, Ti
--------------------------------------------------------------------------------------------
15203A,2764, AFL224  ,1043,   1043,   333,    257,   1344,      0.000000,  0.000000, 9, 0


Hex , Squawk, Flight, alt , pres alt, speed, course, vert_rate,   lat   ,    lon   , air_type, Ti
--------------------------------------------------------------------------------------------
15203A,2764, AFL224  ,1043,   1043,   333,    257,   1344,      0.000000,  0.000000, 9, 0


Hex , Squawk, Flight, alt , pres alt, speed, course, vert_rate,   lat   ,    lon   , air_type, Ti
--------------------------------------------------------------------------------------------
15203A,2764, AFL224  ,1043,   1043,   333,    257,   1344,      0.000000,  0.000000, 9, 0


Hex , Squawk, Flight, alt , pres alt, speed, course, vert_rate,   lat   ,    lon   , air_type, Ti
--------------------------------------------------------------------------------------------
15203A,2764, AFL224  ,1043,   1043,   333,    257,   1344,      0.000000,  0.000000, 9, 0


Hex , Squawk, Flight, alt , pres alt, speed, course, vert_rate,   lat   ,    lon   , air_type, Ti
--------------------------------------------------------------------------------------------
15203A,2764, AFL224  ,1043,   1043,   333,    257,   1344,      0.000000,  0.000000, 9, 0


Hex , Squawk, Flight, alt , pres alt, speed, course, vert_rate,   lat   ,    lon   , air_type, Ti
--------------------------------------------------------------------------------------------
15203A,2764, AFL224  ,1050,   1050,   333,    257,   1344,      0.000000,  0.000000, 9, 0


Hex , Squawk, Flight, alt , pres alt, speed, course, vert_rate,   lat   ,    lon   , air_type, Ti
--------------------------------------------------------------------------------------------
15203A,2764, AFL224  ,1050,   1050,   333,    257,   1344,      0.000000,  0.000000, 9, 0


Hex , Squawk, Flight, alt , pres alt, speed, course, vert_rate,   lat   ,    lon   , air_type, Ti
--------------------------------------------------------------------------------------------
15203A,2764, AFL224  ,1050,   1050,   333,    257,   1344,      0.000000,  0.000000, 9, 0


Hex , Squawk, Flight, alt , pres alt, speed, course, vert_rate,   lat   ,    lon   , air_type, Ti
--------------------------------------------------------------------------------------------
15203A,2764, AFL224  ,1058,   1058,   333,    257,   1344,      0.000000,  0.000000, 9, 0


Hex , Squawk, Flight, alt , pres alt, speed, course, vert_rate,   lat   ,    lon   , air_type, Ti
--------------------------------------------------------------------------------------------
15203A,2764, AFL224  ,1058,   1058,   333,    257,   1344,      0.000000,  0.000000, 9, 0


Hex , Squawk, Flight, alt , pres alt, speed, course, vert_rate,   lat   ,    lon   , air_type, Ti
--------------------------------------------------------------------------------------------
15203A,2764, AFL224  ,1058,   1058,   333,    257,   1344,      0.000000,  0.000000, 9, 0


Hex , Squawk, Flight, alt , pres alt, speed, course, vert_rate,   lat   ,    lon   , air_type, Ti
--------------------------------------------------------------------------------------------
15203A,2764, AFL224  ,1058,   1058,   333,    257,   1344,      0.000000,  0.000000, 9, 0


Hex , Squawk, Flight, alt , pres alt, speed, course, vert_rate,   lat   ,    lon   , air_type, Ti
--------------------------------------------------------------------------------------------
15203A,2764, AFL224  ,1058,   1058,   333,    257,   1344,      0.000000,  0.000000, 9, 0


Hex , Squawk, Flight, alt , pres alt, speed, course, vert_rate,   lat   ,    lon   , air_type, Ti
--------------------------------------------------------------------------------------------
15203A,2764, AFL224  ,1058,   1058,   333,    257,   1344,      0.000000,  0.000000, 9, 0


Hex , Squawk, Flight, alt , pres alt, speed, course, vert_rate,   lat   ,    lon   , air_type, Ti
--------------------------------------------------------------------------------------------
15203A,2764, AFL224  ,1066,   1066,   333,    257,   1344,      0.000000,  0.000000, 9, 0


Hex , Squawk, Flight, alt , pres alt, speed, course, vert_rate,   lat   ,    lon   , air_type, Ti
--------------------------------------------------------------------------------------------
15203A,2764, AFL224  ,1066,   1066,   333,    257,   1344,      0.000000,  0.000000, 9, 0


Hex , Squawk, Flight, alt , pres alt, speed, course, vert_rate,   lat   ,    lon   , air_type, Ti
--------------------------------------------------------------------------------------------
15203A,2764, AFL224  ,1066,   1066,   333,    257,   1344,      0.000000,  0.000000, 9, 0


Hex , Squawk, Flight, alt , pres alt, speed, course, vert_rate,   lat   ,    lon   , air_type, Ti
--------------------------------------------------------------------------------------------
15203A,2764, AFL224  ,1066,   1066,   333,    257,   1344,      0.000000,  0.000000, 9, 0


Hex , Squawk, Flight, alt , pres alt, speed, course, vert_rate,   lat   ,    lon   , air_type, Ti
--------------------------------------------------------------------------------------------
15203A,2764, AFL224  ,1066,   1066,   333,    257,   1344,      0.000000,  0.000000, 9, 0


Hex , Squawk, Flight, alt , pres alt, speed, course, vert_rate,   lat   ,    lon   , air_type, Ti
--------------------------------------------------------------------------------------------
15203A,2764, AFL224  ,1066,   1066,   333,    257,   1344,      0.000000,  0.000000, 9, 1


Hex , Squawk, Flight, alt , pres alt, speed, course, vert_rate,   lat   ,    lon   , air_type, Ti
--------------------------------------------------------------------------------------------
15203A,2764, AFL224  ,1066,   1066,   333,    257,   1344,      0.000000,  0.000000, 9, 1


Hex , Squawk, Flight, alt , pres alt, speed, course, vert_rate,   lat   ,    lon   , air_type, Ti
--------------------------------------------------------------------------------------------
15203A,2764, AFL224  ,1066,   1066,   333,    257,   1344,      0.000000,  0.000000, 9, 1


Hex , Squawk, Flight, alt , pres alt, speed, course, vert_rate,   lat   ,    lon   , air_type, Ti
--------------------------------------------------------------------------------------------
15203A,2764, AFL224  ,1066,   1066,   333,    257,   1344,      0.000000,  0.000000, 9, 1


Hex , Squawk, Flight, alt , pres alt, speed, course, vert_rate,   lat   ,    lon   , air_type, Ti
--------------------------------------------------------------------------------------------
15203A,2764, AFL224  ,1066,   1066,   333,    257,   1344,      0.000000,  0.000000, 9, 2


Hex , Squawk, Flight, alt , pres alt, speed, course, vert_rate,   lat   ,    lon   , air_type, Ti
--------------------------------------------------------------------------------------------
15203A,2764, AFL224  ,1066,   1066,   333,    257,   1344,      0.000000,  0.000000, 9, 0


Hex , Squawk, Flight, alt , pres alt, speed, course, vert_rate,   lat   ,    lon   , air_type, Ti
--------------------------------------------------------------------------------------------
15203A,2764, AFL224  ,1066,   1066,   333,    257,   1344,      0.000000,  0.000000, 9, 0


Hex , Squawk, Flight, alt , pres alt, speed, course, vert_rate,   lat   ,    lon   , air_type, Ti
--------------------------------------------------------------------------------------------
15203A,2764, AFL224  ,1089,   1089,   333,    257,   1344,      0.000000,  0.000000, 9, 0


Hex , Squawk, Flight, alt , pres alt, speed, course, vert_rate,   lat   ,    lon   , air_type, Ti
--------------------------------------------------------------------------------------------
15203A,2764, AFL224  ,1089,   1089,   333,    257,   1344,      0.000000,  0.000000, 9, 1


Hex , Squawk, Flight, alt , pres alt, speed, course, vert_rate,   lat   ,    lon   , air_type, Ti
--------------------------------------------------------------------------------------------
15203A,2764, AFL224  ,1089,   1089,   333,    257,   1344,      0.000000,  0.000000, 9, 0


Hex , Squawk, Flight, alt , pres alt, speed, course, vert_rate,   lat   ,    lon   , air_type, Ti
--------------------------------------------------------------------------------------------
15203A,2764, AFL224  ,1089,   1089,   333,    257,   1344,      0.000000,  0.000000, 9, 0


Hex , Squawk, Flight, alt , pres alt, speed, course, vert_rate,   lat   ,    lon   , air_type, Ti
--------------------------------------------------------------------------------------------
15203A,2764, AFL224  ,1096,   1096,   333,    257,   1344,      0.000000,  0.000000, 9, 0


Hex , Squawk, Flight, alt , pres alt, speed, course, vert_rate,   lat   ,    lon   , air_type, Ti
--------------------------------------------------------------------------------------------
15203A,2764, AFL224  ,1096,   1096,   333,    257,   1344,      0.000000,  0.000000, 9, 0


Hex , Squawk, Flight, alt , pres alt, speed, course, vert_rate,   lat   ,    lon   , air_type, Ti
--------------------------------------------------------------------------------------------
15203A,2764, AFL224  ,1096,   1096,   333,    257,   1344,      0.000000,  0.000000, 9, 0


Hex , Squawk, Flight, alt , pres alt, speed, course, vert_rate,   lat   ,    lon   , air_type, Ti
--------------------------------------------------------------------------------------------
15203A,2764, AFL224  ,1096,   1096,   333,    257,   1344,      0.000000,  0.000000, 9, 0


Hex , Squawk, Flight, alt , pres alt, speed, course, vert_rate,   lat   ,    lon   , air_type, Ti
--------------------------------------------------------------------------------------------
15203A,2764, AFL224  ,1096,   1096,   333,    257,   1344,      0.000000,  0.000000, 9, 0


Hex , Squawk, Flight, alt , pres alt, speed, course, vert_rate,   lat   ,    lon   , air_type, Ti
--------------------------------------------------------------------------------------------
15203A,2764, AFL224  ,1096,   1096,   333,    257,   1344,      0.000000,  0.000000, 9, 0


Hex , Squawk, Flight, alt , pres alt, speed, course, vert_rate,   lat   ,    lon   , air_type, Ti
--------------------------------------------------------------------------------------------
15203A,2764, AFL224  ,1104,   1104,   333,    257,   1344,      0.000000,  0.000000, 9, 0


Hex , Squawk, Flight, alt , pres alt, speed, course, vert_rate,   lat   ,    lon   , air_type, Ti
--------------------------------------------------------------------------------------------
15203A,2764, AFL224  ,1104,   1104,   333,    257,   1344,      0.000000,  0.000000, 9, 0


Hex , Squawk, Flight, alt , pres alt, speed, course, vert_rate,   lat   ,    lon   , air_type, Ti
--------------------------------------------------------------------------------------------
15203A,2764, AFL224  ,1104,   1104,   333,    257,   1344,      0.000000,  0.000000, 9, 1


Hex , Squawk, Flight, alt , pres alt, speed, course, vert_rate,   lat   ,    lon   , air_type, Ti
--------------------------------------------------------------------------------------------
15203A,2764, AFL224  ,1111,   1111,   333,    257,   1344,      0.000000,  0.000000, 9, 0


Hex , Squawk, Flight, alt , pres alt, speed, course, vert_rate,   lat   ,    lon   , air_type, Ti
--------------------------------------------------------------------------------------------
15203A,2764, AFL224  ,1111,   1111,   333,    257,   1344,      0.000000,  0.000000, 9, 0


Hex , Squawk, Flight, alt , pres alt, speed, course, vert_rate,   lat   ,    lon   , air_type, Ti
--------------------------------------------------------------------------------------------
15203A,2764, AFL224  ,1111,   1111,   333,    257,   1344,      0.000000,  0.000000, 9, 0


Hex , Squawk, Flight, alt , pres alt, speed, course, vert_rate,   lat   ,    lon   , air_type, Ti
--------------------------------------------------------------------------------------------
15203A,2764, AFL224  ,1111,   1111,   333,    257,   1344,      0.000000,  0.000000, 9, 1


Hex , Squawk, Flight, alt , pres alt, speed, course, vert_rate,   lat   ,    lon   , air_type, Ti
--------------------------------------------------------------------------------------------
15203A,2764, AFL224  ,1119,   1119,   333,    257,   1344,      0.000000,  0.000000, 9, 0


Hex , Squawk, Flight, alt , pres alt, speed, course, vert_rate,   lat   ,    lon   , air_type, Ti
--------------------------------------------------------------------------------------------
15203A,2764, AFL224  ,1119,   1119,   333,    257,   1344,      0.000000,  0.000000, 9, 0


Hex , Squawk, Flight, alt , pres alt, speed, course, vert_rate,   lat   ,    lon   , air_type, Ti
--------------------------------------------------------------------------------------------
15203A,2764, AFL224  ,1119,   1119,   333,    257,   1344,      0.000000,  0.000000, 9, 0


Hex , Squawk, Flight, alt , pres alt, speed, course, vert_rate,   lat   ,    lon   , air_type, Ti
--------------------------------------------------------------------------------------------
15203A,2764, AFL224  ,1119,   1119,   333,    257,   1344,      0.000000,  0.000000, 9, 1


Hex , Squawk, Flight, alt , pres alt, speed, course, vert_rate,   lat   ,    lon   , air_type, Ti
--------------------------------------------------------------------------------------------
15203A,2764, AFL224  ,1119,   1119,   333,    257,   1344,      0.000000,  0.000000, 9, 0


Hex , Squawk, Flight, alt , pres alt, speed, course, vert_rate,   lat   ,    lon   , air_type, Ti
--------------------------------------------------------------------------------------------
15203A,2764, AFL224  ,1119,   1119,   333,    257,   1344,      0.000000,  0.000000, 9, 0


Hex , Squawk, Flight, alt , pres alt, speed, course, vert_rate,   lat   ,    lon   , air_type, Ti
--------------------------------------------------------------------------------------------
15203A,2764, AFL224  ,1119,   1119,   333,    257,   1344,      0.000000,  0.000000, 9, 0


Hex , Squawk, Flight, alt , pres alt, speed, course, vert_rate,   lat   ,    lon   , air_type, Ti
--------------------------------------------------------------------------------------------
15203A,2764, AFL224  ,1119,   1119,   333,    257,   1344,      0.000000,  0.000000, 9, 0


Hex , Squawk, Flight, alt , pres alt, speed, course, vert_rate,   lat   ,    lon   , air_type, Ti
--------------------------------------------------------------------------------------------
15203A,2764, AFL224  ,1119,   1119,   333,    257,   1344,      0.000000,  0.000000, 9, 0


Hex , Squawk, Flight, alt , pres alt, speed, course, vert_rate,   lat   ,    lon   , air_type, Ti
--------------------------------------------------------------------------------------------
15203A,2764, AFL224  ,1134,   1134,   333,    257,   1344,      0.000000,  0.000000, 9, 0


Hex , Squawk, Flight, alt , pres alt, speed, course, vert_rate,   lat   ,    lon   , air_type, Ti
--------------------------------------------------------------------------------------------
15203A,2764, AFL224  ,1134,   1134,   333,    257,   1344,      0.000000,  0.000000, 9, 0


Hex , Squawk, Flight, alt , pres alt, speed, course, vert_rate,   lat   ,    lon   , air_type, Ti
--------------------------------------------------------------------------------------------
15203A,2764, AFL224  ,1134,   1134,   333,    257,   1344,      0.000000,  0.000000, 9, 1


Hex , Squawk, Flight, alt , pres alt, speed, course, vert_rate,   lat   ,    lon   , air_type, Ti
--------------------------------------------------------------------------------------------
15203A,2764, AFL224  ,1134,   1134,   333,    257,   1344,      0.000000,  0.000000, 9, 1


Hex , Squawk, Flight, alt , pres alt, speed, course, vert_rate,   lat   ,    lon   , air_type, Ti
--------------------------------------------------------------------------------------------
15203A,2764, AFL224  ,1134,   1134,   333,    257,   1344,      0.000000,  0.000000, 9, 1


Hex , Squawk, Flight, alt , pres alt, speed, course, vert_rate,   lat   ,    lon   , air_type, Ti
--------------------------------------------------------------------------------------------
15203A,2764, AFL224  ,1134,   1134,   333,    257,   1344,      0.000000,  0.000000, 9, 2


Hex , Squawk, Flight, alt , pres alt, speed, course, vert_rate,   lat   ,    lon   , air_type, Ti
--------------------------------------------------------------------------------------------
15203A,2764, AFL224  ,1134,   1134,   333,    257,   1344,      0.000000,  0.000000, 9, 2


Hex , Squawk, Flight, alt , pres alt, speed, course, vert_rate,   lat   ,    lon   , air_type, Ti
--------------------------------------------------------------------------------------------
15203A,2764, AFL224  ,1134,   1134,   333,    257,   1344,      0.000000,  0.000000, 9, 2


Hex , Squawk, Flight, alt , pres alt, speed, course, vert_rate,   lat   ,    lon   , air_type, Ti
--------------------------------------------------------------------------------------------
15203A,2764, AFL224  ,1134,   1134,   335,    257,   1280,      0.000000,  0.000000, 9, 0


Hex , Squawk, Flight, alt , pres alt, speed, course, vert_rate,   lat   ,    lon   , air_type, Ti
--------------------------------------------------------------------------------------------
15203A,2764, AFL224  ,1149,   1149,   335,    257,   1280,      0.000000,  0.000000, 9, 0


Hex , Squawk, Flight, alt , pres alt, speed, course, vert_rate,   lat   ,    lon   , air_type, Ti
--------------------------------------------------------------------------------------------
15203A,2764, AFL224  ,1149,   1149,   335,    257,   1280,      0.000000,  0.000000, 9, 0


Hex , Squawk, Flight, alt , pres alt, speed, course, vert_rate,   lat   ,    lon   , air_type, Ti
--------------------------------------------------------------------------------------------
15203A,2764, AFL224  ,1149,   1149,   335,    257,   1280,      0.000000,  0.000000, 9, 0


Hex , Squawk, Flight, alt , pres alt, speed, course, vert_rate,   lat   ,    lon   , air_type, Ti
--------------------------------------------------------------------------------------------
15203A,2764, AFL224  ,1149,   1149,   335,    257,   1280,      0.000000,  0.000000, 9, 0


Hex , Squawk, Flight, alt , pres alt, speed, course, vert_rate,   lat   ,    lon   , air_type, Ti
--------------------------------------------------------------------------------------------
15203A,2764, AFL224  ,1149,   1149,   335,    257,   1280,      0.000000,  0.000000, 9, 1


Hex , Squawk, Flight, alt , pres alt, speed, course, vert_rate,   lat   ,    lon   , air_type, Ti
--------------------------------------------------------------------------------------------
15203A,2764, AFL224  ,1149,   1149,   335,    257,   1280,      0.000000,  0.000000, 9, 0


Hex , Squawk, Flight, alt , pres alt, speed, course, vert_rate,   lat   ,    lon   , air_type, Ti
--------------------------------------------------------------------------------------------
15203A,2764, AFL224  ,1149,   1149,   335,    257,   1280,      0.000000,  0.000000, 9, 0


Hex , Squawk, Flight, alt , pres alt, speed, course, vert_rate,   lat   ,    lon   , air_type, Ti
--------------------------------------------------------------------------------------------
15203A,2764, AFL224  ,1149,   1149,   335,    257,   1280,      0.000000,  0.000000, 9, 0


Hex , Squawk, Flight, alt , pres alt, speed, course, vert_rate,   lat   ,    lon   , air_type, Ti
--------------------------------------------------------------------------------------------
15203A,2764, AFL224  ,1149,   1149,   335,    257,   1280,      0.000000,  0.000000, 9, 1


Hex , Squawk, Flight, alt , pres alt, speed, course, vert_rate,   lat   ,    lon   , air_type, Ti
--------------------------------------------------------------------------------------------
15203A,2764, AFL224  ,1149,   1149,   335,    257,   1280,      0.000000,  0.000000, 9, 0


Hex , Squawk, Flight, alt , pres alt, speed, course, vert_rate,   lat   ,    lon   , air_type, Ti
--------------------------------------------------------------------------------------------
15203A,2764, AFL224  ,1149,   1149,   335,    257,   1280,      0.000000,  0.000000, 9, 0


Hex , Squawk, Flight, alt , pres alt, speed, course, vert_rate,   lat   ,    lon   , air_type, Ti
--------------------------------------------------------------------------------------------
15203A,2764, AFL224  ,1149,   1149,   335,    257,   1280,      0.000000,  0.000000, 9, 0


Hex , Squawk, Flight, alt , pres alt, speed, course, vert_rate,   lat   ,    lon   , air_type, Ti
--------------------------------------------------------------------------------------------
15203A,2764, AFL224  ,1149,   1149,   335,    257,   1280,      0.000000,  0.000000, 9, 0


Hex , Squawk, Flight, alt , pres alt, speed, course, vert_rate,   lat   ,    lon   , air_type, Ti
--------------------------------------------------------------------------------------------
15203A,2764, AFL224  ,1149,   1149,   335,    257,   1280,      0.000000,  0.000000, 9, 0


Hex , Squawk, Flight, alt , pres alt, speed, course, vert_rate,   lat   ,    lon   , air_type, Ti
--------------------------------------------------------------------------------------------
15203A,2764, AFL224  ,1149,   1149,   335,    257,   1280,      0.000000,  0.000000, 9, 0


Hex , Squawk, Flight, alt , pres alt, speed, course, vert_rate,   lat   ,    lon   , air_type, Ti
--------------------------------------------------------------------------------------------
15203A,2764, AFL224  ,1149,   1149,   335,    257,   1280,      0.000000,  0.000000, 9, 0


Hex , Squawk, Flight, alt , pres alt, speed, course, vert_rate,   lat   ,    lon   , air_type, Ti
--------------------------------------------------------------------------------------------
15203A,2764, AFL224  ,1149,   1149,   335,    257,   1280,      0.000000,  0.000000, 9, 0


Hex , Squawk, Flight, alt , pres alt, speed, course, vert_rate,   lat   ,    lon   , air_type, Ti
--------------------------------------------------------------------------------------------
15203A,2764, AFL224  ,1149,   1149,   335,    257,   1280,      0.000000,  0.000000, 9, 0


Hex , Squawk, Flight, alt , pres alt, speed, course, vert_rate,   lat   ,    lon   , air_type, Ti
--------------------------------------------------------------------------------------------
15203A,2764, AFL224  ,1149,   1149,   335,    257,   1280,      0.000000,  0.000000, 9, 0


Hex , Squawk, Flight, alt , pres alt, speed, course, vert_rate,   lat   ,    lon   , air_type, Ti
--------------------------------------------------------------------------------------------
15203A,2764, AFL224  ,1149,   1149,   335,    257,   1280,      0.000000,  0.000000, 9, 1


Hex , Squawk, Flight, alt , pres alt, speed, course, vert_rate,   lat   ,    lon   , air_type, Ti
--------------------------------------------------------------------------------------------
15203A,2764, AFL224  ,1149,   1149,   335,    257,   1280,      0.000000,  0.000000, 9, 0


Hex , Squawk, Flight, alt , pres alt, speed, course, vert_rate,   lat   ,    lon   , air_type, Ti
--------------------------------------------------------------------------------------------
15203A,2764, AFL224  ,1149,   1149,   335,    257,   1280,      0.000000,  0.000000, 9, 0


Hex , Squawk, Flight, alt , pres alt, speed, course, vert_rate,   lat   ,    lon   , air_type, Ti
--------------------------------------------------------------------------------------------
15203A,2764, AFL224  ,1149,   1149,   335,    257,   1280,      0.000000,  0.000000, 9, 0


Hex , Squawk, Flight, alt , pres alt, speed, course, vert_rate,   lat   ,    lon   , air_type, Ti
--------------------------------------------------------------------------------------------
15203A,2764, AFL224  ,1149,   1149,   335,    257,   1280,      0.000000,  0.000000, 9, 1


Hex , Squawk, Flight, alt , pres alt, speed, course, vert_rate,   lat   ,    lon   , air_type, Ti
--------------------------------------------------------------------------------------------
15203A,2764, AFL224  ,1149,   1149,   335,    257,   1280,      0.000000,  0.000000, 9, 1


Hex , Squawk, Flight, alt , pres alt, speed, course, vert_rate,   lat   ,    lon   , air_type, Ti
--------------------------------------------------------------------------------------------
15203A,2764, AFL224  ,1149,   1149,   335,    257,   1280,      0.000000,  0.000000, 9, 1


Hex , Squawk, Flight, alt , pres alt, speed, course, vert_rate,   lat   ,    lon   , air_type, Ti
--------------------------------------------------------------------------------------------
15203A,2764, AFL224  ,1149,   1149,   335,    257,   1280,      0.000000,  0.000000, 9, 0


Hex , Squawk, Flight, alt , pres alt, speed, course, vert_rate,   lat   ,    lon   , air_type, Ti
--------------------------------------------------------------------------------------------
15203A,2764, AFL224  ,1149,   1149,   335,    257,   1280,      0.000000,  0.000000, 9, 1


Hex , Squawk, Flight, alt , pres alt, speed, course, vert_rate,   lat   ,    lon   , air_type, Ti
--------------------------------------------------------------------------------------------
15203A,2764, AFL224  ,1149,   1149,   335,    257,   1280,      0.000000,  0.000000, 9, 1


Hex , Squawk, Flight, alt , pres alt, speed, course, vert_rate,   lat   ,    lon   , air_type, Ti
--------------------------------------------------------------------------------------------
15203A,2764, AFL224  ,1149,   1149,   340,    258,   1024,      0.000000,  0.000000, 9, 0


Hex , Squawk, Flight, alt , pres alt, speed, course, vert_rate,   lat   ,    lon   , air_type, Ti
--------------------------------------------------------------------------------------------
15203A,2764, AFL224  ,1149,   1149,   340,    258,   1024,      0.000000,  0.000000, 9, 0


Hex , Squawk, Flight, alt , pres alt, speed, course, vert_rate,   lat   ,    lon   , air_type, Ti
--------------------------------------------------------------------------------------------
15203A,2764, AFL224  ,1195,   1195,   340,    258,   1024,      0.000000,  0.000000, 9, 0


Hex , Squawk, Flight, alt , pres alt, speed, course, vert_rate,   lat   ,    lon   , air_type, Ti
--------------------------------------------------------------------------------------------
15203A,2764, AFL224  ,1195,   1195,   340,    258,   1024,      0.000000,  0.000000, 9, 0


Hex , Squawk, Flight, alt , pres alt, speed, course, vert_rate,   lat   ,    lon   , air_type, Ti
--------------------------------------------------------------------------------------------
15203A,2764, AFL224  ,1195,   1195,   340,    258,   1024,      0.000000,  0.000000, 9, 0


Hex , Squawk, Flight, alt , pres alt, speed, course, vert_rate,   lat   ,    lon   , air_type, Ti
--------------------------------------------------------------------------------------------
15203A,2764, AFL224  ,1195,   1195,   340,    258,   1024,      0.000000,  0.000000, 9, 0


Hex , Squawk, Flight, alt , pres alt, speed, course, vert_rate,   lat   ,    lon   , air_type, Ti
--------------------------------------------------------------------------------------------
15203A,2764, AFL224  ,1195,   1195,   340,    258,   1024,      0.000000,  0.000000, 9, 1


Hex , Squawk, Flight, alt , pres alt, speed, course, vert_rate,   lat   ,    lon   , air_type, Ti
--------------------------------------------------------------------------------------------
15203A,2764, AFL224  ,1195,   1195,   340,    258,   1024,      0.000000,  0.000000, 9, 1


Hex , Squawk, Flight, alt , pres alt, speed, course, vert_rate,   lat   ,    lon   , air_type, Ti
--------------------------------------------------------------------------------------------
15203A,2764, AFL224  ,1195,   1195,   340,    258,   1024,      0.000000,  0.000000, 9, 1


Hex , Squawk, Flight, alt , pres alt, speed, course, vert_rate,   lat   ,    lon   , air_type, Ti
--------------------------------------------------------------------------------------------
15203A,2764, AFL224  ,1195,   1195,   340,    258,   1024,      0.000000,  0.000000, 9, 2


Hex , Squawk, Flight, alt , pres alt, speed, course, vert_rate,   lat   ,    lon   , air_type, Ti
--------------------------------------------------------------------------------------------
15203A,2764, AFL224  ,1195,   1195,   340,    258,   1024,      0.000000,  0.000000, 9, 2


Hex , Squawk, Flight, alt , pres alt, speed, course, vert_rate,   lat   ,    lon   , air_type, Ti
--------------------------------------------------------------------------------------------
15203A,2764, AFL224  ,1195,   1195,   340,    258,   1024,      0.000000,  0.000000, 9, 2


Hex , Squawk, Flight, alt , pres alt, speed, course, vert_rate,   lat   ,    lon   , air_type, Ti
--------------------------------------------------------------------------------------------
15203A,2764, AFL224  ,1195,   1195,   340,    258,   1024,      0.000000,  0.000000, 9, 0


Hex , Squawk, Flight, alt , pres alt, speed, course, vert_rate,   lat   ,    lon   , air_type, Ti
--------------------------------------------------------------------------------------------
15203A,2764, AFL224  ,1195,   1195,   340,    258,   1024,      0.000000,  0.000000, 9, 0


Hex , Squawk, Flight, alt , pres alt, speed, course, vert_rate,   lat   ,    lon   , air_type, Ti
--------------------------------------------------------------------------------------------
15203A,2764, AFL224  ,1195,   1195,   340,    258,   1024,      0.000000,  0.000000, 9, 0


Hex , Squawk, Flight, alt , pres alt, speed, course, vert_rate,   lat   ,    lon   , air_type, Ti
--------------------------------------------------------------------------------------------
15203A,2764, AFL224  ,1195,   1195,   340,    258,   1024,      0.000000,  0.000000, 9, 0


Hex , Squawk, Flight, alt , pres alt, speed, course, vert_rate,   lat   ,    lon   , air_type, Ti
--------------------------------------------------------------------------------------------
15203A,2764, AFL224  ,1210,   1210,   340,    258,   1024,      0.000000,  0.000000, 9, 0


Hex , Squawk, Flight, alt , pres alt, speed, course, vert_rate,   lat   ,    lon   , air_type, Ti
--------------------------------------------------------------------------------------------
15203A,2764, AFL224  ,1210,   1210,   340,    258,   1024,      0.000000,  0.000000, 9, 1


Hex , Squawk, Flight, alt , pres alt, speed, course, vert_rate,   lat   ,    lon   , air_type, Ti
--------------------------------------------------------------------------------------------
15203A,2764, AFL224  ,1210,   1210,   340,    258,   1024,      0.000000,  0.000000, 9, 0


Hex , Squawk, Flight, alt , pres alt, speed, course, vert_rate,   lat   ,    lon   , air_type, Ti
--------------------------------------------------------------------------------------------
15203A,2764, AFL224  ,1210,   1210,   340,    258,   1024,      0.000000,  0.000000, 9, 0


Hex , Squawk, Flight, alt , pres alt, speed, course, vert_rate,   lat   ,    lon   , air_type, Ti
--------------------------------------------------------------------------------------------
15203A,2764, AFL224  ,1210,   1210,   340,    258,   1024,      0.000000,  0.000000, 9, 0


Hex , Squawk, Flight, alt , pres alt, speed, course, vert_rate,   lat   ,    lon   , air_type, Ti
--------------------------------------------------------------------------------------------
15203A,2764, AFL224  ,1210,   1210,   340,    258,   1024,      0.000000,  0.000000, 9, 0


Hex , Squawk, Flight, alt , pres alt, speed, course, vert_rate,   lat   ,    lon   , air_type, Ti
--------------------------------------------------------------------------------------------
15203A,2764, AFL224  ,1210,   1210,   340,    258,   1024,      0.000000,  0.000000, 9, 0


Hex , Squawk, Flight, alt , pres alt, speed, course, vert_rate,   lat   ,    lon   , air_type, Ti
--------------------------------------------------------------------------------------------
15203A,2764, AFL224  ,1210,   1210,   340,    258,   1024,      0.000000,  0.000000, 9, 0


Hex , Squawk, Flight, alt , pres alt, speed, course, vert_rate,   lat   ,    lon   , air_type, Ti
--------------------------------------------------------------------------------------------
15203A,2764, AFL224  ,1210,   1210,   340,    258,   1024,      0.000000,  0.000000, 9, 0


Hex , Squawk, Flight, alt , pres alt, speed, course, vert_rate,   lat   ,    lon   , air_type, Ti
--------------------------------------------------------------------------------------------
15203A,2764, AFL224  ,1210,   1210,   340,    258,   1024,      0.000000,  0.000000, 9, 0


Hex , Squawk, Flight, alt , pres alt, speed, course, vert_rate,   lat   ,    lon   , air_type, Ti
--------------------------------------------------------------------------------------------
15203A,2764, AFL224  ,1210,   1210,   348,    258,   640,      0.000000,  0.000000, 9, 0


Hex , Squawk, Flight, alt , pres alt, speed, course, vert_rate,   lat   ,    lon   , air_type, Ti
--------------------------------------------------------------------------------------------
15203A,2764, AFL224  ,1210,   1210,   348,    258,   640,      0.000000,  0.000000, 9, 0


Hex , Squawk, Flight, alt , pres alt, speed, course, vert_rate,   lat   ,    lon   , air_type, Ti
--------------------------------------------------------------------------------------------
15203A,2764, AFL224  ,1226,   1226,   348,    258,   640,      0.000000,  0.000000, 9, 0


Hex , Squawk, Flight, alt , pres alt, speed, course, vert_rate,   lat   ,    lon   , air_type, Ti
--------------------------------------------------------------------------------------------
15203A,2764, AFL224  ,1226,   1226,   348,    258,   640,      0.000000,  0.000000, 9, 0


Hex , Squawk, Flight, alt , pres alt, speed, course, vert_rate,   lat   ,    lon   , air_type, Ti
--------------------------------------------------------------------------------------------
15203A,2764, AFL224  ,1226,   1226,   348,    258,   640,      0.000000,  0.000000, 9, 0


Hex , Squawk, Flight, alt , pres alt, speed, course, vert_rate,   lat   ,    lon   , air_type, Ti
--------------------------------------------------------------------------------------------
15203A,2764, AFL224  ,1226,   1226,   348,    258,   640,      0.000000,  0.000000, 9, 0


Hex , Squawk, Flight, alt , pres alt, speed, course, vert_rate,   lat   ,    lon   , air_type, Ti
--------------------------------------------------------------------------------------------
15203A,2764, AFL224  ,1226,   1226,   348,    258,   640,      0.000000,  0.000000, 9, 1


Hex , Squawk, Flight, alt , pres alt, speed, course, vert_rate,   lat   ,    lon   , air_type, Ti
--------------------------------------------------------------------------------------------
15203A,2764, AFL224  ,1226,   1226,   348,    258,   640,      0.000000,  0.000000, 9, 1


Hex , Squawk, Flight, alt , pres alt, speed, course, vert_rate,   lat   ,    lon   , air_type, Ti
--------------------------------------------------------------------------------------------
15203A,2764, AFL224  ,1226,   1226,   348,    258,   640,      0.000000,  0.000000, 9, 1


Hex , Squawk, Flight, alt , pres alt, speed, course, vert_rate,   lat   ,    lon   , air_type, Ti
--------------------------------------------------------------------------------------------
15203A,2764, AFL224  ,1226,   1226,   348,    258,   640,      0.000000,  0.000000, 9, 1


Hex , Squawk, Flight, alt , pres alt, speed, course, vert_rate,   lat   ,    lon   , air_type, Ti
--------------------------------------------------------------------------------------------
15203A,2764, AFL224  ,1226,   1226,   348,    258,   640,      0.000000,  0.000000, 9, 2


Hex , Squawk, Flight, alt , pres alt, speed, course, vert_rate,   lat   ,    lon   , air_type, Ti
--------------------------------------------------------------------------------------------
151E0B,0,         ,0,   0,   0,    0,   0,      0.000000,  0.000000, 9, 0


Hex , Squawk, Flight, alt , pres alt, speed, course, vert_rate,   lat   ,    lon   , air_type, Ti
--------------------------------------------------------------------------------------------
15203A,2764, AFL224  ,1233,   1233,   348,    258,   640,      0.000000,  0.000000, 9, 0


Hex , Squawk, Flight, alt , pres alt, speed, course, vert_rate,   lat   ,    lon   , air_type, Ti
--------------------------------------------------------------------------------------------
151E0B,0,         ,0,   0,   0,    0,   0,      0.000000,  0.000000, 9, 0


Hex , Squawk, Flight, alt , pres alt, speed, course, vert_rate,   lat   ,    lon   , air_type, Ti
--------------------------------------------------------------------------------------------
15203A,2764, AFL224  ,1233,   1233,   348,    258,   640,      0.000000,  0.000000, 9, 0


Hex , Squawk, Flight, alt , pres alt, speed, course, vert_rate,   lat   ,    lon   , air_type, Ti
--------------------------------------------------------------------------------------------
151E0B,0,         ,0,   0,   0,    0,   0,      0.000000,  0.000000, 9, 0


Hex , Squawk, Flight, alt , pres alt, speed, course, vert_rate,   lat   ,    lon   , air_type, Ti
--------------------------------------------------------------------------------------------
15203A,2764, AFL224  ,1233,   1233,   348,    258,   640,      0.000000,  0.000000, 9, 0


Hex , Squawk, Flight, alt , pres alt, speed, course, vert_rate,   lat   ,    lon   , air_type, Ti
--------------------------------------------------------------------------------------------
151E0B,0,         ,0,   0,   0,    0,   0,      0.000000,  0.000000, 9, 1


Hex , Squawk, Flight, alt , pres alt, speed, course, vert_rate,   lat   ,    lon   , air_type, Ti
--------------------------------------------------------------------------------------------
15203A,2764, AFL224  ,1233,   1233,   348,    258,   640,      0.000000,  0.000000, 9, 1


Hex , Squawk, Flight, alt , pres alt, speed, course, vert_rate,   lat   ,    lon   , air_type, Ti
--------------------------------------------------------------------------------------------
151E0B,0,         ,0,   0,   0,    0,   0,      0.000000,  0.000000, 9, 1


Hex , Squawk, Flight, alt , pres alt, speed, course, vert_rate,   lat   ,    lon   , air_type, Ti
--------------------------------------------------------------------------------------------
15203A,2764, AFL224  ,1233,   1233,   348,    258,   640,      0.000000,  0.000000, 9, 1


Hex , Squawk, Flight, alt , pres alt, speed, course, vert_rate,   lat   ,    lon   , air_type, Ti
--------------------------------------------------------------------------------------------
151E0B,0,         ,0,   0,   0,    0,   0,      0.000000,  0.000000, 9, 1


Hex , Squawk, Flight, alt , pres alt, speed, course, vert_rate,   lat   ,    lon   , air_type, Ti
--------------------------------------------------------------------------------------------
15203A,2764, AFL224  ,1233,   1233,   348,    258,   640,      0.000000,  0.000000, 9, 1


Hex , Squawk, Flight, alt , pres alt, speed, course, vert_rate,   lat   ,    lon   , air_type, Ti
--------------------------------------------------------------------------------------------
151E0B,0,         ,0,   0,   0,    0,   0,      0.000000,  0.000000, 9, 1


Hex , Squawk, Flight, alt , pres alt, speed, course, vert_rate,   lat   ,    lon   , air_type, Ti
--------------------------------------------------------------------------------------------
15203A,2764, AFL224  ,1233,   1233,   348,    258,   640,      0.000000,  0.000000, 9, 1


Hex , Squawk, Flight, alt , pres alt, speed, course, vert_rate,   lat   ,    lon   , air_type, Ti
--------------------------------------------------------------------------------------------
151E0B,0,         ,0,   0,   0,    0,   0,      0.000000,  0.000000, 9, 2


Hex , Squawk, Flight, alt , pres alt, speed, course, vert_rate,   lat   ,    lon   , air_type, Ti
--------------------------------------------------------------------------------------------
15203A,2764, AFL224  ,1233,   1233,   348,    258,   640,      0.000000,  0.000000, 9, 2


Hex , Squawk, Flight, alt , pres alt, speed, course, vert_rate,   lat   ,    lon   , air_type, Ti
--------------------------------------------------------------------------------------------
151E0B,0,         ,0,   0,   0,    0,   0,      0.000000,  0.000000, 9, 2


Hex , Squawk, Flight, alt , pres alt, speed, course, vert_rate,   lat   ,    lon   , air_type, Ti
--------------------------------------------------------------------------------------------
15203A,2764, AFL224  ,1233,   1233,   348,    258,   640,      0.000000,  0.000000, 9, 2


Hex , Squawk, Flight, alt , pres alt, speed, course, vert_rate,   lat   ,    lon   , air_type, Ti
--------------------------------------------------------------------------------------------
151E0B,0,         ,0,   0,   0,    0,   0,      0.000000,  0.000000, 9, 2


Hex , Squawk, Flight, alt , pres alt, speed, course, vert_rate,   lat   ,    lon   , air_type, Ti
--------------------------------------------------------------------------------------------
15203A,2764, AFL224  ,1233,   1233,   348,    258,   640,      0.000000,  0.000000, 9, 2


Hex , Squawk, Flight, alt , pres alt, speed, course, vert_rate,   lat   ,    lon   , air_type, Ti
--------------------------------------------------------------------------------------------
151E0B,0,         ,0,   0,   0,    0,   0,      0.000000,  0.000000, 9, 2


Hex , Squawk, Flight, alt , pres alt, speed, course, vert_rate,   lat   ,    lon   , air_type, Ti
--------------------------------------------------------------------------------------------
15203A,2764, AFL224  ,1233,   1233,   348,    258,   640,      0.000000,  0.000000, 9, 2


Hex , Squawk, Flight, alt , pres alt, speed, course, vert_rate,   lat   ,    lon   , air_type, Ti
--------------------------------------------------------------------------------------------
151E0B,0,         ,0,   0,   0,    0,   0,      0.000000,  0.000000, 9, 3


Hex , Squawk, Flight, alt , pres alt, speed, course, vert_rate,   lat   ,    lon   , air_type, Ti
--------------------------------------------------------------------------------------------
15203A,2764, AFL224  ,1233,   1233,   348,    258,   640,      0.000000,  0.000000, 9, 3


Hex , Squawk, Flight, alt , pres alt, speed, course, vert_rate,   lat   ,    lon   , air_type, Ti
--------------------------------------------------------------------------------------------
151E0B,0,         ,0,   0,   0,    0,   0,      0.000000,  0.000000, 9, 3


Hex , Squawk, Flight, alt , pres alt, speed, course, vert_rate,   lat   ,    lon   , air_type, Ti
--------------------------------------------------------------------------------------------
15203A,2764, AFL224  ,1233,   1233,   348,    258,   640,      0.000000,  0.000000, 9, 3


Hex , Squawk, Flight, alt , pres alt, speed, course, vert_rate,   lat   ,    lon   , air_type, Ti
--------------------------------------------------------------------------------------------
151E0B,0,         ,0,   0,   0,    0,   0,      0.000000,  0.000000, 9, 3


Hex , Squawk, Flight, alt , pres alt, speed, course, vert_rate,   lat   ,    lon   , air_type, Ti
--------------------------------------------------------------------------------------------
15203A,2764, AFL224  ,1233,   1233,   348,    258,   640,      0.000000,  0.000000, 9, 3


Hex , Squawk, Flight, alt , pres alt, speed, course, vert_rate,   lat   ,    lon   , air_type, Ti
--------------------------------------------------------------------------------------------
151E0B,0,         ,0,   0,   0,    0,   0,      0.000000,  0.000000, 9, 4


Hex , Squawk, Flight, alt , pres alt, speed, course, vert_rate,   lat   ,    lon   , air_type, Ti
--------------------------------------------------------------------------------------------
15203A,2764, AFL224  ,1233,   1233,   348,    258,   640,      0.000000,  0.000000, 9, 4


Hex , Squawk, Flight, alt , pres alt, speed, course, vert_rate,   lat   ,    lon   , air_type, Ti
--------------------------------------------------------------------------------------------
151E0B,0,         ,0,   0,   0,    0,   0,      0.000000,  0.000000, 9, 4


Hex , Squawk, Flight, alt , pres alt, speed, course, vert_rate,   lat   ,    lon   , air_type, Ti
--------------------------------------------------------------------------------------------
15203A,2764, AFL224  ,1233,   1233,   348,    258,   640,      0.000000,  0.000000, 9, 4


Hex , Squawk, Flight, alt , pres alt, speed, course, vert_rate,   lat   ,    lon   , air_type, Ti
--------------------------------------------------------------------------------------------
151E0B,0,         ,0,   0,   0,    0,   0,      0.000000,  0.000000, 9, 4


Hex , Squawk, Flight, alt , pres alt, speed, course, vert_rate,   lat   ,    lon   , air_type, Ti
--------------------------------------------------------------------------------------------
15203A,2764, AFL224  ,1233,   1233,   348,    258,   640,      0.000000,  0.000000, 9, 4


Hex , Squawk, Flight, alt , pres alt, speed, course, vert_rate,   lat   ,    lon   , air_type, Ti
--------------------------------------------------------------------------------------------
151E0B,0,         ,0,   0,   0,    0,   0,      0.000000,  0.000000, 9, 4


Hex , Squawk, Flight, alt , pres alt, speed, course, vert_rate,   lat   ,    lon   , air_type, Ti
--------------------------------------------------------------------------------------------
15203A,2764, AFL224  ,1233,   1233,   348,    258,   640,      0.000000,  0.000000, 9, 4


Hex , Squawk, Flight, alt , pres alt, speed, course, vert_rate,   lat   ,    lon   , air_type, Ti
--------------------------------------------------------------------------------------------
151E0B,0,         ,0,   0,   0,    0,   0,      0.000000,  0.000000, 9, 5


Hex , Squawk, Flight, alt , pres alt, speed, course, vert_rate,   lat   ,    lon   , air_type, Ti
--------------------------------------------------------------------------------------------
15203A,2764, AFL224  ,1233,   1233,   348,    258,   640,      0.000000,  0.000000, 9, 5


Hex , Squawk, Flight, alt , pres alt, speed, course, vert_rate,   lat   ,    lon   , air_type, Ti
--------------------------------------------------------------------------------------------
151E0B,0,         ,0,   0,   0,    0,   0,      0.000000,  0.000000, 9, 5


Hex , Squawk, Flight, alt , pres alt, speed, course, vert_rate,   lat   ,    lon   , air_type, Ti
--------------------------------------------------------------------------------------------
15203A,2764, AFL224  ,1233,   1233,   348,    258,   640,      0.000000,  0.000000, 9, 5


Hex , Squawk, Flight, alt , pres alt, speed, course, vert_rate,   lat   ,    lon   , air_type, Ti
--------------------------------------------------------------------------------------------
151E0B,0,         ,0,   0,   0,    0,   0,      0.000000,  0.000000, 9, 5


Hex , Squawk, Flight, alt , pres alt, speed, course, vert_rate,   lat   ,    lon   , air_type, Ti
--------------------------------------------------------------------------------------------
15203A,2764, AFL224  ,1233,   1233,   348,    258,   640,      0.000000,  0.000000, 9, 5


Hex , Squawk, Flight, alt , pres alt, speed, course, vert_rate,   lat   ,    lon   , air_type, Ti
--------------------------------------------------------------------------------------------
151E0B,0,         ,0,   0,   0,    0,   0,      0.000000,  0.000000, 9, 5


Hex , Squawk, Flight, alt , pres alt, speed, course, vert_rate,   lat   ,    lon   , air_type, Ti
--------------------------------------------------------------------------------------------
15203A,2764, AFL224  ,1233,   1233,   348,    258,   640,      0.000000,  0.000000, 9, 5


Hex , Squawk, Flight, alt , pres alt, speed, course, vert_rate,   lat   ,    lon   , air_type, Ti
--------------------------------------------------------------------------------------------
151E0B,0,         ,0,   0,   0,    0,   0,      0.000000,  0.000000, 9, 6


Hex , Squawk, Flight, alt , pres alt, speed, course, vert_rate,   lat   ,    lon   , air_type, Ti
--------------------------------------------------------------------------------------------
15203A,2764, AFL224  ,1233,   1233,   348,    258,   640,      0.000000,  0.000000, 9, 6


Hex , Squawk, Flight, alt , pres alt, speed, course, vert_rate,   lat   ,    lon   , air_type, Ti
--------------------------------------------------------------------------------------------
151E0B,0,         ,0,   0,   0,    0,   0,      0.000000,  0.000000, 9, 6


Hex , Squawk, Flight, alt , pres alt, speed, course, vert_rate,   lat   ,    lon   , air_type, Ti
--------------------------------------------------------------------------------------------
15203A,2764, AFL224  ,1233,   1233,   348,    258,   640,      0.000000,  0.000000, 9, 6


Hex , Squawk, Flight, alt , pres alt, speed, course, vert_rate,   lat   ,    lon   , air_type, Ti
--------------------------------------------------------------------------------------------
151E0B,0,         ,0,   0,   0,    0,   0,      0.000000,  0.000000, 9, 6


Hex , Squawk, Flight, alt , pres alt, speed, course, vert_rate,   lat   ,    lon   , air_type, Ti
--------------------------------------------------------------------------------------------
15203A,2764, AFL224  ,1233,   1233,   348,    258,   640,      0.000000,  0.000000, 9, 6


Hex , Squawk, Flight, alt , pres alt, speed, course, vert_rate,   lat   ,    lon   , air_type, Ti
--------------------------------------------------------------------------------------------
151E0B,0,         ,0,   0,   0,    0,   0,      0.000000,  0.000000, 9, 6


Hex , Squawk, Flight, alt , pres alt, speed, course, vert_rate,   lat   ,    lon   , air_type, Ti
--------------------------------------------------------------------------------------------
15203A,2764, AFL224  ,1233,   1233,   348,    258,   640,      0.000000,  0.000000, 9, 6


Hex , Squawk, Flight, alt , pres alt, speed, course, vert_rate,   lat   ,    lon   , air_type, Ti
--------------------------------------------------------------------------------------------
151E0B,0,         ,0,   0,   0,    0,   0,      0.000000,  0.000000, 9, 7


Hex , Squawk, Flight, alt , pres alt, speed, course, vert_rate,   lat   ,    lon   , air_type, Ti
--------------------------------------------------------------------------------------------
15203A,2764, AFL224  ,1233,   1233,   348,    258,   640,      0.000000,  0.000000, 9, 0


Hex , Squawk, Flight, alt , pres alt, speed, course, vert_rate,   lat   ,    lon   , air_type, Ti
--------------------------------------------------------------------------------------------
151E0B,0,         ,0,   0,   0,    0,   0,      0.000000,  0.000000, 9, 7


Hex , Squawk, Flight, alt , pres alt, speed, course, vert_rate,   lat   ,    lon   , air_type, Ti
--------------------------------------------------------------------------------------------
15203A,2764, AFL224  ,1233,   1233,   348,    258,   640,      0.000000,  0.000000, 9, 0


Hex , Squawk, Flight, alt , pres alt, speed, course, vert_rate,   lat   ,    lon   , air_type, Ti
--------------------------------------------------------------------------------------------
151E0B,0,         ,0,   0,   0,    0,   0,      0.000000,  0.000000, 9, 7


Hex , Squawk, Flight, alt , pres alt, speed, course, vert_rate,   lat   ,    lon   , air_type, Ti
--------------------------------------------------------------------------------------------
15203A,2764, AFL224  ,1233,   1233,   348,    258,   640,      0.000000,  0.000000, 9, 0


Hex , Squawk, Flight, alt , pres alt, speed, course, vert_rate,   lat   ,    lon   , air_type, Ti
--------------------------------------------------------------------------------------------
151E0B,0,         ,0,   0,   0,    0,   0,      0.000000,  0.000000, 9, 7


Hex , Squawk, Flight, alt , pres alt, speed, course, vert_rate,   lat   ,    lon   , air_type, Ti
--------------------------------------------------------------------------------------------
15203A,2764, AFL224  ,1233,   1233,   348,    258,   640,      0.000000,  0.000000, 9, 0


Hex , Squawk, Flight, alt , pres alt, speed, course, vert_rate,   lat   ,    lon   , air_type, Ti
--------------------------------------------------------------------------------------------
151E0B,0,         ,0,   0,   0,    0,   0,      0.000000,  0.000000, 9, 8


Hex , Squawk, Flight, alt , pres alt, speed, course, vert_rate,   lat   ,    lon   , air_type, Ti
--------------------------------------------------------------------------------------------
15203A,2764, AFL224  ,1233,   1233,   348,    258,   640,      0.000000,  0.000000, 9, 1


Hex , Squawk, Flight, alt , pres alt, speed, course, vert_rate,   lat   ,    lon   , air_type, Ti
--------------------------------------------------------------------------------------------
151E0B,0,         ,0,   0,   0,    0,   0,      0.000000,  0.000000, 9, 8


Hex , Squawk, Flight, alt , pres alt, speed, course, vert_rate,   lat   ,    lon   , air_type, Ti
--------------------------------------------------------------------------------------------
15203A,2764, AFL224  ,1233,   1233,   348,    258,   640,      0.000000,  0.000000, 9, 1


Hex , Squawk, Flight, alt , pres alt, speed, course, vert_rate,   lat   ,    lon   , air_type, Ti
--------------------------------------------------------------------------------------------
151E0B,0,         ,0,   0,   0,    0,   0,      0.000000,  0.000000, 9, 8


Hex , Squawk, Flight, alt , pres alt, speed, course, vert_rate,   lat   ,    lon   , air_type, Ti
--------------------------------------------------------------------------------------------
15203A,2764, AFL224  ,1233,   1233,   348,    258,   640,      0.000000,  0.000000, 9, 1


Hex , Squawk, Flight, alt , pres alt, speed, course, vert_rate,   lat   ,    lon   , air_type, Ti
--------------------------------------------------------------------------------------------
151E0B,0,         ,0,   0,   0,    0,   0,      0.000000,  0.000000, 9, 9


Hex , Squawk, Flight, alt , pres alt, speed, course, vert_rate,   lat   ,    lon   , air_type, Ti
--------------------------------------------------------------------------------------------
15203A,2764, AFL224  ,1233,   1233,   348,    258,   640,      0.000000,  0.000000, 9, 2


Hex , Squawk, Flight, alt , pres alt, speed, course, vert_rate,   lat   ,    lon   , air_type, Ti
--------------------------------------------------------------------------------------------
151E0B,0,         ,0,   0,   0,    0,   0,      0.000000,  0.000000, 9, 9


Hex , Squawk, Flight, alt , pres alt, speed, course, vert_rate,   lat   ,    lon   , air_type, Ti
--------------------------------------------------------------------------------------------
15203A,2764, AFL224  ,1233,   1233,   348,    258,   640,      0.000000,  0.000000, 9, 2


Hex , Squawk, Flight, alt , pres alt, speed, course, vert_rate,   lat   ,    lon   , air_type, Ti
--------------------------------------------------------------------------------------------
151E0B,0,         ,0,   0,   0,    0,   0,      0.000000,  0.000000, 9, 9


Hex , Squawk, Flight, alt , pres alt, speed, course, vert_rate,   lat   ,    lon   , air_type, Ti
--------------------------------------------------------------------------------------------
15203A,2764, AFL224  ,1233,   1233,   348,    258,   640,      0.000000,  0.000000, 9, 2


Hex , Squawk, Flight, alt , pres alt, speed, course, vert_rate,   lat   ,    lon   , air_type, Ti
--------------------------------------------------------------------------------------------
151E0B,0,         ,0,   0,   0,    0,   0,      0.000000,  0.000000, 9, 9


Hex , Squawk, Flight, alt , pres alt, speed, course, vert_rate,   lat   ,    lon   , air_type, Ti
--------------------------------------------------------------------------------------------
15203A,2764, AFL224  ,1256,   1256,   348,    258,   640,      0.000000,  0.000000, 9, 0


Hex , Squawk, Flight, alt , pres alt, speed, course, vert_rate,   lat   ,    lon   , air_type, Ti
--------------------------------------------------------------------------------------------
151E0B,0,         ,0,   0,   0,    0,   0,      0.000000,  0.000000, 9, 10


Hex , Squawk, Flight, alt , pres alt, speed, course, vert_rate,   lat   ,    lon   , air_type, Ti
--------------------------------------------------------------------------------------------
15203A,2764, AFL224  ,1256,   1256,   348,    258,   640,      0.000000,  0.000000, 9, 1


Hex , Squawk, Flight, alt , pres alt, speed, course, vert_rate,   lat   ,    lon   , air_type, Ti
--------------------------------------------------------------------------------------------
151E0B,0,         ,0,   0,   0,    0,   0,      0.000000,  0.000000, 9, 10


Hex , Squawk, Flight, alt , pres alt, speed, course, vert_rate,   lat   ,    lon   , air_type, Ti
--------------------------------------------------------------------------------------------
15203A,2764, AFL224  ,1256,   1256,   348,    258,   640,      0.000000,  0.000000, 9, 1


Hex , Squawk, Flight, alt , pres alt, speed, course, vert_rate,   lat   ,    lon   , air_type, Ti
--------------------------------------------------------------------------------------------
151E0B,0,         ,0,   0,   0,    0,   0,      0.000000,  0.000000, 9, 10


Hex , Squawk, Flight, alt , pres alt, speed, course, vert_rate,   lat   ,    lon   , air_type, Ti
--------------------------------------------------------------------------------------------
15203A,2764, AFL224  ,1256,   1256,   348,    258,   640,      0.000000,  0.000000, 9, 0


Hex , Squawk, Flight, alt , pres alt, speed, course, vert_rate,   lat   ,    lon   , air_type, Ti
--------------------------------------------------------------------------------------------
151E0B,0,         ,0,   0,   0,    0,   0,      0.000000,  0.000000, 9, 10


Hex , Squawk, Flight, alt , pres alt, speed, course, vert_rate,   lat   ,    lon   , air_type, Ti
--------------------------------------------------------------------------------------------
15203A,2764, AFL224  ,1256,   1256,   348,    258,   640,      0.000000,  0.000000, 9, 0


Hex , Squawk, Flight, alt , pres alt, speed, course, vert_rate,   lat   ,    lon   , air_type, Ti
--------------------------------------------------------------------------------------------
151E0B,0,         ,0,   0,   0,    0,   0,      0.000000,  0.000000, 9, 11


Hex , Squawk, Flight, alt , pres alt, speed, course, vert_rate,   lat   ,    lon   , air_type, Ti
--------------------------------------------------------------------------------------------
15203A,2764, AFL224  ,1256,   1256,   348,    258,   640,      0.000000,  0.000000, 9, 1


Hex , Squawk, Flight, alt , pres alt, speed, course, vert_rate,   lat   ,    lon   , air_type, Ti
--------------------------------------------------------------------------------------------
151E0B,0,         ,0,   0,   0,    0,   0,      0.000000,  0.000000, 9, 11


Hex , Squawk, Flight, alt , pres alt, speed, course, vert_rate,   lat   ,    lon   , air_type, Ti
--------------------------------------------------------------------------------------------
15203A,2764, AFL224  ,1256,   1256,   348,    258,   640,      0.000000,  0.000000, 9, 1


Hex , Squawk, Flight, alt , pres alt, speed, course, vert_rate,   lat   ,    lon   , air_type, Ti
--------------------------------------------------------------------------------------------
151E0B,0,         ,0,   0,   0,    0,   0,      0.000000,  0.000000, 9, 11


Hex , Squawk, Flight, alt , pres alt, speed, course, vert_rate,   lat   ,    lon   , air_type, Ti
--------------------------------------------------------------------------------------------
15203A,2764, AFL224  ,1256,   1256,   348,    258,   640,      0.000000,  0.000000, 9, 1


Hex , Squawk, Flight, alt , pres alt, speed, course, vert_rate,   lat   ,    lon   , air_type, Ti
--------------------------------------------------------------------------------------------
151E0B,0,         ,0,   0,   0,    0,   0,      0.000000,  0.000000, 9, 11


Hex , Squawk, Flight, alt , pres alt, speed, course, vert_rate,   lat   ,    lon   , air_type, Ti
--------------------------------------------------------------------------------------------
15203A,2764, AFL224  ,1256,   1256,   348,    258,   640,      0.000000,  0.000000, 9, 1


Hex , Squawk, Flight, alt , pres alt, speed, course, vert_rate,   lat   ,    lon   , air_type, Ti
--------------------------------------------------------------------------------------------
151E0B,0,         ,0,   0,   0,    0,   0,      0.000000,  0.000000, 9, 12


Hex , Squawk, Flight, alt , pres alt, speed, course, vert_rate,   lat   ,    lon   , air_type, Ti
--------------------------------------------------------------------------------------------
15203A,2764, AFL224  ,1256,   1256,   348,    258,   640,      0.000000,  0.000000, 9, 2


Hex , Squawk, Flight, alt , pres alt, speed, course, vert_rate,   lat   ,    lon   , air_type, Ti
--------------------------------------------------------------------------------------------
151E0B,0,         ,0,   0,   0,    0,   0,      0.000000,  0.000000, 9, 12


Hex , Squawk, Flight, alt , pres alt, speed, course, vert_rate,   lat   ,    lon   , air_type, Ti
--------------------------------------------------------------------------------------------
15203A,2764, AFL224  ,1256,   1256,   348,    258,   640,      0.000000,  0.000000, 9, 2


Hex , Squawk, Flight, alt , pres alt, speed, course, vert_rate,   lat   ,    lon   , air_type, Ti
--------------------------------------------------------------------------------------------
151E0B,0,         ,0,   0,   0,    0,   0,      0.000000,  0.000000, 9, 12


Hex , Squawk, Flight, alt , pres alt, speed, course, vert_rate,   lat   ,    lon   , air_type, Ti
--------------------------------------------------------------------------------------------
15203A,2764, AFL224  ,1256,   1256,   348,    258,   640,      0.000000,  0.000000, 9, 2


Hex , Squawk, Flight, alt , pres alt, speed, course, vert_rate,   lat   ,    lon   , air_type, Ti
--------------------------------------------------------------------------------------------
151E0B,0,         ,0,   0,   0,    0,   0,      0.000000,  0.000000, 9, 12


Hex , Squawk, Flight, alt , pres alt, speed, course, vert_rate,   lat   ,    lon   , air_type, Ti
--------------------------------------------------------------------------------------------
15203A,2764, AFL224  ,1256,   1256,   348,    258,   640,      0.000000,  0.000000, 9, 2


Hex , Squawk, Flight, alt , pres alt, speed, course, vert_rate,   lat   ,    lon   , air_type, Ti
--------------------------------------------------------------------------------------------
151E0B,0,         ,0,   0,   0,    0,   0,      0.000000,  0.000000, 9, 13


Hex , Squawk, Flight, alt , pres alt, speed, course, vert_rate,   lat   ,    lon   , air_type, Ti
--------------------------------------------------------------------------------------------
15203A,2764, AFL224  ,1256,   1256,   348,    258,   640,      0.000000,  0.000000, 9, 3


Hex , Squawk, Flight, alt , pres alt, speed, course, vert_rate,   lat   ,    lon   , air_type, Ti
--------------------------------------------------------------------------------------------
151E0B,0,         ,0,   0,   0,    0,   0,      0.000000,  0.000000, 9, 13


Hex , Squawk, Flight, alt , pres alt, speed, course, vert_rate,   lat   ,    lon   , air_type, Ti
--------------------------------------------------------------------------------------------
15203A,2764, AFL224  ,1256,   1256,   348,    258,   640,      0.000000,  0.000000, 9, 3


Hex , Squawk, Flight, alt , pres alt, speed, course, vert_rate,   lat   ,    lon   , air_type, Ti
--------------------------------------------------------------------------------------------
151E0B,0,         ,0,   0,   0,    0,   0,      0.000000,  0.000000, 9, 13


Hex , Squawk, Flight, alt , pres alt, speed, course, vert_rate,   lat   ,    lon   , air_type, Ti
--------------------------------------------------------------------------------------------
15203A,2764, AFL224  ,1256,   1256,   348,    258,   640,      0.000000,  0.000000, 9, 3


Hex , Squawk, Flight, alt , pres alt, speed, course, vert_rate,   lat   ,    lon   , air_type, Ti
--------------------------------------------------------------------------------------------
151E0B,0,         ,0,   0,   0,    0,   0,      0.000000,  0.000000, 9, 13


Hex , Squawk, Flight, alt , pres alt, speed, course, vert_rate,   lat   ,    lon   , air_type, Ti
--------------------------------------------------------------------------------------------
15203A,2764, AFL224  ,1256,   1256,   348,    258,   640,      0.000000,  0.000000, 9, 3


Hex , Squawk, Flight, alt , pres alt, speed, course, vert_rate,   lat   ,    lon   , air_type, Ti
--------------------------------------------------------------------------------------------
151E0B,0,         ,0,   0,   0,    0,   0,      0.000000,  0.000000, 9, 14


Hex , Squawk, Flight, alt , pres alt, speed, course, vert_rate,   lat   ,    lon   , air_type, Ti
--------------------------------------------------------------------------------------------
15203A,2764, AFL224  ,1256,   1256,   348,    258,   640,      0.000000,  0.000000, 9, 4


Hex , Squawk, Flight, alt , pres alt, speed, course, vert_rate,   lat   ,    lon   , air_type, Ti
--------------------------------------------------------------------------------------------
151E0B,0,         ,0,   0,   0,    0,   0,      0.000000,  0.000000, 9, 14


Hex , Squawk, Flight, alt , pres alt, speed, course, vert_rate,   lat   ,    lon   , air_type, Ti
--------------------------------------------------------------------------------------------
15203A,2764, AFL224  ,1256,   1256,   348,    258,   640,      0.000000,  0.000000, 9, 4


Hex , Squawk, Flight, alt , pres alt, speed, course, vert_rate,   lat   ,    lon   , air_type, Ti
--------------------------------------------------------------------------------------------
151E0B,0,         ,0,   0,   0,    0,   0,      0.000000,  0.000000, 9, 14


Hex , Squawk, Flight, alt , pres alt, speed, course, vert_rate,   lat   ,    lon   , air_type, Ti
--------------------------------------------------------------------------------------------
15203A,2764, AFL224  ,1256,   1256,   348,    258,   640,      0.000000,  0.000000, 9, 4


Hex , Squawk, Flight, alt , pres alt, speed, course, vert_rate,   lat   ,    lon   , air_type, Ti
--------------------------------------------------------------------------------------------
151E0B,0,         ,0,   0,   0,    0,   0,      0.000000,  0.000000, 9, 15


Hex , Squawk, Flight, alt , pres alt, speed, course, vert_rate,   lat   ,    lon   , air_type, Ti
--------------------------------------------------------------------------------------------
15203A,2764, AFL224  ,1256,   1256,   348,    258,   640,      0.000000,  0.000000, 9, 5


Hex , Squawk, Flight, alt , pres alt, speed, course, vert_rate,   lat   ,    lon   , air_type, Ti
--------------------------------------------------------------------------------------------
151E0B,0,         ,0,   0,   0,    0,   0,      0.000000,  0.000000, 9, 15


Hex , Squawk, Flight, alt , pres alt, speed, course, vert_rate,   lat   ,    lon   , air_type, Ti
--------------------------------------------------------------------------------------------
15203A,2764, AFL224  ,1256,   1256,   348,    258,   640,      0.000000,  0.000000, 9, 5


Hex , Squawk, Flight, alt , pres alt, speed, course, vert_rate,   lat   ,    lon   , air_type, Ti
--------------------------------------------------------------------------------------------
151E0B,0,         ,0,   0,   0,    0,   0,      0.000000,  0.000000, 9, 15


Hex , Squawk, Flight, alt , pres alt, speed, course, vert_rate,   lat   ,    lon   , air_type, Ti
--------------------------------------------------------------------------------------------
15203A,2764, AFL224  ,1256,   1256,   348,    258,   640,      0.000000,  0.000000, 9, 5


Hex , Squawk, Flight, alt , pres alt, speed, course, vert_rate,   lat   ,    lon   , air_type, Ti
--------------------------------------------------------------------------------------------
151E0B,0,         ,0,   0,   0,    0,   0,      0.000000,  0.000000, 9, 15


Hex , Squawk, Flight, alt , pres alt, speed, course, vert_rate,   lat   ,    lon   , air_type, Ti
--------------------------------------------------------------------------------------------
15203A,2764, AFL224  ,1256,   1256,   348,    258,   640,      0.000000,  0.000000, 9, 5


Hex , Squawk, Flight, alt , pres alt, speed, course, vert_rate,   lat   ,    lon   , air_type, Ti
--------------------------------------------------------------------------------------------
151E0B,0,         ,0,   0,   0,    0,   0,      0.000000,  0.000000, 9, 16


Hex , Squawk, Flight, alt , pres alt, speed, course, vert_rate,   lat   ,    lon   , air_type, Ti
--------------------------------------------------------------------------------------------
15203A,2764, AFL224  ,1256,   1256,   348,    258,   640,      0.000000,  0.000000, 9, 6


Hex , Squawk, Flight, alt , pres alt, speed, course, vert_rate,   lat   ,    lon   , air_type, Ti
--------------------------------------------------------------------------------------------
151E0B,0,         ,0,   0,   0,    0,   0,      0.000000,  0.000000, 9, 16


Hex , Squawk, Flight, alt , pres alt, speed, course, vert_rate,   lat   ,    lon   , air_type, Ti
--------------------------------------------------------------------------------------------
15203A,2764, AFL224  ,1256,   1256,   348,    258,   640,      0.000000,  0.000000, 9, 6


Hex , Squawk, Flight, alt , pres alt, speed, course, vert_rate,   lat   ,    lon   , air_type, Ti
--------------------------------------------------------------------------------------------
151E0B,0,         ,0,   0,   0,    0,   0,      0.000000,  0.000000, 9, 16


Hex , Squawk, Flight, alt , pres alt, speed, course, vert_rate,   lat   ,    lon   , air_type, Ti
--------------------------------------------------------------------------------------------
15203A,2764, AFL224  ,1256,   1256,   348,    258,   640,      0.000000,  0.000000, 9, 6


Hex , Squawk, Flight, alt , pres alt, speed, course, vert_rate,   lat   ,    lon   , air_type, Ti
--------------------------------------------------------------------------------------------
151E0B,0,         ,0,   0,   0,    0,   0,      0.000000,  0.000000, 9, 16


Hex , Squawk, Flight, alt , pres alt, speed, course, vert_rate,   lat   ,    lon   , air_type, Ti
--------------------------------------------------------------------------------------------
15203A,2764, AFL224  ,1256,   1256,   348,    258,   640,      0.000000,  0.000000, 9, 6


Hex , Squawk, Flight, alt , pres alt, speed, course, vert_rate,   lat   ,    lon   , air_type, Ti
--------------------------------------------------------------------------------------------
151E0B,0,         ,0,   0,   0,    0,   0,      0.000000,  0.000000, 9, 17


Hex , Squawk, Flight, alt , pres alt, speed, course, vert_rate,   lat   ,    lon   , air_type, Ti
--------------------------------------------------------------------------------------------
15203A,2764, AFL224  ,1256,   1256,   348,    258,   640,      0.000000,  0.000000, 9, 7


Hex , Squawk, Flight, alt , pres alt, speed, course, vert_rate,   lat   ,    lon   , air_type, Ti
--------------------------------------------------------------------------------------------
151E0B,0,         ,0,   0,   0,    0,   0,      0.000000,  0.000000, 9, 17


Hex , Squawk, Flight, alt , pres alt, speed, course, vert_rate,   lat   ,    lon   , air_type, Ti
--------------------------------------------------------------------------------------------
15203A,2764, AFL224  ,1256,   1256,   348,    258,   640,      0.000000,  0.000000, 9, 7


Hex , Squawk, Flight, alt , pres alt, speed, course, vert_rate,   lat   ,    lon   , air_type, Ti
--------------------------------------------------------------------------------------------
151E0B,0,         ,0,   0,   0,    0,   0,      0.000000,  0.000000, 9, 17


Hex , Squawk, Flight, alt , pres alt, speed, course, vert_rate,   lat   ,    lon   , air_type, Ti
--------------------------------------------------------------------------------------------
15203A,2764, AFL224  ,1256,   1256,   348,    258,   640,      0.000000,  0.000000, 9, 7


Hex , Squawk, Flight, alt , pres alt, speed, course, vert_rate,   lat   ,    lon   , air_type, Ti
--------------------------------------------------------------------------------------------
151E0B,0,         ,0,   0,   0,    0,   0,      0.000000,  0.000000, 9, 17


Hex , Squawk, Flight, alt , pres alt, speed, course, vert_rate,   lat   ,    lon   , air_type, Ti
--------------------------------------------------------------------------------------------
15203A,2764, AFL224  ,1256,   1256,   348,    258,   640,      0.000000,  0.000000, 9, 7


Hex , Squawk, Flight, alt , pres alt, speed, course, vert_rate,   lat   ,    lon   , air_type, Ti
--------------------------------------------------------------------------------------------
151E0B,0,         ,0,   0,   0,    0,   0,      0.000000,  0.000000, 9, 18


Hex , Squawk, Flight, alt , pres alt, speed, course, vert_rate,   lat   ,    lon   , air_type, Ti
--------------------------------------------------------------------------------------------
15203A,2764, AFL224  ,1256,   1256,   348,    258,   640,      0.000000,  0.000000, 9, 8


Hex , Squawk, Flight, alt , pres alt, speed, course, vert_rate,   lat   ,    lon   , air_type, Ti
--------------------------------------------------------------------------------------------
151E0B,0,         ,0,   0,   0,    0,   0,      0.000000,  0.000000, 9, 18


Hex , Squawk, Flight, alt , pres alt, speed, course, vert_rate,   lat   ,    lon   , air_type, Ti
--------------------------------------------------------------------------------------------
15203A,2764, AFL224  ,1256,   1256,   348,    258,   640,      0.000000,  0.000000, 9, 8


Hex , Squawk, Flight, alt , pres alt, speed, course, vert_rate,   lat   ,    lon   , air_type, Ti
--------------------------------------------------------------------------------------------
151E0B,0,         ,0,   0,   0,    0,   0,      0.000000,  0.000000, 9, 18


Hex , Squawk, Flight, alt , pres alt, speed, course, vert_rate,   lat   ,    lon   , air_type, Ti
--------------------------------------------------------------------------------------------
15203A,2764, AFL224  ,1256,   1256,   348,    258,   640,      0.000000,  0.000000, 9, 8


Hex , Squawk, Flight, alt , pres alt, speed, course, vert_rate,   lat   ,    lon   , air_type, Ti
--------------------------------------------------------------------------------------------
151E0B,0,         ,0,   0,   0,    0,   0,      0.000000,  0.000000, 9, 18


Hex , Squawk, Flight, alt , pres alt, speed, course, vert_rate,   lat   ,    lon   , air_type, Ti
--------------------------------------------------------------------------------------------
15203A,2764, AFL224  ,1256,   1256,   348,    258,   640,      0.000000,  0.000000, 9, 8


Hex , Squawk, Flight, alt , pres alt, speed, course, vert_rate,   lat   ,    lon   , air_type, Ti
--------------------------------------------------------------------------------------------
151E0B,0,         ,0,   0,   0,    0,   0,      0.000000,  0.000000, 9, 19


Hex , Squawk, Flight, alt , pres alt, speed, course, vert_rate,   lat   ,    lon   , air_type, Ti
--------------------------------------------------------------------------------------------
15203A,2764, AFL224  ,1256,   1256,   348,    258,   640,      0.000000,  0.000000, 9, 9


Hex , Squawk, Flight, alt , pres alt, speed, course, vert_rate,   lat   ,    lon   , air_type, Ti
--------------------------------------------------------------------------------------------
151E0B,0,         ,0,   0,   0,    0,   0,      0.000000,  0.000000, 9, 19


Hex , Squawk, Flight, alt , pres alt, speed, course, vert_rate,   lat   ,    lon   , air_type, Ti
--------------------------------------------------------------------------------------------
15203A,2764, AFL224  ,1256,   1256,   348,    258,   640,      0.000000,  0.000000, 9, 9


Hex , Squawk, Flight, alt , pres alt, speed, course, vert_rate,   lat   ,    lon   , air_type, Ti
--------------------------------------------------------------------------------------------
151E0B,0,         ,0,   0,   0,    0,   0,      0.000000,  0.000000, 9, 19


Hex , Squawk, Flight, alt , pres alt, speed, course, vert_rate,   lat   ,    lon   , air_type, Ti
--------------------------------------------------------------------------------------------
15203A,2764, AFL224  ,1256,   1256,   348,    258,   640,      0.000000,  0.000000, 9, 9


Hex , Squawk, Flight, alt , pres alt, speed, course, vert_rate,   lat   ,    lon   , air_type, Ti
--------------------------------------------------------------------------------------------
151E0B,0,         ,0,   0,   0,    0,   0,      0.000000,  0.000000, 9, 20


Hex , Squawk, Flight, alt , pres alt, speed, course, vert_rate,   lat   ,    lon   , air_type, Ti
--------------------------------------------------------------------------------------------
15203A,2764, AFL224  ,1256,   1256,   348,    258,   640,      0.000000,  0.000000, 9, 10


Hex , Squawk, Flight, alt , pres alt, speed, course, vert_rate,   lat   ,    lon   , air_type, Ti
--------------------------------------------------------------------------------------------
151E0B,0,         ,0,   0,   0,    0,   0,      0.000000,  0.000000, 9, 20


Hex , Squawk, Flight, alt , pres alt, speed, course, vert_rate,   lat   ,    lon   , air_type, Ti
--------------------------------------------------------------------------------------------
15203A,2764, AFL224  ,1256,   1256,   348,    258,   640,      0.000000,  0.000000, 9, 10


Hex , Squawk, Flight, alt , pres alt, speed, course, vert_rate,   lat   ,    lon   , air_type, Ti
--------------------------------------------------------------------------------------------
151E0B,0,         ,0,   0,   0,    0,   0,      0.000000,  0.000000, 9, 20


Hex , Squawk, Flight, alt , pres alt, speed, course, vert_rate,   lat   ,    lon   , air_type, Ti
--------------------------------------------------------------------------------------------
15203A,2764, AFL224  ,1256,   1256,   348,    258,   640,      0.000000,  0.000000, 9, 10


Hex , Squawk, Flight, alt , pres alt, speed, course, vert_rate,   lat   ,    lon   , air_type, Ti
--------------------------------------------------------------------------------------------
151E0B,0,         ,0,   0,   0,    0,   0,      0.000000,  0.000000, 9, 20


Hex , Squawk, Flight, alt , pres alt, speed, course, vert_rate,   lat   ,    lon   , air_type, Ti
--------------------------------------------------------------------------------------------
15203A,2764, AFL224  ,1256,   1256,   348,    258,   640,      0.000000,  0.000000, 9, 10


Hex , Squawk, Flight, alt , pres alt, speed, course, vert_rate,   lat   ,    lon   , air_type, Ti
--------------------------------------------------------------------------------------------
151E0B,0,         ,0,   0,   0,    0,   0,      0.000000,  0.000000, 9, 21


Hex , Squawk, Flight, alt , pres alt, speed, course, vert_rate,   lat   ,    lon   , air_type, Ti
--------------------------------------------------------------------------------------------
15203A,2764, AFL224  ,1256,   1256,   348,    258,   640,      0.000000,  0.000000, 9, 11


Hex , Squawk, Flight, alt , pres alt, speed, course, vert_rate,   lat   ,    lon   , air_type, Ti
--------------------------------------------------------------------------------------------
151E0B,0,         ,0,   0,   0,    0,   0,      0.000000,  0.000000, 9, 21


Hex , Squawk, Flight, alt , pres alt, speed, course, vert_rate,   lat   ,    lon   , air_type, Ti
--------------------------------------------------------------------------------------------
15203A,2764, AFL224  ,1256,   1256,   348,    258,   640,      0.000000,  0.000000, 9, 11


Hex , Squawk, Flight, alt , pres alt, speed, course, vert_rate,   lat   ,    lon   , air_type, Ti
--------------------------------------------------------------------------------------------
151E0B,0,         ,0,   0,   0,    0,   0,      0.000000,  0.000000, 9, 21


Hex , Squawk, Flight, alt , pres alt, speed, course, vert_rate,   lat   ,    lon   , air_type, Ti
--------------------------------------------------------------------------------------------
15203A,2764, AFL224  ,1256,   1256,   348,    258,   640,      0.000000,  0.000000, 9, 11


Hex , Squawk, Flight, alt , pres alt, speed, course, vert_rate,   lat   ,    lon   , air_type, Ti
--------------------------------------------------------------------------------------------
151E0B,0,         ,0,   0,   0,    0,   0,      0.000000,  0.000000, 9, 21


Hex , Squawk, Flight, alt , pres alt, speed, course, vert_rate,   lat   ,    lon   , air_type, Ti
--------------------------------------------------------------------------------------------
15203A,2764, AFL224  ,1256,   1256,   348,    258,   640,      0.000000,  0.000000, 9, 11


Hex , Squawk, Flight, alt , pres alt, speed, course, vert_rate,   lat   ,    lon   , air_type, Ti
--------------------------------------------------------------------------------------------
151E0B,0,         ,0,   0,   0,    0,   0,      0.000000,  0.000000, 9, 22


Hex , Squawk, Flight, alt , pres alt, speed, course, vert_rate,   lat   ,    lon   , air_type, Ti
--------------------------------------------------------------------------------------------
15203A,2764, AFL224  ,1256,   1256,   348,    258,   640,      0.000000,  0.000000, 9, 12


Hex , Squawk, Flight, alt , pres alt, speed, course, vert_rate,   lat   ,    lon   , air_type, Ti
--------------------------------------------------------------------------------------------
151E0B,0,         ,0,   0,   0,    0,   0,      0.000000,  0.000000, 9, 22


Hex , Squawk, Flight, alt , pres alt, speed, course, vert_rate,   lat   ,    lon   , air_type, Ti
--------------------------------------------------------------------------------------------
15203A,2764, AFL224  ,1256,   1256,   348,    258,   640,      0.000000,  0.000000, 9, 12


Hex , Squawk, Flight, alt , pres alt, speed, course, vert_rate,   lat   ,    lon   , air_type, Ti
--------------------------------------------------------------------------------------------
151E0B,0,         ,0,   0,   0,    0,   0,      0.000000,  0.000000, 9, 22


Hex , Squawk, Flight, alt , pres alt, speed, course, vert_rate,   lat   ,    lon   , air_type, Ti
--------------------------------------------------------------------------------------------
15203A,2764, AFL224  ,1256,   1256,   348,    258,   640,      0.000000,  0.000000, 9, 12


Hex , Squawk, Flight, alt , pres alt, speed, course, vert_rate,   lat   ,    lon   , air_type, Ti
--------------------------------------------------------------------------------------------
151E0B,0,         ,0,   0,   0,    0,   0,      0.000000,  0.000000, 9, 22


Hex , Squawk, Flight, alt , pres alt, speed, course, vert_rate,   lat   ,    lon   , air_type, Ti
--------------------------------------------------------------------------------------------
15203A,2764, AFL224  ,1256,   1256,   348,    258,   640,      0.000000,  0.000000, 9, 12


Hex , Squawk, Flight, alt , pres alt, speed, course, vert_rate,   lat   ,    lon   , air_type, Ti
--------------------------------------------------------------------------------------------
151E0B,0,         ,0,   0,   0,    0,   0,      0.000000,  0.000000, 9, 23


Hex , Squawk, Flight, alt , pres alt, speed, course, vert_rate,   lat   ,    lon   , air_type, Ti
--------------------------------------------------------------------------------------------
15203A,2764, AFL224  ,1256,   1256,   348,    258,   640,      0.000000,  0.000000, 9, 13


Hex , Squawk, Flight, alt , pres alt, speed, course, vert_rate,   lat   ,    lon   , air_type, Ti
--------------------------------------------------------------------------------------------
151E0B,0,         ,0,   0,   0,    0,   0,      0.000000,  0.000000, 9, 23


Hex , Squawk, Flight, alt , pres alt, speed, course, vert_rate,   lat   ,    lon   , air_type, Ti
--------------------------------------------------------------------------------------------
15203A,2764, AFL224  ,1256,   1256,   348,    258,   640,      0.000000,  0.000000, 9, 13


Hex , Squawk, Flight, alt , pres alt, speed, course, vert_rate,   lat   ,    lon   , air_type, Ti
--------------------------------------------------------------------------------------------
151E0B,0,         ,0,   0,   0,    0,   0,      0.000000,  0.000000, 9, 23


Hex , Squawk, Flight, alt , pres alt, speed, course, vert_rate,   lat   ,    lon   , air_type, Ti
--------------------------------------------------------------------------------------------
15203A,2764, AFL224  ,1256,   1256,   348,    258,   640,      0.000000,  0.000000, 9, 13


Hex , Squawk, Flight, alt , pres alt, speed, course, vert_rate,   lat   ,    lon   , air_type, Ti
--------------------------------------------------------------------------------------------
151E0B,0,         ,0,   0,   0,    0,   0,      0.000000,  0.000000, 9, 23


Hex , Squawk, Flight, alt , pres alt, speed, course, vert_rate,   lat   ,    lon   , air_type, Ti
--------------------------------------------------------------------------------------------
15203A,2764, AFL224  ,1256,   1256,   348,    258,   640,      0.000000,  0.000000, 9, 13


Hex , Squawk, Flight, alt , pres alt, speed, course, vert_rate,   lat   ,    lon   , air_type, Ti
--------------------------------------------------------------------------------------------
151E0B,0,         ,0,   0,   0,    0,   0,      0.000000,  0.000000, 9, 24


Hex , Squawk, Flight, alt , pres alt, speed, course, vert_rate,   lat   ,    lon   , air_type, Ti
--------------------------------------------------------------------------------------------
15203A,2764, AFL224  ,1256,   1256,   348,    258,   640,      0.000000,  0.000000, 9, 14


Hex , Squawk, Flight, alt , pres alt, speed, course, vert_rate,   lat   ,    lon   , air_type, Ti
--------------------------------------------------------------------------------------------
151E0B,0,         ,0,   0,   0,    0,   0,      0.000000,  0.000000, 9, 24


Hex , Squawk, Flight, alt , pres alt, speed, course, vert_rate,   lat   ,    lon   , air_type, Ti
--------------------------------------------------------------------------------------------
15203A,2764, AFL224  ,1256,   1256,   348,    258,   640,      0.000000,  0.000000, 9, 14


Hex , Squawk, Flight, alt , pres alt, speed, course, vert_rate,   lat   ,    lon   , air_type, Ti
--------------------------------------------------------------------------------------------
151E0B,0,         ,0,   0,   0,    0,   0,      0.000000,  0.000000, 9, 24


Hex , Squawk, Flight, alt , pres alt, speed, course, vert_rate,   lat   ,    lon   , air_type, Ti
--------------------------------------------------------------------------------------------
15203A,2764, AFL224  ,1256,   1256,   348,    258,   640,      0.000000,  0.000000, 9, 14


Hex , Squawk, Flight, alt , pres alt, speed, course, vert_rate,   lat   ,    lon   , air_type, Ti
--------------------------------------------------------------------------------------------
151E0B,0,         ,0,   0,   0,    0,   0,      0.000000,  0.000000, 9, 24


Hex , Squawk, Flight, alt , pres alt, speed, course, vert_rate,   lat   ,    lon   , air_type, Ti
--------------------------------------------------------------------------------------------
15203A,2764, AFL224  ,1256,   1256,   348,    258,   640,      0.000000,  0.000000, 9, 14


Hex , Squawk, Flight, alt , pres alt, speed, course, vert_rate,   lat   ,    lon   , air_type, Ti
--------------------------------------------------------------------------------------------
151E0B,0,         ,0,   0,   0,    0,   0,      0.000000,  0.000000, 9, 25


Hex , Squawk, Flight, alt , pres alt, speed, course, vert_rate,   lat   ,    lon   , air_type, Ti
--------------------------------------------------------------------------------------------
15203A,2764, AFL224  ,1256,   1256,   348,    258,   640,      0.000000,  0.000000, 9, 15


Hex , Squawk, Flight, alt , pres alt, speed, course, vert_rate,   lat   ,    lon   , air_type, Ti
--------------------------------------------------------------------------------------------
151E0B,0,         ,0,   0,   0,    0,   0,      0.000000,  0.000000, 9, 25


Hex , Squawk, Flight, alt , pres alt, speed, course, vert_rate,   lat   ,    lon   , air_type, Ti
--------------------------------------------------------------------------------------------
15203A,2764, AFL224  ,1256,   1256,   348,    258,   640,      0.000000,  0.000000, 9, 15


Hex , Squawk, Flight, alt , pres alt, speed, course, vert_rate,   lat   ,    lon   , air_type, Ti
--------------------------------------------------------------------------------------------
151E0B,0,         ,0,   0,   0,    0,   0,      0.000000,  0.000000, 9, 25


Hex , Squawk, Flight, alt , pres alt, speed, course, vert_rate,   lat   ,    lon   , air_type, Ti
--------------------------------------------------------------------------------------------
15203A,2764, AFL224  ,1256,   1256,   348,    258,   640,      0.000000,  0.000000, 9, 15


Hex , Squawk, Flight, alt , pres alt, speed, course, vert_rate,   lat   ,    lon   , air_type, Ti
--------------------------------------------------------------------------------------------
151E0B,0,         ,0,   0,   0,    0,   0,      0.000000,  0.000000, 9, 26


Hex , Squawk, Flight, alt , pres alt, speed, course, vert_rate,   lat   ,    lon   , air_type, Ti
--------------------------------------------------------------------------------------------
15203A,2764, AFL224  ,1256,   1256,   348,    258,   640,      0.000000,  0.000000, 9, 16


Hex , Squawk, Flight, alt , pres alt, speed, course, vert_rate,   lat   ,    lon   , air_type, Ti
--------------------------------------------------------------------------------------------
151E0B,0,         ,0,   0,   0,    0,   0,      0.000000,  0.000000, 9, 26


Hex , Squawk, Flight, alt , pres alt, speed, course, vert_rate,   lat   ,    lon   , air_type, Ti
--------------------------------------------------------------------------------------------
15203A,2764, AFL224  ,1256,   1256,   348,    258,   640,      0.000000,  0.000000, 9, 16


Hex , Squawk, Flight, alt , pres alt, speed, course, vert_rate,   lat   ,    lon   , air_type, Ti
--------------------------------------------------------------------------------------------
151E0B,0,         ,0,   0,   0,    0,   0,      0.000000,  0.000000, 9, 26


Hex , Squawk, Flight, alt , pres alt, speed, course, vert_rate,   lat   ,    lon   , air_type, Ti
--------------------------------------------------------------------------------------------
15203A,2764, AFL224  ,1256,   1256,   348,    258,   640,      0.000000,  0.000000, 9, 16


Hex , Squawk, Flight, alt , pres alt, speed, course, vert_rate,   lat   ,    lon   , air_type, Ti
--------------------------------------------------------------------------------------------
151E0B,0,         ,0,   0,   0,    0,   0,      0.000000,  0.000000, 9, 26


Hex , Squawk, Flight, alt , pres alt, speed, course, vert_rate,   lat   ,    lon   , air_type, Ti
--------------------------------------------------------------------------------------------
15203A,2764, AFL224  ,1256,   1256,   348,    258,   640,      0.000000,  0.000000, 9, 16


Hex , Squawk, Flight, alt , pres alt, speed, course, vert_rate,   lat   ,    lon   , air_type, Ti
--------------------------------------------------------------------------------------------
151E0B,0,         ,0,   0,   0,    0,   0,      0.000000,  0.000000, 9, 27


Hex , Squawk, Flight, alt , pres alt, speed, course, vert_rate,   lat   ,    lon   , air_type, Ti
--------------------------------------------------------------------------------------------
15203A,2764, AFL224  ,1256,   1256,   348,    258,   640,      0.000000,  0.000000, 9, 17


Hex , Squawk, Flight, alt , pres alt, speed, course, vert_rate,   lat   ,    lon   , air_type, Ti
--------------------------------------------------------------------------------------------
151E0B,0,         ,0,   0,   0,    0,   0,      0.000000,  0.000000, 9, 27


Hex , Squawk, Flight, alt , pres alt, speed, course, vert_rate,   lat   ,    lon   , air_type, Ti
--------------------------------------------------------------------------------------------
15203A,2764, AFL224  ,1256,   1256,   348,    258,   640,      0.000000,  0.000000, 9, 17


Hex , Squawk, Flight, alt , pres alt, speed, course, vert_rate,   lat   ,    lon   , air_type, Ti
--------------------------------------------------------------------------------------------
151E0B,0,         ,0,   0,   0,    0,   0,      0.000000,  0.000000, 9, 27


Hex , Squawk, Flight, alt , pres alt, speed, course, vert_rate,   lat   ,    lon   , air_type, Ti
--------------------------------------------------------------------------------------------
15203A,2764, AFL224  ,1256,   1256,   348,    258,   640,      0.000000,  0.000000, 9, 17


Hex , Squawk, Flight, alt , pres alt, speed, course, vert_rate,   lat   ,    lon   , air_type, Ti
--------------------------------------------------------------------------------------------
151E0B,0,         ,0,   0,   0,    0,   0,      0.000000,  0.000000, 9, 27


Hex , Squawk, Flight, alt , pres alt, speed, course, vert_rate,   lat   ,    lon   , air_type, Ti
--------------------------------------------------------------------------------------------
15203A,2764, AFL224  ,1256,   1256,   348,    258,   640,      0.000000,  0.000000, 9, 17


Hex , Squawk, Flight, alt , pres alt, speed, course, vert_rate,   lat   ,    lon   , air_type, Ti
--------------------------------------------------------------------------------------------
151E0B,0,         ,0,   0,   0,    0,   0,      0.000000,  0.000000, 9, 28


Hex , Squawk, Flight, alt , pres alt, speed, course, vert_rate,   lat   ,    lon   , air_type, Ti
--------------------------------------------------------------------------------------------
15203A,2764, AFL224  ,1256,   1256,   348,    258,   640,      0.000000,  0.000000, 9, 18


Hex , Squawk, Flight, alt , pres alt, speed, course, vert_rate,   lat   ,    lon   , air_type, Ti
--------------------------------------------------------------------------------------------
151E0B,0,         ,0,   0,   0,    0,   0,      0.000000,  0.000000, 9, 28


Hex , Squawk, Flight, alt , pres alt, speed, course, vert_rate,   lat   ,    lon   , air_type, Ti
--------------------------------------------------------------------------------------------
15203A,2764, AFL224  ,1256,   1256,   348,    258,   640,      0.000000,  0.000000, 9, 18


Hex , Squawk, Flight, alt , pres alt, speed, course, vert_rate,   lat   ,    lon   , air_type, Ti
--------------------------------------------------------------------------------------------
151E0B,0,         ,0,   0,   0,    0,   0,      0.000000,  0.000000, 9, 28


Hex , Squawk, Flight, alt , pres alt, speed, course, vert_rate,   lat   ,    lon   , air_type, Ti
--------------------------------------------------------------------------------------------
15203A,2764, AFL224  ,1256,   1256,   348,    258,   640,      0.000000,  0.000000, 9, 18


Hex , Squawk, Flight, alt , pres alt, speed, course, vert_rate,   lat   ,    lon   , air_type, Ti
----------------------------------------------------------------------------------------------------------------------------------------------
15203A,2764, AFL224  ,1256,   1256,   348,    258,   640,      0.000000,  0.000000, 9, 14


Hex , Squawk, Flight, alt , pres alt, speed, course, vert_rate,   lat   ,    lon   , air_type, Ti
--------------------------------------------------------------------------------------------
151E0B,0,         ,0,   0,   0,    0,   0,      0.000000,  0.000000, 9, 25


Hex , Squawk, Flight, alt , pres alt, speed, course, vert_rate,   lat   ,    lon   , air_type, Ti
--------------------------------------------------------------------------------------------
15203A,2764, AFL224  ,1256,   1256,   348,    258,   640,      0.000000,  0.000000, 9, 15


Hex , Squawk, Flight, alt , pres alt, speed, course, vert_rate,   lat   ,    lon   , air_type, Ti
--------------------------------------------------------------------------------------------
151E0B,0,         ,0,   0,   0,    0,   0,      0.000000,  0.000000, 9, 25


Hex , Squawk, Flight, alt , pres alt, speed, course, vert_rate,   lat   ,    lon   , air_type, Ti
--------------------------------------------------------------------------------------------
15203A,2764, AFL224  ,1256,   1256,   348,    258,   640,      0.000000,  0.000000, 9, 15


Hex , Squawk, Flight, alt , pres alt, speed, course, vert_rate,   lat   ,    lon   , air_type, Ti
--------------------------------------------------------------------------------------------
151E0B,0,         ,0,   0,   0,    0,   0,      0.000000,  0.000000, 9, 25


Hex , Squawk, Flight, alt , pres alt, speed, course, vert_rate,   lat   ,    lon   , air_type, Ti
--------------------------------------------------------------------------------------------
15203A,2764, AFL224  ,1256,   1256,   348,    258,   640,      0.000000,  0.000000, 9, 15


Hex , Squawk, Flight, alt , pres alt, speed, course, vert_rate,   lat   ,    lon   , air_type, Ti
--------------------------------------------------------------------------------------------
151E0B,0,         ,0,   0,   0,    0,   0,      0.000000,  0.000000, 9, 26


Hex , Squawk, Flight, alt , pres alt, speed, course, vert_rate,   lat   ,    lon   , air_type, Ti
--------------------------------------------------------------------------------------------
15203A,2764, AFL224  ,1256,   1256,   348,    258,   640,      0.000000,  0.000000, 9, 16


Hex , Squawk, Flight, alt , pres alt, speed, course, vert_rate,   lat   ,    lon   , air_type, Ti
--------------------------------------------------------------------------------------------
151E0B,0,         ,0,   0,   0,    0,   0,      0.000000,  0.000000, 9, 26


Hex , Squawk, Flight, alt , pres alt, speed, course, vert_rate,   lat   ,    lon   , air_type, Ti
--------------------------------------------------------------------------------------------
15203A,2764, AFL224  ,1256,   1256,   348,    258,   640,      0.000000,  0.000000, 9, 16


Hex , Squawk, Flight, alt , pres alt, speed, course, vert_rate,   lat   ,    lon   , air_type, Ti
--------------------------------------------------------------------------------------------
151E0B,0,         ,0,   0,   0,    0,   0,      0.000000,  0.000000, 9, 26Hex , Squawk, Flight, alt , pres alt, speed, course, vert_rate,   lat   ,    lon   , air_type, Ti
--------------------------------------------------------------------------------------------
15201B,4146,         ,2551,   2551,   440,    328,   -704,      0.000000,  0.000000, 9, 0


Hex , Squawk, Flight, alt , pres alt, speed, course, vert_rate,   lat   ,    lon   , air_type, Ti
--------------------------------------------------------------------------------------------
15201B,4146,         ,2551,   2551,   440,    328,   -704,      0.000000,  0.000000, 9, 1


Hex , Squawk, Flight, alt , pres alt, speed, course, vert_rate,   lat   ,    lon   , air_type, Ti
--------------------------------------------------------------------------------------------
15201B,4146,         ,2551,   2551,   440,    328,   -704,      0.000000,  0.000000, 9, 1


Hex , Squawk, Flight, alt , pres alt, speed, course, vert_rate,   lat   ,    lon   , air_type, Ti
--------------------------------------------------------------------------------------------
15201B,4146,         ,2551,   2551,   440,    328,   -704,      0.000000,  0.000000, 9, 1


Hex , Squawk, Flight, alt , pres alt, speed, course, vert_rate,   lat   ,    lon   , air_type, Ti
--------------------------------------------------------------------------------------------
15201B,4146,         ,2551,   2551,   440,    328,   -704,      0.000000,  0.000000, 9, 1


Hex , Squawk, Flight, alt , pres alt, speed, course, vert_rate,   lat   ,    lon   , air_type, Ti
--------------------------------------------------------------------------------------------
15201B,4146,         ,2551,   2551,   440,    328,   -704,      0.000000,  0.000000, 9, 2


Hex , Squawk, Flight, alt , pres alt, speed, course, vert_rate,   lat   ,    lon   , air_type, Ti
--------------------------------------------------------------------------------------------
15201B,4146,         ,2551,   2551,   440,    328,   -704,      0.000000,  0.000000, 9, 2


Hex , Squawk, Flight, alt , pres alt, speed, course, vert_rate,   lat   ,    lon   , air_type, Ti
--------------------------------------------------------------------------------------------
15201B,4146,         ,2551,   2551,   440,    328,   -704,      0.000000,  0.000000, 9, 2


Hex , Squawk, Flight, alt , pres alt, speed, course, vert_rate,   lat   ,    lon   , air_type, Ti
--------------------------------------------------------------------------------------------
15201B,4146,         ,2551,   2551,   440,    328,   -704,      0.000000,  0.000000, 9, 3


Hex , Squawk, Flight, alt , pres alt, speed, course, vert_rate,   lat   ,    lon   , air_type, Ti
--------------------------------------------------------------------------------------------
15201B,4146,         ,2551,   2551,   440,    328,   -704,      0.000000,  0.000000, 9, 3


Hex , Squawk, Flight, alt , pres alt, speed, course, vert_rate,   lat   ,    lon   , air_type, Ti
--------------------------------------------------------------------------------------------
15201B,4146,         ,2551,   2551,   440,    328,   -704,      0.000000,  0.000000, 9, 3


Hex , Squawk, Flight, alt , pres alt, speed, course, vert_rate,   lat   ,    lon   , air_type, Ti
--------------------------------------------------------------------------------------------
15201B,4146,         ,2551,   2551,   440,    328,   -704,      0.000000,  0.000000, 9, 3


Hex , Squawk, Flight, alt , pres alt, speed, course, vert_rate,   lat   ,    lon   , air_type, Ti
--------------------------------------------------------------------------------------------
15201B,4146,         ,2551,   2551,   440,    328,   -704,      0.000000,  0.000000, 9, 4


Hex , Squawk, Flight, alt , pres alt, speed, course, vert_rate,   lat   ,    lon   , air_type, Ti
--------------------------------------------------------------------------------------------
15201B,4146,         ,2551,   2551,   440,    328,   -704,      0.000000,  0.000000, 9, 4


Hex , Squawk, Flight, alt , pres alt, speed, course, vert_rate,   lat   ,    lon   , air_type, Ti
--------------------------------------------------------------------------------------------
15201B,4146,         ,2551,   2551,   440,    328,   -704,      0.000000,  0.000000, 9, 4


Hex , Squawk, Flight, alt , pres alt, speed, course, vert_rate,   lat   ,    lon   , air_type, Ti
--------------------------------------------------------------------------------------------
15201B,4146,         ,2551,   2551,   440,    328,   -704,      0.000000,  0.000000, 9, 4


Hex , Squawk, Flight, alt , pres alt, speed, course, vert_rate,   lat   ,    lon   , air_type, Ti
--------------------------------------------------------------------------------------------
15201B,4146,         ,2551,   2551,   440,    328,   -704,      0.000000,  0.000000, 9, 5


Hex , Squawk, Flight, alt , pres alt, speed, course, vert_rate,   lat   ,    lon   , air_type, Ti
--------------------------------------------------------------------------------------------
15201B,4146,         ,2551,   2551,   440,    328,   -704,      0.000000,  0.000000, 9, 5


Hex , Squawk, Flight, alt , pres alt, speed, course, vert_rate,   lat   ,    lon   , air_type, Ti
--------------------------------------------------------------------------------------------
15201B,4146,         ,2551,   2551,   440,    328,   -704,      0.000000,  0.000000, 9, 5


Hex , Squawk, Flight, alt , pres alt, speed, course, vert_rate,   lat   ,    lon   , air_type, Ti
--------------------------------------------------------------------------------------------
15201B,4146,         ,2551,   2551,   440,    328,   -704,      0.000000,  0.000000, 9, 5


Hex , Squawk, Flight, alt , pres alt, speed, course, vert_rate,   lat   ,    lon   , air_type, Ti
--------------------------------------------------------------------------------------------
151D92,0,         ,0,   0,   0,    0,   0,      0.000000,  0.000000, 9, 0


Hex , Squawk, Flight, alt , pres alt, speed, course, vert_rate,   lat   ,    lon   , air_type, Ti
--------------------------------------------------------------------------------------------
15201B,4146,         ,2551,   2551,   440,    328,   -704,      0.000000,  0.000000, 9, 6


Hex , Squawk, Flight, alt , pres alt, speed, course, vert_rate,   lat   ,    lon   , air_type, Ti
--------------------------------------------------------------------------------------------
151D92,0,         ,0,   0,   0,    0,   0,      0.000000,  0.000000, 9, 0


Hex , Squawk, Flight, alt , pres alt, speed, course, vert_rate,   lat   ,    lon   , air_type, Ti
--------------------------------------------------------------------------------------------
15201B,4146,         ,2551,   2551,   440,    328,   -704,      0.000000,  0.000000, 9, 6


Hex , Squawk, Flight, alt , pres alt, speed, course, vert_rate,   lat   ,    lon   , air_type, Ti
--------------------------------------------------------------------------------------------
151D92,0,         ,0,   0,   0,    0,   0,      0.000000,  0.000000, 9, 0


Hex , Squawk, Flight, alt , pres alt, speed, course, vert_rate,   lat   ,    lon   , air_type, Ti
--------------------------------------------------------------------------------------------
15201B,4146,         ,2551,   2551,   440,    328,   -704,      0.000000,  0.000000, 9, 6


Hex , Squawk, Flight, alt , pres alt, speed, course, vert_rate,   lat   ,    lon   , air_type, Ti
--------------------------------------------------------------------------------------------
151D92,0,         ,0,   0,   0,    0,   0,      0.000000,  0.000000, 9, 0


Hex , Squawk, Flight, alt , pres alt, speed, course, vert_rate,   lat   ,    lon   , air_type, Ti
--------------------------------------------------------------------------------------------
15201B,4146,         ,2551,   2551,   440,    328,   -704,      0.000000,  0.000000, 9, 6


Hex , Squawk, Flight, alt , pres alt, speed, course, vert_rate,   lat   ,    lon   , air_type, Ti
--------------------------------------------------------------------------------------------
151D92,0,         ,0,   0,   0,    0,   0,      0.000000,  0.000000, 9, 1


Hex , Squawk, Flight, alt , pres alt, speed, course, vert_rate,   lat   ,    lon   , air_type, Ti
--------------------------------------------------------------------------------------------
15201B,4146,         ,2551,   2551,   440,    328,   -704,      0.000000,  0.000000, 9, 7


Hex , Squawk, Flight, alt , pres alt, speed, course, vert_rate,   lat   ,    lon   , air_type, Ti
--------------------------------------------------------------------------------------------
151D92,0,         ,0,   0,   0,    0,   0,      0.000000,  0.000000, 9, 1


Hex , Squawk, Flight, alt , pres alt, speed, course, vert_rate,   lat   ,    lon   , air_type, Ti
--------------------------------------------------------------------------------------------
15201B,4146,         ,2551,   2551,   440,    328,   -704,      0.000000,  0.000000, 9, 7


Hex , Squawk, Flight, alt , pres alt, speed, course, vert_rate,   lat   ,    lon   , air_type, Ti
--------------------------------------------------------------------------------------------
151D92,0,         ,0,   0,   0,    0,   0,      0.000000,  0.000000, 9, 1


Hex , Squawk, Flight, alt , pres alt, speed, course, vert_rate,   lat   ,    lon   , air_type, Ti
--------------------------------------------------------------------------------------------
15201B,4146,         ,2551,   2551,   440,    328,   -704,      0.000000,  0.000000, 9, 7


Hex , Squawk, Flight, alt , pres alt, speed, course, vert_rate,   lat   ,    lon   , air_type, Ti
--------------------------------------------------------------------------------------------
151D92,0,         ,0,   0,   0,    0,   0,      0.000000,  0.000000, 9, 2


Hex , Squawk, Flight, alt , pres alt, speed, course, vert_rate,   lat   ,    lon   , air_type, Ti
--------------------------------------------------------------------------------------------
15201B,4146,         ,2551,   2551,   440,    328,   -704,      0.000000,  0.000000, 9, 8


Hex , Squawk, Flight, alt , pres alt, speed, course, vert_rate,   lat   ,    lon   , air_type, Ti
--------------------------------------------------------------------------------------------
151D92,0,         ,0,   0,   0,    0,   0,      0.000000,  0.000000, 9, 2


Hex , Squawk, Flight, alt , pres alt, speed, course, vert_rate,   lat   ,    lon   , air_type, Ti
--------------------------------------------------------------------------------------------
15201B,4146,         ,2551,   2551,   440,    328,   -704,      0.000000,  0.000000, 9, 8


Hex , Squawk, Flight, alt , pres alt, speed, course, vert_rate,   lat   ,    lon   , air_type, Ti
--------------------------------------------------------------------------------------------
151D92,0,         ,0,   0,   0,    0,   0,      0.000000,  0.000000, 9, 0


Hex , Squawk, Flight, alt , pres alt, speed, course, vert_rate,   lat   ,    lon   , air_type, Ti
--------------------------------------------------------------------------------------------
15201B,4146,         ,2551,   2551,   440,    328,   -704,      0.000000,  0.000000, 9, 8


Hex , Squawk, Flight, alt , pres alt, speed, course, vert_rate,   lat   ,    lon   , air_type, Ti
--------------------------------------------------------------------------------------------
151D92,0,         ,0,   0,   0,    0,   0,      0.000000,  0.000000, 9, 0


Hex , Squawk, Flight, alt , pres alt, speed, course, vert_rate,   lat   ,    lon   , air_type, Ti
--------------------------------------------------------------------------------------------
15201B,4146,         ,2551,   2551,   440,    328,   -704,      0.000000,  0.000000, 9, 8


Hex , Squawk, Flight, alt , pres alt, speed, course, vert_rate,   lat   ,    lon   , air_type, Ti
--------------------------------------------------------------------------------------------
151D92,0,         ,0,   0,   0,    0,   0,      0.000000,  0.000000, 9, 1


Hex , Squawk, Flight, alt , pres alt, speed, course, vert_rate,   lat   ,    lon   , air_type, Ti
--------------------------------------------------------------------------------------------
15201B,4146,         ,2551,   2551,   440,    328,   -704,      0.000000,  0.000000, 9, 9


Hex , Squawk, Flight, alt , pres alt, speed, course, vert_rate,   lat   ,    lon   , air_type, Ti
--------------------------------------------------------------------------------------------
151D92,0,         ,0,   0,   0,    0,   0,      0.000000,  0.000000, 9, 1


Hex , Squawk, Flight, alt , pres alt, speed, course, vert_rate,   lat   ,    lon   , air_type, Ti
--------------------------------------------------------------------------------------------
15201B,4146,         ,2551,   2551,   440,    328,   -704,      0.000000,  0.000000, 9, 9


Hex , Squawk, Flight, alt , pres alt, speed, course, vert_rate,   lat   ,    lon   , air_type, Ti
--------------------------------------------------------------------------------------------
151D92,0,         ,0,   0,   0,    0,   0,      0.000000,  0.000000, 9, 1


Hex , Squawk, Flight, alt , pres alt, speed, course, vert_rate,   lat   ,    lon   , air_type, Ti
--------------------------------------------------------------------------------------------
15201B,4146,         ,2551,   2551,   440,    328,   -704,      0.000000,  0.000000, 9, 9


Hex , Squawk, Flight, alt , pres alt, speed, course, vert_rate,   lat   ,    lon   , air_type, Ti
--------------------------------------------------------------------------------------------
151D92,0,         ,0,   0,   0,    0,   0,      0.000000,  0.000000, 9, 1


Hex , Squawk, Flight, alt , pres alt, speed, course, vert_rate,   lat   ,    lon   , air_type, Ti
--------------------------------------------------------------------------------------------
15201B,4146,         ,2551,   2551,   440,    328,   -704,      0.000000,  0.000000, 9, 9


Hex , Squawk, Flight, alt , pres alt, speed, course, vert_rate,   lat   ,    lon   , air_type, Ti
--------------------------------------------------------------------------------------------
151D92,0,         ,0,   0,   0,    0,   0,      0.000000,  0.000000, 9, 2


Hex , Squawk, Flight, alt , pres alt, speed, course, vert_rate,   lat   ,    lon   , air_type, Ti
--------------------------------------------------------------------------------------------
15201B,4146,         ,2551,   2551,   440,    328,   -704,      0.000000,  0.000000, 9, 10


Hex , Squawk, Flight, alt , pres alt, speed, course, vert_rate,   lat   ,    lon   , air_type, Ti
--------------------------------------------------------------------------------------------
151D92,0,         ,0,   0,   0,    0,   0,      0.000000,  0.000000, 9, 2


Hex , Squawk, Flight, alt , pres alt, speed, course, vert_rate,   lat   ,    lon   , air_type, Ti
--------------------------------------------------------------------------------------------
15201B,4146,         ,2551,   2551,   440,    328,   -704,      0.000000,  0.000000, 9, 10


Hex , Squawk, Flight, alt , pres alt, speed, course, vert_rate,   lat   ,    lon   , air_type, Ti
--------------------------------------------------------------------------------------------
151D92,0,         ,0,   0,   0,    0,   0,      0.000000,  0.000000, 9, 2


Hex , Squawk, Flight, alt , pres alt, speed, course, vert_rate,   lat   ,    lon   , air_type, Ti
--------------------------------------------------------------------------------------------
15201B,4146,         ,2551,   2551,   440,    328,   -704,      0.000000,  0.000000, 9, 10


Hex , Squawk, Flight, alt , pres alt, speed, course, vert_rate,   lat   ,    lon   , air_type, Ti
--------------------------------------------------------------------------------------------
151D92,0,         ,0,   0,   0,    0,   0,      0.000000,  0.000000, 9, 2


Hex , Squawk, Flight, alt , pres alt, speed, course, vert_rate,   lat   ,    lon   , air_type, Ti
--------------------------------------------------------------------------------------------
15201B,4146,         ,2551,   2551,   440,    328,   -704,      0.000000,  0.000000, 9, 10


Hex , Squawk, Flight, alt , pres alt, speed, course, vert_rate,   lat   ,    lon   , air_type, Ti
--------------------------------------------------------------------------------------------
151D92,0,         ,0,   0,   0,    0,   0,      0.000000,  0.000000, 9, 3


Hex , Squawk, Flight, alt , pres alt, speed, course, vert_rate,   lat   ,    lon   , air_type, Ti
--------------------------------------------------------------------------------------------
15201B,4146,         ,2551,   2551,   440,    328,   -704,      0.000000,  0.000000, 9, 11


Hex , Squawk, Flight, alt , pres alt, speed, course, vert_rate,   lat   ,    lon   , air_type, Ti
--------------------------------------------------------------------------------------------
151D92,0,         ,0,   0,   0,    0,   0,      0.000000,  0.000000, 9, 3


Hex , Squawk, Flight, alt , pres alt, speed, course, vert_rate,   lat   ,    lon   , air_type, Ti
--------------------------------------------------------------------------------------------
15201B,4146,         ,2551,   2551,   440,    328,   -704,      0.000000,  0.000000, 9, 11


Hex , Squawk, Flight, alt , pres alt, speed, course, vert_rate,   lat   ,    lon   , air_type, Ti
--------------------------------------------------------------------------------------------
151D92,0,         ,0,   0,   0,    0,   0,      0.000000,  0.000000, 9, 3


Hex , Squawk, Flight, alt , pres alt, speed, course, vert_rate,   lat   ,    lon   , air_type, Ti
--------------------------------------------------------------------------------------------
15201B,4146,         ,2551,   2551,   440,    328,   -704,      0.000000,  0.000000, 9, 11


Hex , Squawk, Flight, alt , pres alt, speed, course, vert_rate,   lat   ,    lon   , air_type, Ti
--------------------------------------------------------------------------------------------
151D92,0,         ,0,   0,   0,    0,   0,      0.000000,  0.000000, 9, 3


Hex , Squawk, Flight, alt , pres alt, speed, course, vert_rate,   lat   ,    lon   , air_type, Ti
--------------------------------------------------------------------------------------------
15201B,4146,         ,2551,   2551,   440,    328,   -704,      0.000000,  0.000000, 9, 11


Hex , Squawk, Flight, alt , pres alt, speed, course, vert_rate,   lat   ,    lon   , air_type, Ti
--------------------------------------------------------------------------------------------
151D92,0,         ,0,   0,   0,    0,   0,      0.000000,  0.000000, 9, 4


Hex , Squawk, Flight, alt , pres alt, speed, course, vert_rate,   lat   ,    lon   , air_type, Ti
--------------------------------------------------------------------------------------------
15201B,4146,         ,2551,   2551,   440,    328,   -704,      0.000000,  0.000000, 9, 12


Hex , Squawk, Flight, alt , pres alt, speed, course, vert_rate,   lat   ,    lon   , air_type, Ti
--------------------------------------------------------------------------------------------
151D92,0,         ,0,   0,   0,    0,   0,      0.000000,  0.000000, 9, 4


Hex , Squawk, Flight, alt , pres alt, speed, course, vert_rate,   lat   ,    lon   , air_type, Ti
--------------------------------------------------------------------------------------------
15201B,4146,         ,2551,   2551,   440,    328,   -704,      0.000000,  0.000000, 9, 12


Hex , Squawk, Flight, alt , pres alt, speed, course, vert_rate,   lat   ,    lon   , air_type, Ti
--------------------------------------------------------------------------------------------
151D92,0,         ,0,   0,   0,    0,   0,      0.000000,  0.000000, 9, 4


Hex , Squawk, Flight, alt , pres alt, speed, course, vert_rate,   lat   ,    lon   , air_type, Ti
--------------------------------------------------------------------------------------------
15201B,4146,         ,2551,   2551,   440,    328,   -704,      0.000000,  0.000000, 9, 12


Hex , Squawk, Flight, alt , pres alt, speed, course, vert_rate,   lat   ,    lon   , air_type, Ti
--------------------------------------------------------------------------------------------
151D92,0,         ,0,   0,   0,    0,   0,      0.000000,  0.000000, 9, 4


Hex , Squawk, Flight, alt , pres alt, speed, course, vert_rate,   lat   ,    lon   , air_type, Ti
--------------------------------------------------------------------------------------------
15201B,4146,         ,2551,   2551,   440,    328,   -704,      0.000000,  0.000000, 9, 12


Hex , Squawk, Flight, alt , pres alt, speed, course, vert_rate,   lat   ,    lon   , air_type, Ti
--------------------------------------------------------------------------------------------
151D92,0,         ,0,   0,   0,    0,   0,      0.000000,  0.000000, 9, 5


Hex , Squawk, Flight, alt , pres alt, speed, course, vert_rate,   lat   ,    lon   , air_type, Ti
--------------------------------------------------------------------------------------------
15201B,4146,         ,2551,   2551,   440,    328,   -704,      0.000000,  0.000000, 9, 13


Hex , Squawk, Flight, alt , pres alt, speed, course, vert_rate,   lat   ,    lon   , air_type, Ti
--------------------------------------------------------------------------------------------
151D92,0,         ,0,   0,   0,    0,   0,      0.000000,  0.000000, 9, 5


Hex , Squawk, Flight, alt , pres alt, speed, course, vert_rate,   lat   ,    lon   , air_type, Ti
--------------------------------------------------------------------------------------------
15201B,4146,         ,2551,   2551,   440,    328,   -704,      0.000000,  0.000000, 9, 13


Hex , Squawk, Flight, alt , pres alt, speed, course, vert_rate,   lat   ,    lon   , air_type, Ti
--------------------------------------------------------------------------------------------
151D92,0,         ,0,   0,   0,    0,   0,      0.000000,  0.000000, 9, 5


Hex , Squawk, Flight, alt , pres alt, speed, course, vert_rate,   lat   ,    lon   , air_type, Ti
--------------------------------------------------------------------------------------------
15201B,4146,         ,2551,   2551,   440,    328,   -704,      0.000000,  0.000000, 9, 13


Hex , Squawk, Flight, alt , pres alt, speed, course, vert_rate,   lat   ,    lon   , air_type, Ti
--------------------------------------------------------------------------------------------
151D92,0,         ,0,   0,   0,    0,   0,      0.000000,  0.000000, 9, 6


Hex , Squawk, Flight, alt , pres alt, speed, course, vert_rate,   lat   ,    lon   , air_type, Ti
--------------------------------------------------------------------------------------------
15201B,4146,         ,2551,   2551,   440,    328,   -704,      0.000000,  0.000000, 9, 14


Hex , Squawk, Flight, alt , pres alt, speed, course, vert_rate,   lat   ,    lon   , air_type, Ti
--------------------------------------------------------------------------------------------
151D92,0,         ,0,   0,   0,    0,   0,      0.000000,  0.000000, 9, 6


Hex , Squawk, Flight, alt , pres alt, speed, course, vert_rate,   lat   ,    lon   , air_type, Ti
--------------------------------------------------------------------------------------------
15201B,4146,         ,2551,   2551,   440,    328,   -704,      0.000000,  0.000000, 9, 14


Hex , Squawk, Flight, alt , pres alt, speed, course, vert_rate,   lat   ,    lon   , air_type, Ti
--------------------------------------------------------------------------------------------
151D92,0,         ,0,   0,   0,    0,   0,      0.000000,  0.000000, 9, 6


Hex , Squawk, Flight, alt , pres alt, speed, course, vert_rate,   lat   ,    lon   , air_type, Ti
--------------------------------------------------------------------------------------------
15201B,4146,         ,2551,   2551,   440,    328,   -704,      0.000000,  0.000000, 9, 0


Hex , Squawk, Flight, alt , pres alt, speed, course, vert_rate,   lat   ,    lon   , air_type, Ti
--------------------------------------------------------------------------------------------
151D92,0,         ,0,   0,   0,    0,   0,      0.000000,  0.000000, 9, 6


Hex , Squawk, Flight, alt , pres alt, speed, course, vert_rate,   lat   ,    lon   , air_type, Ti
--------------------------------------------------------------------------------------------
15201B,4146,         ,2551,   2551,   440,    328,   -704,      0.000000,  0.000000, 9, 0


Hex , Squawk, Flight, alt , pres alt, speed, course, vert_rate,   lat   ,    lon   , air_type, Ti
--------------------------------------------------------------------------------------------
151D92,0,         ,0,   0,   0,    0,   0,      0.000000,  0.000000, 9, 7


Hex , Squawk, Flight, alt , pres alt, speed, course, vert_rate,   lat   ,    lon   , air_type, Ti
--------------------------------------------------------------------------------------------
15201B,4146,         ,2551,   2551,   440,    328,   -704,      0.000000,  0.000000, 9, 1


Hex , Squawk, Flight, alt , pres alt, speed, course, vert_rate,   lat   ,    lon   , air_type, Ti
--------------------------------------------------------------------------------------------
151D92,0,         ,951,   951,   0,    0,   0,      0.000000,  0.000000, 9, 0


Hex , Squawk, Flight, alt , pres alt, speed, course, vert_rate,   lat   ,    lon   , air_type, Ti
--------------------------------------------------------------------------------------------
15201B,4146,         ,2551,   2551,   440,    328,   -704,      0.000000,  0.000000, 9, 1


Hex , Squawk, Flight, alt , pres alt, speed, course, vert_rate,   lat   ,    lon   , air_type, Ti
--------------------------------------------------------------------------------------------
151D92,0,         ,951,   951,   0,    0,   0,      0.000000,  0.000000, 9, 0


Hex , Squawk, Flight, alt , pres alt, speed, course, vert_rate,   lat   ,    lon   , air_type, Ti
--------------------------------------------------------------------------------------------
15201B,4146,         ,2551,   2551,   440,    328,   -704,      0.000000,  0.000000, 9, 1


Hex , Squawk, Flight, alt , pres alt, speed, course, vert_rate,   lat   ,    lon   , air_type, Ti
--------------------------------------------------------------------------------------------
151D92,0,         ,951,   951,   0,    0,   0,      0.000000,  0.000000, 9, 0


Hex , Squawk, Flight, alt , pres alt, speed, course, vert_rate,   lat   ,    lon   , air_type, Ti
--------------------------------------------------------------------------------------------
15201B,4146,         ,2551,   2551,   440,    328,   -704,      0.000000,  0.000000, 9, 1


Hex , Squawk, Flight, alt , pres alt, speed, course, vert_rate,   lat   ,    lon   , air_type, Ti
--------------------------------------------------------------------------------------------
151D92,0,         ,951,   951,   0,    0,   0,      0.000000,  0.000000, 9, 0


Hex , Squawk, Flight, alt , pres alt, speed, course, vert_rate,   lat   ,    lon   , air_type, Ti
--------------------------------------------------------------------------------------------
15201B,4146,         ,2551,   2551,   440,    328,   -704,      0.000000,  0.000000, 9, 2


Hex , Squawk, Flight, alt , pres alt, speed, course, vert_rate,   lat   ,    lon   , air_type, Ti
--------------------------------------------------------------------------------------------
151D92,0,         ,951,   951,   0,    0,   0,      0.000000,  0.000000, 9, 0


Hex , Squawk, Flight, alt , pres alt, speed, course, vert_rate,   lat   ,    lon   , air_type, Ti
--------------------------------------------------------------------------------------------
15201B,4146,         ,2551,   2551,   440,    328,   -704,      0.000000,  0.000000, 9, 2


Hex , Squawk, Flight, alt , pres alt, speed, course, vert_rate,   lat   ,    lon   , air_type, Ti
--------------------------------------------------------------------------------------------
151D92,0,         ,951,   951,   0,    0,   0,      0.000000,  0.000000, 9, 0


Hex , Squawk, Flight, alt , pres alt, speed, course, vert_rate,   lat   ,    lon   , air_type, Ti
--------------------------------------------------------------------------------------------
15201B,4146,         ,2551,   2551,   440,    328,   -704,      0.000000,  0.000000, 9, 2


Hex , Squawk, Flight, alt , pres alt, speed, course, vert_rate,   lat   ,    lon   , air_type, Ti
--------------------------------------------------------------------------------------------
151D92,0,         ,951,   951,   0,    0,   0,      0.000000,  0.000000, 9, 0


Hex , Squawk, Flight, alt , pres alt, speed, course, vert_rate,   lat   ,    lon   , air_type, Ti
--------------------------------------------------------------------------------------------
15201B,4146,         ,2551,   2551,   440,    328,   -704,      0.000000,  0.000000, 9, 2


Hex , Squawk, Flight, alt , pres alt, speed, course, vert_rate,   lat   ,    lon   , air_type, Ti
--------------------------------------------------------------------------------------------
151D92,0,         ,951,   951,   0,    0,   0,      0.000000,  0.000000, 9, 0


Hex , Squawk, Flight, alt , pres alt, speed, course, vert_rate,   lat   ,    lon   , air_type, Ti
--------------------------------------------------------------------------------------------
15201B,4146,         ,2551,   2551,   440,    328,   -704,      0.000000,  0.000000, 9, 3


Hex , Squawk, Flight, alt , pres alt, speed, course, vert_rate,   lat   ,    lon   , air_type,   , air_type, Ti
--------------------------------------------------------------------------------------------
15201B,4146,         ,2475,   2475,   440,    328,   -704,      0.000000,  0.000000, 9, 9


Hex , Squawk, Flight, alt , pres alt, speed, course, vert_rate,   lat   ,    lon   , air_type, Ti
--------------------------------------------------------------------------------------------
151D92,2730,         ,1149,   1149,   429,    257,   1344,      0.000000,  0.000000, 9, 0


Hex , Squawk, Flight, alt , pres alt, speed, course, vert_rate,   lat   ,    lon   , air_type, Ti
--------------------------------------------------------------------------------------------
15201B,4146,         ,2475,   2475,   440,    328,   -704,      0.000000,  0.000000, 9, 9


Hex , Squawk, Flight, alt , pres alt, speed, course, vert_rate,   lat   ,    lon   , air_type, Ti
--------------------------------------------------------------------------------------------
151D92,2730,         ,1149,   1149,   429,    257,   1344,      0.000000,  0.000000, 9, 1


Hex , Squawk, Flight, alt , pres alt, speed, course, vert_rate,   lat   ,    lon   , air_type, Ti
--------------------------------------------------------------------------------------------
15201B,4146,         ,2475,   2475,   440,    328,   -704,      0.000000,  0.000000, 9, 10


Hex , Squawk, Flight, alt , pres alt, speed, course, vert_rate,   lat   ,    lon   , air_type, Ti
--------------------------------------------------------------------------------------------
151D92,2730,         ,1149,   1149,   429,    257,   1344,      0.000000,  0.000000, 9, 1


Hex , Squawk, Flight, alt , pres alt, speed, course, vert_rate,   lat   ,    lon   , air_type, Ti
--------------------------------------------------------------------------------------------
15201B,4146,         ,2475,   2475,   440,    328,   -704,      0.000000,  0.000000, 9, 10


Hex , Squawk, Flight, alt , pres alt, speed, course, vert_rate,   lat   ,    lon   , air_type, Ti
--------------------------------------------------------------------------------------------
151D92,2730,         ,1149,   1149,   429,    257,   1344,      0.000000,  0.000000, 9, 0


Hex , Squawk, Flight, alt , pres alt, speed, course, vert_rate,   lat   ,    lon   , air_type, Ti
--------------------------------------------------------------------------------------------
15201B,4146,         ,2475,   2475,   440,    328,   -704,      0.000000,  0.000000, 9, 10


Hex , Squawk, Flight, alt , pres alt, speed, course, vert_rate,   lat   ,    lon   , air_type, Ti
--------------------------------------------------------------------------------------------
151D92,2730,         ,1149,   1149,   429,    257,   1344,      0.000000,  0.000000, 9, 0


Hex , Squawk, Flight, alt , pres alt, speed, course, vert_rate,   lat   ,    lon   , air_type, Ti
--------------------------------------------------------------------------------------------
15201B,4146,         ,2475,   2475,   440,    328,   -704,      0.000000,  0.000000, 9, 10


Hex , Squawk, Flight, alt , pres alt, speed, course, vert_rate,   lat   ,    lon   , air_type, Ti
--------------------------------------------------------------------------------------------
151D92,2730,         ,1149,   1149,   429,    257,   1344,      0.000000,  0.000000, 9, 1


Hex , Squawk, Flight, alt , pres alt, speed, course, vert_rate,   lat   ,    lon   , air_type, Ti
--------------------------------------------------------------------------------------------
15201B,4146,         ,2475,   2475,   440,    328,   -704,      0.000000,  0.000000, 9, 11


Hex , Squawk, Flight, alt , pres alt, speed, course, vert_rate,   lat   ,    lon   , air_type, Ti
--------------------------------------------------------------------------------------------
151D92,2730,         ,1149,   1149,   437,    257,   1792,      0.000000,  0.000000, 9, 0


Hex , Squawk, Flight, alt , pres alt, speed, course, vert_rate,   lat   ,    lon   , air_type, Ti
--------------------------------------------------------------------------------------------
15201B,4146,         ,2475,   2475,   440,    328,   -704,      0.000000,  0.000000, 9, 11


Hex , Squawk, Flight, alt , pres alt, speed, course, vert_rate,   lat   ,    lon   , air_type, Ti
--------------------------------------------------------------------------------------------
151D92,2730,         ,1149,   1149,   437,    257,   1792,      0.000000,  0.000000, 9, 0


Hex , Squawk, Flight, alt , pres alt, speed, course, vert_rate,   lat   ,    lon   , air_type, Ti
--------------------------------------------------------------------------------------------
15201B,4146,         ,2475,   2475,   440,    328,   -704,      0.000000,  0.000000, 9, 11


Hex , Squawk, Flight, alt , pres alt, speed, course, vert_rate,   lat   ,    lon   , air_type, Ti
--------------------------------------------------------------------------------------------
151D92,2730,         ,1149,   1149,   437,    257,   1792,      0.000000,  0.000000, 9, 0


Hex , Squawk, Flight, alt , pres alt, speed, course, vert_rate,   lat   ,    lon   , air_type, Ti
--------------------------------------------------------------------------------------------
15201B,4146,         ,2475,   2475,   440,    328,   -704,      0.000000,  0.000000, 9, 12


Hex , Squawk, Flight, alt , pres alt, speed, course, vert_rate,   lat   ,    lon   , air_type, Ti
--------------------------------------------------------------------------------------------
151D92,2730,         ,1188,   1188,   437,    257,   1792,      0.000000,  0.000000, 9, 0


Hex , Squawk, Flight, alt , pres alt, speed, course, vert_rate,   lat   ,    lon   , air_type, Ti
--------------------------------------------------------------------------------------------
15201B,4146,         ,2475,   2475,   440,    328,   -704,      0.000000,  0.000000, 9, 12


Hex , Squawk, Flight, alt , pres alt, speed, course, vert_rate,   lat   ,    lon   , air_type, Ti
--------------------------------------------------------------------------------------------
151D92,2730,         ,1188,   1188,   437,    257,   1792,      0.000000,  0.000000, 9, 0


Hex , Squawk, Flight, alt , pres alt, speed, course, vert_rate,   lat   ,    lon   , air_type, Ti
--------------------------------------------------------------------------------------------
15201B,4146,         ,2475,   2475,   440,    328,   -704,      0.000000,  0.000000, 9, 12


Hex , Squawk, Flight, alt , pres alt, speed, course, vert_rate,   lat   ,    lon   , air_type, Ti
--------------------------------------------------------------------------------------------
151D92,2730,         ,1188,   1188,   437,    257,   1792,      0.000000,  0.000000, 9, 0


Hex , Squawk, Flight, alt , pres alt, speed, course, vert_rate,   lat   ,    lon   , air_type, Ti
--------------------------------------------------------------------------------------------
15201B,4146,         ,2475,   2475,   440,    328,   -704,      0.000000,  0.000000, 9, 12


Hex , Squawk, Flight, alt , pres alt, speed, course, vert_rate,   lat   ,    lon   , air_type, Ti
--------------------------------------------------------------------------------------------
151D92,2730,         ,1188,   1188,   437,    257,   1792,      0.000000,  0.000000, 9, 1


Hex , Squawk, Flight, alt , pres alt, speed, course, vert_rate,   lat   ,    lon   , air_type, Ti
--------------------------------------------------------------------------------------------
15201B,4146,         ,2475,   2475,   440,    328,   -704,      0.000000,  0.000000, 9, 13


Hex , Squawk, Flight, alt , pres alt, speed, course, vert_rate,   lat   ,    lon   , air_type, Ti
--------------------------------------------------------------------------------------------
151D92,2730,         ,1188,   1188,   437,    257,   1792,      0.000000,  0.000000, 9, 1


Hex , Squawk, Flight, alt , pres alt, speed, course, vert_rate,   lat   ,    lon   , air_type, Ti
--------------------------------------------------------------------------------------------
15201B,4146,         ,2475,   2475,   440,    328,   -704,      0.000000,  0.000000, 9, 13


Hex , Squawk, Flight, alt , pres alt, speed, course, vert_rate,   lat   ,    lon   , air_type, Ti
--------------------------------------------------------------------------------------------
151D92,2730,         ,1188,   1188,   437,    257,   1792,      0.000000,  0.000000, 9, 1


Hex , Squawk, Flight, alt , pres alt, speed, course, vert_rate,   lat   ,    lon   , air_type, Ti
--------------------------------------------------------------------------------------------
15201B,4146,         ,2475,   2475,   440,    328,   -704,      0.000000,  0.000000, 9, 13


Hex , Squawk, Flight, alt , pres alt, speed, course, vert_rate,   lat   ,    lon   , air_type, Ti
--------------------------------------------------------------------------------------------
151D92,2730,         ,1203,   1203,   437,    257,   1792,      0.000000,  0.000000, 9, 0


Hex , Squawk, Flight, alt , pres alt, speed, course, vert_rate,   lat   ,    lon   , air_type, Ti
--------------------------------------------------------------------------------------------
15201B,4146,         ,2475,   2475,   440,    328,   -704,      0.000000,  0.000000, 9, 13


Hex , Squawk, Flight, alt , pres alt, speed, course, vert_rate,   lat   ,    lon   , air_type, Ti
--------------------------------------------------------------------------------------------
151D92,2730,         ,1203,   1203,   437,    257,   1792,      0.000000,  0.000000, 9, 1


Hex , Squawk, Flight, alt , pres alt, speed, course, vert_rate,   lat   ,    lon   , air_type, Ti
--------------------------------------------------------------------------------------------
15201B,4146,         ,2475,   2475,   440,    328,   -704,      0.000000,  0.000000, 9, 14


Hex , Squawk, Flight, alt , pres alt, speed, course, vert_rate,   lat   ,    lon   , air_type, Ti
--------------------------------------------------------------------------------------------
151D92,2730,         ,1203,   1203,   437,    257,   1792,      0.000000,  0.000000, 9, 0


Hex , Squawk, Flight, alt , pres alt, speed, course, vert_rate,   lat   ,    lon   , air_type, Ti
--------------------------------------------------------------------------------------------
15201B,4146,         ,2475,   2475,   440,    328,   -704,      0.000000,  0.000000, 9, 14


Hex , Squawk, Flight, alt , pres alt, speed, course, vert_rate,   lat   ,    lon   , air_type, Ti
--------------------------------------------------------------------------------------------
151D92,2730,         ,1203,   1203,   437,    257,   1792,      0.000000,  0.000000, 9, 0


Hex , Squawk, Flight, alt , pres alt, speed, course, vert_rate,   lat   ,    lon   , air_type, Ti
--------------------------------------------------------------------------------------------
15201B,4146,         ,2475,   2475,   440,    328,   -704,      0.000000,  0.000000, 9, 14


Hex , Squawk, Flight, alt , pres alt, speed, course, vert_rate,   lat   ,    lon   , air_type, Ti
--------------------------------------------------------------------------------------------
151D92,2730,         ,1203,   1203,   437,    257,   1792,      0.000000,  0.000000, 9, 0


Hex , Squawk, Flight, alt , pres alt, speed, course, vert_rate,   lat   ,    lon   , air_type, Ti
--------------------------------------------------------------------------------------------
15201B,4146,         ,2475,   2475,   440,    328,   -704,      0.000000,  0.000000, 9, 14


Hex , Squawk, Flight, alt , pres alt, speed, course, vert_rate,   lat   ,    lon   , air_type, Ti
--------------------------------------------------------------------------------------------
151D92,2730,         ,1203,   1203,   437,    257,   1792,      0.000000,  0.000000, 9, 1


Hex , Squawk, Flight, alt , pres alt, speed, course, vert_rate,   lat   ,    lon   , air_type, Ti
--------------------------------------------------------------------------------------------
15201B,4146,         ,2475,   2475,   440,    328,   -704,      0.000000,  0.000000, 9, 15


Hex , Squawk, Flight, alt , pres alt, speed, course, vert_rate,   lat   ,    lon   , air_type, Ti
--------------------------------------------------------------------------------------------
151D92,2730,         ,1203,   1203,   437,    257,   1792,      0.000000,  0.000000, 9, 1


Hex , Squawk, Flight, alt , pres alt, speed, course, vert_rate,   lat   ,    lon   , air_type, Ti
--------------------------------------------------------------------------------------------
15201B,4146,         ,2475,   2475,   440,    328,   -704,      0.000000,  0.000000, 9, 15


Hex , Squawk, Flight, alt , pres alt, speed, course, vert_rate,   lat   ,    lon   , air_type, Ti
--------------------------------------------------------------------------------------------
151D92,2730,         ,1203,   1203,   440,    258,   2048,      0.000000,  0.000000, 9, 0


Hex , Squawk, Flight, alt , pres alt, speed, course, vert_rate,   lat   ,    lon   , air_type, Ti
--------------------------------------------------------------------------------------------
15201B,4146,         ,2475,   2475,   440,    328,   -704,      0.000000,  0.000000, 9, 15


Hex , Squawk, Flight, alt , pres alt, speed, course, vert_rate,   lat   ,    lon   , air_type, Ti
--------------------------------------------------------------------------------------------
151D92,2730,         ,1203,   1203,   440,    258,   2048,      0.000000,  0.000000, 9, 0


Hex , Squawk, Flight, alt , pres alt, speed, course, vert_rate,   lat   ,    lon   , air_type, Ti
--------------------------------------------------------------------------------------------
15201B,4146,         ,2475,   2475,   440,    328,   -704,      0.000000,  0.000000, 9, 15


Hex , Squawk, Flight, alt , pres alt, speed, course, vert_rate,   lat   ,    lon   , air_type, Ti
--------------------------------------------------------------------------------------------
151D92,2730,         ,1203,   1203,   440,    258,   2048,      0.000000,  0.000000, 9, 1


Hex , Squawk, Flight, alt , pres alt, speed, course, vert_rate,   lat   ,    lon   , air_type, Ti
--------------------------------------------------------------------------------------------
15201B,4146,         ,2475,   2475,   440,    328,   -704,      0.000000,  0.000000, 9, 16


Hex , Squawk, Flight, alt , pres alt, speed, course, vert_rate,   lat   ,    lon   , air_type, Ti
--------------------------------------------------------------------------------------------
151D92,2730,         ,1226,   1226,   440,    258,   2048,      0.000000,  0.000000, 9, 0


Hex , Squawk, Flight, alt , pres alt, speed, course, vert_rate,   lat   ,    lon   , air_type, Ti
--------------------------------------------------------------------------------------------
15201B,4146,         ,2475,   2475,   440,    328,   -704,      0.000000,  0.000000, 9, 16


Hex , Squawk, Flight, alt , pres alt, speed, course, vert_rate,   lat   ,    lon   , air_type, Ti
--------------------------------------------------------------------------------------------
151D92,2730,         ,1226,   1226,   440,    258,   2048,      0.000000,  0.000000, 9, 0


Hex , Squawk, Flight, alt , pres alt, speed, course, vert_rate,   lat   ,    lon   , air_type, Ti
--------------------------------------------------------------------------------------------
15201B,4146,         ,2475,   2475,   440,    328,   -704,      0.000000,  0.000000, 9, 16


Hex , Squawk, Flight, alt , pres alt, speed, course, vert_rate,   lat   ,    lon   , air_type, Ti
--------------------------------------------------------------------------------------------
151D92,2730,         ,1226,   1226,   440,    258,   2048,      0.000000,  0.000000, 9, 1


Hex , Squawk, Flight, alt , pres alt, speed, course, vert_rate,   lat   ,    lon   , air_type, Ti
--------------------------------------------------------------------------------------------
15201B,4146,         ,2475,   2475,   440,    328,   -704,      0.000000,  0.000000, 9, 17


Hex , Squawk, Flight, alt , pres alt, speed, course, vert_rate,   lat   ,    lon   , air_type, Ti
--------------------------------------------------------------------------------------------
151D92,2730,         ,1226,   1226,   440,    258,   2048,      0.000000,  0.000000, 9, 1


Hex , Squawk, Flight, alt , pres alt, speed, course, vert_rate,   lat   ,    lon   , air_type, Ti
--------------------------------------------------------------------------------------------
15201B,4146,         ,2475,   2475,   440,    328,   -704,      0.000000,  0.000000, 9, 17


Hex , Squawk, Flight, alt , pres alt, speed, course, vert_rate,   lat   ,    lon   , air_type, Ti
--------------------------------------------------------------------------------------------
151D92,2730,         ,1226,   1226,   440,    258,   2048,      0.000000,  0.000000, 9, 1


Hex , Squawk, Flight, alt , pres alt, speed, course, vert_rate,   lat   ,    lon   , air_type, Ti
--------------------------------------------------------------------------------------------
15201B,4146,         ,2475,   2475,   440,    328,   -704,      0.000000,  0.000000, 9, 17


Hex , Squawk, Flight, alt , pres alt, speed, course, vert_rate,   lat   ,    lon   , air_type, Ti
--------------------------------------------------------------------------------------------
151D92,2730,         ,1226,   1226,   440,    258,   2048,      0.000000,  0.000000, 9, 1


Hex , Squawk, Flight, alt , pres alt, speed, course, vert_rate,   lat   ,    lon   , air_type, Ti
--------------------------------------------------------------------------------------------
15201B,4146,         ,2475,   2475,   440,    328,   -704,      0.000000,  0.000000, 9, 17


Hex , Squawk, Flight, alt , pres alt, speed, course, vert_rate,   lat   ,    lon   , air_type, Ti
--------------------------------------------------------------------------------------------
151D92,2730,         ,1226,   1226,   440,    258,   2048,      0.000000,  0.000000, 9, 2


Hex , Squawk, Flight, alt , pres alt, speed, course, vert_rate,   lat   ,    lon   , air_type, Ti
--------------------------------------------------------------------------------------------
15201B,4146,         ,2475,   2475,   440,    328,   -704,      0.000000,  0.000000, 9, 18


Hex , Squawk, Flight, alt , pres alt, speed, course, vert_rate,   lat   ,    lon   , air_type, Ti
--------------------------------------------------------------------------------------------
151D92,2730,         ,1226,   1226,   440,    258,   2048,      0.000000,  0.000000, 9, 2


Hex , Squawk, Flight, alt , pres alt, speed, course, vert_rate,   lat   ,    lon   , air_type, Ti
--------------------------------------------------------------------------------------------
15201B,4146,         ,2475,   2475,   440,    328,   -704,      0.000000,  0.000000, 9, 18


Hex , Squawk, Flight, alt , pres alt, speed, course, vert_rate,   lat   ,    lon   , air_type, Ti
--------------------------------------------------------------------------------------------
151D92,2730,         ,1226,   1226,   440,    258,   2048,      0.000000,  0.000000, 9, 2


Hex , Squawk, Flight, alt , pres alt, speed, course, vert_rate,   lat   ,    lon   , air_type, Ti
--------------------------------------------------------------------------------------------
15201B,4146,         ,2475,   2475,   440,    328,   -704,      0.000000,  0.000000, 9, 18


Hex , Squawk, Flight, alt , pres alt, speed, course, vert_rate,   lat   ,    lon   , air_type, Ti
--------------------------------------------------------------------------------------------
151D92,2730,         ,1226,   1226,   440,    258,   2048,      0.000000,  0.000000, 9, 2


Hex , Squawk, Flight, alt , pres alt, speed, course, vert_rate,   lat   ,    lon   , air_type, Ti
--------------------------------------------------------------------------------------------
15201B,4146,         ,2475,   2475,   440,    328,   -704,      0.000000,  0.000000, 9, 18


Hex , Squawk, Flight, alt , pres alt, speed, course, vert_rate,   lat   ,    lon   , air_type, Ti
--------------------------------------------------------------------------------------------
151D92,2730,         ,1226,   1226,   440,    258,   2048,      0.000000,  0.000000, 9, 3


Hex , Squawk, Flight, alt , pres alt, speed, course, vert_rate,   lat   ,    lon   , air_type, Ti
--------------------------------------------------------------------------------------------
15201B,4146,         ,2475,   2475,   440,    328,   -704,      0.000000,  0.000000, 9, 19


Hex , Squawk, Flight, alt , pres alt, speed, course, vert_rate,   lat   ,    lon   , air_type, Ti
--------------------------------------------------------------------------------------------
151D92,2730,         ,1226,   1226,   440,    258,   2048,      0.000000,  0.000000, 9, 3


Hex , Squawk, Flight, alt , pres alt, speed, course, vert_rate,   lat   ,    lon   , air_type, Ti
--------------------------------------------------------------------------------------------
15201B,4146,         ,2475,   2475,   440,    328,   -704,      0.000000,  0.000000, 9, 19


Hex , Squawk, Flight, alt , pres alt, speed, course, vert_rate,   lat   ,    lon   , air_type, Ti
--------------------------------------------------------------------------------------------
151D92,2730,         ,1226,   1226,   440,    258,   2048,      0.000000,  0.000000, 9, 3


Hex , Squawk, Flight, alt , pres alt, speed, course, vert_rate,   lat   ,    lon   , air_type, Ti
--------------------------------------------------------------------------------------------
15201B,4146,         ,2475,   2475,   440,    328,   -704,      0.000000,  0.000000, 9, 19


Hex , Squawk, Flight, alt , pres alt, speed, course, vert_rate,   lat   ,    lon   , air_type, Ti
--------------------------------------------------------------------------------------------
151D92,2730,         ,1226,   1226,   446,    258,   1984,      0.000000,  0.000000, 9, 0


Hex , Squawk, Flight, alt , pres alt, speed, course, vert_rate,   lat   ,    lon   , air_type, Ti
--------------------------------------------------------------------------------------------
15201B,4146,         ,2475,   2475,   440,    328,   -704,      0.000000,  0.000000, 9, 19


Hex , Squawk, Flight, alt , pres alt, speed, course, vert_rate,   lat   ,    lon   , air_type, Ti
--------------------------------------------------------------------------------------------
151D92,2730,         ,1226,   1226,   446,    258,   1984,      0.000000,  0.000000, 9, 1


Hex , Squawk, Flight, alt , pres alt, speed, course, vert_rate,   lat   ,    lon   , air_type, Ti
--------------------------------------------------------------------------------------------
15201B,4146,         ,2475,   2475,   440,    328,   -704,      0.000000,  0.000000, 9, 20


Hex , Squawk, Flight, alt , pres alt, speed, course, vert_rate,   lat   ,    lon   , air_type, Ti
--------------------------------------------------------------------------------------------
151D92,2730,         ,1226,   1226,   446,    258,   1984,      0.000000,  0.000000, 9, 1


Hex , Squawk, Flight, alt , pres alt, speed, course, vert_rate,   lat   ,    lon   , air_type, Ti
--------------------------------------------------------------------------------------------
15201B,4146,         ,2475,   2475,   440,    328,   -704,      0.000000,  0.000000, 9, 20


Hex , Squawk, Flight, alt , pres alt, speed, course, vert_rate,   lat   ,    lon   , air_type, Ti
--------------------------------------------------------------------------------------------
151D92,2730,         ,1226,   1226,   446,    258,   1984,      0.000000,  0.000000, 9, 1


Hex , Squawk, Flight, alt , pres alt, speed, course, vert_rate,   lat   ,    lon   , air_type, Ti
--------------------------------------------------------------------------------------------
15201B,4146,         ,2475,   2475,   440,    328,   -704,      0.000000,  0.000000, 9, 20


Hex , Squawk, Flight, alt , pres alt, speed, course, vert_rate,   lat   ,    lon   , air_type, Ti
--------------------------------------------------------------------------------------------
151D92,2730,         ,1226,   1226,   446,    258,   1984,      0.000000,  0.000000, 9, 1


Hex , Squawk, Flight, alt , pres alt, speed, course, vert_rate,   lat   ,    lon   , air_type, Ti
--------------------------------------------------------------------------------------------
15201B,4146,         ,2475,   2475,   440,    328,   -704,      0.000000,  0.000000, 9, 20


Hex , Squawk, Flight, alt , pres alt, speed, course, vert_rate,   lat   ,    lon   , air_type, Ti
--------------------------------------------------------------------------------------------
151D92,2730,         ,1226,   1226,   446,    258,   1984,      0.000000,  0.000000, 9, 2


Hex , Squawk, Flight, alt , pres alt, speed, course, vert_rate,   lat   ,    lon   , air_type, Ti
--------------------------------------------------------------------------------------------
15201B,4146,         ,2475,   2475,   440,    328,   -704,      0.000000,  0.000000, 9, 21


Hex , Squawk, Flight, alt , pres alt, speed, course, vert_rate,   lat   ,    lon   , air_type, Ti
--------------------------------------------------------------------------------------------
151D92,2730,         ,1226,   1226,   446,    258,   1984,      0.000000,  0.000000, 9, 2


Hex , Squawk, Flight, alt , pres alt, speed, course, vert_rate,   lat   ,    lon   , air_type, Ti
--------------------------------------------------------------------------------------------
15201B,4146,         ,2475,   2475,   440,    328,   -704,      0.000000,  0.000000, 9, 21


Hex , Squawk, Flight, alt , pres alt, speed, course, vert_rate,   lat   ,    lon   , air_type, Ti
--------------------------------------------------------------------------------------------
151D92,2730,         ,1226,   1226,   446,    258,   1984,      0.000000,  0.000000, 9, 2


Hex , Squawk, Flight, alt , pres alt, speed, course, vert_rate,   lat   ,    lon   , air_type, Ti
--------------------------------------------------------------------------------------------
15201B,4146,         ,2475,   2475,   440,    328,   -704,      0.000000,  0.000000, 9, 21


Hex , Squawk, Flight, alt , pres alt, speed, course, vert_rate,   lat   ,    lon   , air_type, Ti
--------------------------------------------------------------------------------------------
151D92,2730,         ,1226,   1226,   446,    258,   1984,      0.000000,  0.000000, 9, 2


Hex , Squawk, Flight, alt , pres alt, speed, course, vert_rate,   lat   ,    lon   , air_type, Ti
--------------------------------------------------------------------------------------------
15201B,4146,         ,2475,   2475,   440,    328,   -704,      0.000000,  0.000000, 9, 21


Hex , Squawk, Flight, alt , pres alt, speed, course, vert_rate,   lat   ,    lon   , air_type, Ti
--------------------------------------------------------------------------------------------
151D92,2730,         ,1226,   1226,   446,    258,   1984,      0.000000,  0.000000, 9, 3


Hex , Squawk, Flight, alt , pres alt, speed, course, vert_rate,   lat   ,    lon   , air_type, Ti
--------------------------------------------------------------------------------------------
15201B,4146,         ,2475,   2475,   440,    328,   -704,      0.000000,  0.000000, 9, 22


Hex , Squawk, Flight, alt , pres alt, speed, course, vert_rate,   lat   ,    lon   , air_type, Ti
--------------------------------------------------------------------------------------------
151D92,2730,         ,1226,   1226,   446,    258,   1984,      0.000000,  0.000000, 9, 3


Hex , Squawk, Flight, alt , pres alt, speed, course, vert_rate,   lat   ,    lon   , air_type, Ti
--------------------------------------------------------------------------------------------
15201B,4146,         ,2475,   2475,   440,    328,   -704,      0.000000,  0.000000, 9, 22


Hex , Squawk, Flight, alt , pres alt, speed, course, vert_rate,   lat   ,    lon   , air_type, Ti
--------------------------------------------------------------------------------------------
151D92,2730,         ,1226,   1226,   446,    258,   1984,      0.000000,  0.000000, 9, 3


Hex , Squawk, Flight, alt , pres alt, speed, course, vert_rate,   lat   ,    lon   , air_type, Ti
--------------------------------------------------------------------------------------------
15201B,4146,         ,2475,   2475,   440,    328,   -704,      0.000000,  0.000000, 9, 22


Hex , Squawk, Flight, alt , pres alt, speed, course, vert_rate,   lat   ,    lon   , air_type, Ti
--------------------------------------------------------------------------------------------
151D92,2730,         ,1226,   1226,   446,    258,   1984,      0.000000,  0.000000, 9, 4


Hex , Squawk, Flight, alt , pres alt, speed, course, vert_rate,   lat   ,    lon   , air_type, Ti
--------------------------------------------------------------------------------------------
15201B,4146,         ,2475,   2475,   440,    328,   -704,      0.000000,  0.000000, 9, 23


Hex , Squawk, Flight, alt , pres alt, speed, course, vert_rate,   lat   ,    lon   , air_type, Ti
--------------------------------------------------------------------------------------------
151D92,2730,         ,1226,   1226,   446,    258,   1984,      0.000000,  0.000000, 9, 4


Hex , Squawk, Flight, alt , pres alt, speed, course, vert_rate,   lat   ,    lon   , air_type, Ti
--------------------------------------------------------------------------------------------
15201B,4146,         ,2475,   2475,   440,    328,   -704,      0.000000,  0.000000, 9, 23


Hex , Squawk, Flight, alt , pres alt, speed, course, vert_rate,   lat   ,    lon   , air_type, Ti
--------------------------------------------------------------------------------------------
151D92,2730,         ,1226,   1226,   446,    258,   1984,      0.000000,  0.000000, 9, 4


Hex , Squawk, Flight, alt , pres alt, speed, course, vert_rate,   lat   ,    lon   , air_type, Ti
--------------------------------------------------------------------------------------------
15201B,4146,         ,2475,   2475,   440,    328,   -704,      0.000000,  0.000000, 9, 23


Hex , Squawk, Flight, alt , pres alt, speed, course, vert_rate,   lat   ,    lon   , air_type, Ti
--------------------------------------------------------------------------------------------
151D92,2730,         ,1226,   1226,   446,    258,   1984,      0.000000,  0.000000, 9, 4


Hex , Squawk, Flight, alt , pres alt, speed, course, vert_rate,   lat   ,    lon   , air_type, Ti
--------------------------------------------------------------------------------------------
15201B,4146,         ,2475,   2475,   440,    328,   -704,      0.000000,  0.000000, 9, 23


Hex , Squawk, Flight, alt , pres alt, speed, course, vert_rate,   lat   ,    lon   , air_type, Ti
--------------------------------------------------------------------------------------------
151D92,2730,         ,1226,   1226,   446,    258,   1984,      0.000000,  0.000000, 9, 5


Hex , Squawk, Flight, alt , pres alt, speed, course, vert_rate,   lat   ,    lon   , air_type, Ti
--------------------------------------------------------------------------------------------
15201B,4146,         ,2475,   2475,   440,    328,   -704,      0.000000,  0.000000, 9, 24


Hex , Squawk, Flight, alt , pres alt, speed, course, vert_rate,   lat   ,    lon   , air_type, Ti
--------------------------------------------------------------------------------------------
151D92,2730,         ,1226,   1226,   446,    258,   1984,      0.000000,  0.000000, 9, 5


Hex , Squawk, Flight, alt , pres alt, speed, course, vert_rate,   lat   ,    lon   , air_type, Ti
--------------------------------------------------------------------------------------------
15201B,4146,         ,2475,   2475,   440,    328,   -704,      0.000000,  0.000000, 9, 24


Hex , Squawk, Flight, alt , pres alt, speed, course, vert_rate,   lat   ,    lon   , air_type, Ti
--------------------------------------------------------------------------------------------
151D92,2730,         ,1226,   1226,   446,    258,   1984,      0.000000,  0.000000, 9, 5


Hex , Squawk, Flight, alt , pres alt, speed, course, vert_rate,   lat   ,    lon   , air_type, Ti
--------------------------------------------------------------------------------------------
15201B,4146,         ,2475,   2475,   440,    328,   -704,      0.000000,  0.000000, 9, 24


Hex , Squawk, Flight, alt , pres alt, speed, course, vert_rate,   lat   ,    lon   , air_type, Ti
--------------------------------------------------------------------------------------------
151D92,2730,         ,1226,   1226,   446,    258,   1984,      0.000000,  0.000000, 9, 5


Hex , Squawk, Flight, alt , pres alt, speed, course, vert_rate,   lat   ,    lon   , air_type, Ti
--------------------------------------------------------------------------------------------
15201B,4146,         ,2475,   2475,   440,    328,   -704,      0.000000,  0.000000, 9, 24


Hex , Squawk, Flight, alt , pres alt, speed, course, vert_rate,   lat   ,    lon   , air_type, Ti
--------------------------------------------------------------------------------------------
151D92,2730,         ,1226,   1226,   446,    258,   1984,      0.000000,  0.000000, 9, 6


Hex , Squawk, Flight, alt , pres alt, speed, course, vert_rate,   lat   ,    lon   , air_type, Ti
--------------------------------------------------------------------------------------------
15201B,4146,         ,2475,   2475,   440,    328,   -704,      0.000000,  0.000000, 9, 25


Hex , Squawk, Flight, alt , pres alt, speed, course, vert_rate,   lat   ,    lon   , air_type, Ti
--------------------------------------------------------------------------------------------
151D92,2730,         ,1226,   1226,   446,    258,   1984,      0.000000,  0.000000, 9, 6


Hex , Squawk, Flight, alt , pres alt, speed, course, vert_rate,   lat   ,    lon   , air_type, Ti
--------------------------------------------------------------------------------------------
15201B,4146,         ,2475,   2475,   440,    328,   -704,      0.000000,  0.000000, 9, 25


Hex , Squawk, Flight, alt , pres alt, speed, course, vert_rate,   lat   ,    lon   , air_type, Ti
--------------------------------------------------------------------------------------------
151D92,2730,         ,1226,   1226,   446,    258,   1984,      0.000000,  0.000000, 9, 6


Hex , Squawk, Flight, alt , pres alt, speed, course, vert_rate,   lat   ,    lon   , air_type, Ti
--------------------------------------------------------------------------------------------
15201B,4146,         ,2475,   2475,   440,    328,   -704,      0.000000,  0.000000, 9, 25


Hex , Squawk, Flight, alt , pres alt, speed, course, vert_rate,   lat   ,    lon   , air_type, Ti
--------------------------------------------------------------------------------------------
151D92,2730,         ,1226,   1226,   446,    258,   1984,      0.000000,  0.000000, 9, 6


Hex , Squawk, Flight, alt , pres alt, speed, course, vert_rate,   lat   ,    lon   , air_type, Ti
--------------------------------------------------------------------------------------------
15201B,4146,         ,2475,   2475,   440,    328,   -704,      0.000000,  0.000000, 9, 25


Hex , Squawk, Flight, alt , pres alt, speed, course, vert_rate,   lat   ,    lon   , air_type, Ti
--------------------------------------------------------------------------------------------
151D92,2730,         ,1226,   1226,   446,    258,   1984,      0.000000,  0.000000, 9, 7


Hex , Squawk, Flight, alt , pres alt, speed, course, vert_rate,   lat   ,    lon   , air_type, Ti
--------------------------------------------------------------------------------------------
15201B,4146,         ,2475,   2475,   440,    328,   -704,      0.000000,  0.000000, 9, 26


Hex , Squawk, Flight, alt , pres alt, speed, course, vert_rate,   lat   ,    lon   , air_type, Ti
--------------------------------------------------------------------------------------------
151D92,2730,         ,1226,   1226,   446,    258,   1984,      0.000000,  0.000000, 9, 7


Hex , Squawk, Flight, alt , pres alt, speed, course, vert_rate,   lat   ,    lon   , air_type, Ti
--------------------------------------------------------------------------------------------
15201B,4146,         ,2475,   2475,   440,    328,   -704,      0.000000,  0.000000, 9, 26


Hex , Squawk, Flight, alt , pres alt, speed, course, vert_rate,   lat   ,    lon   , air_type, Ti
--------------------------------------------------------------------------------------------
151D92,2730,         ,1226,   1226,   446,    258,   1984,      0.000000,  0.000000, 9, 7


Hex , Squawk, Flight, alt , pres alt, speed, course, vert_rate,   lat   ,    lon   , air_type, Ti
--------------------------------------------------------------------------------------------
15201B,4146,         ,2475,   2475,   440,    328,   -704,      0.000000,  0.000000, 9, 26


Hex , Squawk, Flight, alt , pres alt, speed, course, vert_rate,   lat   ,    lon   , air_type, Ti
--------------------------------------------------------------------------------------------
151D92,2730,         ,1226,   1226,   446,    258,   1984,      0.000000,  0.000000, 9, 7


Hex , Squawk, Flight, alt , pres alt, speed, course, vert_rate,   lat   ,    lon   , air_type, Ti
--------------------------------------------------------------------------------------------
15201B,4146,         ,2475,   2475,   440,    328,   -704,      0.000000,  0.000000, 9, 26


Hex , Squawk, Flight, alt , pres alt, speed, course, vert_rate,   lat   ,    lon   , air_type, Ti
--------------------------------------------------------------------------------------------
151D92,2730,         ,1226,   1226,   446,    258,   1984,      0.000000,  0.000000, 9, 8


Hex , Squawk, Flight, alt , pres alt, speed, course, vert_rate,   lat   ,    lon   , air_type, Ti
--------------------------------------------------------------------------------------------
15201B,4146,         ,2475,   2475,   440,    328,   -704,      0.000000,  0.000000, 9, 27


Hex , Squawk, Flight, alt , pres alt, speed, course, vert_rate,   lat   ,    lon   , air_type, Ti
--------------------------------------------------------------------------------------------
151D92,2730,         ,1226,   1226,   446,    258,   1984,      0.000000,  0.000000, 9, 8


Hex , Squawk, Flight, alt , pres alt, speed, course, vert_rate,   lat   ,    lon   , air_type, Ti
--------------------------------------------------------------------------------------------
15201B,4146,         ,2475,   2475,   440,    328,   -704,      0.000000,  0.000000, 9, 27


Hex , Squawk, Flight, alt , pres alt, speed, course, vert_rate,   lat   ,    lon   , air_type, Ti
--------------------------------------------------------------------------------------------
151D92,2730,         ,1226,   1226,   446,    258,   1984,      0.000000,  0.000000, 9, 8


Hex , Squawk, Flight, alt , pres alt, speed, course, vert_rate,   lat   ,    lon   , air_type, Ti
--------------------------------------------------------------------------------------------
15201B,4146,         ,2475,   2475,   440,    328,   -704,      0.000000,  0.000000, 9, 27


Hex , Squawk, Flight, alt , pres alt, speed, course, vert_rate,   lat   ,    lon   , air_type, Ti
--------------------------------------------------------------------------------------------
151D92,2730,         ,1226,   1226,   446,    258,   1984,      0.000000,  0.000000, 9, 9


Hex , Squawk, Flight, alt , pres alt, speed, course, vert_rate,   lat   ,    lon   , air_type, Ti
--------------------------------------------------------------------------------------------
15201B,4146,         ,2475,   2475,   440,    328,   -704,      0.000000,  0.000000, 9, 28


Hex , Squawk, Flight, alt , pres alt, speed, course, vert_rate,   lat   ,    lon   , air_type, Ti
--------------------------------------------------------------------------------------------
151D92,2730,         ,1226,   1226,   446,    258,   1984,      0.000000,  0.000000, 9, 9


Hex , Squawk, Flight, alt , pres alt, speed, course, vert_rate,   lat   ,    lon   , air_type, Ti
--------------------------------------------------------------------------------------------
15201B,4146,         ,2475,   2475,   440,    328,   -704,      0.000000,  0.000000, 9, 28


Hex , Squawk, Flight, alt , pres alt, speed, course, vert_rate,   lat   ,    lon   , air_type, Ti
--------------------------------------------------------------------------------------------
151D92,2730,         ,1226,   1226,   446,    258,   1984,      0.000000,  0.000000, 9, 9


Hex , Squawk, Flight, alt , pres alt, speed, course, vert_rate,   lat   ,    lon   , air_type, Ti
--------------------------------------------------------------------------------------------
15201B,4146,         ,2475,   2475,   440,    328,   -704,      0.000000,  0.000000, 9, 28


Hex , Squawk, Flight, alt , pres alt, speed, course, vert_rate,   lat   ,    lon   , air_type, Ti
--------------------------------------------------------------------------------------------
151D92,2730,         ,1226,   1226,   446,    258,   1984,      0.000000,  0.000000, 9, 9


Hex , Squawk, Flight, alt , pres alt, speed, course, vert_rate,   lat   ,    lon   , air_type, Ti
--------------------------------------------------------------------------------------------
15201B,4146,         ,2475,   2475,   440,    328,   -704,      0.000000,  0.000000, 9, 28


Hex , Squawk, Flight, alt , pres alt, speed, course, vert_rate,   lat   ,    lon   , air_type, Ti
--------------------------------------------------------------------------------------------
151D92,2730,         ,1226,   1226,   446,    258,   1984,      0.000000,  0.000000, 9, 10


Hex , Squawk, Flight, alt , pres alt, speed, course, vert_rate,   lat   ,    lon   , air_type, Ti
--------------------------------------------------------------------------------------------
15201B,4146,         ,2475,   2475,   440,    328,   -704,      0.000000,  0.000000, 9, 29


Hex , Squawk, Flight, alt , pres alt, speed, course, vert_rate,   lat   ,    lon   , air_type, Ti
--------------------------------------------------------------------------------------------
151D92,2730,         ,1226,   1226,   446,    258,   1984,      0.000000,  0.000000, 9, 10


Hex , Squawk, Flight, alt , pres alt, speed, course, vert_rate,   lat   ,    lon   , air_type, Ti
--------------------------------------------------------------------------------------------
15201B,4146,         ,2475,   2475,   440,    328,   -704,      0.000000,  0.000000, 9, 29


Hex , Squawk, Flight, alt , pres alt, speed, course, vert_rate,   lat   ,    lon   , air_type, Ti
--------------------------------------------------------------------------------------------
151D92,2730,         ,1226,   1226,   446,    258,   1984,      0.000000,  0.000000, 9, 10


Hex , Squawk, Flight, alt , pres alt, speed, course, vert_rate,   lat   ,    lon   , air_type, Ti
--------------------------------------------------------------------------------------------
15201B,4146,         ,2475,   2475,   440,    328,   -704,      0.000000,  0.000000, 9, 29


Hex , Squawk, Flight, alt , pres alt, speed, course, vert_rate,   lat   ,    lon   , air_type, Ti
--------------------------------------------------------------------------------------------
151D92,2730,         ,1226,   1226,   446,    258,   1984,      0.000000,  0.000000, 9, 10


Hex , Squawk, Flight, alt , pres alt, speed, course, vert_rate,   lat   ,    lon   , air_type, Ti
--------------------------------------------------------------------------------------------
15201B,4146,         ,2475,   2475,   440,    328,   -704,      0.000000,  0.000000, 9, 29


Hex , Squawk, Flight, alt , pres alt, speed, course, vert_rate,   lat   ,    lon   , air_type, Ti
--------------------------------------------------------------------------------------------
151D92,2730,         ,1226,   1226,   446,    258,   1984,      0.000000,  0.000000, 9, 11


Hex , Squawk, Flight, alt , pres alt, speed, course, vert_rate,   lat   ,    lon   , air_type, Ti
--------------------------------------------------------------------------------------------
15201B,4146,         ,2475,   2475,   440,    328,   -704,      0.000000,  0.000000, 9, 30


Hex , Squawk, Flight, alt , pres alt, speed, course, vert_rate,   lat   ,    lon   , air_type, Ti
--------------------------------------------------------------------------------------------
151D92,2730,         ,1226,   1226,   446,    258,   1984,      0.000000,  0.000000, 9, 11


Hex , Squawk, Flight, alt , pres alt, speed, course, vert_rate,   lat   ,    lon   , air_type, Ti
--------------------------------------------------------------------------------------------
15201B,4146,         ,2475,   2475,   440,    328,   -704,      0.000000,  0.000000, 9, 30


Hex , Squawk, Flight, alt , pres alt, speed, course, vert_rate,   lat   ,    lon   , air_type, Ti
--------------------------------------------------------------------------------------------
151D92,2730,         ,1226,   1226,   446,    258,   1984,      0.000000,  0.000000, 9, 11


Hex , Squawk, Flight, alt , pres alt, speed, course, vert_rate,   lat   ,    lon   , air_type, Ti
--------------------------------------------------------------------------------------------
15201B,4146,         ,2475,   2475,   440,    328,   -704,      0.000000,  0.000000, 9, 30


Hex , Squawk, Flight, alt , pres alt, speed, course, vert_rate,   lat   ,    lon   , air_type, Ti
--------------------------------------------------------------------------------------------
151D92,2730,         ,1226,   1226,   446,    258,   1984,      0.000000,  0.000000, 9, 11


Hex , Squawk, Flight, alt , pres alt, speed, course, vert_rate,   lat   ,    lon   , air_type, Ti
--------------------------------------------------------------------------------------------
15201B,4146,         ,2475,   2475,   440,    328,   -704,      0.000000,  0.000000, 9, 30


Hex , Squawk, Flight, alt , pres alt, speed, course, vert_rate,   lat   ,    lon   , air_type, Ti
--------------------------------------------------------------------------------------------
151D92,2730,         ,1226,   1226,   446,    258,   1984,      0.000000,  0.000000, 9, 12


Hex , Squawk, Flight, alt , pres alt, speed, course, vert_rate,   lat   ,    lon   , air_type, Ti
--------------------------------------------------------------------------------------------
15201B,4146,         ,2475,   2475,   440,    328,   -704,      0.000000,  0.000000, 9, 31


Hex , Squawk, Flight, alt , pres alt, speed, course, vert_rate,   lat   ,    lon   , air_type, Ti
--------------------------------------------------------------------------------------------
151D92,2730,         ,1226,   1226,   446,    258,   1984,      0.000000,  0.000000, 9, 12


Hex , Squawk, Flight, alt , pres alt, speed, course, vert_rate,   lat   ,    lon   , air_type, Ti
--------------------------------------------------------------------------------------------
15201B,4146,         ,2475,   2475,   440,    328,   -704,      0.000000,  0.000000, 9, 31


Hex , Squawk, Flight, alt , pres alt, speed, course, vert_rate,   lat   ,    lon   , air_type, Ti
--------------------------------------------------------------------------------------------
151D92,2730,         ,1226,   1226,   446,    258,   1984,      0.000000,  0.000000, 9, 12


Hex , Squawk, Flight, alt , pres alt, speed, course, vert_rate,   lat   ,    lon   , air_type, Ti
--------------------------------------------------------------------------------------------
15201B,4146,         ,2475,   2475,   440,    328,   -704,      0.000000,  0.000000, 9, 31


Hex , Squawk, Flight, alt , pres alt, speed, course, vert_rate,   lat   ,    lon   , air_type, Ti
--------------------------------------------------------------------------------------------
151D92,2730,         ,1226,   1226,   446,    258,   1984,      0.000000,  0.000000, 9, 12


Hex , Squawk, Flight, alt , pres alt, speed, course, vert_rate,   lat   ,    lon   , air_type, Ti
--------------------------------------------------------------------------------------------
15201B,4146,         ,2475,   2475,   440,    328,   -704,      0.000000,  0.000000, 9, 31


Hex , Squawk, Flight, alt , pres alt, speed, course, vert_rate,   lat   ,    lon   , air_type, Ti
--------------------------------------------------------------------------------------------
151D92,2730,         ,1226,   1226,   446,    258,   1984,      0.000000,  0.000000, 9, 13


Hex , Squawk, Flight, alt , pres alt, speed, course, vert_rate,   lat   ,    lon   , air_type, Ti
--------------------------------------------------------------------------------------------
15201B,4146,         ,2475,   2475,   440,    328,   -704,      0.000000,  0.000000, 9, 32


Hex , Squawk, Flight, alt , pres alt, speed, course, vert_rate,   lat   ,    lon   , air_type, Ti
--------------------------------------------------------------------------------------------
151D92,2730,         ,1226,   1226,   446,    258,   1984,      0.000000,  0.000000, 9, 13


Hex , Squawk, Flight, alt , pres alt, speed, course, vert_rate,   lat   ,    lon   , air_type, Ti
--------------------------------------------------------------------------------------------
15201B,4146,         ,2475,   2475,   440,    328,   -704,      0.000000,  0.000000, 9, 32


Hex , Squawk, Flight, alt , pres alt, speed, course, vert_rate,   lat   ,    lon   , air_type, Ti
--------------------------------------------------------------------------------------------
151D92,2730,         ,1226,   1226,   446,    258,   1984,      0.000000,  0.000000, 9, 13


Hex , Squawk, Flight, alt , pres alt, speed, course, vert_rate,   lat   ,    lon   , air_type, Ti
--------------------------------------------------------------------------------------------
15201B,4146,         ,2475,   2475,   440,    328,   -704,      0.000000,  0.000000, 9, 32


Hex , Squawk, Flight, alt , pres alt, speed, course, vert_rate,   lat   ,    lon   , air_type, Ti
--------------------------------------------------------------------------------------------
151D92,2730,         ,1226,   1226,   446,    258,   1984,      0.000000,  0.000000, 9, 14


Hex , Squawk, Flight, alt , pres alt, speed, course, vert_rate,   lat   ,    lon   , air_type, Ti
--------------------------------------------------------------------------------------------
15201B,4146,         ,2475,   2475,   440,    328,   -704,      0.000000,  0.000000, 9, 33


Hex , Squawk, Flight, alt , pres alt, speed, course, vert_rate,   lat   ,    lon   , air_type, Ti
--------------------------------------------------------------------------------------------
151D92,2730,         ,1226,   1226,   446,    258,   1984,      0.000000,  0.000000, 9, 14


Hex , Squawk, Flight, alt , pres alt, speed, course, vert_rate,   lat   ,    lon   , air_type, Ti
--------------------------------------------------------------------------------------------
15201B,4146,         ,2475,   2475,   440,    328,   -704,      0.000000,  0.000000, 9, 33


Hex , Squawk, Flight, alt , pres alt, speed, course, vert_rate,   lat   ,    lon   , air_type, Ti
--------------------------------------------------------------------------------------------
151D92,2730,         ,1226,   1226,   446,    258,   1984,      0.000000,  0.000000, 9, 14


Hex , Squawk, Flight, alt , pres alt, speed, course, vert_rate,   lat   ,    lon   , air_type, Ti
--------------------------------------------------------------------------------------------
15201B,4146,         ,2475,   2475,   440,    328,   -704,      0.000000,  0.000000, 9, 33


Hex , Squawk, Flight, alt , pres alt, speed, course, vert_rate,   lat   ,    lon   , air_type, Ti
--------------------------------------------------------------------------------------------
151D92,2730,         ,1226,   1226,   446,    258,   1984,      0.000000,  0.000000, 9, 14


Hex , Squawk, Flight, alt , pres alt, speed, course, vert_rate,   lat   ,    lon   , air_type, Ti
--------------------------------------------------------------------------------------------
15201B,4146,         ,2475,   2475,   440,    328,   -704,      0.000000,  0.000000, 9, 33


Hex , Squawk, Flight, alt , pres alt, speed, course, vert_rate,   lat   ,    lon   , air_type, Ti
--------------------------------------------------------------------------------------------
151D92,2730,         ,1226,   1226,   446,    258,   1984,      0.000000,  0.000000, 9, 15


Hex , Squawk, Flight, alt , pres alt, speed, course, vert_rate,   lat   ,    lon   , air_type, Ti
--------------------------------------------------------------------------------------------
15201B,4146,         ,2475,   2475,   440,    328,   -704,      0.000000,  0.000000, 9, 34


Hex , Squawk, Flight, alt , pres alt, speed, course, vert_rate,   lat   ,    lon   , air_type, Ti
--------------------------------------------------------------------------------------------
151D92,2730,         ,1226,   1226,   446,    258,   1984,      0.000000,  0.000000, 9, 15


Hex , Squawk, Flight, alt , pres alt, speed, course, vert_rate,   lat   ,    lon   , air_type, Ti
--------------------------------------------------------------------------------------------
15201B,4146,         ,2475,   2475,   440,    328,   -704,      0.000000,  0.000000, 9, 34


Hex , Squawk, Flight, alt , pres alt, speed, course, vert_rate,   lat   ,    lon   , air_type, Ti
--------------------------------------------------------------------------------------------
151D92,2730,         ,1226,   1226,   446,    258,   1984,      0.000000,  0.000000, 9, 15


Hex , Squawk, Flight, alt , pres alt, speed, course, vert_rate,   lat   ,    lon   , air_type, Ti
--------------------------------------------------------------------------------------------
15201B,4146,         ,2475,   2475,   440,    328,   -704,      0.000000,  0.000000, 9, 34


Hex , Squawk, Flight, alt , pres alt, speed, course, vert_rate,   lat   ,    lon   , air_type, Ti
--------------------------------------------------------------------------------------------
151D92,2730,         ,1226,   1226,   446,    258,   1984,      0.000000,  0.000000, 9, 15


Hex , Squawk, Flight, alt , pres alt, speed, course, vert_rate,   lat   ,    lon   , air_type, Ti
--------------------------------------------------------------------------------------------
15201B,4146,         ,2475,   2475,   440,    328,   -704,      0.000000,  0.000000, 9, 34


Hex , Squawk, Flight, alt , pres alt, speed, course, vert_rate,   lat   ,    lon   , air_type, Ti
--------------------------------------------------------------------------------------------
151D92,2730,         ,1226,   1226,   446,    258,   1984,      0.000000,  0.000000, 9, 16


Hex , Squawk, Flight, alt , pres alt, speed, course, vert_rate,   lat   ,    lon   , air_type, Ti
--------------------------------------------------------------------------------------------
15201B,4146,         ,2475,   2475,   440,    328,   -704,      0.000000,  0.000000, 9, 35


Hex , Squawk, Flight, alt , pres alt, speed, course, vert_rate,   lat   ,    lon   , air_type, Ti
--------------------------------------------------------------------------------------------
151D92,2730,         ,1226,   1226,   446,    258,   1984,      0.000000,  0.000000, 9, 16


Hex , Squawk, Flight, alt , pres alt, speed, course, vert_rate,   lat   ,    lon   , air_type, Ti
--------------------------------------------------------------------------------------------
15201B,4146,         ,2475,   2475,   440,    328,   -704,      0.000000,  0.000000, 9, 35


Hex , Squawk, Flight, alt , pres alt, speed, course, vert_rate,   lat   ,    lon   , air_type, Ti
--------------------------------------------------------------------------------------------
151D92,2730,         ,1226,   1226,   446,    258,   1984,      0.000000,  0.000000, 9, 16


Hex , Squawk, Flight, alt , pres alt, speed, course, vert_rate,   lat   ,    lon   , air_type, Ti
--------------------------------------------------------------------------------------------
15201B,4146,         ,2475,   2475,   440,    328,   -704,      0.000000,  0.000000, 9, 35


Hex , Squawk, Flight, alt , pres alt, speed, course, vert_rate,   lat   ,    lon   , air_type, Ti
--------------------------------------------------------------------------------------------
151D92,2730,         ,1226,   1226,   446,    258,   1984,      0.000000,  0.000000, 9, 16


Hex , Squawk, Flight, alt , pres alt, speed, course, vert_rate,   lat   ,    lon   , air_type, Ti
--------------------------------------------------------------------------------------------
15201B,4146,         ,2475,   2475,   440,    328,   -704,      0.000000,  0.000000, 9, 35


Hex , Squawk, Flight, alt , pres alt, speed, course, vert_rate,   lat   ,    lon   , air_type, Ti
--------------------------------------------------------------------------------------------
151D92,2730,         ,1226,   1226,   446,    258,   1984,      0.000000,  0.000000, 9, 17


Hex , Squawk, Flight, alt , pres alt, speed, course, vert_rate,   lat   ,    lon   , air_type, Ti
--------------------------------------------------------------------------------------------
15201B,4146,         ,2475,   2475,   440,    328,   -704,      0.000000,  0.000000, 9, 36


Hex , Squawk, Flight, alt , pres alt, speed, course, vert_rate,   lat   ,    lon   , air_type, Ti
--------------------------------------------------------------------------------------------
151D92,2730,         ,1226,   1226,   446,    258,   1984,      0.000000,  0.000000, 9, 17


Hex , Squawk, Flight, alt , pres alt, speed, course, vert_rate,   lat   ,    lon   , air_type, Ti
--------------------------------------------------------------------------------------------
15201B,4146,         ,2475,   2475,   440,    328,   -704,      0.000000,  0.000000, 9, 36


Hex , Squawk, Flight, alt , pres alt, speed, course, vert_rate,   lat   ,    lon   , air_type, Ti
--------------------------------------------------------------------------------------------
151D92,2730,         ,1226,   1226,   446,    258,   1984,      0.000000,  0.000000, 9, 17


Hex , Squawk, Flight, alt , pres alt, speed, course, vert_rate,   lat   ,    lon   , air_type, Ti
--------------------------------------------------------------------------------------------
15201B,4146,         ,2475,   2475,   440,    328,   -704,      0.000000,  0.000000, 9, 36


Hex , Squawk, Flight, alt , pres alt, speed, course, vert_rate,   lat   ,    lon   , air_type, Ti
--------------------------------------------------------------------------------------------
151D92,2730,         ,1226,   1226,   446,    258,   1984,      0.000000,  0.000000, 9, 17


Hex , Squawk, Flight, alt , pres alt, speed, course, vert_rate,   lat   ,    lon   , air_type, Ti
--------------------------------------------------------------------------------------------
15201B,4146,         ,2475,   2475,   440,    328,   -704,      0.000000,  0.000000, 9, 36


Hex , Squawk, Flight, alt , pres alt, speed, course, vert_rate,   lat   ,    lon   , air_type, Ti
--------------------------------------------------------------------------------------------
151D92,2730,         ,1226,   1226,   446,    258,   1984,      0.000000,  0.000000, 9, 18


Hex , Squawk, Flight, alt , pres alt, speed, course, vert_rate,   lat   ,    lon   , air_type, Ti
--------------------------------------------------------------------------------------------
15201B,4146,         ,2475,   2475,   440,    328,   -704,      0.000000,  0.000000, 9, 37


Hex , Squawk, Flight, alt , pres alt, speed, course, vert_rate,   lat   ,    lon   , air_type, Ti
--------------------------------------------------------------------------------------------
151D92,2730,         ,1226,   1226,   446,    258,   1984,      0.000000,  0.000000, 9, 18


Hex , Squawk, Flight, alt , pres alt, speed, course, vert_rate,   lat   ,    lon   , air_type, Ti
--------------------------------------------------------------------------------------------
15201B,4146,         ,2475,   2475,   440,    328,   -704,      0.000000,  0.000000, 9, 37


Hex , Squawk, Flight, alt , pres alt, speed, course, vert_rate,   lat   ,    lon   , air_type, Ti
--------------------------------------------------------------------------------------------
151D92,2730,         ,1226,   1226,   446,    258,   1984,      0.000000,  0.000000, 9, 18


Hex , Squawk, Flight, alt , pres alt, speed, course, vert_rate,   lat   ,    lon   , air_type, Ti
--------------------------------------------------------------------------------------------
15201B,4146,         ,2475,   2475,   440,    328,   -704,      0.000000,  0.000000, 9, 37


Hex , Squawk, Flight, alt , pres alt, speed, course, vert_rate,   lat   ,    lon   , air_type, Ti
--------------------------------------------------------------------------------------------
151D92,2730,         ,1226,   1226,   446,    258,   1984,      0.000000,  0.000000, 9, 18


Hex , Squawk, Flight, alt , pres alt, speed, course, vert_rate,   lat   ,    lon   , air_type, Ti
--------------------------------------------------------------------------------------------
15201B,4146,         ,2475,   2475,   440,    328,   -704,      0.000000,  0.000000, 9, 37


Hex , Squawk, Flight, alt , pres alt, speed, course, vert_rate,   lat   ,    lon   , air_type, Ti
--------------------------------------------------------------------------------------------
151D92,2730,         ,1226,   1226,   446,    258,   1984,      0.000000,  0.000000, 9, 19


Hex , Squawk, Flight, alt , pres alt, speed, course, vert_rate,   lat   ,    lon   , air_type, Ti
--------------------------------------------------------------------------------------------
15201B,4146,         ,2475,   2475,   440,    328,   -704,      0.000000,  0.000000, 9, 38


Hex , Squawk, Flight, alt , pres alt, speed, course, vert_rate,   lat   ,    lon   , air_type, Ti
--------------------------------------------------------------------------------------------
151D92,2730,         ,1226,   1226,   446,    258,   1984,      0.000000,  0.000000, 9, 19


Hex , Squawk, Flight, alt , pres alt, speed, course, vert_rate,   lat   ,    lon   , air_type, Ti
--------------------------------------------------------------------------------------------
15201B,4146,         ,2475,   2475,   440,    328,   -704,      0.000000,  0.000000, 9, 38


Hex , Squawk, Flight, alt , pres alt, speed, course, vert_rate,   lat   ,    lon   , air_type, Ti
--------------------------------------------------------------------------------------------
151D92,2730,         ,1226,   1226,   446,    258,   1984,      0.000000,  0.000000, 9, 19


Hex , Squawk, Flight, alt , pres alt, speed, course, vert_rate,   lat   ,    lon   , air_type, Ti
--------------------------------------------------------------------------------------------
15201B,4146,         ,2475,   2475,   440,    328,   -704,      0.000000,  0.000000, 9, 38


Hex , Squawk, Flight, alt , pres alt, speed, course, vert_rate,   lat   ,    lon   , air_type, Ti
--------------------------------------------------------------------------------------------
151D92,2730,         ,1226,   1226,   446,    258,   1984,      0.000000,  0.000000, 9, 20


Hex , Squawk, Flight, alt , pres alt, speed, course, vert_rate,   lat   ,    lon   , air_type, Ti
--------------------------------------------------------------------------------------------
15201B,4146,         ,2475,   2475,   440,    328,   -704,      0.000000,  0.000000, 9, 39


Hex , Squawk, Flight, alt , pres alt, speed, course, vert_rate,   lat   ,    lon   , air_type, Ti
--------------------------------------------------------------------------------------------
151D92,2730,         ,1226,   1226,   446,    258,   1984,      0.000000,  0.000000, 9, 20


Hex , Squawk, Flight, alt , pres alt, speed, course, vert_rate,   lat   ,    lon   , air_type, Ti
--------------------------------------------------------------------------------------------
15201B,4146,         ,2475,   2475,   440,    328,   -704,      0.000000,  0.000000, 9, 39


Hex , Squawk, Flight, alt , pres alt, speed, course, vert_rate,   lat   ,    lon   , air_type, Ti
--------------------------------------------------------------------------------------------
151D92,2730,         ,1226,   1226,   446,    258,   1984,      0.000000,  0.000000, 9, 20


Hex , Squawk, Flight, alt , pres alt, speed, course, vert_rate,   lat   ,    lon   , air_type, Ti
--------------------------------------------------------------------------------------------
15201B,4146,         ,2475,   2475,   440,    328,   -704,      0.000000,  0.000000, 9, 39


Hex , Squawk, Flight, alt , pres alt, speed, course, vert_rate,   lat   ,    lon   , air_type, Ti
--------------------------------------------------------------------------------------------
151D92,2730,         ,1226,   1226,   446,    258,   1984,      0.000000,  0.000000, 9, 20


Hex , Squawk, Flight, alt , pres alt, speed, course, vert_rate,   lat   ,    lon   , air_type, Ti
--------------------------------------------------------------------------------------------
15201B,4146,         ,2475,   2475,   440,    328,   -704,      0.000000,  0.000000, 9, 39


Hex , Squawk, Flight, alt , pres alt, speed, course, vert_rate,   lat   ,    lon   , air_type, Ti
--------------------------------------------------------------------------------------------
151D92,2730,         ,1226,   1226,   446,    258,   1984,      0.000000,  0.000000, 9, 21


Hex , Squawk, Flight, alt , pres alt, speed, course, vert_rate,   lat   ,    lon   , air_type, Ti
--------------------------------------------------------------------------------------------
15201B,4146,         ,2475,   2475,   440,    328,   -704,      0.000000,  0.000000, 9, 40


Hex , Squawk, Flight, alt , pres alt, speed, course, vert_rate,   lat   ,    lon   , air_type, Ti
--------------------------------------------------------------------------------------------
151D92,2730,         ,1226,   1226,   446,    258,   1984,      0.000000,  0.000000, 9, 21


Hex , Squawk, Flight, alt , pres alt, speed, course, vert_rate,   lat   ,    lon   , air_type, Ti
--------------------------------------------------------------------------------------------
15201B,4146,         ,2475,   2475,   440,    328,   -704,      0.000000,  0.000000, 9, 40


Hex , Squawk, Flight, alt , pres alt, speed, course, vert_rate,   lat   ,    lon   , air_type, Ti
--------------------------------------------------------------------------------------------
151D92,2730,         ,1226,   1226,   446,    258,   1984,      0.000000,  0.000000, 9, 21


Hex , Squawk, Flight, alt , pres alt, speed, course, vert_rate,   lat   ,    lon   , air_type, Ti
--------------------------------------------------------------------------------------------
15201B,4146,         ,2475,   2475,   440,    328,   -704,      0.000000,  0.000000, 9, 40


Hex , Squawk, Flight, alt , pres alt, speed, course, vert_rate,   lat   ,    lon   , air_type, Ti
--------------------------------------------------------------------------------------------
151D92,2730,         ,1226,   1226,   446,    258,   1984,      0.000000,  0.000000, 9, 21


Hex , Squawk, Flight, alt , pres alt, speed, course, vert_rate,   lat   ,    lon   , air_type, Ti
--------------------------------------------------------------------------------------------
15201B,4146,         ,2475,   2475,   440,    328,   -704,      0.000000,  0.000000, 9, 40


Hex , Squawk, Flight, alt , pres alt, speed, course, vert_rate,   lat   ,    lon   , air_type, Ti
--------------------------------------------------------------------------------------------
151D92,2730,         ,1226,   1226,   446,    258,   1984,      0.000000,  0.000000, 9, 22


Hex , Squawk, Flight, alt , pres alt, speed, course, vert_rate,   lat   ,    lon   , air_type, Ti
--------------------------------------------------------------------------------------------
15201B,4146,         ,2475,   2475,   440,    328,   -704,      0.000000,  0.000000, 9, 41


Hex , Squawk, Flight, alt , pres alt, speed, course, vert_rate,   lat   ,    lon   , air_type, Ti
--------------------------------------------------------------------------------------------
151D92,2730,         ,1226,   1226,   446,    258,   1984,      0.000000,  0.000000, 9, 22


Hex , Squawk, Flight, alt , pres alt, speed, course, vert_rate,   lat   ,    lon   , air_type, Ti
--------------------------------------------------------------------------------------------
15201B,4146,         ,2475,   2475,   440,    328,   -704,      0.000000,  0.000000, 9, 41


Hex , Squawk, Flight, alt , pres alt, speed, course, vert_rate,   lat   ,    lon   , air_type, Ti
--------------------------------------------------------------------------------------------
151D92,2730,         ,1226,   1226,   446,    258,   1984,      0.000000,  0.000000, 9, 22


Hex , Squawk, Flight, alt , pres alt, speed, course, vert_rate,   lat   ,    lon   , air_type, Ti
--------------------------------------------------------------------------------------------
15201B,4146,         ,2475,   2475,   440,    328,   -704,      0.000000,  0.000000, 9, 41


Hex , Squawk, Flight, alt , pres alt, speed, course, vert_rate,   lat   ,    lon   , air_type, Ti
--------------------------------------------------------------------------------------------
151D92,2730,         ,1226,   1226,   446,    258,   1984,      0.000000,  0.000000, 9, 22


Hex , Squawk, Flight, alt , pres alt, speed, course, vert_rate,   lat   ,    lon   , air_type, Ti
--------------------------------------------------------------------------------------------
15201B,4146,         ,2475,   2475,   440,    328,   -704,      0.000000,  0.000000, 9, 41


Hex , Squawk, Flight, alt , pres alt, speed, course, vert_rate,   lat   ,    lon   , air_type, Ti
--------------------------------------------------------------------------------------------
151D92,2730,         ,1226,   1226,   446,    258,   1984,      0.000000,  0.000000, 9, 23


Hex , Squawk, Flight, alt , pres alt, speed, course, vert_rate,   lat   ,    lon   , air_type, Ti
--------------------------------------------------------------------------------------------
15201B,4146,         ,2475,   2475,   440,    328,   -704,      0.000000,  0.000000, 9, 42


Hex , Squawk, Flight, alt , pres alt, speed, course, vert_rate,   lat   ,    lon   , air_type, Ti
--------------------------------------------------------------------------------------------
151D92,2730,         ,1226,   1226,   446,    258,   1984,      0.000000,  0.000000, 9, 23


Hex , Squawk, Flight, alt , pres alt, speed, course, vert_rate,   lat   ,    lon   , air_type, Ti
--------------------------------------------------------------------------------------------
15201B,4146,         ,2475,   2475,   440,    328,   -704,      0.000000,  0.000000, 9, 42


Hex , Squawk, Flight, alt , pres alt, speed, course, vert_rate,   lat   ,    lon   , air_type, Ti
--------------------------------------------------------------------------------------------
151D92,2730,         ,1226,   1226,   446,    258,   1984,      0.000000,  0.000000, 9, 23


Hex , Squawk, Flight, alt , pres alt, speed, course, vert_rate,   lat   ,    lon   , air_type, Ti
--------------------------------------------------------------------------------------------
15201B,4146,         ,2475,   2475,   440,    328,   -704,      0.000000,  0.000000, 9, 42


Hex , Squawk, Flight, alt , pres alt, speed, course, vert_rate,   lat   ,    lon   , air_type, Ti
--------------------------------------------------------------------------------------------
151D92,2730,         ,1226,   1226,   446,    258,   1984,      0.000000,  0.000000, 9, 23


Hex , Squawk, Flight, alt , pres alt, speed, course, vert_rate,   lat   ,    lon   , air_type, Ti
--------------------------------------------------------------------------------------------
15201B,4146,         ,2475,   2475,   440,    328,   -704,      0.000000,  0.000000, 9, 42


Hex , Squawk, Flight, alt , pres alt, speed, course, vert_rate,   lat   ,    lon   , air_type, Ti
--------------------------------------------------------------------------------------------
151D92,2730,         ,1226,   1226,   446,    258,   1984,      0.000000,  0.000000, 9, 24


Hex , Squawk, Flight, alt , pres alt, speed, course, vert_rate,   lat   ,    lon   , air_type, Ti
--------------------------------------------------------------------------------------------
15201B,4146,         ,2475,   2475,   440,    328,   -704,      0.000000,  0.000000, 9, 43


Hex , Squawk, Flight, alt , pres alt, speed, course, vert_rate,   lat   ,    lon   , air_type, Ti
--------------------------------------------------------------------------------------------
151D92,2730,         ,1226,   1226,   446,    258,   1984,      0.000000,  0.000000, 9, 24


Hex , Squawk, Flight, alt , pres alt, speed, course, vert_rate,   lat   ,    lon   , air_type, Ti
--------------------------------------------------------------------------------------------
15201B,4146,         ,2475,   2475,   440,    328,   -704,      0.000000,  0.000000, 9, 43


Hex , Squawk, Flight, alt , pres alt, speed, course, vert_rate,   lat   ,    lon   , air_type, Ti
--------------------------------------------------------------------------------------------
151D92,2730,         ,1226,   1226,   446,    258,   1984,      0.000000,  0.000000, 9, 24


Hex , Squawk, Flight, alt , pres alt, speed, course, vert_rate,   lat   ,    lon   , air_type, Ti
--------------------------------------------------------------------------------------------
15201B,4146,         ,2475,   2475,   440,    328,   -704,      0.000000,  0.000000, 9, 43


Hex , Squawk, Flight, alt , pres alt, speed, course, vert_rate,   lat   ,    lon   , air_type, Ti
--------------------------------------------------------------------------------------------
151D92,2730,         ,1226,   1226,   446,    258,   1984,      0.000000,  0.000000, 9, 25


Hex , Squawk, Flight, alt , pres alt, speed, course, vert_rate,   lat   ,    lon   , air_type, Ti
--------------------------------------------------------------------------------------------
15201B,4146,         ,2475,   2475,   440,    328,   -704,      0.000000,  0.000000, 9, 44


Hex , Squawk, Flight, alt , pres alt, speed, course, vert_rate,   lat   ,    lon   , air_type, Ti
--------------------------------------------------------------------------------------------
151D92,2730,         ,1226,   1226,   446,    258,   1984,      0.000000,  0.000000, 9, 25


Hex , Squawk, Flight, alt , pres alt, speed, course, vert_rate,   lat   ,    lon   , air_type, Ti
--------------------------------------------------------------------------------------------
15201B,4146,         ,2475,   2475,   440,    328,   -704,      0.000000,  0.000000, 9, 44


Hex , Squawk, Flight, alt , pres alt, speed, course, vert_rate,   lat   ,    lon   , air_type, Ti
--------------------------------------------------------------------------------------------
151D92,2730,         ,1226,   1226,   446,    258,   1984,      0.000000,  0.000000, 9, 25


Hex , Squawk, Flight, alt , pres alt, speed, course, vert_rate,   lat   ,    lon   , air_type, Ti
--------------------------------------------------------------------------------------------
15201B,4146,         ,2475,   2475,   440,    328,   -704,      0.000000,  0.000000, 9, 44


Hex , Squawk, Flight, alt , pres alt, speed, course, vert_rate,   lat   ,    lon   , air_type, Ti
--------------------------------------------------------------------------------------------
151D92,2730,         ,1226,   1226,   446,    258,   1984,      0.000000,  0.000000, 9, 25


Hex , Squawk, Flight, alt , pres alt, speed, course, vert_rate,   lat   ,    lon   , air_type, Ti
--------------------------------------------------------------------------------------------
15201B,4146,         ,2475,   2475,   440,    328,   -704,      0.000000,  0.000000, 9, 44


Hex , Squawk, Flight, alt , pres alt, speed, course, vert_rate,   lat   ,    lon   , air_type, Ti
--------------------------------------------------------------------------------------------
151D92,2730,         ,1226,   1226,   446,    258,   1984,      0.000000,  0.000000, 9, 26


Hex , Squawk, Flight, alt , pres alt, speed, course, vert_rate,   lat   ,    lon   , air_type, Ti
--------------------------------------------------------------------------------------------
15201B,4146,         ,2475,   2475,   440,    328,   -704,      0.000000,  0.000000, 9, 45


Hex , Squawk, Flight, alt , pres alt, speed, course, vert_rate,   lat   ,    lon   , air_type, Ti
--------------------------------------------------------------------------------------------
151D92,2730,         ,1226,   1226,   446,    258,   1984,      0.000000,  0.000000, 9, 26


Hex , Squawk, Flight, alt , pres alt, speed, course, vert_rate,   lat   ,    lon   , air_type, Ti
--------------------------------------------------------------------------------------------
15201B,4146,         ,2475,   2475,   440,    328,   -704,      0.000000,  0.000000, 9, 45


Hex , Squawk, Flight, alt , pres alt, speed, course, vert_rate,   lat   ,    lon   , air_type, Ti
--------------------------------------------------------------------------------------------
151D92,2730,         ,1226,   1226,   446,    258,   1984,      0.000000,  0.000000, 9, 26


Hex , Squawk, Flight, alt , pres alt, speed, course, vert_rate,   lat   ,    lon   , air_type, Ti
--------------------------------------------------------------------------------------------
15201B,4146,         ,2475,   2475,   440,    328,   -704,      0.000000,  0.000000, 9, 45


Hex , Squawk, Flight, alt , pres alt, speed, course, vert_rate,   lat   ,    lon   , air_type, Ti
--------------------------------------------------------------------------------------------
151D92,2730,         ,1226,   1226,   446,    258,   1984,      0.000000,  0.000000, 9, 26


Hex , Squawk, Flight, alt , pres alt, speed, course, vert_rate,   lat   ,    lon   , air_type, Ti
--------------------------------------------------------------------------------------------
15201B,4146,         ,2475,   2475,   440,    328,   -704,      0.000000,  0.000000, 9, 45


Hex , Squawk, Flight, alt , pres alt, speed, course, vert_rate,   lat   ,    lon   , air_type, Ti
--------------------------------------------------------------------------------------------
151D92,2730,         ,1226,   1226,   446,    258,   1984,      0.000000,  0.000000, 9, 27


Hex , Squawk, Flight, alt , pres alt, speed, course, vert_rate,   lat   ,    lon   , air_type, Ti
--------------------------------------------------------------------------------------------
15201B,4146,         ,2475,   2475,   440,    328,   -704,      0.000000,  0.000000, 9, 46


Hex , Squawk, Flight, alt , pres alt, speed, course, vert_rate,   lat   ,    lon   , air_type, Ti
--------------------------------------------------------------------------------------------
151D92,2730,         ,1226,   1226,   446,    258,   1984,      0.000000,  0.000000, 9, 27


Hex , Squawk, Flight, alt , pres alt, speed, course, vert_rate,   lat   ,    lon   , air_type, Ti
--------------------------------------------------------------------------------------------
15201B,4146,         ,2475,   2475,   440,    328,   -704,      0.000000,  0.000000, 9, 46


Hex , Squawk, Flight, alt , pres alt, speed, course, vert_rate,   lat   ,    lon   , air_type, Ti
--------------------------------------------------------------------------------------------
151D92,2730,         ,1226,   1226,   446,    258,   1984,      0.000000,  0.000000, 9, 27


Hex , Squawk, Flight, alt , pres alt, speed, course, vert_rate,   lat   ,    lon   , air_type, Ti
--------------------------------------------------------------------------------------------
15201B,4146,         ,2475,   2475,   440,    328,   -704,      0.000000,  0.000000, 9, 46


Hex , Squawk, Flight, alt , pres alt, speed, course, vert_rate,   lat   ,    lon   , air_type, Ti
--------------------------------------------------------------------------------------------
151D92,2730,         ,1226,   1226,   446,    258,   1984,      0.000000,  0.000000, 9, 27


Hex , Squawk, Flight, alt , pres alt, speed, course, vert_rate,   lat   ,    lon   , air_type, Ti
--------------------------------------------------------------------------------------------
15201B,4146,         ,2475,   2475,   440,    328,   -704,      0.000000,  0.000000, 9, 46


Hex , Squawk, Flight, alt , pres alt, speed, course, vert_rate,   lat   ,    lon   , air_type, Ti
--------------------------------------------------------------------------------------------
151D92,2730,         ,1226,   1226,   446,    258,   1984,      0.000000,  0.000000, 9, 28


Hex , Squawk, Flight, alt , pres alt, speed, course, vert_rate,   lat   ,    lon   , air_type, Ti
--------------------------------------------------------------------------------------------
15201B,4146,         ,2475,   2475,   440,    328,   -704,      0.000000,  0.000000, 9, 47


Hex , Squawk, Flight, alt , pres alt, speed, course, vert_rate,   lat   ,    lon   , air_type, Ti
--------------------------------------------------------------------------------------------
151D92,2730,         ,1226,   1226,   446,    258,   1984,      0.000000,  0.000000, 9, 28


Hex , Squawk, Flight, alt , pres alt, speed, course, vert_rate,   lat   ,    lon   , air_type, Ti
--------------------------------------------------------------------------------------------
15201B,4146,         ,2475,   2475,   440,    328,   -704,      0.000000,  0.000000, 9, 47


Hex , Squawk, Flight, alt , pres alt, speed, course, vert_rate,   lat   ,    lon   , air_type, Ti
--------------------------------------------------------------------------------------------
151D92,2730,         ,1226,   1226,   446,    258,   1984,      0.000000,  0.000000, 9, 28


Hex , Squawk, Flight, alt , pres alt, speed, course, vert_rate,   lat   ,    lon   , air_type, Ti
--------------------------------------------------------------------------------------------
15201B,4146,         ,2475,   2475,   440,    328,   -704,      0.000000,  0.000000, 9, 47


Hex , Squawk, Flight, alt , pres alt, speed, course, vert_rate,   lat   ,    lon   , air_type, Ti
--------------------------------------------------------------------------------------------
151D92,2730,         ,1226,   1226,   446,    258,   1984,      0.000000,  0.000000, 9, 28


Hex , Squawk, Flight, alt , pres alt, speed, course, vert_rate,   lat   ,    lon   , air_type, Ti
--------------------------------------------------------------------------------------------
15201B,4146,         ,2475,   2475,   440,    328,   -704,      0.000000,  0.000000, 9, 47


Hex , Squawk, Flight, alt , pres alt, speed, course, vert_rate,   lat   ,    lon   , air_type, Ti
--------------------------------------------------------------------------------------------
151D92,2730,         ,1226,   1226,   446,    258,   1984,      0.000000,  0.000000, 9, 29


Hex , Squawk, Flight, alt , pres alt, speed, course, vert_rate,   lat   ,    lon   , air_type, Ti
--------------------------------------------------------------------------------------------
15201B,4146,         ,2475,   2475,   440,    328,   -704,      0.000000,  0.000000, 9, 48


Hex , Squawk, Flight, alt , pres alt, speed, course, vert_rate,   lat   ,    lon   , air_type, Ti
--------------------------------------------------------------------------------------------
151D92,2730,         ,1226,   1226,   446,    258,   1984,      0.000000,  0.000000, 9, 29


Hex , Squawk, Flight, alt , pres alt, speed, course, vert_rate,   lat   ,    lon   , air_type, Ti
--------------------------------------------------------------------------------------------
15201B,4146,         ,2475,   2475,   440,    328,   -704,      0.000000,  0.000000, 9, 48


Hex , Squawk, Flight, alt , pres alt, speed, course, vert_rate,   lat   ,    lon   , air_type, Ti
--------------------------------------------------------------------------------------------
151D92,2730,         ,1226,   1226,   446,    258,   1984,      0.000000,  0.000000, 9, 29


Hex , Squawk, Flight, alt , pres alt, speed, course, vert_rate,   lat   ,    lon   , air_type, Ti
--------------------------------------------------------------------------------------------
15201B,4146,         ,2475,   2475,   440,    328,   -704,      0.000000,  0.000000, 9, 48


Hex , Squawk, Flight, alt , pres alt, speed, course, vert_rate,   lat   ,    lon   , air_type, Ti
--------------------------------------------------------------------------------------------
151D92,2730,         ,1226,   1226,   446,    258,   1984,      0.000000,  0.000000, 9, 29


Hex , Squawk, Flight, alt , pres alt, speed, course, vert_rate,   lat   ,    lon   , air_type, Ti
--------------------------------------------------------------------------------------------
15201B,4146,         ,2475,   2475,   440,    328,   -704,      0.000000,  0.000000, 9, 48


Hex , Squawk, Flight, alt , pres alt, speed, course, vert_rate,   lat   ,    lon   , air_type, Ti
--------------------------------------------------------------------------------------------
151D92,2730,         ,1226,   1226,   446,    258,   1984,      0.000000,  0.000000, 9, 30


Hex , Squawk, Flight, alt , pres alt, speed, course, vert_rate,   lat   ,    lon   , air_type, Ti
--------------------------------------------------------------------------------------------
15201B,4146,         ,2475,   2475,   440,    328,   -704,      0.000000,  0.000000, 9, 49


Hex , Squawk, Flight, alt , pres alt, speed, course, vert_rate,   lat   ,    lon   , air_type, Ti
--------------------------------------------------------------------------------------------
151D92,2730,         ,1226,   1226,   446,    258,   1984,      0.000000,  0.000000, 9, 30


Hex , Squawk, Flight, alt , pres alt, speed, course, vert_rate,   lat   ,    lon   , air_type, Ti
--------------------------------------------------------------------------------------------
15201B,4146,         ,2475,   2475,   440,    328,   -704,      0.000000,  0.000000, 9, 49


Hex , Squawk, Flight, alt , pres alt, speed, course, vert_rate,   lat   ,    lon   , air_type, Ti
--------------------------------------------------------------------------------------------
151D92,2730,         ,1226,   1226,   446,    258,   1984,      0.000000,  0.000000, 9, 30


Hex , Squawk, Flight, alt , pres alt, speed, course, vert_rate,   lat   ,    lon   , air_type, Ti
--------------------------------------------------------------------------------------------
15201B,4146,         ,2475,   2475,   440,    328,   -704,      0.000000,  0.000000, 9, 49


Hex , Squawk, Flight, alt , pres alt, speed, course, vert_rate,   lat   ,    lon   , air_type, Ti
--------------------------------------------------------------------------------------------
151D92,2730,         ,1226,   1226,   446,    258,   1984,      0.000000,  0.000000, 9, 31


Hex , Squawk, Flight, alt , pres alt, speed, course, vert_rate,   lat   ,    lon   , air_type, Ti
--------------------------------------------------------------------------------------------
15201B,4146,         ,2475,   2475,   440,    328,   -704,      0.000000,  0.000000, 9, 50


Hex , Squawk, Flight, alt , pres alt, speed, course, vert_rate,   lat   ,    lon   , air_type, Ti
--------------------------------------------------------------------------------------------
151D92,2730,         ,1226,   1226,   446,    258,   1984,      0.000000,  0.000000, 9, 31


Hex , Squawk, Flight, alt , pres alt, speed, course, vert_rate,   lat   ,    lon   , air_type, Ti
--------------------------------------------------------------------------------------------
15201B,4146,         ,2475,   2475,   440,    328,   -704,      0.000000,  0.000000, 9, 50


Hex , Squawk, Flight, alt , pres alt, speed, course, vert_rate,   lat   ,    lon   , air_type, Ti
--------------------------------------------------------------------------------------------
151D92,2730,         ,1226,   1226,   446,    258,   1984,      0.000000,  0.000000, 9, 31


Hex , Squawk, Flight, alt , pres alt, speed, course, vert_rate,   lat   ,    lon   , air_type, Ti
--------------------------------------------------------------------------------------------
15201B,4146,         ,2475,   2475,   440,    328,   -704,      0.000000,  0.000000, 9, 50


Hex , Squawk, Flight, alt , pres alt, speed, course, vert_rate,   lat   ,    lon   , air_type, Ti
--------------------------------------------------------------------------------------------
151D92,2730,         ,1226,   1226,   446,    258,   1984,      0.000000,  0.000000, 9, 31


Hex , Squawk, Flight, alt , pres alt, speed, course, vert_rate,   lat   ,    lon   , air_type, Ti
--------------------------------------------------------------------------------------------
15201B,4146,         ,2475,   2475,   440,    328,   -704,      0.000000,  0.000000, 9, 50


Hex , Squawk, Flight, alt , pres alt, speed, course, vert_rate,   lat   ,    lon   , air_type, Ti
--------------------------------------------------------------------------------------------
151D92,2730,         ,1226,   1226,   446,    258,   1984,      0.000000,  0.000000, 9, 32


Hex , Squawk, Flight, alt , pres alt, speed, course, vert_rate,   lat   ,    lon   , air_type, Ti
--------------------------------------------------------------------------------------------
15201B,4146,         ,2475,   2475,   440,    328,   -704,      0.000000,  0.000000, 9, 51


Hex , Squawk, Flight, alt , pres alt, speed, course, vert_rate,   lat   ,    lon   , air_type, Ti
--------------------------------------------------------------------------------------------
151D92,2730,         ,1226,   1226,   446,    258,   1984,      0.000000,  0.000000, 9, 32


Hex , Squawk, Flight, alt , pres alt, speed, course, vert_rate,   lat   ,    lon   , air_type, Ti
--------------------------------------------------------------------------------------------
15201B,4146,         ,2475,   2475,   440,    328,   -704,      0.000000,  0.000000, 9, 51


Hex , Squawk, Flight, alt , pres alt, speed, course, vert_rate,   lat   ,    lon   , air_type, Ti
--------------------------------------------------------------------------------------------
151D92,2730,         ,1226,   1226,   446,    258,   1984,      0.000000,  0.000000, 9, 32


Hex , Squawk, Flight, alt , pres alt, speed, course, vert_rate,   lat   ,    lon   , air_type, Ti
--------------------------------------------------------------------------------------------
15201B,4146,         ,2475,   2475,   440,    328,   -704,      0.000000,  0.000000, 9, 51


Hex , Squawk, Flight, alt , pres alt, speed, course, vert_rate,   lat   ,    lon   , air_type, Ti
--------------------------------------------------------------------------------------------
151D92,2730,         ,1226,   1226,   446,    258,   1984,      0.000000,  0.000000, 9, 32


Hex , Squawk, Flight, alt , pres alt, speed, course, vert_rate,   lat   ,    lon   , air_type, Ti
--------------------------------------------------------------------------------------------
15201B,4146,         ,2475,   2475,   440,    328,   -704,      0.000000,  0.000000, 9, 51


Hex , Squawk, Flight, alt , pres alt, speed, course, vert_rate,   lat   ,    lon   , air_type, Ti
--------------------------------------------------------------------------------------------
151D92,2730,         ,1226,   1226,   446,    258,   1984,      0.000000,  0.000000, 9, 33


Hex , Squawk, Flight, alt , pres alt, speed, course, vert_rate,   lat   ,    lon   , air_type, Ti
--------------------------------------------------------------------------------------------
15201B,4146,         ,2475,   2475,   440,    328,   -704,      0.000000,  0.000000, 9, 52


Hex , Squawk, Flight, alt , pres alt, speed, course, vert_rate,   lat   ,    lon   , air_type, Ti
--------------------------------------------------------------------------------------------
151D92,2730,         ,1226,   1226,   446,    258,   1984,      0.000000,  0.000000, 9, 33


Hex , Squawk, Flight, alt , pres alt, speed, course, vert_rate,   lat   ,    lon   , air_type, Ti
--------------------------------------------------------------------------------------------
15201B,4146,         ,2475,   2475,   440,    328,   -704,      0.000000,  0.000000, 9, 52


Hex , Squawk, Flight, alt , pres alt, speed, course, vert_rate,   lat   ,    lon   , air_type, Ti
--------------------------------------------------------------------------------------------
151D92,2730,         ,1226,   1226,   446,    258,   1984,      0.000000,  0.000000, 9, 33


Hex , Squawk, Flight, alt , pres alt, speed, course, vert_rate,   lat   ,    lon   , air_type, Ti
--------------------------------------------------------------------------------------------
15201B,4146,         ,2475,   2475,   440,    328,   -704,      0.000000,  0.000000, 9, 52


Hex , Squawk, Flight, alt , pres alt, speed, course, vert_rate,   lat   ,    lon   , air_type, Ti
--------------------------------------------------------------------------------------------
151D92,2730,         ,1226,   1226,   446,    258,   1984,      0.000000,  0.000000, 9, 33


Hex , Squawk, Flight, alt , pres alt, speed, course, vert_rate,   lat   ,    lon   , air_type, Ti
--------------------------------------------------------------------------------------------
15201B,4146,         ,2475,   2475,   440,    328,   -704,      0.000000,  0.000000, 9, 52


Hex , Squawk, Flight, alt , pres alt, speed, course, vert_rate,   lat   ,    lon   , air_type, Ti
--------------------------------------------------------------------------------------------
151D92,2730,         ,1226,   1226,   446,    258,   1984,      0.000000,  0.000000, 9, 34


Hex , Squawk, Flight, alt , pres alt, speed, course, vert_rate,   lat   ,    lon   , air_type, Ti
--------------------------------------------------------------------------------------------
15201B,4146,         ,2475,   2475,   440,    328,   -704,      0.000000,  0.000000, 9, 53


Hex , Squawk, Flight, alt , pres alt, speed, course, vert_rate,   lat   ,    lon   , air_type, Ti
--------------------------------------------------------------------------------------------
151D92,2730,         ,1226,   1226,   446,    258,   1984,      0.000000,  0.000000, 9, 34


Hex , Squawk, Flight, alt , pres alt, speed, course, vert_rate,   lat   ,    lon   , air_type, Ti
--------------------------------------------------------------------------------------------
15201B,4146,         ,2475,   2475,   440,    328,   -704,      0.000000,  0.000000, 9, 53


Hex , Squawk, Flight, alt , pres alt, speed, course, vert_rate,   lat   ,    lon   , air_type, Ti
--------------------------------------------------------------------------------------------
151D92,2730,         ,1226,   1226,   446,    258,   1984,      0.000000,  0.000000, 9, 34


Hex , Squawk, Flight, alt , pres alt, speed, course, vert_rate,   lat   ,    lon   , air_type, Ti
--------------------------------------------------------------------------------------------
15201B,4146,         ,2475,   2475,   440,    328,   -704,      0.000000,  0.000000, 9, 53


Hex , Squawk, Flight, alt , pres alt, speed, course, vert_rate,   lat   ,    lon   , air_type, Ti
--------------------------------------------------------------------------------------------
151D92,2730,         ,1226,   1226,   446,    258,   1984,      0.000000,  0.000000, 9, 34


Hex , Squawk, Flight, alt , pres alt, speed, course, vert_rate,   lat   ,    lon   , air_type, Ti
--------------------------------------------------------------------------------------------
15201B,4146,         ,2475,   2475,   440,    328,   -704,      0.000000,  0.000000, 9, 53


Hex , Squawk, Flight, alt , pres alt, speed, course, vert_rate,   lat   ,    lon   , air_type, Ti
--------------------------------------------------------------------------------------------
151D92,2730,         ,1226,   1226,   446,    258,   1984,      0.000000,  0.000000, 9, 35


Hex , Squawk, Flight, alt , pres alt, speed, course, vert_rate,   lat   ,    lon   , air_type, Ti
--------------------------------------------------------------------------------------------
15201B,4146,         ,2475,   2475,   440,    328,   -704,      0.000000,  0.000000, 9, 54


Hex , Squawk, Flight, alt , pres alt, speed, course, vert_rate,   lat   ,    lon   , air_type, Ti
--------------------------------------------------------------------------------------------
151D92,2730,         ,1226,   1226,   446,    258,   1984,      0.000000,  0.000000, 9, 35


Hex , Squawk, Flight, alt , pres alt, speed, course, vert_rate,   lat   ,    lon   , air_type, Ti
--------------------------------------------------------------------------------------------
15201B,4146,         ,2475,   2475,   440,    328,   -704,      0.000000,  0.000000, 9, 54


Hex , Squawk, Flight, alt , pres alt, speed, course, vert_rate,   lat   ,    lon   , air_type, Ti
--------------------------------------------------------------------------------------------
151D92,2730,         ,1226,   1226,   446,    258,   1984,      0.000000,  0.000000, 9, 35


Hex , Squawk, Flight, alt , pres alt, speed, course, vert_rate,   lat   ,    lon   , air_type, Ti
--------------------------------------------------------------------------------------------
15201B,4146,         ,2475,   2475,   440,    328,   -704,      0.000000,  0.000000, 9, 54


Hex , Squawk, Flight, alt , pres alt, speed, course, vert_rate,   lat   ,    lon   , air_type, Ti
--------------------------------------------------------------------------------------------
151D92,2730,         ,1226,   1226,   446,    258,   1984,      0.000000,  0.000000, 9, 36


Hex , Squawk, Flight, alt , pres alt, speed, course, vert_rate,   lat   ,    lon   , air_type, Ti
--------------------------------------------------------------------------------------------
151D92,2730,         ,1226,   1226,   446,    258,   1984,      0.000000,  0.000000, 9, 36


Hex , Squawk, Flight, alt , pres alt, speed, course, vert_rate,   lat   ,    lon   , air_type, Ti
--------------------------------------------------------------------------------------------
151D92,2730,         ,1226,   1226,   446,    258,   1984,      0.000000,  0.000000, 9, 36


Hex , Squawk, Flight, alt , pres alt, speed, course, vert_rate,   lat   ,    lon   , air_type, Ti
--------------------------------------------------------------------------------------------
151D92,2730,         ,1226,   1226,   446,    258,   1984,      0.000000,  0.000000, 9, 36


Hex , Squawk, Flight, alt , pres alt, speed, course, vert_rate,   lat   ,    lon   , air_type, Ti
--------------------------------------------------------------------------------------------
151D92,2730,         ,1226,   1226,   446,    258,   1984,      0.000000,  0.000000, 9, 37


Hex , Squawk, Flight, alt , pres alt, speed, course, vert_rate,   lat   ,    lon   , air_type, Ti
--------------------------------------------------------------------------------------------
151D92,2730,         ,1226,   1226,   446,    258,   1984,      0.000000,  0.000000, 9, 37


Hex , Squawk, Flight, alt , pres alt, speed, course, vert_rate,   lat   ,    lon   , air_type, Ti
--------------------------------------------------------------------------------------------
151D92,2730,         ,1226,   1226,   446,    258,   1984,      0.000000,  0.000000, 9, 37


Hex , Squawk, Flight, alt , pres alt, speed, course, vert_rate,   lat   ,    lon   , air_type, Ti
--------------------------------------------------------------------------------------------
151D92,2730,         ,1226,   1226,   446,    258,   1984,      0.000000,  0.000000, 9, 37


Hex , Squawk, Flight, alt , pres alt, speed, course, vert_rate,   lat   ,    lon   , air_type, Ti
--------------------------------------------------------------------------------------------
151D92,2730,         ,1226,   1226,   446,    258,   1984,      0.000000,  0.000000, 9, 38


Hex , Squawk, Flight, alt , pres alt, speed, course, vert_rate,   lat   ,    lon   , air_type, Ti
--------------------------------------------------------------------------------------------
151D92,2730,         ,1226,   1226,   446,    258,   1984,      0.000000,  0.000000, 9, 38


Hex , Squawk, Flight, alt , pres alt, speed, course, vert_rate,   lat   ,    lon   , air_type, Ti
--------------------------------------------------------------------------------------------
151D92,2730,         ,1226,   1226,   446,    258,   1984,      0.000000,  0.000000, 9, 38


Hex , Squawk, Flight, alt , pres alt, speed, course, vert_rate,   lat   ,    lon   , air_type, Ti
--------------------------------------------------------------------------------------------
151D92,2730,         ,1226,   1226,   446,    258,   1984,      0.000000,  0.000000, 9, 38


Hex , Squawk, Flight, alt , pres alt, speed, course, vert_rate,   lat   ,    lon   , air_type, Ti
--------------------------------------------------------------------------------------------
151D92,2730,         ,1226,   1226,   446,    258,   1984,      0.000000,  0.000000, 9, 39


Hex , Squawk, Flight, alt , pres alt, speed, course, vert_rate,   lat   ,    lon   , air_type, Ti
--------------------------------------------------------------------------------------------
151D92,2730,         ,1226,   1226,   446,    258,   1984,      0.000000,  0.000000, 9, 39


Hex , Squawk, Flight, alt , pres alt, speed, course, vert_rate,   lat   ,    lon   , air_type, Ti
--------------------------------------------------------------------------------------------
151D92,2730,         ,1226,   1226,   446,    258,   1984,      0.000000,  0.000000, 9, 39


Hex , Squawk, Flight, alt , pres alt, speed, course, vert_rate,   lat   ,    lon   , air_type, Ti
--------------------------------------------------------------------------------------------
151D92,2730,         ,1226,   1226,   446,    258,   1984,      0.000000,  0.000000, 9, 39


Hex , Squawk, Flight, alt , pres alt, speed, course, vert_rate,   lat   ,    lon   , air_type, Ti
--------------------------------------------------------------------------------------------
151D92,2730,         ,1226,   1226,   446,    258,   1984,      0.000000,  0.000000, 9, 40


Hex , Squawk, Flight, alt , pres alt, speed, course, vert_rate,   lat   ,    lon   , air_type, Ti
--------------------------------------------------------------------------------------------
151D92,2730,         ,1226,   1226,   446,    258,   1984,      0.000000,  0.000000, 9, 40


Hex , Squawk, Flight, alt , pres alt, speed, course, vert_rate,   lat   ,    lon   , air_type, Ti
--------------------------------------------------------------------------------------------
151D92,2730,         ,1226,   1226,   446,    258,   1984,      0.000000,  0.000000, 9, 40


Hex , Squawk, Flight, alt , pres alt, speed, course, vert_rate,   lat   ,    lon   , air_type, Ti
--------------------------------------------------------------------------------------------
151D92,2730,         ,1226,   1226,   446,    258,   1984,      0.000000,  0.000000, 9, 41


Hex , Squawk, Flight, alt , pres alt, speed, course, vert_rate,   lat   ,    lon   , air_type, Ti
--------------------------------------------------------------------------------------------
151D92,2730,         ,1226,   1226,   446,    258,   1984,      0.000000,  0.000000, 9, 41


Hex , Squawk, Flight, alt , pres alt, speed, course, vert_rate,   lat   ,    lon   , air_type, Ti
--------------------------------------------------------------------------------------------
151D92,2730,         ,1226,   1226,   446,    258,   1984,      0.000000,  0.000000, 9, 41


Hex , Squawk, Flight, alt , pres alt, speed, course, vert_rate,   lat   ,    lon   , air_type, Ti
--------------------------------------------------------------------------------------------
151D92,2730,         ,1226,   1226,   446,    258,   1984,      0.000000,  0.000000, 9, 41


Hex , Squawk, Flight, alt , pres alt, speed, course, vert_rate,   lat   ,    lon   , air_type, Ti
--------------------------------------------------------------------------------------------
151D92,2730,         ,1226,   1226,   446,    258,   1984,      0.000000,  0.000000, 9, 42


Hex , Squawk, Flight, alt , pres alt, speed, course, vert_rate,   lat   ,    lon   , air_type, Ti
--------------------------------------------------------------------------------------------
151D92,2730,         ,1226,   1226,   446,    258,   1984,      0.000000,  0.000000, 9, 42


Hex , Squawk, Flight, alt , pres alt, speed, course, vert_rate,   lat   ,    lon   , air_type, Ti
--------------------------------------------------------------------------------------------
151D92,2730,         ,1226,   1226,   446,    258,   1984,      0.000000,  0.000000, 9, 42


Hex , Squawk, Flight, alt , pres alt, speed, course, vert_rate,   lat   ,    lon   , air_type, Ti
---Hex , Squawk, Flight, alt , pres alt, speed, course, vert_rate,   lat   ,    lon   , air_type, Ti
--------------------------------------------------------------------------------------------
78193A,0,         ,1028,   1028,   0,    0,   0,      0.000000,  0.000000, 9, 0


Hex , Squawk, Flight, alt , pres alt, speed, course, vert_rate,   lat   ,    lon   , air_type, Ti
--------------------------------------------------------------------------------------------
152039,0,         ,3206,   3206,   0,    0,   0,      0.000000,  0.000000, 9, 3


Hex , Squawk, Flight, alt , pres alt, speed, course, vert_rate,   lat   ,    lon   , air_type, Ti
--------------------------------------------------------------------------------------------
78193A,0,         ,1028,   1028,   0,    0,   0,      0.000000,  0.000000, 9, 1


Hex , Squawk, Flight, alt , pres alt, speed, course, vert_rate,   lat   ,    lon   , air_type, Ti
--------------------------------------------------------------------------------------------
152039,0,         ,3206,   3206,   0,    0,   0,      0.000000,  0.000000, 9, 4


Hex , Squawk, Flight, alt , pres alt, speed, course, vert_rate,   lat   ,    lon   , air_type, Ti
--------------------------------------------------------------------------------------------
78193A,0,         ,1028,   1028,   0,    0,   0,      0.000000,  0.000000, 9, 1


Hex , Squawk, Flight, alt , pres alt, speed, course, vert_rate,   lat   ,    lon   , air_type, Ti
--------------------------------------------------------------------------------------------
152039,0,         ,3206,   3206,   0,    0,   0,      0.000000,  0.000000, 9, 4


Hex , Squawk, Flight, alt , pres alt, speed, course, vert_rate,   lat   ,    lon   , air_type, Ti
--------------------------------------------------------------------------------------------
78193A,0,         ,1028,   1028,   0,    0,   0,      0.000000,  0.000000, 9, 0


Hex , Squawk, Flight, alt , pres alt, speed, course, vert_rate,   lat   ,    lon   , air_type, Ti
--------------------------------------------------------------------------------------------
152039,0,         ,3206,   3206,   0,    0,   0,      0.000000,  0.000000, 9, 4


Hex , Squawk, Flight, alt , pres alt, speed, course, vert_rate,   lat   ,    lon   , air_type, Ti
--------------------------------------------------------------------------------------------
78193A,0,         ,1028,   1028,   0,    0,   0,      0.000000,  0.000000, 9, 1


Hex , Squawk, Flight, alt , pres alt, speed, course, vert_rate,   lat   ,    lon   , air_type, Ti
--------------------------------------------------------------------------------------------
152039,0,         ,3206,   3206,   0,    0,   0,      0.000000,  0.000000, 9, 5


Hex , Squawk, Flight, alt , pres alt, speed, course, vert_rate,   lat   ,    lon   , air_type, Ti
--------------------------------------------------------------------------------------------
78193A,0,         ,1028,   1028,   0,    0,   0,      0.000000,  0.000000, 9, 1


Hex , Squawk, Flight, alt , pres alt, speed, course, vert_rate,   lat   ,    lon   , air_type, Ti
--------------------------------------------------------------------------------------------
152039,0,         ,3206,   3206,   0,    0,   0,      0.000000,  0.000000, 9, 0


Hex , Squawk, Flight, alt , pres alt, speed, course, vert_rate,   lat   ,    lon   , air_type, Ti
--------------------------------------------------------------------------------------------
78193A,0,         ,1028,   1028,   0,    0,   0,      0.000000,  0.000000, 9, 1


Hex , Squawk, Flight, alt , pres alt, speed, course, vert_rate,   lat   ,    lon   , air_type, Ti
--------------------------------------------------------------------------------------------
152039,0,         ,3206,   3206,   0,    0,   0,      0.000000,  0.000000, 9, 0


Hex , Squawk, Flight, alt , pres alt, speed, course, vert_rate,   lat   ,    lon   , air_type, Ti
--------------------------------------------------------------------------------------------
78193A,0,         ,1028,   1028,   0,    0,   0,      0.000000,  0.000000, 9, 1


Hex , Squawk, Flight, alt , pres alt, speed, course, vert_rate,   lat   ,    lon   , air_type, Ti
--------------------------------------------------------------------------------------------
152039,0,         ,3175,   3175,   0,    0,   0,      0.000000,  0.000000, 9, 0


Hex , Squawk, Flight, alt , pres alt, speed, course, vert_rate,   lat   ,    lon   , air_type, Ti
--------------------------------------------------------------------------------------------
78193A,0,         ,1028,   1028,   0,    0,   0,      0.000000,  0.000000, 9, 2


Hex , Squawk, Flight, alt , pres alt, speed, course, vert_rate,   lat   ,    lon   , air_type, Ti
--------------------------------------------------------------------------------------------
152039,0,         ,3175,   3175,   0,    0,   0,      0.000000,  0.000000, 9, 1


Hex , Squawk, Flight, alt , pres alt, speed, course, vert_rate,   lat   ,    lon   , air_type, Ti
--------------------------------------------------------------------------------------------
78193A,0,         ,1028,   1028,   0,    0,   0,      0.000000,  0.000000, 9, 2


Hex , Squawk, Flight, alt , pres alt, speed, course, vert_rate,   lat   ,    lon   , air_type, Ti
--------------------------------------------------------------------------------------------
152039,0,         ,3175,   3175,   0,    0,   0,      0.000000,  0.000000, 9, 0


Hex , Squawk, Flight, alt , pres alt, speed, course, vert_rate,   lat   ,    lon   , air_type, Ti
--------------------------------------------------------------------------------------------
78193A,0,         ,1028,   1028,   0,    0,   0,      0.000000,  0.000000, 9, 2


Hex , Squawk, Flight, alt , pres alt, speed, course, vert_rate,   lat   ,    lon   , air_type, Ti
--------------------------------------------------------------------------------------------
152039,0,         ,3168,   3168,   0,    0,   0,      0.000000,  0.000000, 9, 0


Hex , Squawk, Flight, alt , pres alt, speed, course, vert_rate,   lat   ,    lon   , air_type, Ti
--------------------------------------------------------------------------------------------
78193A,0,         ,1028,   1028,   0,    0,   0,      0.000000,  0.000000, 9, 2


Hex , Squawk, Flight, alt , pres alt, speed, course, vert_rate,   lat   ,    lon   , air_type, Ti
--------------------------------------------------------------------------------------------
152039,0,         ,3168,   3168,   0,    0,   0,      0.000000,  0.000000, 9, 0


Hex , Squawk, Flight, alt , pres alt, speed, course, vert_rate,   lat   ,    lon   , air_type, Ti
--------------------------------------------------------------------------------------------
78193A,0,         ,1028,   1028,   0,    0,   0,      0.000000,  0.000000, 9, 3


Hex , Squawk, Flight, alt , pres alt, speed, course, vert_rate,   lat   ,    lon   , air_type, Ti
--------------------------------------------------------------------------------------------
152039,0,         ,3168,   3168,   0,    0,   0,      0.000000,  0.000000, 9, 1


Hex , Squawk, Flight, alt , pres alt, speed, course, vert_rate,   lat   ,    lon   , air_type, Ti
--------------------------------------------------------------------------------------------
78193A,0,         ,1028,   1028,   0,    0,   0,      0.000000,  0.000000, 9, 0


Hex , Squawk, Flight, alt , pres alt, speed, course, vert_rate,   lat   ,    lon   , air_type, Ti
--------------------------------------------------------------------------------------------
152039,0,         ,3168,   3168,   0,    0,   0,      0.000000,  0.000000, 9, 0


Hex , Squawk, Flight, alt , pres alt, speed, course, vert_rate,   lat   ,    lon   , air_type, Ti
--------------------------------------------------------------------------------------------
78193A,0,         ,1028,   1028,   0,    0,   0,      0.000000,  0.000000, 9, 0


Hex , Squawk, Flight, alt , pres alt, speed, course, vert_rate,   lat   ,    lon   , air_type, Ti
--------------------------------------------------------------------------------------------
152039,0,         ,3168,   3168,   0,    0,   0,      0.000000,  0.000000, 9, 0


Hex , Squawk, Flight, alt , pres alt, speed, course, vert_rate,   lat   ,    lon   , air_type, Ti
--------------------------------------------------------------------------------------------
78193A,0,         ,1028,   1028,   0,    0,   0,      0.000000,  0.000000, 9, 0


Hex , Squawk, Flight, alt , pres alt, speed, course, vert_rate,   lat   ,    lon   , air_type, Ti
--------------------------------------------------------------------------------------------
152039,0,         ,3160,   3160,   0,    0,   0,      0.000000,  0.000000, 9, 0


Hex , Squawk, Flight, alt , pres alt, speed, course, vert_rate,   lat   ,    lon   , air_type, Ti
--------------------------------------------------------------------------------------------
78193A,0,         ,1028,   1028,   0,    0,   0,      0.000000,  0.000000, 9, 0


Hex , Squawk, Flight, alt , pres alt, speed, course, vert_rate,   lat   ,    lon   , air_type, Ti
--------------------------------------------------------------------------------------------
152039,0,         ,3160,   3160,   0,    0,   0,      0.000000,  0.000000, 9, 0


Hex , Squawk, Flight, alt , pres alt, speed, course, vert_rate,   lat   ,    lon   , air_type, Ti
--------------------------------------------------------------------------------------------
78193A,0,         ,1028,   1028,   0,    0,   0,      0.000000,  0.000000, 9, 0


Hex , Squawk, Flight, alt , pres alt, speed, course, vert_rate,   lat   ,    lon   , air_type, Ti
--------------------------------------------------------------------------------------------
152039,0,         ,3160,   3160,   501,    357,   -1088,      0.000000,  0.000000, 9, 0


Hex , Squawk, Flight, alt , pres alt, speed, course, vert_rate,   lat   ,    lon   , air_type, Ti
--------------------------------------------------------------------------------------------
78193A,0,         ,1028,   1028,   325,    255,   2176,      0.000000,  0.000000, 9, 0


Hex , Squawk, Flight, alt , pres alt, speed, course, vert_rate,   lat   ,    lon   , air_type, Ti
--------------------------------------------------------------------------------------------
152039,0,         ,3160,   3160,   501,    357,   -1088,      0.000000,  0.000000, 9, 0


Hex , Squawk, Flight, alt , pres alt, speed, course, vert_rate,   lat   ,    lon   , air_type, Ti
--------------------------------------------------------------------------------------------
78193A,0,         ,1028,   1028,   325,    255,   2176,      0.000000,  0.000000, 9, 0


Hex , Squawk, Flight, alt , pres alt, speed, course, vert_rate,   lat   ,    lon   , air_type, Ti
--------------------------------------------------------------------------------------------
152039,0,         ,3152,   3152,   501,    357,   -1088,      0.000000,  0.000000, 9, 0


Hex , Squawk, Flight, alt , pres alt, speed, course, vert_rate,   lat   ,    lon   , air_type, Ti
--------------------------------------------------------------------------------------------
78193A,0,         ,1028,   1028,   325,    255,   2176,      0.000000,  0.000000, 9, 1


Hex , Squawk, Flight, alt , pres alt, speed, course, vert_rate,   lat   ,    lon   , air_type, Ti
--------------------------------------------------------------------------------------------
152039,0,         ,3152,   3152,   501,    357,   -1088,      0.000000,  0.000000, 9, 0


Hex , Squawk, Flight, alt , pres alt, speed, course, vert_rate,   lat   ,    lon   , air_type, Ti
--------------------------------------------------------------------------------------------
78193A,0,         ,1028,   1028,   325,    255,   2176,      0.000000,  0.000000, 9, 0


Hex , Squawk, Flight, alt , pres alt, speed, course, vert_rate,   lat   ,    lon   , air_type, Ti
--------------------------------------------------------------------------------------------
152039,7302,         ,3152,   3152,   501,    357,   -1088,      0.000000,  0.000000, 9, 0


Hex , Squawk, Flight, alt , pres alt, speed, course, vert_rate,   lat   ,    lon   , air_type, Ti
--------------------------------------------------------------------------------------------
78193A,0,         ,1028,   1028,   325,    255,   2176,      0.000000,  0.000000, 9, 0


Hex , Squawk, Flight, alt , pres alt, speed, course, vert_rate,   lat   ,    lon   , air_type, Ti
--------------------------------------------------------------------------------------------
152039,7302,         ,3152,   3152,   501,    357,   -1088,      0.000000,  0.000000, 9, 0


Hex , Squawk, Flight, alt , pres alt, speed, course, vert_rate,   lat   ,    lon   , air_type, Ti
--------------------------------------------------------------------------------------------
78193A,0,         ,1028,   1028,   325,    255,   2176,      0.000000,  0.000000, 9, 1


Hex , Squawk, Flight, alt , pres alt, speed, course, vert_rate,   lat   ,    lon   , air_type, Ti
--------------------------------------------------------------------------------------------
152039,7302,         ,3152,   3152,   501,    357,   -1088,      0.000000,  0.000000, 9, 1


Hex , Squawk, Flight, alt , pres alt, speed, course, vert_rate,   lat   ,    lon   , air_type, Ti
--------------------------------------------------------------------------------------------
78193A,0,         ,1028,   1028,   325,    255,   2176,      0.000000,  0.000000, 9, 1


Hex , Squawk, Flight, alt , pres alt, speed, course, vert_rate,   lat   ,    lon   , air_type, Ti
--------------------------------------------------------------------------------------------
152039,7302,         ,3152,   3152,   501,    357,   -1088,      0.000000,  0.000000, 9, 0


Hex , Squawk, Flight, alt , pres alt, speed, course, vert_rate,   lat   ,    lon   , air_type, Ti
--------------------------------------------------------------------------------------------
78193A,0,         ,1028,   1028,   325,    255,   2176,      0.000000,  0.000000, 9, 1


Hex , Squawk, Flight, alt , pres alt, speed, course, vert_rate,   lat   ,    lon   , air_type, Ti
--------------------------------------------------------------------------------------------
152039,7302,         ,3152,   3152,   501,    357,   -1088,      0.000000,  0.000000, 9, 0


Hex , Squawk, Flight, alt , pres alt, speed, course, vert_rate,   lat   ,    lon   , air_type, Ti
--------------------------------------------------------------------------------------------
78193A,0,         ,1028,   1028,   325,    255,   2176,      0.000000,  0.000000, 9, 1


Hex , Squawk, Flight, alt , pres alt, speed, course, vert_rate,   lat   ,    lon   , air_type, Ti
--------------------------------------------------------------------------------------------
152039,7302,         ,3145,   3145,   501,    357,   -1088,      0.000000,  0.000000, 9, 0


Hex , Squawk, Flight, alt , pres alt, speed, course, vert_rate,   lat   ,    lon   , air_type, Ti
--------------------------------------------------------------------------------------------
78193A,0,         ,1028,   1028,   325,    255,   2176,      0.000000,  0.000000, 9, 2


Hex , Squawk, Flight, alt , pres alt, speed, course, vert_rate,   lat   ,    lon   , air_type, Ti
--------------------------------------------------------------------------------------------
152039,7302,         ,3145,   3145,   501,    357,   -1088,      0.000000,  0.000000, 9, 0


Hex , Squawk, Flight, alt , pres alt, speed, course, vert_rate,   lat   ,    lon   , air_type, Ti
--------------------------------------------------------------------------------------------
78193A,0,         ,1028,   1028,   325,    255,   2176,      0.000000,  0.000000, 9, 2


Hex , Squawk, Flight, alt , pres alt, speed, course, vert_rate,   lat   ,    lon   , air_type, Ti
--------------------------------------------------------------------------------------------
152039,7302,         ,3145,   3145,   501,    357,   -1088,      0.000000,  0.000000, 9, 0


Hex , Squawk, Flight, alt , pres alt, speed, course, vert_rate,   lat   ,    lon   , air_type, Ti
--------------------------------------------------------------------------------------------
78193A,0,         ,1028,   1028,   325,    255,   2176,      0.000000,  0.000000, 9, 2


Hex , Squawk, Flight, alt , pres alt, speed, course, vert_rate,   lat   ,    lon   , air_type, Ti
--------------------------------------------------------------------------------------------
152039,7302,         ,3145,   3145,   501,    357,   -1088,      0.000000,  0.000000, 9, 0


Hex , Squawk, Flight, alt , pres alt, speed, course, vert_rate,   lat   ,    lon   , air_type, Ti
--------------------------------------------------------------------------------------------
78193A,0,         ,1028,   1028,   325,    255,   2176,      0.000000,  0.000000, 9, 0


Hex , Squawk, Flight, alt , pres alt, speed, course, vert_rate,   lat   ,    lon   , air_type, Ti
--------------------------------------------------------------------------------------------
152039,7302,         ,3145,   3145,   501,    357,   -1088,      0.000000,  0.000000, 9, 0


Hex , Squawk, Flight, alt , pres alt, speed, course, vert_rate,   lat   ,    lon   , air_type, Ti
--------------------------------------------------------------------------------------------
78193A,0,         ,1028,   1028,   325,    255,   2176,      0.000000,  0.000000, 9, 1


Hex , Squawk, Flight, alt , pres alt, speed, course, vert_rate,   lat   ,    lon   , air_type, Ti
--------------------------------------------------------------------------------------------
152039,7302,         ,3145,   3145,   501,    357,   -1088,      0.000000,  0.000000, 9, 1


Hex , Squawk, Flight, alt , pres alt, speed, course, vert_rate,   lat   ,    lon   , air_type, Ti
--------------------------------------------------------------------------------------------
78193A,0,         ,1149,   1149,   325,    255,   2176,      0.000000,  0.000000, 9, 0


Hex , Squawk, Flight, alt , pres alt, speed, course, vert_rate,   lat   ,    lon   , air_type, Ti
--------------------------------------------------------------------------------------------
152039,7302,         ,3145,   3145,   501,    357,   -1088,      0.000000,  0.000000, 9, 0


Hex , Squawk, Flight, alt , pres alt, speed, course, vert_rate,   lat   ,    lon   , air_type, Ti
--------------------------------------------------------------------------------------------
78193A,0,         ,1149,   1149,   325,    255,   2176,      0.000000,  0.000000, 9, 0


Hex , Squawk, Flight, alt , pres alt, speed, course, vert_rate,   lat   ,    lon   , air_type, Ti
--------------------------------------------------------------------------------------------
152039,7302,         ,3137,   3137,   501,    357,   -1088,      0.000000,  0.000000, 9, 0


Hex , Squawk, Flight, alt , pres alt, speed, course, vert_rate,   lat   ,    lon   , air_type, Ti
--------------------------------------------------------------------------------------------
78193A,0,         ,1149,   1149,   325,    255,   2176,      0.000000,  0.000000, 9, 0


Hex , Squawk, Flight, alt , pres alt, speed, course, vert_rate,   lat   ,    lon   , air_type, Ti
--------------------------------------------------------------------------------------------
152039,7302,         ,3137,   3137,   501,    357,   -1088,      0.000000,  0.000000, 9, 0


Hex , Squawk, Flight, alt , pres alt, speed, course, vert_rate,   lat   ,    lon   , air_type, Ti
--------------------------------------------------------------------------------------------
78193A,0,         ,1149,   1149,   325,    255,   2176,      0.000000,  0.000000, 9, 1


Hex , Squawk, Flight, alt , pres alt, speed, course, vert_rate,   lat   ,    lon   , air_type, Ti
--------------------------------------------------------------------------------------------
152039,7302,         ,3137,   3137,   501,    357,   -1088,      0.000000,  0.000000, 9, 1


Hex , Squawk, Flight, alt , pres alt, speed, course, vert_rate,   lat   ,    lon   , air_type, Ti
--------------------------------------------------------------------------------------------
78193A,0,         ,1149,   1149,   325,    255,   2176,      0.000000,  0.000000, 9, 1


Hex , Squawk, Flight, alt , pres alt, speed, course, vert_rate,   lat   ,    lon   , air_type, Ti
--------------------------------------------------------------------------------------------
152039,7302,         ,3137,   3137,   501,    357,   -1088,      0.000000,  0.000000, 9, 0


Hex , Squawk, Flight, alt , pres alt, speed, course, vert_rate,   lat   ,    lon   , air_type, Ti
--------------------------------------------------------------------------------------------
78193A,0,         ,1149,   1149,   325,    255,   2176,      0.000000,  0.000000, 9, 1


Hex , Squawk, Flight, alt , pres alt, speed, course, vert_rate,   lat   ,    lon   , air_type, Ti
--------------------------------------------------------------------------------------------
152039,7302,         ,3137,   3137,   501,    357,   -1088,      0.000000,  0.000000, 9, 0


Hex , Squawk, Flight, alt , pres alt, speed, course, vert_rate,   lat   ,    lon   , air_type, Ti
--------------------------------------------------------------------------------------------
78193A,0,         ,1149,   1149,   325,    255,   2176,      0.000000,  0.000000, 9, 1


Hex , Squawk, Flight, alt , pres alt, speed, course, vert_rate,   lat   ,    lon   , air_type, Ti
--------------------------------------------------------------------------------------------
152039,7302,         ,3137,   3137,   501,    357,   -1088,      0.000000,  0.000000, 9, 0


Hex , Squawk, Flight, alt , pres alt, speed, course, vert_rate,   lat   ,    lon   , air_type, Ti
--------------------------------------------------------------------------------------------
78193A,0,         ,1149,   1149,   325,    255,   2176,      0.000000,  0.000000, 9, 2


Hex , Squawk, Flight, alt , pres alt, speed, course, vert_rate,   lat   ,    lon   , air_type, Ti
--------------------------------------------------------------------------------------------
152039,7302,         ,3137,   3137,   501,    357,   -1088,      0.000000,  0.000000, 9, 1


Hex , Squawk, Flight, alt , pres alt, speed, course, vert_rate,   lat   ,    lon   , air_type, Ti
--------------------------------------------------------------------------------------------
78193A,0,         ,1149,   1149,   325,    255,   2176,      0.000000,  0.000000, 9, 2


Hex , Squawk, Flight, alt , pres alt, speed, course, vert_rate,   lat   ,    lon   , air_type, Ti
--------------------------------------------------------------------------------------------
152039,7302,         ,3137,   3137,   501,    357,   -1088,      0.000000,  0.000000, 9, 1


Hex , Squawk, Flight, alt , pres alt, speed, course, vert_rate,   lat   ,    lon   , air_type, Ti
--------------------------------------------------------------------------------------------
78193A,0,         ,1149,   1149,   325,    255,   2176,      0.000000,  0.000000, 9, 0


Hex , Squawk, Flight, alt , pres alt, speed, course, vert_rate,   lat   ,    lon   , air_type, Ti
--------------------------------------------------------------------------------------------
152039,7302,         ,3137,   3137,   501,    357,   -1088,      0.000000,  0.000000, 9, 1


Hex , Squawk, Flight, alt , pres alt, speed, course, vert_rate,   lat   ,    lon   , air_type, Ti
--------------------------------------------------------------------------------------------
78193A,0,         ,1149,   1149,   325,    255,   2176,      0.000000,  0.000000, 9, 1


Hex , Squawk, Flight, alt , pres alt, speed, course, vert_rate,   lat   ,    lon   , air_type, Ti
--------------------------------------------------------------------------------------------
152039,7302,         ,3137,   3137,   501,    357,   -1088,      0.000000,  0.000000, 9, 2


Hex , Squawk, Flight, alt , pres alt, speed, course, vert_rate,   lat   ,    lon   , air_type, Ti
--------------------------------------------------------------------------------------------
78193A,0,         ,1180,   1180,   325,    255,   2176,      55.952999, 37.278999, 9, 0


Hex , Squawk, Flight, alt , pres alt, speed, course, vert_rate,   lat   ,    lon   , air_type, Ti
--------------------------------------------------------------------------------------------
152039,7302,         ,3137,   3137,   501,    357,   -1088,      0.000000,  0.000000, 9, 2


Hex , Squawk, Flight, alt , pres alt, speed, course, vert_rate,   lat   ,    lon   , air_type, Ti
--------------------------------------------------------------------------------------------
78193A,0,         ,1180,   1180,   325,    255,   2176,      55.952999, 37.278999, 9, 0


Hex , Squawk, Flight, alt , pres alt, speed, course, vert_rate,   lat   ,    lon   , air_type, Ti
--------------------------------------------------------------------------------------------
152039,7302,         ,3137,   3137,   501,    357,   -1088,      0.000000,  0.000000, 9, 2


Hex , Squawk, Flight, alt , pres alt, speed, course, vert_rate,   lat   ,    lon   , air_type, Ti
--------------------------------------------------------------------------------------------
78193A,0,         ,1180,   1180,   325,    255,   2176,      55.952999, 37.278999, 9, 0


Hex , Squawk, Flight, alt , pres alt, speed, course, vert_rate,   lat   ,    lon   , air_type, Ti
--------------------------------------------------------------------------------------------
152039,7302,         ,3137,   3137,   501,    357,   -1088,      0.000000,  0.000000, 9, 2


Hex , Squawk, Flight, alt , pres alt, speed, course, vert_rate,   lat   ,    lon   , air_type, Ti
--------------------------------------------------------------------------------------------
78193A,0,         ,1180,   1180,   325,    255,   2176,      55.952999, 37.278999, 9, 1


Hex , Squawk, Flight, alt , pres alt, speed, course, vert_rate,   lat   ,    lon   , air_type, Ti
--------------------------------------------------------------------------------------------
152039,7302,         ,3137,   3137,   501,    357,   -1088,      0.000000,  0.000000, 9, 3


Hex , Squawk, Flight, alt , pres alt, speed, course, vert_rate,   lat   ,    lon   , air_type, Ti
--------------------------------------------------------------------------------------------
78193A,0,         ,1188,   1188,   325,    255,   2176,      55.952999, 37.278999, 9, 0


Hex , Squawk, Flight, alt , pres alt, speed, course, vert_rate,   lat   ,    lon   , air_type, Ti
--------------------------------------------------------------------------------------------
152039,7302,         ,3137,   3137,   501,    357,   -1088,      0.000000,  0.000000, 9, 3


Hex , Squawk, Flight, alt , pres alt, speed, course, vert_rate,   lat   ,    lon   , air_type, Ti
--------------------------------------------------------------------------------------------
78193A,0,         ,1188,   1188,   325,    255,   2176,      55.952999, 37.278999, 9, 0


Hex , Squawk, Flight, alt , pres alt, speed, course, vert_rate,   lat   ,    lon   , air_type, Ti
--------------------------------------------------------------------------------------------
152039,7302,         ,3137,   3137,   501,    357,   -1088,      0.000000,  0.000000, 9, 3


Hex , Squawk, Flight, alt , pres alt, speed, course, vert_rate,   lat   ,    lon   , air_type, Ti
--------------------------------------------------------------------------------------------
78193A,0,         ,1188,   1188,   327,    255,   1408,      55.952999, 37.278999, 9, 0


Hex , Squawk, Flight, alt , pres alt, speed, course, vert_rate,   lat   ,    lon   , air_type, Ti
--------------------------------------------------------------------------------------------
152039,7302,         ,3137,   3137,   501,    357,   -1088,      0.000000,  0.000000, 9, 3


Hex , Squawk, Flight, alt , pres alt, speed, course, vert_rate,   lat   ,    lon   , air_type, Ti
--------------------------------------------------------------------------------------------
78193A,0,         ,1188,   1188,   327,    255,   1408,      55.952999, 37.278999, 9, 1


Hex , Squawk, Flight, alt , pres alt, speed, course, vert_rate,   lat   ,    lon   , air_type, Ti
--------------------------------------------------------------------------------------------
152039,7302,         ,3137,   3137,   501,    357,   -1088,      0.000000,  0.000000, 9, 4


Hex , Squawk, Flight, alt , pres alt, speed, course, vert_rate,   lat   ,    lon   , air_type, Ti
--------------------------------------------------------------------------------------------
78193A,0,         ,1188,   1188,   327,    255,   1408,      55.952999, 37.278999, 9, 1


Hex , Squawk, Flight, alt , pres alt, speed, course, vert_rate,   lat   ,    lon   , air_type, Ti
--------------------------------------------------------------------------------------------
152039,7302,         ,3137,   3137,   501,    357,   -1088,      0.000000,  0.000000, 9, 4


Hex , Squawk, Flight, alt , pres alt, speed, course, vert_rate,   lat   ,    lon   , air_type, Ti
--------------------------------------------------------------------------------------------
78193A,0,         ,1195,   1195,   329,    255,   1280,      55.952999, 37.278999, 9, 0


Hex , Squawk, Flight, alt , pres alt, speed, course, vert_rate,   lat   ,    lon   , air_type, Ti
--------------------------------------------------------------------------------------------
152039,7302,         ,3114,   3114,   501,    357,   -1088,      0.000000,  0.000000, 9, 0


Hex , Squawk, Flight, alt , pres alt, speed, course, vert_rate,   lat   ,    lon   , air_type, Ti
--------------------------------------------------------------------------------------------
78193A,0,         ,1195,   1195,   329,    255,   1280,      55.952999, 37.278999, 9, 0


Hex , Squawk, Flight, alt , pres alt, speed, course, vert_rate,   lat   ,    lon   , air_type, Ti
--------------------------------------------------------------------------------------------
152039,7302,         ,3114,   3114,   501,    357,   -1088,      0.000000,  0.000000, 9, 0


Hex , Squawk, Flight, alt , pres alt, speed, course, vert_rate,   lat   ,    lon   , air_type, Ti
--------------------------------------------------------------------------------------------
78193A,0,         ,1203,   1203,   329,    255,   1280,      55.952999, 37.278999, 9, 0


Hex , Squawk, Flight, alt , pres alt, speed, course, vert_rate,   lat   ,    lon   , air_type, Ti
--------------------------------------------------------------------------------------------
152039,7302,         ,3114,   3114,   501,    357,   -1088,      0.000000,  0.000000, 9, 1


Hex , Squawk, Flight, alt , pres alt, speed, course, vert_rate,   lat   ,    lon   , air_type, Ti
--------------------------------------------------------------------------------------------
78193A,0,         ,1203,   1203,   329,    255,   1280,      55.952000, 37.273998, 9, 0


Hex , Squawk, Flight, alt , pres alt, speed, course, vert_rate,   lat   ,    lon   , air_type, Ti
--------------------------------------------------------------------------------------------
152039,7302,         ,3114,   3114,   501,    357,   -1088,      0.000000,  0.000000, 9, 1


Hex , Squawk, Flight, alt , pres alt, speed, course, vert_rate,   lat   ,    lon   , air_type, Ti
--------------------------------------------------------------------------------------------
78193A,0,         ,1203,   1203,   331,    255,   1152,      55.952000, 37.273998, 9, 0


Hex , Squawk, Flight, alt , pres alt, speed, course, vert_rate,   lat   ,    lon   , air_type, Ti
--------------------------------------------------------------------------------------------
152039,7302,         ,3114,   3114,   501,    357,   -1088,      0.000000,  0.000000, 9, 1


Hex , Squawk, Flight, alt , pres alt, speed, course, vert_rate,   lat   ,    lon   , air_type, Ti
--------------------------------------------------------------------------------------------
78193A,0,         ,1203,   1203,   331,    255,   1152,      55.952000, 37.273998, 9, 0


Hex , Squawk, Flight, alt , pres alt, speed, course, vert_rate,   lat   ,    lon   , air_type, Ti
--------------------------------------------------------------------------------------------
152039,7302,         ,3114,   3114,   501,    357,   -1088,      0.000000,  0.000000, 9, 0


Hex , Squawk, Flight, alt , pres alt, speed, course, vert_rate,   lat   ,    lon   , air_type, Ti
--------------------------------------------------------------------------------------------
78193A,1575,         ,1210,   1210,   331,    255,   1152,      55.952000, 37.272999, 9, 0


Hex , Squawk, Flight, alt , pres alt, speed, course, vert_rate,   lat   ,    lon   , air_type, Ti
--------------------------------------------------------------------------------------------
152039,7302,         ,3114,   3114,   501,    357,   -1088,      0.000000,  0.000000, 9, 1


Hex , Squawk, Flight, alt , pres alt, speed, course, vert_rate,   lat   ,    lon   , air_type, Ti
--------------------------------------------------------------------------------------------
78193A,1575,         ,1210,   1210,   331,    255,   1152,      55.952000, 37.272999, 9, 0


Hex , Squawk, Flight, alt , pres alt, speed, course, vert_rate,   lat   ,    lon   , air_type, Ti
--------------------------------------------------------------------------------------------
152039,7302,         ,3114,   3114,   501,    357,   -1088,      0.000000,  0.000000, 9, 0


Hex , Squawk, Flight, alt , pres alt, speed, course, vert_rate,   lat   ,    lon   , air_type, Ti
--------------------------------------------------------------------------------------------
78193A,1575,         ,1210,   1210,   331,    255,   1152,      55.952000, 37.272999, 9, 0


Hex , Squawk, Flight, alt , pres alt, speed, course, vert_rate,   lat   ,    lon   , air_type, Ti
--------------------------------------------------------------------------------------------
152039,7302,         ,3114,   3114,   501,    357,   -1088,      0.000000,  0.000000, 9, 0


Hex , Squawk, Flight, alt , pres alt, speed, course, vert_rate,   lat   ,    lon   , air_type, Ti
--------------------------------------------------------------------------------------------
78193A,1575,         ,1210,   1210,   331,    255,   1152,      55.952000, 37.272999, 9, 0


Hex , Squawk, Flight, alt , pres alt, speed, course, vert_rate,   lat   ,    lon   , air_type, Ti
--------------------------------------------------------------------------------------------
152039,7302,         ,3107,   3107,   501,    357,   -1088,      0.000000,  0.000000, 9, 0


Hex , Squawk, Flight, alt , pres alt, speed, course, vert_rate,   lat   ,    lon   , air_type, Ti
--------------------------------------------------------------------------------------------
78193A,1575,         ,1210,   1210,   331,    255,   1152,      55.952000, 37.272999, 9, 1


Hex , Squawk, Flight, alt , pres alt, speed, course, vert_rate,   lat   ,    lon   , air_type, Ti
--------------------------------------------------------------------------------------------
152039,7302,         ,3107,   3107,   501,    357,   -1088,      0.000000,  0.000000, 9, 0


Hex , Squawk, Flight, alt , pres alt, speed, course, vert_rate,   lat   ,    lon   , air_type, Ti
--------------------------------------------------------------------------------------------
78193A,1575,         ,1218,   1218,   331,    255,   1152,      55.952000, 37.271000, 9, 0


Hex , Squawk, Flight, alt , pres alt, speed, course, vert_rate,   lat   ,    lon   , air_type, Ti
--------------------------------------------------------------------------------------------
152039,7302,         ,3099,   3099,   501,    357,   -1088,      0.000000,  0.000000, 9, 0


Hex , Squawk, Flight, alt , pres alt, speed, course, vert_rate,   lat   ,    lon   , air_type, Ti
--------------------------------------------------------------------------------------------
78193A,1575,         ,1218,   1218,   337,    255,   896,      55.952000, 37.271000, 9, 0


Hex , Squawk, Flight, alt , pres alt, speed, course, vert_rate,   lat   ,    lon   , air_type, Ti
--------------------------------------------------------------------------------------------
152039,7302,         ,3099,   3099,   501,    357,   -1088,      0.000000,  0.000000, 9, 0


Hex , Squawk, Flight, alt , pres alt, speed, course, vert_rate,   lat   ,    lon   , air_type, Ti
--------------------------------------------------------------------------------------------
78193A,1575,         ,1218,   1218,   337,    255,   896,      55.952000, 37.271000, 9, 1


Hex , Squawk, Flight, alt , pres alt, speed, course, vert_rate,   lat   ,    lon   , air_type, Ti
--------------------------------------------------------------------------------------------
152039,7302,         ,3099,   3099,   501,    357,   -1088,      0.000000,  0.000000, 9, 0


Hex , Squawk, Flight, alt , pres alt, speed, course, vert_rate,   lat   ,    lon   , air_type, Ti
--------------------------------------------------------------------------------------------
78193A,1575,         ,1218,   1218,   337,    255,   896,      55.952000, 37.271000, 9, 0


Hex , Squawk, Flight, alt , pres alt, speed, course, vert_rate,   lat   ,    lon   , air_type, Ti
--------------------------------------------------------------------------------------------
152039,7302,         ,3099,   3099,   501,    357,   -1088,      0.000000,  0.000000, 9, 0


Hex , Squawk, Flight, alt , pres alt, speed, course, vert_rate,   lat   ,    lon   , air_type, Ti
--------------------------------------------------------------------------------------------
78193A,1575,         ,1218,   1218,   337,    255,   896,      55.952000, 37.270000, 9, 0


Hex , Squawk, Flight, alt , pres alt, speed, course, vert_rate,   lat   ,    lon   , air_type, Ti
--------------------------------------------------------------------------------------------
152039,7302,         ,3099,   3099,   501,    357,   -1088,      0.000000,  0.000000, 9, 0


Hex , Squawk, Flight, alt , pres alt, speed, course, vert_rate,   lat   ,    lon   , air_type, Ti
--------------------------------------------------------------------------------------------
78193A,1575,         ,1218,   1218,   337,    255,   896,      55.952000, 37.270000, 9, 0


Hex , Squawk, Flight, alt , pres alt, speed, course, vert_rate,   lat   ,    lon   , air_type, Ti
--------------------------------------------------------------------------------------------
152039,7302,         ,3099,   3099,   501,    357,   -1088,      0.000000,  0.000000, 9, 0


Hex , Squawk, Flight, alt , pres alt, speed, course, vert_rate,   lat   ,    lon   , air_type, Ti
--------------------------------------------------------------------------------------------
78193A,1575,         ,1218,   1218,   337,    255,   896,      55.952000, 37.270000, 9, 1


Hex , Squawk, Flight, alt , pres alt, speed, course, vert_rate,   lat   ,    lon   , air_type, Ti
--------------------------------------------------------------------------------------------
152039,7302,         ,3099,   3099,   501,    357,   -1088,      0.000000,  0.000000, 9, 1


Hex , Squawk, Flight, alt , pres alt, speed, course, vert_rate,   lat   ,    lon   , air_type, Ti
--------------------------------------------------------------------------------------------
78193A,1575,         ,1218,   1218,   337,    255,   896,      55.952000, 37.270000, 9, 1


Hex , Squawk, Flight, alt , pres alt, speed, course, vert_rate,   lat   ,    lon   , air_type, Ti
--------------------------------------------------------------------------------------------
152039,7302,         ,3091,   3091,   501,    357,   -1088,      0.000000,  0.000000, 9, 0


Hex , Squawk, Flight, alt , pres alt, speed, course, vert_rate,   lat   ,    lon   , air_type, Ti
--------------------------------------------------------------------------------------------
78193A,1575,         ,1218,   1218,   337,    255,   896,      55.952000, 37.270000, 9, 1


Hex , Squawk, Flight, alt , pres alt, speed, course, vert_rate,   lat   ,    lon   , air_type, Ti
--------------------------------------------------------------------------------------------
152039,7302,         ,3091,   3091,   501,    357,   -1088,      0.000000,  0.000000, 9, 0


Hex , Squawk, Flight, alt , pres alt, speed, course, vert_rate,   lat   ,    lon   , air_type, Ti
--------------------------------------------------------------------------------------------
78193A,1575,         ,1218,   1218,   337,    255,   896,      55.952000, 37.270000, 9, 1


Hex , Squawk, Flight, alt , pres alt, speed, course, vert_rate,   lat   ,    lon   , air_type, Ti
--------------------------------------------------------------------------------------------
152039,7302,         ,3091,   3091,   501,    357,   -1088,      0.000000,  0.000000, 9, 0


Hex , Squawk, Flight, alt , pres alt, speed, course, vert_rate,   lat   ,    lon   , air_type, Ti
--------------------------------------------------------------------------------------------
78193A,1575,         ,1218,   1218,   337,    255,   896,      55.952000, 37.270000, 9, 2


Hex , Squawk, Flight, alt , pres alt, speed, course, vert_rate,   lat   ,    lon   , air_type, Ti
--------------------------------------------------------------------------------------------
152039,7302,         ,3091,   3091,   501,    357,   -1088,      0.000000,  0.000000, 9, 1


Hex , Squawk, Flight, alt , pres alt, speed, course, vert_rate,   lat   ,    lon   , air_type, Ti
--------------------------------------------------------------------------------------------
78193A,1575,         ,1218,   1218,   337,    255,   896,      55.952000, 37.270000, 9, 2


Hex , Squawk, Flight, alt , pres alt, speed, course, vert_rate,   lat   ,    lon   , air_type, Ti
--------------------------------------------------------------------------------------------
152039,7302,         ,3091,   3091,   501,    357,   -1088,      0.000000,  0.000000, 9, 0


Hex , Squawk, Flight, alt , pres alt, speed, course, vert_rate,   lat   ,    lon   , air_type, Ti
--------------------------------------------------------------------------------------------
78193A,1575,         ,1218,   1218,   337,    255,   896,      55.952000, 37.270000, 9, 2


Hex , Squawk, Flight, alt , pres alt, speed, course, vert_rate,   lat   ,    lon   , air_type, Ti
--------------------------------------------------------------------------------------------
152039,7302,         ,3084,   3084,   501,    357,   -1088,      0.000000,  0.000000, 9, 0


Hex , Squawk, Flight, alt , pres alt, speed, course, vert_rate,   lat   ,    lon   , air_type, Ti
--------------------------------------------------------------------------------------------
78193A,1575,         ,1218,   1218,   337,    255,   896,      55.952000, 37.270000, 9, 2


Hex , Squawk, Flight, alt , pres alt, speed, course, vert_rate,   lat   ,    lon   , air_type, Ti
--------------------------------------------------------------------------------------------
152039,7302,         ,3084,   3084,   501,    357,   -1088,      0.000000,  0.000000, 9, 0


Hex , Squawk, Flight, alt , pres alt, speed, course, vert_rate,   lat   ,    lon   , air_type, Ti
--------------------------------------------------------------------------------------------
78193A,1575,         ,1218,   1218,   337,    255,   896,      55.952000, 37.270000, 9, 0


Hex , Squawk, Flight, alt , pres alt, speed, course, vert_rate,   lat   ,    lon   , air_type, Ti
--------------------------------------------------------------------------------------------
152039,7302,         ,3084,   3084,   501,    357,   -1088,      0.000000,  0.000000, 9, 1


Hex , Squawk, Flight, alt , pres alt, speed, course, vert_rate,   lat   ,    lon   , air_type, Ti
--------------------------------------------------------------------------------------------
78193A,1575,         ,1218,   1218,   337,    255,   896,      55.952000, 37.270000, 9, 0


Hex , Squawk, Flight, alt , pres alt, speed, course, vert_rate,   lat   ,    lon   , air_type, Ti
--------------------------------------------------------------------------------------------
152039,7302,         ,3084,   3084,   501,    357,   -1088,      0.000000,  0.000000, 9, 1


Hex , Squawk, Flight, alt , pres alt, speed, course, vert_rate,   lat   ,    lon   , air_type, Ti
--------------------------------------------------------------------------------------------
78193A,1575,         ,1218,   1218,   348,    254,   704,      55.952000, 37.270000, 9, 0


Hex , Squawk, Flight, alt , pres alt, speed, course, vert_rate,   lat   ,    lon   , air_type, Ti
--------------------------------------------------------------------------------------------
152039,7302,         ,3084,   3084,   501,    357,   -1088,      0.000000,  0.000000, 9, 1


Hex , Squawk, Flight, alt , pres alt, speed, course, vert_rate,   lat   ,    lon   , air_type, Ti
--------------------------------------------------------------------------------------------
78193A,1575, CSN656  ,1218,   1218,   348,    254,   704,      55.952000, 37.270000, 9, 0


Hex , Squawk, Flight, alt , pres alt, speed, course, vert_rate,   lat   ,    lon   , air_type, Ti
--------------------------------------------------------------------------------------------
152039,7302,         ,3076,   3076,   501,    357,   -1088,      0.000000,  0.000000, 9, 0


Hex , Squawk, Flight, alt , pres alt, speed, course, vert_rate,   lat   ,    lon   , air_type, Ti
--------------------------------------------------------------------------------------------
78193A,1575, CSN656  ,1218,   1218,   348,    254,   704,      55.952000, 37.270000, 9, 0


Hex , Squawk, Flight, alt , pres alt, speed, course, vert_rate,   lat   ,    lon   , air_type, Ti
--------------------------------------------------------------------------------------------
152039,7302,         ,3076,   3076,   501,    357,   -1088,      0.000000,  0.000000, 9, 0


Hex , Squawk, Flight, alt , pres alt, speed, course, vert_rate,   lat   ,    lon   , air_type, Ti
--------------------------------------------------------------------------------------------
78193A,1575, CSN656  ,1218,   1218,   348,    254,   704,      55.952000, 37.270000, 9, 0


Hex , Squawk, Flight, alt , pres alt, speed, course, vert_rate,   lat   ,    lon   , air_type, Ti
--------------------------------------------------------------------------------------------
152039,7302,         ,3076,   3076,   501,    357,   -1088,      0.000000,  0.000000, 9, 0


Hex , Squawk, Flight, alt , pres alt, speed, course, vert_rate,   lat   ,    lon   , air_type, Ti
--------------------------------------------------------------------------------------------
78193A,1575, CSN656  ,1233,   1233,   351,    255,   640,      55.951000, 37.264000, 9, 0


Hex , Squawk, Flight, alt , pres alt, speed, course, vert_rate,   lat   ,    lon   , air_type, Ti
--------------------------------------------------------------------------------------------
152039,7302,         ,3076,   3076,   501,    357,   -1088,      0.000000,  0.000000, 9, 0


Hex , Squawk, Flight, alt , pres alt, speed, course, vert_rate,   lat   ,    lon   , air_type, Ti
--------------------------------------------------------------------------------------------
78193A,1575, CSN656  ,1233,   1233,   351,    255,   640,      55.951000, 37.264000, 9, 0


Hex , Squawk, Flight, alt , pres alt, speed, course, vert_rate,   lat   ,    lon   , air_type, Ti
--------------------------------------------------------------------------------------------
152039,7302,         ,3069,   3069,   501,    357,   -1088,      0.000000,  0.000000, 9, 1


Hex , Squawk, Flight, alt , pres alt, speed, course, vert_rate,   lat   ,    lon   , air_type, Ti
--------------------------------------------------------------------------------------------
78193A,1575, CSN656  ,1233,   1233,   351,    255,   640,      55.951000, 37.264000, 9, 0


Hex , Squawk, Flight, alt , pres alt, speed, course, vert_rate,   lat   ,    lon   , air_type, Ti
--------------------------------------------------------------------------------------------
152039,7302,         ,3069,   3069,   500,    356,   -1024,      0.000000,  0.000000, 9, 0


Hex , Squawk, Flight, alt , pres alt, speed, course, vert_rate,   lat   ,    lon   , air_type, Ti
--------------------------------------------------------------------------------------------
78193A,1575, CSN656  ,1241,   1241,   351,    255,   640,      55.951000, 37.264000, 9, 0


Hex , Squawk, Flight, alt , pres alt, speed, course, vert_rate,   lat   ,    lon   , air_type, Ti
--------------------------------------------------------------------------------------------
152039,7302,         ,3069,   3069,   500,    356,   -1024,      0.000000,  0.000000, 9, 0


Hex , Squawk, Flight, alt , pres alt, speed, course, vert_rate,   lat   ,    lon   , air_type, Ti
--------------------------------------------------------------------------------------------
78193A,1575, CSN656  ,1241,   1241,   351,    255,   640,      55.951000, 37.264000, 9, 0


Hex , Squawk, Flight, alt , pres alt, speed, course, vert_rate,   lat   ,    lon   , air_type, Ti
--------------------------------------------------------------------------------------------
152039,7302,         ,3069,   3069,   500,    356,   -1024,      0.000000,  0.000000, 9, 0


Hex , Squawk, Flight, alt , pres alt, speed, course, vert_rate,   lat   ,    lon   , air_type, Ti
--------------------------------------------------------------------------------------------
78193A,1575, CSN656  ,1241,   1241,   351,    255,   640,      55.951000, 37.264000, 9, 0


Hex , Squawk, Flight, alt , pres alt, speed, course, vert_rate,   lat   ,    lon   , air_type, Ti
--------------------------------------------------------------------------------------------
152039,7302,         ,3069,   3069,   500,    356,   -1024,      0.000000,  0.000000, 9, 1


Hex , Squawk, Flight, alt , pres alt, speed, course, vert_rate,   lat   ,    lon   , air_type, Ti
--------------------------------------------------------------------------------------------
78193A,1575, CSN656  ,1241,   1241,   351,    255,   640,      55.951000, 37.264000, 9, 0


Hex , Squawk, Flight, alt , pres alt, speed, course, vert_rate,   lat   ,    lon   , air_type, Ti
--------------------------------------------------------------------------------------------
152039,7302,         ,3069,   3069,   500,    356,   -1024,      0.000000,  0.000000, 9, 0


Hex , Squawk, Flight, alt , pres alt, speed, course, vert_rate,   lat   ,    lon   , air_type, Ti
--------------------------------------------------------------------------------------------
78193A,1575, CSN656  ,1241,   1241,   357,    255,   640,      55.951000, 37.264000, 9, 0


Hex , Squawk, Flight, alt , pres alt, speed, course, vert_rate,   lat   ,    lon   , air_type, Ti
--------------------------------------------------------------------------------------------
152039,7302,         ,3069,   3069,   500,    356,   -1024,      0.000000,  0.000000, 9, 0


Hex , Squawk, Flight, alt , pres alt, speed, course, vert_rate,   lat   ,    lon   , air_type, Ti
--------------------------------------------------------------------------------------------
78193A,1575, CSN656  ,1241,   1241,   357,    255,   640,      55.951000, 37.264000, 9, 0


Hex , Squawk, Flight, alt , pres alt, speed, course, vert_rate,   lat   ,    lon   , air_type, Ti
--------------------------------------------------------------------------------------------
152039,7302,         ,3069,   3069,   500,    356,   -1024,      0.000000,  0.000000, 9, 0


Hex , Squawk, Flight, alt , pres alt, speed, course, vert_rate,   lat   ,    lon   , air_type, Ti
--------------------------------------------------------------------------------------------
78193A,1575, CSN656  ,1241,   1241,   357,    255,   640,      55.951000, 37.264000, 9, 0


Hex , Squawk, Flight, alt , pres alt, speed, course, vert_rate,   lat   ,    lon   , air_type, Ti
--------------------------------------------------------------------------------------------
152039,7302,         ,3061,   3061,   500,    356,   -1024,      0.000000,  0.000000, 9, 0


Hex , Squawk, Flight, alt , pres alt, speed, course, vert_rate,   lat   ,    lon   , air_type, Ti
--------------------------------------------------------------------------------------------
78193A,1575, CSN656  ,1241,   1241,   357,    255,   640,      55.951000, 37.264000, 9, 0


Hex , Squawk, Flight, alt , pres alt, speed, course, vert_rate,   lat   ,    lon   , air_type, Ti
--------------------------------------------------------------------------------------------
152039,7302,         ,3061,   3061,   500,    356,   -1024,      0.000000,  0.000000, 9, 0


Hex , Squawk, Flight, alt , pres alt, speed, course, vert_rate,   lat   ,    lon   , air_type, Ti
--------------------------------------------------------------------------------------------
78193A,1575, CSN656  ,1248,   1248,   357,    255,   640,      55.950001, 37.258999, 9, 0


Hex , Squawk, Flight, alt , pres alt, speed, course, vert_rate,   lat   ,    lon   , air_type, Ti
--------------------------------------------------------------------------------------------
152039,7302,         ,3061,   3061,   500,    356,   -1024,      0.000000,  0.000000, 9, 0


Hex , Squawk, Flight, alt , pres alt, speed, course, vert_rate,   lat   ,    lon   , air_type, Ti
--------------------------------------------------------------------------------------------
78193A,1575, CSN656  ,1248,   1248,   357,    255,   640,      55.950001, 37.258999, 9, 0


Hex , Squawk, Flight, alt , pres alt, speed, course, vert_rate,   lat   ,    lon   , air_type, Ti
--------------------------------------------------------------------------------------------
152039,7302,         ,3061,   3061,   500,    356,   -1024,      0.000000,  0.000000, 9, 0


Hex , Squawk, Flight, alt , pres alt, speed, course, vert_rate,   lat   ,    lon   , air_type, Ti
--------------------------------------------------------------------------------------------
78193A,1575, CSN656  ,1248,   1248,   357,    255,   640,      55.950001, 37.258999, 9, 0


Hex , Squawk, Flight, alt , pres alt, speed, course, vert_rate,   lat   ,    lon   , air_type, Ti
--------------------------------------------------------------------------------------------
152039,7302,         ,3061,   3061,   500,    356,   -1024,      0.000000,  0.000000, 9, 1


Hex , Squawk, Flight, alt , pres alt, speed, course, vert_rate,   lat   ,    lon   , air_type, Ti
--------------------------------------------------------------------------------------------
78193A,1575, CSN656  ,1248,   1248,   357,    255,   640,      55.950001, 37.258999, 9, 0


Hex , Squawk, Flight, alt , pres alt, speed, course, vert_rate,   lat   ,    lon   , air_type, Ti
--------------------------------------------------------------------------------------------
152039,7302,         ,3061,   3061,   500,    356,   -1024,      0.000000,  0.000000, 9, 1


Hex , Squawk, Flight, alt , pres alt, speed, course, vert_rate,   lat   ,    lon   , air_type, Ti
--------------------------------------------------------------------------------------------
78193A,1575, CSN656  ,1248,   1248,   362,    255,   704,      55.950001, 37.258999, 9, 0


Hex , Squawk, Flight, alt , pres alt, speed, course, vert_rate,   lat   ,    lon   , air_type, Ti
--------------------------------------------------------------------------------------------
152039,7302,         ,3061,   3061,   500,    356,   -1024,      0.000000,  0.000000, 9, 1


Hex , Squawk, Flight, alt , pres alt, speed, course, vert_rate,   lat   ,    lon   , air_type, Ti
--------------------------------------------------------------------------------------------
78193A,1575, CSN656  ,1248,   1248,   362,    255,   704,      55.950001, 37.258999, 9, 0


Hex , Squawk, Flight, alt , pres alt, speed, course, vert_rate,   lat   ,    lon   , air_type, Ti
--------------------------------------------------------------------------------------------
152039,7302,         ,3061,   3061,   500,    356,   -1024,      0.000000,  0.000000, 9, 1


Hex , Squawk, Flight, alt , pres alt, speed, course, vert_rate,   lat   ,    lon   , air_type, Ti
--------------------------------------------------------------------------------------------
78193A,1575, CSN656  ,1248,   1248,   362,    255,   704,      55.950001, 37.258999, 9, 0


Hex , Squawk, Flight, alt , pres alt, speed, course, vert_rate,   lat   ,    lon   , air_type, Ti
--------------------------------------------------------------------------------------------
152039,7302,         ,3061,   3061,   500,    356,   -1024,      0.000000,  0.000000, 9, 2


Hex , Squawk, Flight, alt , pres alt, speed, course, vert_rate,   lat   ,    lon   , air_type, Ti
--------------------------------------------------------------------------------------------
78193A,1575, CSN656  ,1248,   1248,   362,    255,   704,      55.950001, 37.258999, 9, 0


Hex , Squawk, Flight, alt , pres alt, speed, course, vert_rate,   lat   ,    lon   , air_type, Ti
--------------------------------------------------------------------------------------------
152039,7302,         ,3061,   3061,   500,    356,   -1024,      0.000000,  0.000000, 9, 2


Hex , Squawk, Flight, alt , pres alt, speed, course, vert_rate,   lat   ,    lon   , air_type, Ti
--------------------------------------------------------------------------------------------
78193A,1575, CSN656  ,1256,   1256,   364,    255,   832,      55.949001, 37.256001, 9, 0


Hex , Squawk, Flight, alt , pres alt, speed, course, vert_rate,   lat   ,    lon   , air_type, Ti
--------------------------------------------------------------------------------------------
152039,7302,         ,3061,   3061,   500,    356,   -1024,      0.000000,  0.000000, 9, 2


Hex , Squawk, Flight, alt , pres alt, speed, course, vert_rate,   lat   ,    lon   , air_type, Ti
--------------------------------------------------------------------------------------------
78193A,1575, CSN656  ,1256,   1256,   364,    255,   832,      55.949001, 37.256001, 9, 0


Hex , Squawk, Flight, alt , pres alt, speed, course, vert_rate,   lat   ,    lon   , air_type, Ti
--------------------------------------------------------------------------------------------
152039,7302,         ,3061,   3061,   500,    356,   -1024,      0.000000,  0.000000, 9, 2


Hex , Squawk, Flight, alt , pres alt, speed, course, vert_rate,   lat   ,    lon   , air_type, Ti
--------------------------------------------------------------------------------------------
78193A,1575, CSN656  ,1256,   1256,   364,    255,   832,      55.949001, 37.256001, 9, 0


Hex , Squawk, Flight, alt , pres alt, speed, course, vert_rate,   lat   ,    lon   , air_type, Ti
--------------------------------------------------------------------------------------------
152039,7302,         ,3061,   3061,   500,    356,   -1024,      0.000000,  0.000000, 9, 3


Hex , Squawk, Flight, alt , pres alt, speed, course, vert_rate,   lat   ,    lon   , air_type, Ti
--------------------------------------------------------------------------------------------
78193A,1575, CSN656  ,1256,   1256,   364,    255,   832,      55.949001, 37.256001, 9, 0


Hex , Squawk, Flight, alt , pres alt, speed, course, vert_rate,   lat   ,    lon   , air_type, Ti
--------------------------------------------------------------------------------------------
152039,7302,         ,3061,   3061,   500,    356,   -1024,      0.000000,  0.000000, 9, 3


Hex , Squawk, Flight, alt , pres alt, speed, course, vert_rate,   lat   ,    lon   , air_type, Ti
--------------------------------------------------------------------------------------------
78193A,1575, CSN656  ,1256,   1256,   366,    254,   960,      55.949001, 37.254002, 9, 0


Hex , Squawk, Flight, alt , pres alt, speed, course, vert_rate,   lat   ,    lon   , air_type, Ti
--------------------------------------------------------------------------------------------
152039,7302,         ,3061,   3061,   500,    356,   -1024,      0.000000,  0.000000, 9, 3


Hex , Squawk, Flight, alt , pres alt, speed, course, vert_rate,   lat   ,    lon   , air_type, Ti
--------------------------------------------------------------------------------------------
78193A,1575, CSN656  ,1256,   1256,   366,    254,   960,      55.949001, 37.254002, 9, 1


Hex , Squawk, Flight, alt , pres alt, speed, course, vert_rate,   lat   ,    lon   , air_type, Ti
--------------------------------------------------------------------------------------------
152039,7302,         ,3061,   3061,   500,    356,   -1024,      0.000000,  0.000000, 9, 4


Hex , Squawk, Flight, alt , pres alt, speed, course, vert_rate,   lat   ,    lon   , air_type, Ti
--------------------------------------------------------------------------------------------
78193A,1575, CSN656  ,1256,   1256,   366,    254,   960,      55.949001, 37.254002, 9, 0


Hex , Squawk, Flight, alt , pres alt, speed, course, vert_rate,   lat   ,    lon   , air_type, Ti
--------------------------------------------------------------------------------------------
152039,7302,         ,3061,   3061,   500,    356,   -1024,      0.000000,  0.000000, 9, 4


Hex , Squawk, Flight, alt , pres alt, speed, course, vert_rate,   lat   ,    lon   , air_type, Ti
--------------------------------------------------------------------------------------------
78193A,1575, CSN656  ,1256,   1256,   366,    254,   960,      55.949001, 37.254002, 9, 0


Hex , Squawk, Flight, alt , pres alt, speed, course, vert_rate,   lat   ,    lon   , air_type, Ti
--------------------------------------------------------------------------------------------
152039,7302,         ,3061,   3061,   500,    356,   -1024,      0.000000,  0.000000, 9, 4


Hex , Squawk, Flight, alt , pres alt, speed, course, vert_rate,   lat   ,    lon   , air_type, Ti
--------------------------------------------------------------------------------------------
78193A,1575, CSN656  ,1256,   1256,   368,    255,   1152,      55.949001, 37.254002, 9, 0


Hex , Squawk, Flight, alt , pres alt, speed, course, vert_rate,   lat   ,    lon   , air_type, Ti
--------------------------------------------------------------------------------------------
152039,7302,         ,3061,   3061,   500,    356,   -1024,      0.000000,  0.000000, 9, 4


Hex , Squawk, Flight, alt , pres alt, speed, course, vert_rate,   lat   ,    lon   , air_type, Ti
--------------------------------------------------------------------------------------------
78193A,1575, CSN656  ,1256,   1256,   368,    255,   1152,      55.949001, 37.254002, 9, 0


Hex , Squawk, Flight, alt , pres alt, speed, course, vert_rate,   lat   ,    lon   , air_type, Ti
--------------------------------------------------------------------------------------------
152039,7302,         ,3061,   3061,   500,    356,   -1024,      0.000000,  0.000000, 9, 5


Hex , Squawk, Flight, alt , pres alt, speed, course, vert_rate,   lat   ,    lon   , air_type, Ti
--------------------------------------------------------------------------------------------
78193A,1575, CSN656  ,1256,   1256,   368,    255,   1152,      55.949001, 37.254002, 9, 0


Hex , Squawk, Flight, alt , pres alt, speed, course, vert_rate,   lat   ,    lon   , air_type, Ti
--------------------------------------------------------------------------------------------
152039,7302,         ,3061,   3061,   500,    356,   -1024,      0.000000,  0.000000, 9, 5


Hex , Squawk, Flight, alt , pres alt, speed, course, vert_rate,   lat   ,    lon   , air_type, Ti
--------------------------------------------------------------------------------------------
78193A,1575, CSN656  ,1256,   1256,   368,    255,   1152,      55.949001, 37.254002, 9, 0


Hex , Squawk, Flight, alt , pres alt, speed, course, vert_rate,   lat   ,    lon   , air_type, Ti
--------------------------------------------------------------------------------------------
152039,7302,         ,3061,   3061,   500,    356,   -1024,      0.000000,  0.000000, 9, 5


Hex , Squawk, Flight, alt , pres alt, speed, course, vert_rate,   lat   ,    lon   , air_type, Ti
--------------------------------------------------------------------------------------------
78193A,1575, CSN656  ,1271,   1271,   368,    255,   1152,      55.949001, 37.250999, 9, 0


Hex , Squawk, Flight, alt , pres alt, speed, course, vert_rate,   lat   ,    lon   , air_type, Ti
--------------------------------------------------------------------------------------------
152039,7302,         ,3061,   3061,   500,    356,   -1024,      0.000000,  0.000000, 9, 5


Hex , Squawk, Flight, alt , pres alt, speed, course, vert_rate,   lat   ,    lon   , air_type, Ti
--------------------------------------------------------------------------------------------
78193A,1575, CSN656  ,1271,   1271,   368,    255,   1152,      55.949001, 37.250999, 9, 1


Hex , Squawk, Flight, alt , pres alt, speed, course, vert_rate,   lat   ,    lon   , air_type, Ti
--------------------------------------------------------------------------------------------
152039,7302,         ,3061,   3061,   500,    356,   -1024,      0.000000,  0.000000, 9, 6


Hex , Squawk, Flight, alt , pres alt, speed, course, vert_rate,   lat   ,    lon   , air_type, Ti
--------------------------------------------------------------------------------------------
78193A,1575, CSN656  ,1271,   1271,   368,    255,   1152,      55.949001, 37.250999, 9, 0


Hex , Squawk, Flight, alt , pres alt, speed, course, vert_rate,   lat   ,    lon   , air_type, Ti
--------------------------------------------------------------------------------------------
152039,7302,         ,3061,   3061,   500,    356,   -1024,      0.000000,  0.000000, 9, 6


Hex , Squawk, Flight, alt , pres alt, speed, course, vert_rate,   lat   ,    lon   , air_type, Ti
--------------------------------------------------------------------------------------------
78193A,1575, CSN656  ,1271,   1271,   368,    255,   1152,      55.949001, 37.250999, 9, 0


Hex , Squawk, Flight, alt , pres alt, speed, course, vert_rate,   lat   ,    lon   , air_type, Ti
--------------------------------------------------------------------------------------------
152039,7302,         ,3061,   3061,   500,    356,   -1024,      0.000000,  0.000000, 9, 6


Hex , Squawk, Flight, alt , pres alt, speed, course, vert_rate,   lat   ,    lon   , air_type, Ti
--------------------------------------------------------------------------------------------
78193A,1575, CSN656  ,1271,   1271,   368,    255,   1152,      55.949001, 37.250999, 9, 0


Hex , Squawk, Flight, alt , pres alt, speed, course, vert_rate,   lat   ,    lon   , air_type, Ti
--------------------------------------------------------------------------------------------
152039,7302,         ,3061,   3061,   500,    356,   -1024,      0.000000,  0.000000, 9, 6


Hex , Squawk, Flight, alt , pres alt, speed, course, vert_rate,   lat   ,    lon   , air_type, Ti
--------------------------------------------------------------------------------------------
78193A,1575, CSN656  ,1271,   1271,   368,    255,   1152,      55.949001, 37.250999, 9, 1


Hex , Squawk, Flight, alt , pres alt, speed, course, vert_rate,   lat   ,    lon   , air_type, Ti
--------------------------------------------------------------------------------------------
152039,7302,         ,3061,   3061,   500,    356,   -1024,      0.000000,  0.000000, 9, 7


Hex , Squawk, Flight, alt , pres alt, speed, course, vert_rate,   lat   ,    lon   , air_type, Ti
--------------------------------------------------------------------------------------------
78193A,1575, CSN656  ,1271,   1271,   368,    255,   1152,      55.949001, 37.250999, 9, 1


Hex , Squawk, Flight, alt , pres alt, speed, course, vert_rate,   lat   ,    lon   , air_type, Ti
--------------------------------------------------------------------------------------------
152039,7302,         ,3061,   3061,   500,    356,   -1024,      0.000000,  0.000000, 9, 7


Hex , Squawk, Flight, alt , pres alt, speed, course, vert_rate,   lat   ,    lon   , air_type, Ti
--------------------------------------------------------------------------------------------
78193A,1575, CSN656  ,1271,   1271,   368,    255,   1152,      55.949001, 37.250999, 9, 0


Hex , Squawk, Flight, alt , pres alt, speed, course, vert_rate,   lat   ,    lon   , air_type, Ti
--------------------------------------------------------------------------------------------
152039,7302,         ,3061,   3061,   500,    356,   -1024,      0.000000,  0.000000, 9, 7


Hex , Squawk, Flight, alt , pres alt, speed, course, vert_rate,   lat   ,    lon   , air_type, Ti
--------------------------------------------------------------------------------------------
78193A,1575, CSN656  ,1271,   1271,   372,    254,   1728,      55.949001, 37.250999, 9, 0


Hex , Squawk, Flight, alt , pres alt, speed, course, vert_rate,   lat   ,    lon   , air_type, Ti
--------------------------------------------------------------------------------------------
152039,7302,         ,3061,   3061,   500,    356,   -1024,      0.000000,  0.000000, 9, 7


Hex , Squawk, Flight, alt , pres alt, speed, course, vert_rate,   lat   ,    lon   , air_type, Ti
--------------------------------------------------------------------------------------------
78193A,1575, CSN656  ,1271,   1271,   372,    254,   1728,      55.949001, 37.250999, 9, 1


Hex , Squawk, Flight, alt , pres alt, speed, course, vert_rate,   lat   ,    lon   , air_type, Ti
--------------------------------------------------------------------------------------------
152039,7302,         ,3061,   3061,   500,    356,   -1024,      0.000000,  0.000000, 9, 8


Hex , Squawk, Flight, alt , pres alt, speed, course, vert_rate,   lat   ,    lon   , air_type, Ti
--------------------------------------------------------------------------------------------
78193A,1575, CSN656  ,1271,   1271,   372,    254,   1728,      55.949001, 37.250999, 9, 1


Hex , Squawk, Flight, alt , pres alt, speed, course, vert_rate,   lat   ,    lon   , air_type, Ti
--------------------------------------------------------------------------------------------
152039,7302,         ,3061,   3061,   500,    356,   -1024,      0.000000,  0.000000, 9, 8


Hex , Squawk, Flight, alt , pres alt, speed, course, vert_rate,   lat   ,    lon   , air_type, Ti
--------------------------------------------------------------------------------------------
78193A,1575, CSN656  ,1271,   1271,   372,    254,   1728,      55.949001, 37.250999, 9, 0


Hex , Squawk, Flight, alt , pres alt, speed, course, vert_rate,   lat   ,    lon   , air_type, Ti
--------------------------------------------------------------------------------------------
152039,7302,         ,3061,   3061,   500,    356,   -1024,      0.000000,  0.000000, 9, 8


Hex , Squawk, Flight, alt , pres alt, speed, course, vert_rate,   lat   ,    lon   , air_type, Ti
--------------------------------------------------------------------------------------------
78193A,1575, CSN656  ,1294,   1294,   372,    254,   1728,      55.949001, 37.250999, 9, 0


Hex , Squawk, Flight, alt , pres alt, speed, course, vert_rate,   lat   ,    lon   , air_type, Ti
--------------------------------------------------------------------------------------------
152039,7302,         ,3061,   3061,   500,    356,   -1024,      0.000000,  0.000000, 9, 9


Hex , Squawk, Flight, alt , pres alt, speed, course, vert_rate,   lat   ,    lon   , air_type, Ti
--------------------------------------------------------------------------------------------
78193A,1575, CSN656  ,1294,   1294,   372,    254,   1728,      55.949001, 37.250999, 9, 0


Hex , Squawk, Flight, alt , pres alt, speed, course, vert_rate,   lat   ,    lon   , air_type, Ti
--------------------------------------------------------------------------------------------
152039,7302,         ,3061,   3061,   500,    356,   -1024,      0.000000,  0.000000, 9, 0


Hex , Squawk, Flight, alt , pres alt, speed, course, vert_rate,   lat   ,    lon   , air_type, Ti
--------------------------------------------------------------------------------------------
78193A,1575, CSN656  ,1294,   1294,   372,    254,   1728,      55.949001, 37.250999, 9, 0


Hex , Squawk, Flight, alt , pres alt, speed, course, vert_rate,   lat   ,    lon   , air_type, Ti
--------------------------------------------------------------------------------------------
152039,7302,         ,3061,   3061,   500,    356,   -1024,      0.000000,  0.000000, 9, 0


Hex , Squawk, Flight, alt , pres alt, speed, course, vert_rate,   lat   ,    lon   , air_type, Ti
--------------------------------------------------------------------------------------------
78193A,1575, CSN656  ,1294,   1294,   372,    254,   1728,      55.949001, 37.250999, 9, 0


Hex , Squawk, Flight, alt , pres alt, speed, course, vert_rate,   lat   ,    lon   , air_type, Ti
--------------------------------------------------------------------------------------------
152039,7302,         ,3061,   3061,   500,    356,   -1024,      0.000000,  0.000000, 9, 0


Hex , Squawk, Flight, alt , pres alt, speed, course, vert_rate,   lat   ,    lon   , air_type, Ti
--------------------------------------------------------------------------------------------
78193A,1575, CSN656  ,1294,   1294,   372,    254,   1728,      55.949001, 37.250999, 9, 1


Hex , Squawk, Flight, alt , pres alt, speed, course, vert_rate,   lat   ,    lon   , air_type, Ti
--------------------------------------------------------------------------------------------
152039,7302,         ,3061,   3061,   500,    356,   -1024,      0.000000,  0.000000, 9, 1


Hex , Squawk, Flight, alt , pres alt, speed, course, vert_rate,   lat   ,    lon   , air_type, Ti
--------------------------------------------------------------------------------------------
78193A,1575, CSN656  ,1294,   1294,   372,    254,   1728,      55.949001, 37.250999, 9, 0


Hex , Squawk, Flight, alt , pres alt, speed, course, vert_rate,   lat   ,    lon   , air_type, Ti
--------------------------------------------------------------------------------------------
152039,7302,         ,3061,   3061,   500,    356,   -1024,      0.000000,  0.000000, 9, 1


Hex , Squawk, Flight, alt , pres alt, speed, course, vert_rate,   lat   ,    lon   , air_type, Ti
--------------------------------------------------------------------------------------------
78193A,1575, CSN656  ,1294,   1294,   372,    254,   1728,      55.949001, 37.250999, 9, 0


Hex , Squawk, Flight, alt , pres alt, speed, course, vert_rate,   lat   ,    lon   , air_type, Ti
--------------------------------------------------------------------------------------------
152039,7302,         ,3061,   3061,   500,    356,   -1024,      0.000000,  0.000000, 9, 1


Hex , Squawk, Flight, alt , pres alt, speed, course, vert_rate,   lat   ,    lon   , air_type, Ti
--------------------------------------------------------------------------------------------
78193A,1575, CSN656  ,1294,   1294,   372,    254,   1728,      55.949001, 37.250999, 9, 0


Hex , Squawk, Flight, alt , pres alt, speed, course, vert_rate,   lat   ,    lon   , air_type, Ti
--------------------------------------------------------------------------------------------
152039,7302,         ,3061,   3061,   500,    356,   -1024,      0.000000,  0.000000, 9, 1


Hex , Squawk, Flight, alt , pres alt, speed, course, vert_rate,   lat   ,    lon   , air_type, Ti
--------------------------------------------------------------------------------------------
78193A,1575, CSN656  ,1294,   1294,   372,    254,   1728,      55.949001, 37.250999, 9, 1


Hex , Squawk, Flight, alt , pres alt, speed, course, vert_rate,   lat   ,    lon   , air_type, Ti
--------------------------------------------------------------------------------------------
152039,7302,         ,3061,   3061,   500,    356,   -1024,      0.000000,  0.000000, 9, 2


Hex , Squawk, Flight, alt , pres alt, speed, course, vert_rate,   lat   ,    lon   , air_type, Ti
--------------------------------------------------------------------------------------------
78193A,1575, CSN656  ,1294,   1294,   372,    254,   1728,      55.949001, 37.250999, 9, 1


Hex , Squawk, Flight, alt , pres alt, speed, course, vert_rate,   lat   ,    lon   , air_type, Ti
--------------------------------------------------------------------------------------------
152039,7302,         ,3061,   3061,   500,    356,   -1024,      0.000000,  0.000000, 9, 2


Hex , Squawk, Flight, alt , pres alt, speed, course, vert_rate,   lat   ,    lon   , air_type, Ti
--------------------------------------------------------------------------------------------
78193A,1575, CSN656  ,1294,   1294,   372,    254,   1728,      55.949001, 37.250999, 9, 1


Hex , Squawk, Flight, alt , pres alt, speed, course, vert_rate,   lat   ,    lon   , air_type, Ti
--------------------------------------------------------------------------------------------
152039,7302,         ,3061,   3061,   500,    356,   -1024,      0.000000,  0.000000, 9, 2


Hex , Squawk, Flight, alt , pres alt, speed, course, vert_rate,   lat   ,    lon   , air_type, Ti
--------------------------------------------------------------------------------------------
78193A,1575, CSN656  ,1294,   1294,   372,    254,   1728,      55.949001, 37.250999, 9, 1


Hex , Squawk, Flight, alt , pres alt, speed, course, vert_rate,   lat   ,    lon   , air_type, Ti
--------------------------------------------------------------------------------------------
152039,7302,         ,3061,   3061,   500,    356,   -1024,      0.000000,  0.000000, 9, 2


Hex , Squawk, Flight, alt , pres alt, speed, course, vert_rate,   lat   ,    lon   , air_type, Ti
--------------------------------------------------------------------------------------------
78193A,1575, CSN656  ,1294,   1294,   372,    254,   1728,      55.949001, 37.250999, 9, 2


Hex , Squawk, Flight, alt , pres alt, speed, course, vert_rate,   lat   ,    lon   , air_type, Ti
--------------------------------------------------------------------------------------------
152039,7302,         ,3061,   3061,   500,    356,   -1024,      0.000000,  0.000000, 9, 3


Hex , Squawk, Flight, alt , pres alt, speed, course, vert_rate,   lat   ,    lon   , air_type, Ti
--------------------------------------------------------------------------------------------
78193A,1575, CSN656  ,1294,   1294,   372,    254,   1728,      55.949001, 37.250999, 9, 2


Hex , Squawk, Flight, alt , pres alt, speed, course, vert_rate,   lat   ,    lon   , air_type, Ti
--------------------------------------------------------------------------------------------
152039,7302,         ,3061,   3061,   500,    356,   -1024,      0.000000,  0.000000, 9, 3


Hex , Squawk, Flight, alt , pres alt, speed, course, vert_rate,   lat   ,    lon   , air_type, Ti
--------------------------------------------------------------------------------------------
78193A,1575, CSN656  ,1294,   1294,   372,    254,   1728,      55.949001, 37.250999, 9, 2


Hex , Squawk, Flight, alt , pres alt, speed, course, vert_rate,   lat   ,    lon   , air_type, Ti
--------------------------------------------------------------------------------------------
152039,7302,         ,3061,   3061,   500,    356,   -1024,      0.000000,  0.000000, 9, 3


Hex , Squawk, Flight, alt , pres alt, speed, course, vert_rate,   lat   ,    lon   , air_type, Ti
--------------------------------------------------------------------------------------------
78193A,1575, CSN656  ,1294,   1294,   372,    254,   1728,      55.949001, 37.250999, 9, 2


Hex , Squawk, Flight, alt , pres alt, speed, course, vert_rate,   lat   ,    lon   , air_type, Ti
--------------------------------------------------------------------------------------------
152039,7302,         ,3061,   3061,   500,    356,   -1024,      0.000000,  0.000000, 9, 3


Hex , Squawk, Flight, alt , pres alt, speed, course, vert_rate,   lat   ,    lon   , air_type, Ti
--------------------------------------------------------------------------------------------
78193A,1575, CSN656  ,1294,   1294,   372,    254,   1728,      55.949001, 37.250999, 9, 3


Hex , Squawk, Flight, alt , pres alt, speed, course, vert_rate,   lat   ,    lon   , air_type, Ti
--------------------------------------------------------------------------------------------
152039,7302,         ,3061,   3061,   500,    356,   -1024,      0.000000,  0.000000, 9, 4


Hex , Squawk, Flight, alt , pres alt, speed, course, vert_rate,   lat   ,    lon   , air_type, Ti
--------------------------------------------------------------------------------------------
78193A,1575, CSN656  ,1294,   1294,   372,    254,   1728,      55.949001, 37.250999, 9, 3


Hex , Squawk, Flight, alt , pres alt, speed, course, vert_rate,   lat   ,    lon   , air_type, Ti
--------------------------------------------------------------------------------------------
152039,7302,         ,3061,   3061,   500,    356,   -1024,      0.000000,  0.000000, 9, 4


Hex , Squawk, Flight, alt , pres alt, speed, course, vert_rate,   lat   ,    lon   , air_type, Ti
--------------------------------------------------------------------------------------------
78193A,1575, CSN656  ,1294,   1294,   372,    254,   1728,      55.949001, 37.250999, 9, 3


Hex , Squawk, Flight, alt , pres alt, speed, course, vert_rate,   lat   ,    lon   , air_type, Ti
--------------------------------------------------------------------------------------------
152039,7302,         ,3061,   3061,   500,    356,   -1024,      0.000000,  0.000000, 9, 4


Hex , Squawk, Flight, alt , pres alt, speed, course, vert_rate,   lat   ,    lon   , air_type, Ti
--------------------------------------------------------------------------------------------
78193A,1575, CSN656  ,1294,   1294,   372,    254,   1728,      55.949001, 37.250999, 9, 4


Hex , Squawk, Flight, alt , pres alt, speed, course, vert_rate,   lat   ,    lon   , air_type, Ti
--------------------------------------------------------------------------------------------
152039,7302,         ,3061,   3061,   500,    356,   -1024,      0.000000,  0.000000, 9, 5


Hex , Squawk, Flight, alt , pres alt, speed, course, vert_rate,   lat   ,    lon   , air_type, Ti
--------------------------------------------------------------------------------------------
78193A,1575, CSN656  ,1294,   1294,   372,    254,   1728,      55.949001, 37.250999, 9, 4


Hex , Squawk, Flight, alt , pres alt, speed, course, vert_rate,   lat   ,    lon   , air_type, Ti
--------------------------------------------------------------------------------------------
152039,7302,         ,3061,   3061,   500,    356,   -1024,      0.000000,  0.000000, 9, 5


Hex , Squawk, Flight, alt , pres alt, speed, course, vert_rate,   lat   ,    lon   , air_type, Ti
--------------------------------------------------------------------------------------------
78193A,1575, CSN656  ,1294,   1294,   372,    254,   1728,      55.949001, 37.250999, 9, 4


Hex , Squawk, Flight, alt , pres alt, speed, course, vert_rate,   lat   ,    lon   , air_type, Ti
--------------------------------------------------------------------------------------------
152039,7302,         ,3061,   3061,   500,    356,   -1024,      0.000000,  0.000000, 9, 5


Hex , Squawk, Flight, alt , pres alt, speed, course, vert_rate,   lat   ,    lon   , air_type, Ti
--------------------------------------------------------------------------------------------
78193A,1575, CSN656  ,1294,   1294,   372,    254,   1728,      55.949001, 37.250999, 9, 4


Hex , Squawk, Flight, alt , pres alt, speed, course, vert_rate,   lat   ,    lon   , air_type, Ti
--------------------------------------------------------------------------------------------
152039,7302,         ,3061,   3061,   500,    356,   -1024,      0.000000,  0.000000, 9, 5


Hex , Squawk, Flight, alt , pres alt, speed, course, vert_rate,   lat   ,    lon   , air_type, Ti
--------------------------------------------------------------------------------------------
78193A,1575, CSN656  ,1294,   1294,   372,    254,   1728,      55.949001, 37.250999, 9, 0


Hex , Squawk, Flight, alt , pres alt, speed, course, vert_rate,   lat   ,    lon   , air_type, Ti
--------------------------------------------------------------------------------------------
152039,7302,         ,3061,   3061,   500,    356,   -1024,      0.000000,  0.000000, 9, 6


Hex , Squawk, Flight, alt , pres alt, speed, course, vert_rate,   lat   ,    lon   , air_type, Ti
--------------------------------------------------------------------------------------------
78193A,1575, CSN656  ,1294,   1294,   372,    254,   1728,      55.949001, 37.250999, 9, 0


Hex , Squawk, Flight, alt , pres alt, speed, course, vert_rate,   lat   ,    lon   , air_type, Ti
--------------------------------------------------------------------------------------------
152039,7302,         ,3061,   3061,   500,    356,   -1024,      0.000000,  0.000000, 9, 6


Hex , Squawk, Flight, alt , pres alt, speed, course, vert_rate,   lat   ,    lon   , air_type, Ti
--------------------------------------------------------------------------------------------
78193A,1575, CSN656  ,1294,   1294,   372,    254,   1728,      55.949001, 37.250999, 9, 0


Hex , Squawk, Flight, alt , pres alt, speed, course, vert_rate,   lat   ,    lon   , air_type, Ti
--------------------------------------------------------------------------------------------
152039,7302,         ,3061,   3061,   500,    356,   -1024,      0.000000,  0.000000, 9, 6


Hex , Squawk, Flight, alt , pres alt, speed, course, vert_rate,   lat   ,    lon   , air_type, Ti
--------------------------------------------------------------------------------------------
78193A,1575, CSN656  ,1294,   1294,   372,    254,   1728,      55.949001, 37.250999, 9, 0


Hex , Squawk, Flight, alt , pres alt, speed, course, vert_rate,   lat   ,    lon   , air_type, Ti
--------------------------------------------------------------------------------------------
152039,7302,         ,3061,   3061,   500,    356,   -1024,      0.000000,  0.000000, 9, 6


Hex , Squawk, Flight, alt , pres alt, speed, course, vert_rate,   lat   ,    lon   , air_type, Ti
--------------------------------------------------------------------------------------------
78193A,1575, CSN656  ,1294,   1294,   372,    254,   1728,      55.949001, 37.250999, 9, 1


Hex , Squawk, Flight, alt , pres alt, speed, course, vert_rate,   lat   ,    lon   , air_type, Ti
--------------------------------------------------------------------------------------------
152039,7302,         ,3061,   3061,   500,    356,   -1024,      0.000000,  0.000000, 9, 7


Hex , Squawk, Flight, alt , pres alt, speed, course, vert_rate,   lat   ,    lon   , air_type, Ti
--------------------------------------------------------------------------------------------
78193A,1575, CSN656  ,1294,   1294,   372,    254,   1728,      55.949001, 37.250999, 9, 1


Hex , Squawk, Flight, alt , pres alt, speed, course, vert_rate,   lat   ,    lon   , air_type, Ti
--------------------------------------------------------------------------------------------
152039,7302,         ,3061,   3061,   500,    356,   -1024,      0.000000,  0.000000, 9, 7


Hex , Squawk, Flight, alt , pres alt, speed, course, vert_rate,   lat   ,    lon   , air_type, Ti
--------------------------------------------------------------------------------------------
78193A,1575, CSN656  ,1370,   1370,   372,    254,   1728,      55.945999, 37.234001, 9, 0


Hex , Squawk, Flight, alt , pres alt, speed, course, vert_rate,   lat   ,    lon   , air_type, Ti
--------------------------------------------------------------------------------------------
152039,7302,         ,3061,   3061,   500,    356,   -1024,      0.000000,  0.000000, 9, 7


Hex , Squawk, Flight, alt , pres alt, speed, course, vert_rate,   lat   ,    lon   , air_type, Ti
--------------------------------------------------------------------------------------------
78193A,1575, CSN656  ,1370,   1370,   372,    254,   1728,      55.945999, 37.234001, 9, 0


Hex , Squawk, Flight, alt , pres alt, speed, course, vert_rate,   lat   ,    lon   , air_type, Ti
--------------------------------------------------------------------------------------------
152039,7302,         ,3061,   3061,   500,    356,   -1024,      0.000000,  0.000000, 9, 7


Hex , Squawk, Flight, alt , pres alt, speed, course, vert_rate,   lat   ,    lon   , air_type, Ti
--------------------------------------------------------------------------------------------
78193A,1575, CSN656  ,1370,   1370,   372,    254,   1728,      55.945999, 37.234001, 9, 1


Hex , Squawk, Flight, alt , pres alt, speed, course, vert_rate,   lat   ,    lon   , air_type, Ti
--------------------------------------------------------------------------------------------
152039,7302,         ,3061,   3061,   500,    356,   -1024,      0.000000,  0.000000, 9, 8


Hex , Squawk, Flight, alt , pres alt, speed, course, vert_rate,   lat   ,    lon   , air_type, Ti
--------------------------------------------------------------------------------------------
78193A,1575, CSN656  ,1370,   1370,   372,    254,   1728,      55.945999, 37.234001, 9, 1


Hex , Squawk, Flight, alt , pres alt, speed, course, vert_rate,   lat   ,    lon   , air_type, Ti
--------------------------------------------------------------------------------------------
152039,7302,         ,3061,   3061,   500,    356,   -1024,      0.000000,  0.000000, 9, 8


Hex , Squawk, Flight, alt , pres alt, speed, course, vert_rate,   lat   ,    lon   , air_type, Ti
--------------------------------------------------------------------------------------------
78193A,1575, CSN656  ,1370,   1370,   372,    254,   1728,      55.945999, 37.234001, 9, 1


Hex , Squawk, Flight, alt , pres alt, speed, course, vert_rate,   lat   ,    lon   , air_type, Ti
--------------------------------------------------------------------------------------------
152039,7302,         ,3061,   3061,   500,    356,   -1024,      0.000000,  0.000000, 9, 8


Hex , Squawk, Flight, alt , pres alt, speed, course, vert_rate,   lat   ,    lon   , air_type, Ti
--------------------------------------------------------------------------------------------
78193A,1575, CSN656  ,1370,   1370,   372,    254,   1728,      55.945999, 37.234001, 9, 1


Hex , Squawk, Flight, alt , pres alt, speed, course, vert_rate,   lat   ,    lon   , air_type, Ti
--------------------------------------------------------------------------------------------
152039,7302,         ,3061,   3061,   500,    356,   -1024,      0.000000,  0.000000, 9, 8


Hex , Squawk, Flight, alt , pres alt, speed, course, vert_rate,   lat   ,    lon   , air_type, Ti
--------------------------------------------------------------------------------------------
78193A,1575, CSN656  ,1370,   1370,   372,    254,   1728,      55.945999, 37.234001, 9, 2


Hex , Squawk, Flight, alt , pres alt, speed, course, vert_rate,   lat   ,    lon   , air_type, Ti
--------------------------------------------------------------------------------------------
152039,7302,         ,3061,   3061,   500,    356,   -1024,      0.000000,  0.000000, 9, 9


Hex , Squawk, Flight, alt , pres alt, speed, course, vert_rate,   lat   ,    lon   , air_type, Ti
--------------------------------------------------------------------------------------------
78193A,1575, CSN656  ,1370,   1370,   372,    254,   1728,      55.945999, 37.234001, 9, 2


Hex , Squawk, Flight, alt , pres alt, speed, course, vert_rate,   lat   ,    lon   , air_type, Ti
--------------------------------------------------------------------------------------------
152039,7302,         ,3061,   3061,   500,    356,   -1024,      0.000000,  0.000000, 9, 9


Hex , Squawk, Flight, alt , pres alt, speed, course, vert_rate,   lat   ,    lon   , air_type, Ti
--------------------------------------------------------------------------------------------
78193A,1575, CSN656  ,1370,   1370,   372,    254,   1728,      55.945999, 37.234001, 9, 0


Hex , Squawk, Flight, alt , pres alt, speed, course, vert_rate,   lat   ,    lon   , air_type, Ti
--------------------------------------------------------------------------------------------
152039,7302,         ,3061,   3061,   500,    356,   -1024,      0.000000,  0.000000, 9, 9


Hex , Squawk, Flight, alt , pres alt, speed, course, vert_rate,   lat   ,    lon   , air_type, Ti
--------------------------------------------------------------------------------------------
78193A,1575, CSN656  ,1370,   1370,   372,    254,   1728,      55.945999, 37.234001, 9, 0


Hex , Squawk, Flight, alt , pres alt, speed, course, vert_rate,   lat   ,    lon   , air_type, Ti
--------------------------------------------------------------------------------------------
152039,7302,         ,3061,   3061,   500,    356,   -1024,      0.000000,  0.000000, 9, 9


Hex , Squawk, Flight, alt , pres alt, speed, course, vert_rate,   lat   ,    lon   , air_type, Ti
--------------------------------------------------------------------------------------------
78193A,1575, CSN656  ,1386,   1386,   372,    254,   1728,      55.945999, 37.234001, 9, 0


Hex , Squawk, Flight, alt , pres alt, speed, course, vert_rate,   lat   ,    lon   , air_type, Ti
--------------------------------------------------------------------------------------------
152039,7302,         ,3061,   3061,   500,    356,   -1024,      0.000000,  0.000000, 9, 10


Hex , Squawk, Flight, alt , pres alt, speed, course, vert_rate,   lat   ,    lon   , air_type, Ti
--------------------------------------------------------------------------------------------
78193A,1575, CSN656  ,1393,   1393,   372,    254,   1728,      55.945999, 37.234001, 9, 0


Hex , Squawk, Flight, alt , pres alt, speed, course, vert_rate,   lat   ,    lon   , air_type, Ti
--------------------------------------------------------------------------------------------
152039,7302,         ,3061,   3061,   500,    356,   -1024,      0.000000,  0.000000, 9, 10


Hex , Squawk, Flight, alt , pres alt, speed, course, vert_rate,   lat   ,    lon   , air_type, Ti
--------------------------------------------------------------------------------------------
78193A,1575, CSN656  ,1393,   1393,   372,    254,   1728,      55.945999, 37.234001, 9, 0


Hex , Squawk, Flight, alt , pres alt, speed, course, vert_rate,   lat   ,    lon   , air_type, Ti
--------------------------------------------------------------------------------------------
152039,7302,         ,3061,   3061,   500,    356,   -1024,      0.000000,  0.000000, 9, 10


Hex , Squawk, Flight, alt , pres alt, speed, course, vert_rate,   lat   ,    lon   , air_type, Ti
--------------------------------------------------------------------------------------------
78193A,1575, CSN656  ,1393,   1393,   372,    254,   1728,      55.945999, 37.234001, 9, 1


Hex , Squawk, Flight, alt , pres alt, speed, course, vert_rate,   lat   ,    lon   , air_type, Ti
--------------------------------------------------------------------------------------------
152039,7302,         ,3061,   3061,   500,    356,   -1024,      0.000000,  0.000000, 9, 11


Hex , Squawk, Flight, alt , pres alt, speed, course, vert_rate,   lat   ,    lon   , air_type, Ti
--------------------------------------------------------------------------------------------
78193A,1575, CSN656  ,1393,   1393,   372,    254,   1728,      55.945999, 37.234001, 9, 1


Hex , Squawk, Flight, alt , pres alt, speed, course, vert_rate,   lat   ,    lon   , air_type, Ti
--------------------------------------------------------------------------------------------
152039,7302,         ,3061,   3061,   500,    356,   -1024,      0.000000,  0.000000, 9, 11


Hex , Squawk, Flight, alt , pres alt, speed, course, vert_rate,   lat   ,    lon   , air_type, Ti
--------------------------------------------------------------------------------------------
78193A,1575, CSN656  ,1393,   1393,   372,    254,   1728,      55.945999, 37.234001, 9, 1


Hex , Squawk, Flight, alt , pres alt, speed, course, vert_rate,   lat   ,    lon   , air_type, Ti
--------------------------------------------------------------------------------------------
152039,7302,         ,3061,   3061,   500,    356,   -1024,      0.000000,  0.000000, 9, 11


Hex , Squawk, Flight, alt , pres alt, speed, course, vert_rate,   lat   ,    lon   , air_type, Ti
--------------------------------------------------------------------------------------------
78193A,1575, CSN656  ,1393,   1393,   372,    254,   1728,      55.945000, 37.227001, 9, 0


Hex , Squawk, Flight, alt , pres alt, speed, course, vert_rate,   lat   ,    lon   , air_type, Ti
--------------------------------------------------------------------------------------------
152039,7302,         ,3061,   3061,   500,    356,   -1024,      0.000000,  0.000000, 9, 11


Hex , Squawk, Flight, alt , pres alt, speed, course, vert_rate,   lat   ,    lon   , air_type, Ti
--------------------------------------------------------------------------------------------
78193A,1575, CSN656  ,1393,   1393,   392,    255,   896,      55.945000, 37.227001, 9, 0


Hex , Squawk, Flight, alt , pres alt, speed, course, vert_rate,   lat   ,    lon   , air_type, Ti
--------------------------------------------------------------------------------------------
152039,7302,         ,3061,   3061,   500,    356,   -1024,      0.000000,  0.000000, 9, 12


Hex , Squawk, Flight, alt , pres alt, speed, course, vert_rate,   lat   ,    lon   , air_type, Ti
--------------------------------------------------------------------------------------------
78193A,1575, CSN656  ,1393,   1393,   392,    255,   896,      55.945000, 37.227001, 9, 0


Hex , Squawk, Flight, alt , pres alt, speed, course, vert_rate,   lat   ,    lon   , air_type, Ti
--------------------------------------------------------------------------------------------
152039,7302,         ,3061,   3061,   500,    356,   -1024,      0.000000,  0.000000, 9, 12


Hex , Squawk, Flight, alt , pres alt, speed, course, vert_rate,   lat   ,    lon   , air_type, Ti
--------------------------------------------------------------------------------------------
78193A,1575, CSN656  ,1393,   1393,   392,    255,   896,      55.945000, 37.227001, 9, 0


Hex , Squawk, Flight, alt , pres alt, speed, course, vert_rate,   lat   ,    lon   , air_type, Ti
--------------------------------------------------------------------------------------------
152039,7302,         ,3061,   3061,   500,    356,   -1024,      0.000000,  0.000000, 9, 12


Hex , Squawk, Flight, alt , pres alt, speed, course, vert_rate,   lat   ,    lon   , air_type, Ti
--------------------------------------------------------------------------------------------
78193A,1575, CSN656  ,1393,   1393,   392,    255,   896,      55.945000, 37.227001, 9, 0


Hex , Squawk, Flight, alt , pres alt, speed, course, vert_rate,   lat   ,    lon   , air_type, Ti
--------------------------------------------------------------------------------------------
152039,7302,         ,3061,   3061,   500,    356,   -1024,      0.000000,  0.000000, 9, 12


Hex , Squawk, Flight, alt , pres alt, speed, course, vert_rate,   lat   ,    lon   , air_type, Ti
--------------------------------------------------------------------------------------------
78193A,1575, CSN656  ,1393,   1393,   392,    255,   896,      55.945000, 37.227001, 9, 1


Hex , Squawk, Flight, alt , pres alt, speed, course, vert_rate,   lat   ,    lon   , air_type, Ti
--------------------------------------------------------------------------------------------
152039,7302,         ,3061,   3061,   500,    356,   -1024,      0.000000,  0.000000, 9, 13


Hex , Squawk, Flight, alt , pres alt, speed, course, vert_rate,   lat   ,    lon   , air_type, Ti
--------------------------------------------------------------------------------------------
78193A,1575, CSN656  ,1393,   1393,   392,    255,   896,      55.945000, 37.227001, 9, 0


Hex , Squawk, Flight, alt , pres alt, speed, course, vert_rate,   lat   ,    lon   , air_type, Ti
--------------------------------------------------------------------------------------------
152039,7302,         ,3061,   3061,   500,    356,   -1024,      0.000000,  0.000000, 9, 13


Hex , Squawk, Flight, alt , pres alt, speed, course, vert_rate,   lat   ,    lon   , air_type, Ti
--------------------------------------------------------------------------------------------
78193A,1575, CSN656  ,1393,   1393,   392,    255,   896,      55.945000, 37.227001, 9, 0


Hex , Squawk, Flight, alt , pres alt, speed, course, vert_rate,   lat   ,    lon   , air_type, Ti
--------------------------------------------------------------------------------------------
152039,7302,         ,3061,   3061,   500,    356,   -1024,      0.000000,  0.000000, 9, 13


Hex , Squawk, Flight, alt , pres alt, speed, course, vert_rate,   lat   ,    lon   , air_type, Ti
--------------------------------------------------------------------------------------------
78193A,1575, CSN656  ,1393,   1393,   392,    255,   896,      55.945000, 37.227001, 9, 0


Hex , Squawk, Flight, alt , pres alt, speed, course, vert_rate,   lat   ,    lon   , air_type, Ti
--------------------------------------------------------------------------------------------
152039,7302,         ,3061,   3061,   500,    356,   -1024,      0.000000,  0.000000, 9, 13


Hex , Squawk, Flight, alt , pres alt, speed, course, vert_rate,   lat   ,    lon   , air_type, Ti
--------------------------------------------------------------------------------------------
78193A,1575, CSN656  ,1393,   1393,   392,    255,   896,      55.945000, 37.227001, 9, 1


Hex , Squawk, Flight, alt , pres alt, speed, course, vert_rate,   lat   ,    lon   , air_type, Ti
--------------------------------------------------------------------------------------------
152039,7302,         ,3061,   3061,   500,    356,   -1024,      0.000000,  0.000000, 9, 14


Hex , Squawk, Flight, alt , pres alt, speed, course, vert_rate,   lat   ,    lon   , air_type, Ti
--------------------------------------------------------------------------------------------
78193A,1575, CSN656  ,1393,   1393,   392,    255,   896,      55.945000, 37.227001, 9, 1


Hex , Squawk, Flight, alt , pres alt, speed, course, vert_rate,   lat   ,    lon   , air_type, Ti
--------------------------------------------------------------------------------------------
152039,7302,         ,3061,   3061,   500,    356,   -1024,      0.000000,  0.000000, 9, 14


Hex , Squawk, Flight, alt , pres alt, speed, course, vert_rate,   lat   ,    lon   , air_type, Ti
--------------------------------------------------------------------------------------------
78193A,1575, CSN656  ,1393,   1393,   392,    255,   896,      55.945000, 37.227001, 9, 0


Hex , Squawk, Flight, alt , pres alt, speed, course, vert_rate,   lat   ,    lon   , air_type, Ti
--------------------------------------------------------------------------------------------
152039,7302,         ,3061,   3061,   500,    356,   -1024,      0.000000,  0.000000, 9, 14


Hex , Squawk, Flight, alt , pres alt, speed, course, vert_rate,   lat   ,    lon   , air_type, Ti
--------------------------------------------------------------------------------------------
78193A,1575, CSN656  ,1393,   1393,   392,    255,   896,      55.945000, 37.227001, 9, 0


Hex , Squawk, Flight, alt , pres alt, speed, course, vert_rate,   lat   ,    lon   , air_type, Ti
--------------------------------------------------------------------------------------------
152039,7302,         ,3061,   3061,   500,    356,   -1024,      0.000000,  0.000000, 9, 14


Hex , Squawk, Flight, alt , pres alt, speed, course, vert_rate,   lat   ,    lon   , air_type, Ti
--------------------------------------------------------------------------------------------
78193A,1575, CSN656  ,1393,   1393,   392,    255,   896,      55.945000, 37.227001, 9, 1


Hex , Squawk, Flight, alt , pres alt, speed, course, vert_rate,   lat   ,    lon   , air_type, Ti
--------------------------------------------------------------------------------------------
152039,7302,         ,3061,   3061,   500,    356,   -1024,      0.000000,  0.000000, 9, 15


Hex , Squawk, Flight, alt , pres alt, speed, course, vert_rate,   lat   ,    lon   , air_type, Ti
--------------------------------------------------------------------------------------------
78193A,1575, CSN656  ,1393,   1393,   392,    255,   896,      55.945000, 37.227001, 9, 1


Hex , Squawk, Flight, alt , pres alt, speed, course, vert_rate,   lat   ,    lon   , air_type, Ti
--------------------------------------------------------------------------------------------
152039,7302,         ,3061,   3061,   500,    356,   -1024,      0.000000,  0.000000, 9, 15


Hex , Squawk, Flight, alt , pres alt, speed, course, vert_rate,   lat   ,    lon   , air_type, Ti
--------------------------------------------------------------------------------------------
78193A,1575, CSN656  ,1393,   1393,   392,    255,   896,      55.945000, 37.227001, 9, 1


Hex , Squawk, Flight, alt , pres alt, speed, course, vert_rate,   lat   ,    lon   , air_type, Ti
--------------------------------------------------------------------------------------------
152039,7302,         ,3061,   3061,   500,    356,   -1024,      0.000000,  0.000000, 9, 15


Hex , Squawk, Flight, alt , pres alt, speed, course, vert_rate,   lat   ,    lon   , air_type, Ti
--------------------------------------------------------------------------------------------
78193A,1575, CSN656  ,1393,   1393,   392,    255,   896,      55.945000, 37.227001, 9, 2


Hex , Squawk, Flight, alt , pres alt, speed, course, vert_rate,   lat   ,    lon   , air_type, Ti
--------------------------------------------------------------------------------------------
152039,7302,         ,3061,   3061,   500,    356,   -1024,      0.000000,  0.000000, 9, 0


Hex , Squawk, Flight, alt , pres alt, speed, course, vert_rate,   lat   ,    lon   , air_type, Ti
--------------------------------------------------------------------------------------------
78193A,1575, CSN656  ,1393,   1393,   392,    255,   896,      55.945000, 37.227001, 9, 0


Hex , Squawk, Flight, alt , pres alt, speed, course, vert_rate,   lat   ,    lon   , air_type, Ti
--------------------------------------------------------------------------------------------
152039,7302,         ,3061,   3061,   500,    356,   -1024,      0.000000,  0.000000, 9, 0


Hex , Squawk, Flight, alt , pres alt, speed, course, vert_rate,   lat   ,    lon   , air_type, Ti
--------------------------------------------------------------------------------------------
78193A,1575, CSN656  ,1393,   1393,   392,    255,   896,      55.945000, 37.227001, 9, 0


Hex , Squawk, Flight, alt , pres alt, speed, course, vert_rate,   lat   ,    lon   , air_type, Ti
--------------------------------------------------------------------------------------------
152039,7302,         ,3061,   3061,   500,    356,   -1024,      0.000000,  0.000000, 9, 0


Hex , Squawk, Flight, alt , pres alt, speed, course, vert_rate,   lat   ,    lon   , air_type, Ti
--------------------------------------------------------------------------------------------
78193A,1575, CSN656  ,1416,   1416,   392,    255,   896,      55.943001, 37.217999, 9, 0


Hex , Squawk, Flight, alt , pres alt, speed, course, vert_rate,   lat   ,    lon   , air_type, Ti
--------------------------------------------------------------------------------------------
152039,7302,         ,3061,   3061,   500,    356,   -1024,      0.000000,  0.000000, 9, 0


Hex , Squawk, Flight, alt , pres alt, speed, course, vert_rate,   lat   ,    lon   , air_type, Ti
--------------------------------------------------------------------------------------------
78193A,1575, CSN656  ,1416,   1416,   392,    255,   896,      55.943001, 37.217999, 9, 1


Hex , Squawk, Flight, alt , pres alt, speed, course, vert_rate,   lat   ,    lon   , air_type, Ti
--------------------------------------------------------------------------------------------
152039,7302,         ,3061,   3061,   500,    356,   -1024,      0.000000,  0.000000, 9, 1


Hex , Squawk, Flight, alt , pres alt, speed, course, vert_rate,   lat   ,    lon   , air_type, Ti
--------------------------------------------------------------------------------------------
78193A,1575, CSN656  ,1416,   1416,   392,    255,   896,      55.943001, 37.217999, 9, 1


Hex , Squawk, Flight, alt , pres alt, speed, course, vert_rate,   lat   ,    lon   , air_type, Ti
--------------------------------------------------------------------------------------------
152039,7302,         ,3061,   3061,   500,    356,   -1024,      0.000000,  0.000000, 9, 1


Hex , Squawk, Flight, alt , pres alt, speed, course, vert_rate,   lat   ,    lon   , air_type, Ti
--------------------------------------------------------------------------------------------
78193A,1575, CSN656  ,1416,   1416,   392,    255,   896,      55.943001, 37.217999, 9, 1


Hex , Squawk, Flight, alt , pres alt, speed, course, vert_rate,   lat   ,    lon   , air_type, Ti
--------------------------------------------------------------------------------------------
152039,7302,         ,3061,   3061,   500,    356,   -1024,      0.000000,  0.000000, 9, 1


Hex , Squawk, Flight, alt , pres alt, speed, course, vert_rate,   lat   ,    lon   , air_type, Ti
--------------------------------------------------------------------------------------------
78193A,1575, CSN656  ,1416,   1416,   392,    255,   896,      55.943001, 37.217999, 9, 1


Hex , Squawk, Flight, alt , pres alt, speed, course, vert_rate,   lat   ,    lon   , air_type, Ti
--------------------------------------------------------------------------------------------
152039,7302,         ,3061,   3061,   500,    356,   -1024,      0.000000,  0.000000, 9, 1


Hex , Squawk, Flight, alt , pres alt, speed, course, vert_rate,   lat   ,    lon   , air_type, Ti
--------------------------------------------------------------------------------------------
78193A,1575, CSN656  ,1416,   1416,   392,    255,   896,      55.943001, 37.217999, 9, 2


Hex , Squawk, Flight, alt , pres alt, speed, course, vert_rate,   lat   ,    lon   , air_type, Ti
--------------------------------------------------------------------------------------------
152039,7302,         ,3061,   3061,   500,    356,   -1024,      0.000000,  0.000000, 9, 2


Hex , Squawk, Flight, alt , pres alt, speed, course, vert_rate,   lat   ,    lon   , air_type, Ti
--------------------------------------------------------------------------------------------
78193A,1575, CSN656  ,1416,   1416,   392,    255,   896,      55.943001, 37.217999, 9, 0


Hex , Squawk, Flight, alt , pres alt, speed, course, vert_rate,   lat   ,    lon   , air_type, Ti
--------------------------------------------------------------------------------------------
152039,7302,         ,3061,   3061,   500,    356,   -1024,      0.000000,  0.000000, 9, 2


Hex , Squawk, Flight, alt , pres alt, speed, course, vert_rate,   lat   ,    lon   , air_type, Ti
--------------------------------------------------------------------------------------------
78193A,1575, CSN656  ,1416,   1416,   392,    255,   896,      55.943001, 37.217999, 9, 0


Hex , Squawk, Flight, alt , pres alt, speed, course, vert_rate,   lat   ,    lon   , air_type, Ti
--------------------------------------------------------------------------------------------
152039,7302,         ,3061,   3061,   500,    356,   -1024,      0.000000,  0.000000, 9, 2


Hex , Squawk, Flight, alt , pres alt, speed, course, vert_rate,   lat   ,    lon   , air_type, Ti
--------------------------------------------------------------------------------------------
78193A,1575, CSN656  ,1416,   1416,   392,    255,   896,      55.943001, 37.217999, 9, 0


Hex , Squawk, Flight, alt , pres alt, speed, course, vert_rate,   lat   ,    lon   , air_type, Ti
--------------------------------------------------------------------------------------------
152039,7302,         ,3061,   3061,   500,    356,   -1024,      0.000000,  0.000000, 9, 2


Hex , Squawk, Flight, alt , pres alt, speed, course, vert_rate,   lat   ,    lon   , air_type, Ti
--------------------------------------------------------------------------------------------
78193A,1575, CSN656  ,1416,   1416,   392,    255,   896,      55.943001, 37.217999, 9, 1


Hex , Squawk, Flight, alt , pres alt, speed, course, vert_rate,   lat   ,    lon   , air_type, Ti
--------------------------------------------------------------------------------------------
152039,7302,         ,3061,   3061,   500,    356,   -1024,      0.000000,  0.000000, 9, 3


Hex , Squawk, Flight, alt , pres alt, speed, course, vert_rate,   lat   ,    lon   , air_type, Ti
--------------------------------------------------------------------------------------------
78193A,1575, CSN656  ,1416,   1416,   392,    255,   896,      55.943001, 37.217999, 9, 1


Hex , Squawk, Flight, alt , pres alt, speed, course, vert_rate,   lat   ,    lon   , air_type, Ti
--------------------------------------------------------------------------------------------
152039,7302,         ,3061,   3061,   500,    356,   -1024,      0.000000,  0.000000, 9, 3


Hex , Squawk, Flight, alt , pres alt, speed, course, vert_rate,   lat   ,    lon   , air_type, Ti
--------------------------------------------------------------------------------------------
78193A,1575, CSN656  ,1416,   1416,   392,    255,   896,      55.943001, 37.217999, 9, 1


Hex , Squawk, Flight, alt , pres alt, speed, course, vert_rate,   lat   ,    lon   , air_type, Ti
--------------------------------------------------------------------------------------------
152039,7302,         ,3061,   3061,   500,    356,   -1024,      0.000000,  0.000000, 9, 3


Hex , Squawk, Flight, alt , pres alt, speed, course, vert_rate,   lat   ,    lon   , air_type, Ti
--------------------------------------------------------------------------------------------
78193A,1575, CSN656  ,1416,   1416,   392,    255,   896,      55.943001, 37.217999, 9, 1


Hex , Squawk, Flight, alt , pres alt, speed, course, vert_rate,   lat   ,    lon   , air_type, Ti
--------------------------------------------------------------------------------------------
152039,7302,         ,3061,   3061,   500,    356,   -1024,      0.000000,  0.000000, 9, 3


Hex , Squawk, Flight, alt , pres alt, speed, course, vert_rate,   lat   ,    lon   , air_type, Ti
--------------------------------------------------------------------------------------------
78193A,1575, CSN656  ,1416,   1416,   392,    255,   896,      55.943001, 37.217999, 9, 2


Hex , Squawk, Flight, alt , pres alt, speed, course, vert_rate,   lat   ,    lon   , air_type, Ti
--------------------------------------------------------------------------------------------
152039,7302,         ,3061,   3061,   500,    356,   -1024,      0.000000,  0.000000, 9, 4


Hex , Squawk, Flight, alt , pres alt, speed, course, vert_rate,   lat   ,    lon   , air_type, Ti
--------------------------------------------------------------------------------------------
78193A,1575, CSN656  ,1416,   1416,   392,    255,   896,      55.943001, 37.217999, 9, 2


Hex , Squawk, Flight, alt , pres alt, speed, course, vert_rate,   lat   ,    lon   , air_type, Ti
--------------------------------------------------------------------------------------------
152039,7302,         ,3061,   3061,   500,    356,   -1024,      0.000000,  0.000000, 9, 4


Hex , Squawk, Flight, alt , pres alt, speed, course, vert_rate,   lat   ,    lon   , air_type, Ti
--------------------------------------------------------------------------------------------
78193A,1575, CSN656  ,1416,   1416,   392,    255,   896,      55.943001, 37.217999, 9, 2


Hex , Squawk, Flight, alt , pres alt, speed, course, vert_rate,   lat   ,    lon   , air_type, Ti
--------------------------------------------------------------------------------------------
152039,7302,         ,3061,   3061,   500,    356,   -1024,      0.000000,  0.000000, 9, 4


Hex , Squawk, Flight, alt , pres alt, speed, course, vert_rate,   lat   ,    lon   , air_type, Ti
--------------------------------------------------------------------------------------------
78193A,1575, CSN656  ,1416,   1416,   392,    255,   896,      55.943001, 37.217999, 9, 2


Hex , Squawk, Flight, alt , pres alt, speed, course, vert_rate,   lat   ,    lon   , air_type, Ti
--------------------------------------------------------------------------------------------
152039,7302,         ,3061,   3061,   500,    356,   -1024,      0.000000,  0.000000, 9, 4


Hex , Squawk, Flight, alt , pres alt, speed, course, vert_rate,   lat   ,    lon   , air_type, Ti
--------------------------------------------------------------------------------------------
78193A,1575, CSN656  ,1416,   1416,   392,    255,   896,      55.943001, 37.217999, 9, 3


Hex , Squawk, Flight, alt , pres alt, speed, course, vert_rate,   lat   ,    lon   , air_type, Ti
--------------------------------------------------------------------------------------------
152039,7302,         ,3061,   3061,   500,    356,   -1024,      0.000000,  0.000000, 9, 5


Hex , Squawk, Flight, alt , pres alt, speed, course, vert_rate,   lat   ,    lon   , air_type, Ti
--------------------------------------------------------------------------------------------
78193A,1575, CSN656  ,1416,   1416,   392,    255,   896,      55.943001, 37.217999, 9, 3


Hex , Squawk, Flight, alt , pres alt, speed, course, vert_rate,   lat   ,    lon   , air_type, Ti
--------------------------------------------------------------------------------------------
152039,7302,         ,3061,   3061,   500,    356,   -1024,      0.000000,  0.000000, 9, 5


Hex , Squawk, Flight, alt , pres alt, speed, course, vert_rate,   lat   ,    lon   , air_type, Ti
--------------------------------------------------------------------------------------------
78193A,1575, CSN656  ,1416,   1416,   392,    255,   896,      55.943001, 37.217999, 9, 3


Hex , Squawk, Flight, alt , pres alt, speed, course, vert_rate,   lat   ,    lon   , air_type, Ti
--------------------------------------------------------------------------------------------
152039,7302,         ,3061,   3061,   500,    356,   -1024,      0.000000,  0.000000, 9, 5


Hex , Squawk, Flight, alt , pres alt, speed, course, vert_rate,   lat   ,    lon   , air_type, Ti
--------------------------------------------------------------------------------------------
78193A,1575, CSN656  ,1416,   1416,   392,    255,   896,      55.943001, 37.217999, 9, 4


Hex , Squawk, Flight, alt , pres alt, speed, course, vert_rate,   lat   ,    lon   , air_type, Ti
--------------------------------------------------------------------------------------------
152039,7302,         ,3061,   3061,   500,    356,   -1024,      0.000000,  0.000000, 9, 6


Hex , Squawk, Flight, alt , pres alt, speed, course, vert_rate,   lat   ,    lon   , air_type, Ti
--------------------------------------------------------------------------------------------
78193A,1575, CSN656  ,1416,   1416,   392,    255,   896,      55.943001, 37.217999, 9, 4


Hex , Squawk, Flight, alt , pres alt, speed, course, vert_rate,   lat   ,    lon   , air_type, Ti
--------------------------------------------------------------------------------------------
152039,7302,         ,3061,   3061,   500,    356,   -1024,      0.000000,  0.000000, 9, 6


Hex , Squawk, Flight, alt , pres alt, speed, course, vert_rate,   lat   ,    lon   , air_type, Ti
--------------------------------------------------------------------------------------------
78193A,1575, CSN656  ,1416,   1416,   392,    255,   896,      55.943001, 37.217999, 9, 4


Hex , Squawk, Flight, alt , pres alt, speed, course, vert_rate,   lat   ,    lon   , air_type, Ti
--------------------------------------------------------------------------------------------
152039,7302,         ,3061,   3061,   500,    356,   -1024,      0.000000,  0.000000, 9, 6


Hex , Squawk, Flight, alt , pres alt, speed, course, vert_rate,   lat   ,    lon   , air_type, Ti
--------------------------------------------------------------------------------------------
78193A,1575, CSN656  ,1416,   1416,   392,    255,   896,      55.943001, 37.217999, 9, 4


Hex , Squawk, Flight, alt , pres alt, speed, course, vert_rate,   lat   ,    lon   , air_type, Ti
--------------------------------------------------------------------------------------------
152039,7302,         ,3061,   3061,   500,    356,   -1024,      0.000000,  0.000000, 9, 6


Hex , Squawk, Flight, alt , pres alt, speed, course, vert_rate,   lat   ,    lon   , air_type, Ti
--------------------------------------------------------------------------------------------
78193A,1575, CSN656  ,1416,   1416,   392,    255,   896,      55.943001, 37.217999, 9, 5


Hex , Squawk, Flight, alt , pres alt, speed, course, vert_rate,   lat   ,    lon   , air_type, Ti
--------------------------------------------------------------------------------------------
152039,7302,         ,3061,   3061,   500,    356,   -1024,      0.000000,  0.000000, 9, 7


Hex , Squawk, Flight, alt , pres alt, speed, course, vert_rate,   lat   ,    lon   , air_type, Ti
--------------------------------------------------------------------------------------------
78193A,1575, CSN656  ,1416,   1416,   392,    255,   896,      55.943001, 37.217999, 9, 5


Hex , Squawk, Flight, alt , pres alt, speed, course, vert_rate,   lat   ,    lon   , air_type, Ti
--------------------------------------------------------------------------------------------
152039,7302,         ,3061,   3061,   500,    356,   -1024,      0.000000,  0.000000, 9, 7


Hex , Squawk, Flight, alt , pres alt, speed, course, vert_rate,   lat   ,    lon   , air_type, Ti
--------------------------------------------------------------------------------------------
78193A,1575, CSN656  ,1416,   1416,   392,    255,   896,      55.943001, 37.217999, 9, 5


Hex , Squawk, Flight, alt , pres alt, speed, course, vert_rate,   lat   ,    lon   , air_type, Ti
--------------------------------------------------------------------------------------------
152039,7302,         ,3061,   3061,   500,    356,   -1024,      0.000000,  0.000000, 9, 7


Hex , Squawk, Flight, alt , pres alt, speed, course, vert_rate,   lat   ,    lon   , air_type, Ti
--------------------------------------------------------------------------------------------
78193A,1575, CSN656  ,1416,   1416,   392,    255,   896,      55.943001, 37.217999, 9, 5


Hex , Squawk, Flight, alt , pres alt, speed, course, vert_rate,   lat   ,    lon   , air_type, Ti
--------------------------------------------------------------------------------------------
152039,7302,         ,3061,   3061,   500,    356,   -1024,      0.000000,  0.000000, 9, 7


Hex , Squawk, Flight, alt , pres alt, speed, course, vert_rate,   lat   ,    lon   , air_type, Ti
--------------------------------------------------------------------------------------------
78193A,1575, CSN656  ,1416,   1416,   392,    255,   896,      55.943001, 37.217999, 9, 6


Hex , Squawk, Flight, alt , pres alt, speed, course, vert_rate,   lat   ,    lon   , air_type, Ti
--------------------------------------------------------------------------------------------
152039,7302,         ,3061,   3061,   500,    356,   -1024,      0.000000,  0.000000, 9, 8


Hex , Squawk, Flight, alt , pres alt, speed, course, vert_rate,   lat   ,    lon   , air_type, Ti
--------------------------------------------------------------------------------------------
78193A,1575, CSN656  ,1416,   1416,   392,    255,   896,      55.943001, 37.217999, 9, 6


Hex , Squawk, Flight, alt , pres alt, speed, course, vert_rate,   lat   ,    lon   , air_type, Ti
--------------------------------------------------------------------------------------------
152039,7302,         ,3061,   3061,   500,    356,   -1024,      0.000000,  0.000000, 9, 8


Hex , Squawk, Flight, alt , pres alt, speed, course, vert_rate,   lat   ,    lon   , air_type, Ti
--------------------------------------------------------------------------------------------
78193A,1575, CSN656  ,1416,   1416,   392,    255,   896,      55.943001, 37.217999, 9, 6


Hex , Squawk, Flight, alt , pres alt, speed, course, vert_rate,   lat   ,    lon   , air_type, Ti
--------------------------------------------------------------------------------------------
152039,7302,         ,3061,   3061,   500,    356,   -1024,      0.000000,  0.000000, 9, 8


Hex , Squawk, Flight, alt , pres alt, speed, course, vert_rate,   lat   ,    lon   , air_type, Ti
--------------------------------------------------------------------------------------------
78193A,1575, CSN656  ,1416,   1416,   392,    255,   896,      55.943001, 37.217999, 9, 6


Hex , Squawk, Flight, alt , pres alt, speed, course, vert_rate,   lat   ,    lon   , air_type, Ti
--------------------------------------------------------------------------------------------
152039,7302,         ,3061,   3061,   500,    356,   -1024,      0.000000,  0.000000, 9, 8


Hex , Squawk, Flight, alt , pres alt, speed, course, vert_rate,   lat   ,    lon   , air_type, Ti
--------------------------------------------------------------------------------------------
78193A,1575, CSN656  ,1416,   1416,   392,    255,   896,      55.943001, 37.217999, 9, 7


Hex , Squawk, Flight, alt , pres alt, speed, course, vert_rate,   lat   ,    lon   , air_type, Ti
--------------------------------------------------------------------------------------------
152039,7302,         ,3061,   3061,   500,    356,   -1024,      0.000000,  0.000000, 9, 9


Hex , Squawk, Flight, alt , pres alt, speed, course, vert_rate,   lat   ,    lon   , air_type, Ti
--------------------------------------------------------------------------------------------
78193A,1575, CSN656  ,1416,   1416,   392,    255,   896,      55.943001, 37.217999, 9, 7


Hex , Squawk, Flight, alt , pres alt, speed, course, vert_rate,   lat   ,    lon   , air_type, Ti
--------------------------------------------------------------------------------------------
152039,7302,         ,3061,   3061,   500,    356,   -1024,      0.000000,  0.000000, 9, 9


Hex , Squawk, Flight, alt , pres alt, speed, course, vert_rate,   lat   ,    lon   , air_type, Ti
--------------------------------------------------------------------------------------------
78193A,1575, CSN656  ,1416,   1416,   392,    255,   896,      55.943001, 37.217999, 9, 7


Hex , Squawk, Flight, alt , pres alt, speed, course, vert_rate,   lat   ,    lon   , air_type, Ti
--------------------------------------------------------------------------------------------
152039,7302,         ,3061,   3061,   500,    356,   -1024,      0.000000,  0.000000, 9, 9


Hex , Squawk, Flight, alt , pres alt, speed, course, vert_rate,   lat   ,    lon   , air_type, Ti
--------------------------------------------------------------------------------------------
78193A,1575, CSN656  ,1416,   1416,   392,    255,   896,      55.943001, 37.217999, 9, 7


Hex , Squawk, Flight, alt , pres alt, speed, course, vert_rate,   lat   ,    lon   , air_type, Ti
--------------------------------------------------------------------------------------------
152039,7302,         ,3061,   3061,   500,    356,   -1024,      0.000000,  0.000000, 9, 9


Hex , Squawk, Flight, alt , pres alt, speed, course, vert_rate,   lat   ,    lon   , air_type, Ti
--------------------------------------------------------------------------------------------
78193A,1575, CSN656  ,1416,   1416,   392,    255,   896,      55.943001, 37.217999, 9, 8


Hex , Squawk, Flight, alt , pres alt, speed, course, vert_rate,   lat   ,    lon   , air_type, Ti
--------------------------------------------------------------------------------------------
152039,7302,         ,3061,   3061,   500,    356,   -1024,      0.000000,  0.000000, 9, 10


Hex , Squawk, Flight, alt , pres alt, speed, course, vert_rate,   lat   ,    lon   , air_type, Ti
--------------------------------------------------------------------------------------------
78193A,1575, CSN656  ,1416,   1416,   392,    255,   896,      55.943001, 37.217999, 9, 8


Hex , Squawk, Flight, alt , pres alt, speed, course, vert_rate,   lat   ,    lon   , air_type, Ti
--------------------------------------------------------------------------------------------
152039,7302,         ,3061,   3061,   500,    356,   -1024,      0.000000,  0.000000, 9, 10


Hex , Squawk, Flight, alt , pres alt, speed, course, vert_rate,   lat   ,    lon   , air_type, Ti
--------------------------------------------------------------------------------------------
78193A,1575, CSN656  ,1416,   1416,   392,    255,   896,      55.943001, 37.217999, 9, 8


Hex , Squawk, Flight, alt , pres alt, speed, course, vert_rate,   lat   ,    lon   , air_type, Ti
--------------------------------------------------------------------------------------------
152039,7302,         ,3061,   3061,   500,    356,   -1024,      0.000000,  0.000000, 9, 10


Hex , Squawk, Flight, alt , pres alt, speed, course, vert_rate,   lat   ,    lon   , air_type, Ti
--------------------------------------------------------------------------------------------
78193A,1575, CSN656  ,1416,   1416,   392,    255,   896,      55.943001, 37.217999, 9, 9


Hex , Squawk, Flight, alt , pres alt, speed, course, vert_rate,   lat   ,    lon   , air_type, Ti
--------------------------------------------------------------------------------------------
152039,7302,         ,3061,   3061,   500,    356,   -1024,      0.000000,  0.000000, 9, 11


Hex , Squawk, Flight, alt , pres alt, speed, course, vert_rate,   lat   ,    lon   , air_type, Ti
--------------------------------------------------------------------------------------------
78193A,1575, CSN656  ,1416,   1416,   392,    255,   896,      55.943001, 37.217999, 9, 9


Hex , Squawk, Flight, alt , pres alt, speed, course, vert_rate,   lat   ,    lon   , air_type, Ti
--------------------------------------------------------------------------------------------
152039,7302,         ,3061,   3061,   500,    356,   -1024,      0.000000,  0.000000, 9, 11


Hex , Squawk, Flight, alt , pres alt, speed, course, vert_rate,   lat   ,    lon   , air_type, Ti
--------------------------------------------------------------------------------------------
78193A,1575, CSN656  ,1416,   1416,   392,    255,   896,      55.943001, 37.217999, 9, 9


Hex , Squawk, Flight, alt , pres alt, speed, course, vert_rate,   lat   ,    lon   , air_type, Ti
--------------------------------------------------------------------------------------------
152039,7302,         ,3061,   3061,   500,    356,   -1024,      0.000000,  0.000000, 9, 11


Hex , Squawk, Flight, alt , pres alt, speed, course, vert_rate,   lat   ,    lon   , air_type, Ti
--------------------------------------------------------------------------------------------
78193A,1575, CSN656  ,1416,   1416,   392,    255,   896,      55.943001, 37.217999, 9, 9


Hex , Squawk, Flight, alt , pres alt, speed, course, vert_rate,   lat   ,    lon   , air_type, Ti
--------------------------------------------------------------------------------------------
152039,7302,         ,3061,   3061,   500,    356,   -1024,      0.000000,  0.000000, 9, 11


Hex , Squawk, Flight, alt , pres alt, speed, course, vert_rate,   lat   ,    lon   , air_type, Ti
--------------------------------------------------------------------------------------------
78193A,1575, CSN656  ,1416,   1416,   392,    255,   896,      55.943001, 37.217999, 9, 10


Hex , Squawk, Flight, alt , pres alt, speed, course, vert_rate,   lat   ,    lon   , air_type, Ti
--------------------------------------------------------------------------------------------
152039,7302,         ,3061,   3061,   500,    356,   -1024,      0.000000,  0.000000, 9, 0


Hex , Squawk, Flight, alt , pres alt, speed, course, vert_rate,   lat   ,    lon   , air_type, Ti
--------------------------------------------------------------------------------------------
78193A,1575, CSN656  ,1416,   1416,   392,    255,   896,      55.943001, 37.217999, 9, 10


Hex , Squawk, Flight, alt , pres alt, speed, course, vert_rate,   lat   ,    lon   , air_type, Ti
--------------------------------------------------------------------------------------------
152039,7302,         ,3061,   3061,   500,    356,   -1024,      0.000000,  0.000000, 9, 0


Hex , Squawk, Flight, alt , pres alt, speed, course, vert_rate,   lat   ,    lon   , air_type, Ti
--------------------------------------------------------------------------------------------
78193A,1575, CSN656  ,1416,   1416,   392,    255,   896,      55.943001, 37.217999, 9, 10


Hex , Squawk, Flight, alt , pres alt, speed, course, vert_rate,   lat   ,    lon   , air_type, Ti
--------------------------------------------------------------------------------------------
152039,7302,         ,3061,   3061,   500,    356,   -1024,      0.000000,  0.000000, 9, 0


Hex , Squawk, Flight, alt , pres alt, speed, course, vert_rate,   lat   ,    lon   , air_type, Ti
--------------------------------------------------------------------------------------------
78193A,1575, CSN656  ,1416,   1416,   392,    255,   896,      55.943001, 37.217999, 9, 10


Hex , Squawk, Flight, alt , pres alt, speed, course, vert_rate,   lat   ,    lon   , air_type, Ti
--------------------------------------------------------------------------------------------
152039,7302,         ,3061,   3061,   500,    356,   -1024,      0.000000,  0.000000, 9, 0


Hex , Squawk, Flight, alt , pres alt, speed, course, vert_rate,   lat   ,    lon   , air_type, Ti
--------------------------------------------------------------------------------------------
78193A,1575, CSN656  ,1416,   1416,   392,    255,   896,      55.943001, 37.217999, 9, 11


Hex , Squawk, Flight, alt , pres alt, speed, course, vert_rate,   lat   ,    lon   , air_type, Ti
--------------------------------------------------------------------------------------------
152039,7302,         ,3061,   3061,   500,    356,   -1024,      0.000000,  0.000000, 9, 1


Hex , Squawk, Flight, alt , pres alt, speed, course, vert_rate,   lat   ,    lon   , air_type, Ti
--------------------------------------------------------------------------------------------
78193A,1575, CSN656  ,1416,   1416,   392,    255,   896,      55.943001, 37.217999, 9, 11


Hex , Squawk, Flight, alt , pres alt, speed, course, vert_rate,   lat   ,    lon   , air_type, Ti
--------------------------------------------------------------------------------------------
152039,7302,         ,3061,   3061,   500,    356,   -1024,      0.000000,  0.000000, 9, 1


Hex , Squawk, Flight, alt , pres alt, speed, course, vert_rate,   lat   ,    lon   , air_type, Ti
--------------------------------------------------------------------------------------------
78193A,1575, CSN656  ,1416,   1416,   392,    255,   896,      55.943001, 37.217999, 9, 11


Hex , Squawk, Flight, alt , pres alt, speed, course, vert_rate,   lat   ,    lon   , air_type, Ti
--------------------------------------------------------------------------------------------
152039,7302,         ,3061,   3061,   500,    356,   -1024,      0.000000,  0.000000, 9, 1


Hex , Squawk, Flight, alt , pres alt, speed, course, vert_rate,   lat   ,    lon   , air_type, Ti
--------------------------------------------------------------------------------------------
78193A,1575, CSN656  ,1416,   1416,   392,    255,   896,      55.943001, 37.217999, 9, 11


Hex , Squawk, Flight, alt , pres alt, speed, course, vert_rate,   lat   ,    lon   , air_type, Ti
--------------------------------------------------------------------------------------------
152039,7302,         ,3061,   3061,   500,    356,   -1024,      0.000000,  0.000000, 9, 1


Hex , Squawk, Flight, alt , pres alt, speed, course, vert_rate,   lat   ,    lon   , air_type, Ti
--------------------------------------------------------------------------------------------
78193A,1575, CSN656  ,1416,   1416,   392,    255,   896,      55.943001, 37.217999, 9, 12


Hex , Squawk, Flight, alt , pres alt, speed, course, vert_rate,   lat   ,    lon   , air_type, Ti
--------------------------------------------------------------------------------------------
152039,7302,         ,3061,   3061,   500,    356,   -1024,      0.000000,  0.000000, 9, 2


Hex , Squawk, Flight, alt , pres alt, speed, course, vert_rate,   lat   ,    lon   , air_type, Ti
--------------------------------------------------------------------------------------------
78193A,1575, CSN656  ,1416,   1416,   392,    255,   896,      55.943001, 37.217999, 9, 12


Hex , Squawk, Flight, alt , pres alt, speed, course, vert_rate,   lat   ,    lon   , air_type, Ti
--------------------------------------------------------------------------------------------
152039,7302,         ,3061,   3061,   500,    356,   -1024,      0.000000,  0.000000, 9, 0


Hex , Squawk, Flight, alt , pres alt, speed, course, vert_rate,   lat   ,    lon   , air_type, Ti
--------------------------------------------------------------------------------------------
78193A,1575, CSN656  ,1416,   1416,   392,    255,   896,      55.943001, 37.217999, 9, 12


Hex , Squawk, Flight, alt , pres alt, speed, course, vert_rate,   lat   ,    lon   , air_type, Ti
--------------------------------------------------------------------------------------------
152039,7302,         ,3061,   3061,   500,    356,   -1024,      0.000000,  0.000000, 9, 0


Hex , Squawk, Flight, alt , pres alt, speed, course, vert_rate,   lat   ,    lon   , air_type, Ti
--------------------------------------------------------------------------------------------
78193A,1575, CSN656  ,1416,   1416,   392,    255,   896,      55.943001, 37.217999, 9, 12


Hex , Squawk, Flight, alt , pres alt, speed, course, vert_rate,   lat   ,    lon   , air_type, Ti
--------------------------------------------------------------------------------------------
152039,7302,         ,2855,   2855,   500,    356,   -1024,      0.000000,  0.000000, 9, 0


Hex , Squawk, Flight, alt , pres alt, speed, course, vert_rate,   lat   ,    lon   , air_type, Ti
--------------------------------------------------------------------------------------------
78193A,1575, CSN656  ,1416,   1416,   392,    255,   896,      55.943001, 37.217999, 9, 13


Hex , Squawk, Flight, alt , pres alt, speed, course, vert_rate,   lat   ,    lon   , air_type, Ti
--------------------------------------------------------------------------------------------
152039,7302,         ,2855,   2855,   500,    356,   -1024,      0.000000,  0.000000, 9, 0


Hex , Squawk, Flight, alt , pres alt, speed, course, vert_rate,   lat   ,    lon   , air_type, Ti
--------------------------------------------------------------------------------------------
78193A,1575, CSN656  ,1416,   1416,   392,    255,   896,      55.943001, 37.217999, 9, 13


Hex , Squawk, Flight, alt , pres alt, speed, course, vert_rate,   lat   ,    lon   , air_type, Ti
--------------------------------------------------------------------------------------------
152039,7302,         ,2855,   2855,   500,    356,   -1024,      0.000000,  0.000000, 9, 0


Hex , Squawk, Flight, alt , pres alt, speed, course, vert_rate,   lat   ,    lon   , air_type, Ti
--------------------------------------------------------------------------------------------
78193A,1575, CSN656  ,1416,   1416,   392,    255,   896,      55.943001, 37.217999, 9, 13


Hex , Squawk, Flight, alt , pres alt, speed, course, vert_rate,   lat   ,    lon   , air_type, Ti
--------------------------------------------------------------------------------------------
152039,7302,         ,2855,   2855,   500,    356,   -1024,      0.000000,  0.000000, 9, 0


Hex , Squawk, Flight, alt , pres alt, speed, course, vert_rate,   lat   ,    lon   , air_type, Ti
--------------------------------------------------------------------------------------------
78193A,1575, CSN656  ,1416,   1416,   392,    255,   896,      55.943001, 37.217999, 9, 14


Hex , Squawk, Flight, alt , pres alt, speed, course, vert_rate,   lat   ,    lon   , air_type, Ti
--------------------------------------------------------------------------------------------
152039,7302,         ,2855,   2855,   500,    356,   -1024,      0.000000,  0.000000, 9, 1


Hex , Squawk, Flight, alt , pres alt, speed, course, vert_rate,   lat   ,    lon   , air_type, Ti
--------------------------------------------------------------------------------------------
78193A,1575, CSN656  ,1416,   1416,   392,    255,   896,      55.943001, 37.217999, 9, 14


Hex , Squawk, Flight, alt , pres alt, speed, course, vert_rate,   lat   ,    lon   , air_type, Ti
--------------------------------------------------------------------------------------------
152039,7302,         ,2855,   2855,   500,    356,   -1024,      0.000000,  0.000000, 9, 1


Hex , Squawk, Flight, alt , pres alt, speed, course, vert_rate,   lat   ,    lon   , air_type, Ti
--------------------------------------------------------------------------------------------
78193A,1575, CSN656  ,1416,   1416,   392,    255,   896,      55.943001, 37.217999, 9, 14


Hex , Squawk, Flight, alt , pres alt, speed, course, vert_rate,   lat   ,    lon   , air_type, Ti
--------------------------------------------------------------------------------------------
152039,7302,         ,2855,   2855,   500,    356,   -1024,      0.000000,  0.000000, 9, 1


Hex , Squawk, Flight, alt , pres alt, speed, course, vert_rate,   lat   ,    lon   , air_type, Ti
--------------------------------------------------------------------------------------------
78193A,1575, CSN656  ,1416,   1416,   392,    255,   896,      55.943001, 37.217999, 9, 14


Hex , Squawk, Flight, alt , pres alt, speed, course, vert_rate,   lat   ,    lon   , air_type, Ti
--------------------------------------------------------------------------------------------
152039,7302,         ,2855,   2855,   500,    356,   -1024,      0.000000,  0.000000, 9, 1


Hex , Squawk, Flight, alt , pres alt, speed, course, vert_rate,   lat   ,    lon   , air_type, Ti
--------------------------------------------------------------------------------------------
78193A,1575, CSN656  ,1416,   1416,   392,    255,   896,      55.943001, 37.217999, 9, 15


Hex , Squawk, Flight, alt , pres alt, speed, course, vert_rate,   lat   ,    lon   , air_type, Ti
--------------------------------------------------------------------------------------------
152039,7302,         ,2855,   2855,   500,    356,   -1024,      0.000000,  0.000000, 9, 1


Hex , Squawk, Flight, alt , pres alt, speed, course, vert_rate,   lat   ,    lon   , air_type, Ti
--------------------------------------------------------------------------------------------
78193A,1575, CSN656  ,1416,   1416,   392,    255,   896,      55.943001, 37.217999, 9, 15


Hex , Squawk, Flight, alt , pres alt, speed, course, vert_rate,   lat   ,    lon   , air_type, Ti
--------------------------------------------------------------------------------------------
152039,7302,         ,2855,   2855,   500,    356,   -1024,      0.000000,  0.000000, 9, 1


Hex , Squawk, Flight, alt , pres alt, speed, course, vert_rate,   lat   ,    lon   , air_type, Ti
--------------------------------------------------------------------------------------------
78193A,1575, CSN656  ,1416,   1416,   392,    255,   896,      55.943001, 37.217999, 9, 15


Hex , Squawk, Flight, alt , pres alt, speed, course, vert_rate,   lat   ,    lon   , air_type, Ti
--------------------------------------------------------------------------------------------
152039,7302,         ,2855,   2855,   500,    356,   -1024,      0.000000,  0.000000, 9, 1


Hex , Squawk, Flight, alt , pres alt, speed, course, vert_rate,   lat   ,    lon   , air_type, Ti
--------------------------------------------------------------------------------------------
78193A,1575, CSN656  ,1416,   1416,   392,    255,   896,      55.943001, 37.217999, 9, 15


Hex , Squawk, Flight, alt , pres alt, speed, course, vert_rate,   lat   ,    lon   , air_type, Ti
--------------------------------------------------------------------------------------------
152039,7302,         ,2855,   2855,   500,    356,   -1024,      0.000000,  0.000000, 9, 1


Hex , Squawk, Flight, alt , pres alt, speed, course, vert_rate,   lat   ,    lon   , air_type, Ti
--------------------------------------------------------------------------------------------
78193A,1575, CSN656  ,1416,   1416,   392,    255,   896,      55.943001, 37.217999, 9, 16


Hex , Squawk, Flight, alt , pres alt, speed, course, vert_rate,   lat   ,    lon   , air_type, Ti
--------------------------------------------------------------------------------------------
152039,7302,         ,2855,   2855,   500,    356,   -1024,      0.000000,  0.000000, 9, 2


Hex , Squawk, Flight, alt , pres alt, speed, course, vert_rate,   lat   ,    lon   , air_type, Ti
--------------------------------------------------------------------------------------------
78193A,1575, CSN656  ,1416,   1416,   392,    255,   896,      55.943001, 37.217999, 9, 16


Hex , Squawk, Flight, alt , pres alt, speed, course, vert_rate,   lat   ,    lon   , air_type, Ti
--------------------------------------------------------------------------------------------
152039,7302,         ,2855,   2855,   500,    356,   -1024,      0.000000,  0.000000, 9, 0


Hex , Squawk, Flight, alt , pres alt, speed, course, vert_rate,   lat   ,    lon   , air_type, Ti
--------------------------------------------------------------------------------------------
78193A,1575, CSN656  ,1416,   1416,   392,    255,   896,      55.943001, 37.217999, 9, 16


Hex , Squawk, Flight, alt , pres alt, speed, course, vert_rate,   lat   ,    lon   , air_type, Ti
--------------------------------------------------------------------------------------------
152039,7302,         ,2855,   2855,   500,    356,   -1024,      0.000000,  0.000000, 9, 0


Hex , Squawk, Flight, alt , pres alt, speed, course, vert_rate,   lat   ,    lon   , air_type, Ti
--------------------------------------------------------------------------------------------
78193A,1575, CSN656  ,1416,   1416,   392,    255,   896,      55.943001, 37.217999, 9, 16


Hex , Squawk, Flight, alt , pres alt, speed, course, vert_rate,   lat   ,    lon   , air_type, Ti
--------------------------------------------------------------------------------------------
152039,7302,         ,2855,   2855,   500,    356,   -1024,      0.000000,  0.000000, 9, 0


Hex , Squawk, Flight, alt , pres alt, speed, course, vert_rate,   lat   ,    lon   , air_type, Ti
--------------------------------------------------------------------------------------------
78193A,1575, CSN656  ,1416,   1416,   392,    255,   896,      55.943001, 37.217999, 9, 17


Hex , Squawk, Flight, alt , pres alt, speed, course, vert_rate,   lat   ,    lon   , air_type, Ti
--------------------------------------------------------------------------------------------
152039,7302,         ,2855,   2855,   500,    356,   -1024,      0.000000,  0.000000, 9, 0


Hex , Squawk, Flight, alt , pres alt, speed, course, vert_rate,   lat   ,    lon   , air_type, Ti
--------------------------------------------------------------------------------------------
78193A,1575, CSN656  ,1416,   1416,   392,    255,   896,      55.943001, 37.217999, 9, 17


Hex , Squawk, Flight, alt , pres alt, speed, course, vert_rate,   lat   ,    lon   , air_type, Ti
--------------------------------------------------------------------------------------------
152039,7302,         ,2855,   2855,   500,    356,   -1024,      0.000000,  0.000000, 9, 0


Hex , Squawk, Flight, alt , pres alt, speed, course, vert_rate,   lat   ,    lon   , air_type, Ti
--------------------------------------------------------------------------------------------
78193A,1575, CSN656  ,1416,   1416,   392,    255,   896,      55.943001, 37.217999, 9, 17


Hex , Squawk, Flight, alt , pres alt, speed, course, vert_rate,   lat   ,    lon   , air_type, Ti
--------------------------------------------------------------------------------------------
152039,7302,         ,2855,   2855,   500,    356,   -1024,      0.000000,  0.000000, 9, 0


Hex , Squawk, Flight, alt , pres alt, speed, course, vert_rate,   lat   ,    lon   , air_type, Ti
--------------------------------------------------------------------------------------------
78193A,1575, CSN656  ,1416,   1416,   392,    255,   896,      55.943001, 37.217999, 9, 17


Hex , Squawk, Flight, alt , pres alt, speed, course, vert_rate,   lat   ,    lon   , air_type, Ti
--------------------------------------------------------------------------------------------
152039,7302,         ,2855,   2855,   500,    356,   -1024,      0.000000,  0.000000, 9, 0


Hex , Squawk, Flight, alt , pres alt, speed, course, vert_rate,   lat   ,    lon   , air_type, Ti
--------------------------------------------------------------------------------------------
78193A,1575, CSN656  ,1416,   1416,   392,    255,   896,      55.943001, 37.217999, 9, 18


Hex , Squawk, Flight, alt , pres alt, speed, course, vert_rate,   lat   ,    lon   , air_type, Ti
--------------------------------------------------------------------------------------------
152039,7302,         ,2855,   2855,   500,    356,   -1024,      0.000000,  0.000000, 9, 1


Hex , Squawk, Flight, alt , pres alt, speed, course, vert_rate,   lat   ,    lon   , air_type, Ti
--------------------------------------------------------------------------------------------
78193A,1575, CSN656  ,1416,   1416,   392,    255,   896,      55.943001, 37.217999, 9, 18


Hex , Squawk, Flight, alt , pres alt, speed, course, vert_rate,   lat   ,    lon   , air_type, Ti
--------------------------------------------------------------------------------------------
152039,7302,         ,2855,   2855,   500,    356,   -1024,      0.000000,  0.000000, 9, 1


Hex , Squawk, Flight, alt , pres alt, speed, course, vert_rate,   lat   ,    lon   , air_type, Ti
--------------------------------------------------------------------------------------------
78193A,1575, CSN656  ,1416,   1416,   392,    255,   896,      55.943001, 37.217999, 9, 18


Hex , Squawk, Flight, alt , pres alt, speed, course, vert_rate,   lat   ,    lon   , air_type, Ti
--------------------------------------------------------------------------------------------
152039,7302,         ,2855,   2855,   500,    356,   -1024,      0.000000,  0.000000, 9, 1


Hex , Squawk, Flight, alt , pres alt, speed, course, vert_rate,   lat   ,    lon   , air_type, Ti
--------------------------------------------------------------------------------------------
78193A,1575, CSN656  ,1416,   1416,   392,    255,   896,      55.943001, 37.217999, 9, 18


Hex , Squawk, Flight, alt , pres alt, speed, course, vert_rate,   lat   ,    lon   , air_type, Ti
--------------------------------------------------------------------------------------------
152039,7302,         ,2855,   2855,   500,    356,   -1024,      0.000000,  0.000000, 9, 1


Hex , Squawk, Flight, alt , pres alt, speed, course, vert_rate,   lat   ,    lon   , air_type, Ti
--------------------------------------------------------------------------------------------
78193A,1575, CSN656  ,1416,   1416,   392,    255,   896,      55.943001, 37.217999, 9, 19


Hex , Squawk, Flight, alt , pres alt, speed, course, vert_rate,   lat   ,    lon   , air_type, Ti
--------------------------------------------------------------------------------------------
152039,7302,         ,2855,   2855,   500,    356,   -1024,      0.000000,  0.000000, 9, 2


Hex , Squawk, Flight, alt , pres alt, speed, course, vert_rate,   lat   ,    lon   , air_type, Ti
--------------------------------------------------------------------------------------------
78193A,1575, CSN656  ,1416,   1416,   392,    255,   896,      55.943001, 37.217999, 9, 19


Hex , Squawk, Flight, alt , pres alt, speed, course, vert_rate,   lat   ,    lon   , air_type, Ti
--------------------------------------------------------------------------------------------
152039,7302,         ,2855,   2855,   500,    356,   -1024,      0.000000,  0.000000, 9, 2


Hex , Squawk, Flight, alt , pres alt, speed, course, vert_rate,   lat   ,    lon   , air_type, Ti
--------------------------------------------------------------------------------------------
78193A,1575, CSN656  ,1416,   1416,   392,    255,   896,      55.943001, 37.217999, 9, 19


Hex , Squawk, Flight, alt , pres alt, speed, course, vert_rate,   lat   ,    lon   , air_type, Ti
--------------------------------------------------------------------------------------------
152039,7302,         ,2855,   2855,   500,    356,   -1024,      0.000000,  0.000000, 9, 2


Hex , Squawk, Flight, alt , pres alt, speed, course, vert_rate,   lat   ,    lon   , air_type, Ti
--------------------------------------------------------------------------------------------
78193A,1575, CSN656  ,1416,   1416,   392,    255,   896,      55.943001, 37.217999, 9, 20


Hex , Squawk, Flight, alt , pres alt, speed, course, vert_rate,   lat   ,    lon   , air_type, Ti
--------------------------------------------------------------------------------------------
152039,7302,         ,2855,   2855,   500,    356,   -1024,      0.000000,  0.000000, 9, 3


Hex , Squawk, Flight, alt , pres alt, speed, course, vert_rate,   lat   ,    lon   , air_type, Ti
--------------------------------------------------------------------------------------------
78193A,1575, CSN656  ,1416,   1416,   392,    255,   896,      55.943001, 37.217999, 9, 20


Hex , Squawk, Flight, alt , pres alt, speed, course, vert_rate,   lat   ,    lon   , air_type, Ti
--------------------------------------------------------------------------------------------
152039,7302,         ,2855,   2855,   500,    356,   -1024,      0.000000,  0.000000, 9, 3


Hex , Squawk, Flight, alt , pres alt, speed, course, vert_rate,   lat   ,    lon   , air_type, Ti
--------------------------------------------------------------------------------------------
78193A,1575, CSN656  ,1416,   1416,   392,    255,   896,      55.943001, 37.217999, 9, 20


Hex , Squawk, Flight, alt , pres alt, speed, course, vert_rate,   lat   ,    lon   , air_type, Ti
--------------------------------------------------------------------------------------------
152039,7302,         ,2817,   2817,   500,    356,   -1024,      0.000000,  0.000000, 9, 0


Hex , Squawk, Flight, alt , pres alt, speed, course, vert_rate,   lat   ,    lon   , air_type, Ti
--------------------------------------------------------------------------------------------
78193A,1575, CSN656  ,1416,   1416,   392,    255,   896,      55.943001, 37.217999, 9, 20


Hex , Squawk, Flight, alt , pres alt, speed, course, vert_rate,   lat   ,    lon   , air_type, Ti
--------------------------------------------------------------------------------------------
152039,7302,         ,2817,   2817,   500,    356,   -1024,      0.000000,  0.000000, 9, 0


Hex , Squawk, Flight, alt , pres alt, speed, course, vert_rate,   lat   ,    lon   , air_type, Ti
--------------------------------------------------------------------------------------------
78193A,1575, CSN656  ,1416,   1416,   392,    255,   896,      55.943001, 37.217999, 9, 21


Hex , Squawk, Flight, alt , pres alt, speed, course, vert_rate,   lat   ,    lon   , air_type, Ti
--------------------------------------------------------------------------------------------
152039,7302,         ,2817,   2817,   500,    356,   -1024,      0.000000,  0.000000, 9, 1


Hex , Squawk, Flight, alt , pres alt, speed, course, vert_rate,   lat   ,    lon   , air_type, Ti
--------------------------------------------------------------------------------------------
78193A,1575, CSN656  ,1416,   1416,   392,    255,   896,      55.943001, 37.217999, 9, 21


Hex , Squawk, Flight, alt , pres alt, speed, course, vert_rate,   lat   ,    lon   , air_type, Ti
--------------------------------------------------------------------------------------------
152039,7302,         ,2817,   2817,   500,    356,   -1024,      0.000000,  0.000000, 9, 1


Hex , Squawk, Flight, alt , pres alt, speed, course, vert_rate,   lat   ,    lon   , air_type, Ti
--------------------------------------------------------------------------------------------
78193A,1575, CSN656  ,1416,   1416,   392,    255,   896,      55.943001, 37.217999, 9, 21


Hex , Squawk, Flight, alt , pres alt, speed, course, vert_rate,   lat   ,    lon   , air_type, Ti
--------------------------------------------------------------------------------------------
152039,7302,         ,2817,   2817,   500,    356,   -1024,      0.000000,  0.000000, 9, 1


Hex , Squawk, Flight, alt , pres alt, speed, course, vert_rate,   lat   ,    lon   , air_type, Ti
--------------------------------------------------------------------------------------------
78193A,1575, CSN656  ,1416,   1416,   392,    255,   896,      55.943001, 37.217999, 9, 21


Hex , Squawk, Flight, alt , pres alt, speed, course, vert_rate,   lat   ,    lon   , air_type, Ti
--------------------------------------------------------------------------------------------
152039,7302,         ,2817,   2817,   500,    356,   -1024,      0.000000,  0.000000, 9, 1


Hex , Squawk, Flight, alt , pres alt, speed, course, vert_rate,   lat   ,    lon   , air_type, Ti
--------------------------------------------------------------------------------------------
78193A,1575, CSN656  ,1416,   1416,   392,    255,   896,      55.943001, 37.217999, 9, 22


Hex , Squawk, Flight, alt , pres alt, speed, course, vert_rate,   lat   ,    lon   , air_type, Ti
--------------------------------------------------------------------------------------------
152039,7302,         ,2817,   2817,   500,    356,   -1024,      0.000000,  0.000000, 9, 2


Hex , Squawk, Flight, alt , pres alt, speed, course, vert_rate,   lat   ,    lon   , air_type, Ti
--------------------------------------------------------------------------------------------
78193A,1575, CSN656  ,1416,   1416,   392,    255,   896,      55.943001, 37.217999, 9, 22


Hex , Squawk, Flight, alt , pres alt, speed, course, vert_rate,   lat   ,    lon   , air_type, Ti
--------------------------------------------------------------------------------------------
152039,7302,         ,2817,   2817,   500,    356,   -1024,      0.000000,  0.000000, 9, 2


Hex , Squawk, Flight, alt , pres alt, speed, course, vert_rate,   lat   ,    lon   , air_type, Ti
--------------------------------------------------------------------------------------------
78193A,1575, CSN656  ,1416,   1416,   392,    255,   896,      55.943001, 37.217999, 9, 22


Hex , Squawk, Flight, alt , pres alt, speed, course, vert_rate,   lat   ,    lon   , air_type, Ti
--------------------------------------------------------------------------------------------
152039,7302,         ,2817,   2817,   500,    356,   -1024,      0.000000,  0.000000, 9, 2


Hex , Squawk, Flight, alt , pres alt, speed, course, vert_rate,   lat   ,    lon   , air_type, Ti
--------------------------------------------------------------------------------------------
78193A,1575, CSN656  ,1416,   1416,   392,    255,   896,      55.943001, 37.217999, 9, 22


Hex , Squawk, Flight, alt , pres alt, speed, course, vert_rate,   lat   ,    lon   , air_type, Ti
--------------------------------------------------------------------------------------------
152039,7302,         ,2817,   2817,   500,    356,   -1024,      0.000000,  0.000000, 9, 2


Hex , Squawk, Flight, alt , pres alt, speed, course, vert_rate,   lat   ,    lon   , air_type, Ti
--------------------------------------------------------------------------------------------
78193A,1575, CSN656  ,1416,   1416,   392,    255,   896,      55.943001, 37.217999, 9, 23


Hex , Squawk, Flight, alt , pres alt, speed, course, vert_rate,   lat   ,    lon   , air_type, Ti
--------------------------------------------------------------------------------------------
152039,7302,         ,2817,   2817,   500,    356,   -1024,      0.000000,  0.000000, 9, 3


Hex , Squawk, Flight, alt , pres alt, speed, course, vert_rate,   lat   ,    lon   , air_type, Ti
--------------------------------------------------------------------------------------------
78193A,1575, CSN656  ,1416,   1416,   392,    255,   896,      55.943001, 37.217999, 9, 23


Hex , Squawk, Flight, alt , pres alt, speed, course, vert_rate,   lat   ,    lon   , air_type, Ti
--------------------------------------------------------------------------------------------
152039,7302,         ,2817,   2817,   500,    356,   -1024,      0.000000,  0.000000, 9, 3


Hex , Squawk, Flight, alt , pres alt, speed, course, vert_rate,   lat   ,    lon   , air_type, Ti
--------------------------------------------------------------------------------------------
78193A,1575, CSN656  ,1416,   1416,   392,    255,   896,      55.943001, 37.217999, 9, 23


Hex , Squawk, Flight, alt , pres alt, speed, course, vert_rate,   lat   ,    lon   , air_type, Ti
--------------------------------------------------------------------------------------------
152039,7302,         ,2817,   2817,   500,    356,   -1024,      0.000000,  0.000000, 9, 3


Hex , Squawk, Flight, alt , pres alt, speed, course, vert_rate,   lat   ,    lon   , air_type, Ti
--------------------------------------------------------------------------------------------
78193A,1575, CSN656  ,1416,   1416,   392,    255,   896,      55.943001, 37.217999, 9, 23


Hex , Squawk, Flight, alt , pres alt, speed, course, vert_rate,   lat   ,    lon   , air_type, Ti
--------------------------------------------------------------------------------------------
152039,7302,         ,2817,   2817,   500,    356,   -1024,      0.000000,  0.000000, 9, 3


Hex , Squawk, Flight, alt , pres alt, speed, course, vert_rate,   lat   ,    lon   , air_type, Ti
--------------------------------------------------------------------------------------------
78193A,1575, CSN656  ,1416,   1416,   392,    255,   896,      55.943001, 37.217999, 9, 24


Hex , Squawk, Flight, alt , pres alt, speed, course, vert_rate,   lat   ,    lon   , air_type, Ti
--------------------------------------------------------------------------------------------
152039,7302,         ,2817,   2817,   500,    356,   -1024,      0.000000,  0.000000, 9, 4


Hex , Squawk, Flight, alt , pres alt, speed, course, vert_rate,   lat   ,    lon   , air_type, Ti
--------------------------------------------------------------------------------------------
78193A,1575, CSN656  ,1416,   1416,   392,    255,   896,      55.943001, 37.217999, 9, 24


Hex , Squawk, Flight, alt , pres alt, speed, course, vert_rate,   lat   ,    lon   , air_type, Ti
--------------------------------------------------------------------------------------------
152039,7302,         ,2817,   2817,   500,    356,   -1024,      0.000000,  0.000000, 9, 4


Hex , Squawk, Flight, alt , pres alt, speed, course, vert_rate,   lat   ,    lon   , air_type, Ti
--------------------------------------------------------------------------------------------
78193A,1575, CSN656  ,1416,   1416,   392,    255,   896,      55.943001, 37.217999, 9, 24


Hex , Squawk, Flight, alt , pres alt, speed, course, vert_rate,   lat   ,    lon   , air_type, Ti
--------------------------------------------------------------------------------------------
152039,7302,         ,2817,   2817,   500,    356,   -1024,      0.000000,  0.000000, 9, 4


Hex , Squawk, Flight, alt , pres alt, speed, course, vert_rate,   lat   ,    lon   , air_type, Ti
--------------------------------------------------------------------------------------------
78193A,1575, CSN656  ,1416,   1416,   392,    255,   896,      55.943001, 37.217999, 9, 25


Hex , Squawk, Flight, alt , pres alt, speed, course, vert_rate,   lat   ,    lon   , air_type, Ti
--------------------------------------------------------------------------------------------
152039,7302,         ,2817,   2817,   500,    356,   -1024,      0.000000,  0.000000, 9, 5


Hex , Squawk, Flight, alt , pres alt, speed, course, vert_rate,   lat   ,    lon   , air_type, Ti
--------------------------------------------------------------------------------------------
78193A,1575, CSN656  ,1416,   1416,   392,    255,   896,      55.943001, 37.217999, 9, 25


Hex , Squawk, Flight, alt , pres alt, speed, course, vert_rate,   lat   ,    lon   , air_type, Ti
--------------------------------------------------------------------------------------------
152039,7302,         ,2817,   2817,   500,    356,   -1024,      0.000000,  0.000000, 9, 5


Hex , Squawk, Flight, alt , pres alt, speed, course, vert_rate,   lat   ,    lon   , air_type, Ti
--------------------------------------------------------------------------------------------
78193A,1575, CSN656  ,1416,   1416,   392,    255,   896,      55.943001, 37.217999, 9, 25


Hex , Squawk, Flight, alt , pres alt, speed, course, vert_rate,   lat   ,    lon   , air_type, Ti
--------------------------------------------------------------------------------------------
152039,7302,         ,2817,   2817,   500,    356,   -1024,      0.000000,  0.000000, 9, 5


Hex , Squawk, Flight, alt , pres alt, speed, course, vert_rate,   lat   ,    lon   , air_type, Ti
--------------------------------------------------------------------------------------------
78193A,1575, CSN656  ,1416,   1416,   392,    255,   896,      55.943001, 37.217999, 9, 25


Hex , Squawk, Flight, alt , pres alt, speed, course, vert_rate,   lat   ,    lon   , air_type, Ti
--------------------------------------------------------------------------------------------
152039,7302,         ,2817,   2817,   500,    356,   -1024,      0.000000,  0.000000, 9, 5


Hex , Squawk, Flight, alt , pres alt, speed, course, vert_rate,   lat   ,    lon   , air_type, Ti
--------------------------------------------------------------------------------------------
78193A,1575, CSN656  ,1416,   1416,   392,    255,   896,      55.943001, 37.217999, 9, 26


Hex , Squawk, Flight, alt , pres alt, speed, course, vert_rate,   lat   ,    lon   , air_type, Ti
--------------------------------------------------------------------------------------------
152039,7302,         ,2817,   2817,   500,    356,   -1024,      0.000000,  0.000000, 9, 6


Hex , Squawk, Flight, alt , pres alt, speed, course, vert_rate,   lat   ,    lon   , air_type, Ti
--------------------------------------------------------------------------------------------
78193A,1575, CSN656  ,1416,   1416,   392,    255,   896,      55.943001, 37.217999, 9, 26


Hex , Squawk, Flight, alt , pres alt, speed, course, vert_rate,   lat   ,    lon   , air_type, Ti
--------------------------------------------------------------------------------------------
152039,7302,         ,2817,   2817,   500,    356,   -1024,      0.000000,  0.000000, 9, 6


Hex , Squawk, Flight, alt , pres alt, speed, course, vert_rate,   lat   ,    lon   , air_type, Ti
--------------------------------------------------------------------------------------------
78193A,1575, CSN656  ,1416,   1416,   392,    255,   896,      55.943001, 37.217999, 9, 26


Hex , Squawk, Flight, alt , pres alt, speed, course, vert_rate,   lat   ,    lon   , air_type, Ti
--------------------------------------------------------------------------------------------
152039,7302,         ,2817,   2817,   500,    356,   -1024,      0.000000,  0.000000, 9, 6


Hex , Squawk, Flight, alt , pres alt, speed, course, vert_rate,   lat   ,    lon   , air_type, Ti
--------------------------------------------------------------------------------------------
78193A,1575, CSN656  ,1416,   1416,   392,    255,   896,      55.943001, 37.217999, 9, 26


Hex , Squawk, Flight, alt , pres alt, speed, course, vert_rate,   lat   ,    lon   , air_type, Ti
--------------------------------------------------------------------------------------------
152039,7302,         ,2817,   2817,   500,    356,   -1024,      0.000000,  0.000000, 9, 6


Hex , Squawk, Flight, alt , pres alt, speed, course, vert_rate,   lat   ,    lon   , air_type, Ti
--------------------------------------------------------------------------------------------
78193A,1575, CSN656  ,1416,   1416,   392,    255,   896,      55.943001, 37.217999, 9, 27


Hex , Squawk, Flight, alt , pres alt, speed, course, vert_rate,   lat   ,    lon   , air_type, Ti
--------------------------------------------------------------------------------------------
152039,7302,         ,2817,   2817,   500,    356,   -1024,      0.000000,  0.000000, 9, 7


Hex , Squawk, Flight, alt , pres alt, speed, course, vert_rate,   lat   ,    lon   , air_type, Ti
--------------------------------------------------------------------------------------------
78193A,1575, CSN656  ,1416,   1416,   392,    255,   896,      55.943001, 37.217999, 9, 27


Hex , Squawk, Flight, alt , pres alt, speed, course, vert_rate,   lat   ,    lon   , air_type, Ti
--------------------------------------------------------------------------------------------
152039,7302,         ,2817,   2817,   500,    356,   -1024,      0.000000,  0.000000, 9, 7


Hex , Squawk, Flight, alt , pres alt, speed, course, vert_rate,   lat   ,    lon   , air_type, Ti
--------------------------------------------------------------------------------------------
78193A,1575, CSN656  ,1416,   1416,   392,    255,   896,      55.943001, 37.217999, 9, 27


Hex , Squawk, Flight, alt , pres alt, speed, course, vert_rate,   lat   ,    lon   , air_type, Ti
--------------------------------------------------------------------------------------------
152039,7302,         ,2817,   2817,   500,    356,   -1024,      0.000000,  0.000000, 9, 7


Hex , Squawk, Flight, alt , pres alt, speed, course, vert_rate,   lat   ,    lon   , air_type, Ti
--------------------------------------------------------------------------------------------
78193A,1575, CSN656  ,1416,   1416,   392,    255,   896,      55.943001, 37.217999, 9, 27


Hex , Squawk, Flight, alt , pres alt, speed, course, vert_rate,   lat   ,    lon   , air_type, Ti
--------------------------------------------------------------------------------------------
152039,7302,         ,2817,   2817,   500,    356,   -1024,      0.000000,  0.000000, 9, 7


Hex , Squawk, Flight, alt , pres alt, speed, course, vert_rate,   lat   ,    lon   , air_type, Ti
--------------------------------------------------------------------------------------------
78193A,1575, CSN656  ,1416,   1416,   392,    255,   896,      55.943001, 37.217999, 9, 28


Hex , Squawk, Flight, alt , pres alt, speed, course, vert_rate,   lat   ,    lon   , air_type, Ti
--------------------------------------------------------------------------------------------
152039,7302,         ,2817,   2817,   500,    356,   -1024,      0.000000,  0.000000, 9, 8


Hex , Squawk, Flight, alt , pres alt, speed, course, vert_rate,   lat   ,    lon   , air_type, Ti
--------------------------------------------------------------------------------------------
78193A,1575, CSN656  ,1416,   1416,   392,    255,   896,      55.943001, 37.217999, 9, 28


Hex , Squawk, Flight, alt , pres alt, speed, course, vert_rate,   lat   ,    lon   , air_type, Ti
--------------------------------------------------------------------------------------------
152039,7302,         ,2817,   2817,   500,    356,   -1024,      0.000000,  0.000000, 9, 8


Hex , Squawk, Flight, alt , pres alt, speed, course, vert_rate,   lat   ,    lon   , air_type, Ti
--------------------------------------------------------------------------------------------
78193A,1575, CSN656  ,1416,   1416,   392,    255,   896,      55.943001, 37.217999, 9, 28


Hex , Squawk, Flight, alt , pres alt, speed, course, vert_rate,   lat   ,    lon   , air_type, Ti
--------------------------------------------------------------------------------------------
152039,7302,         ,2817,   2817,   500,    356,   -1024,      0.000000,  0.000000, 9, 8


Hex , Squawk, Flight, alt , pres alt, speed, course, vert_rate,   lat   ,    lon   , air_type, Ti
--------------------------------------------------------------------------------------------
78193A,1575, CSN656  ,1416,   1416,   392,    255,   896,      55.943001, 37.217999, 9, 28


Hex , Squawk, Flight, alt , pres alt, speed, course, vert_rate,   lat   ,    lon   , air_type, Ti
--------------------------------------------------------------------------------------------
152039,7302,         ,2817,   2817,   500,    356,   -1024,      0.000000,  0.000000, 9, 8


Hex , Squawk, Flight, alt , pres alt, speed, course, vert_rate,   lat   ,    lon   , air_type, Ti
--------------------------------------------------------------------------------------------
78193A,1575, CSN656  ,1416,   1416,   392,    255,   896,      55.943001, 37.217999, 9, 29


Hex , Squawk, Flight, alt , pres alt, speed, course, vert_rate,   lat   ,    lon   , air_type, Ti
--------------------------------------------------------------------------------------------
152039,7302,         ,2817,   2817,   500,    356,   -1024,      0.000000,  0.000000, 9, 9


Hex , Squawk, Flight, alt , pres alt, speed, course, vert_rate,   lat   ,    lon   , air_type, Ti
--------------------------------------------------------------------------------------------
78193A,1575, CSN656  ,1416,   1416,   392,    255,   896,      55.943001, 37.217999, 9, 29


Hex , Squawk, Flight, alt , pres alt, speed, course, vert_rate,   lat   ,    lon   , air_type, Ti
--------------------------------------------------------------------------------------------
152039,7302,         ,2817,   2817,   500,    356,   -1024,      0.000000,  0.000000, 9, 9


Hex , Squawk, Flight, alt , pres alt, speed, course, vert_rate,   lat   ,    lon   , air_type, Ti
--------------------------------------------------------------------------------------------
78193A,1575, CSN656  ,1416,   1416,   392,    255,   896,      55.943001, 37.217999, 9, 29


Hex , Squawk, Flight, alt , pres alt, speed, course, vert_rate,   lat   ,    lon   , air_type, Ti
--------------------------------------------------------------------------------------------
152039,7302,         ,2817,   2817,   500,    356,   -1024,      0.000000,  0.000000, 9, 9


Hex , Squawk, Flight, alt , pres alt, speed, course, vert_rate,   lat   ,    lon   , air_type, Ti
--------------------------------------------------------------------------------------------
78193A,1575, CSN656  ,1416,   1416,   392,    255,   896,      55.943001, 37.217999, 9, 30


Hex , Squawk, Flight, alt , pres alt, speed, course, vert_rate,   lat   ,    lon   , air_type, Ti
--------------------------------------------------------------------------------------------
152039,7302,         ,2817,   2817,   500,    356,   -1024,      0.000000,  0.000000, 9, 10


Hex , Squawk, Flight, alt , pres alt, speed, course, vert_rate,   lat   ,    lon   , air_type, Ti
--------------------------------------------------------------------------------------------
78193A,1575, CSN656  ,1416,   1416,   392,    255,   896,      55.943001, 37.217999, 9, 30


Hex , Squawk, Flight, alt , pres alt, speed, course, vert_rate,   lat   ,    lon   , air_type, Ti
--------------------------------------------------------------------------------------------
152039,7302,         ,2817,   2817,   500,    356,   -1024,      0.000000,  0.000000, 9, 10


Hex , Squawk, Flight, alt , pres alt, speed, course, vert_rate,   lat   ,    lon   , air_type, Ti
--------------------------------------------------------------------------------------------
78193A,1575, CSN656  ,1416,   1416,   392,    255,   896,      55.943001, 37.217999, 9, 30


Hex , Squawk, Flight, alt , pres alt, speed, course, vert_rate,   lat   ,    lon   , air_type, Ti
--------------------------------------------------------------------------------------------
152039,7302,         ,2817,   2817,   500,    356,   -1024,      0.000000,  0.000000, 9, 10


Hex , Squawk, Flight, alt , pres alt, speed, course, vert_rate,   lat   ,    lon   , air_type, Ti
--------------------------------------------------------------------------------------------
78193A,1575, CSN656  ,1416,   1416,   392,    255,   896,      55.943001, 37.217999, 9, 30


Hex , Squawk, Flight, alt , pres alt, speed, course, vert_rate,   lat   ,    lon   , air_type, Ti
--------------------------------------------------------------------------------------------
152039,7302,         ,2817,   2817,   500,    356,   -1024,      0.000000,  0.000000, 9, 10


Hex , Squawk, Flight, alt , pres alt, speed, course, vert_rate,   lat   , 
-----------------------------------------------
Date: 21.07.2024 - 21:49:22
End log file
