C51 COMPILER V9.00   OSD_MENU                                                              04/13/2015 11:40:46 PAGE 1   


C51 COMPILER V9.00, COMPILATION OF MODULE OSD_MENU
OBJECT MODULE PLACED IN ..\Hex\Osd_Menu.obj
COMPILER INVOKED BY: C:\Program Files\App Software\Keil V4\C51\BIN\C51.EXE ..\..\..\OSD\Osd_Menu.c BROWSE INCDIR(..\..\.
                    -.\OSD;..\..\..\OSD\Logo;../../../Inc;../../../UserConfig;../../../ARKLib;../../../UserConfig/Prj config;..\..\..\LCD Pan
                    -nels;..\..\..\LCD Pannels\LCD parameter;..\..\..\GetUserInput;..\..\..\GetUserInput\Ir;..\..\..\GetUserInput\Key;..\..\.
                    -.\GetUserInput\GPIO;..\..\..\Device driver\AMT;..\..\..\Device driver\ArkChip;..\..\..\Device driver\Mcu;..\..\..\Device
                    - driver\Flash;..\..\..\Device driver\I2C;..\..\..\Device driver\E2prom;..\..\..\Device driver\WT5700;..\..\..\Device dri
                    -ver\Kt0803l;..\..\..\Device driver\BT;..\..\..\Debug) DEBUG OBJECTEXTEND PRINT(..\List\Osd_Menu.lst) OBJECT(..\Hex\Osd_M
                    -enu.obj)

line level    source

   1          #define _OSD_MENU_C
   2          
   3          #include "DataType.h"
   4          #include "SystemConfig.h"
   5          #include "Global.h"
   6          #include "MsgMap.h"
   7          #include "sysWorkPara.h"
   8          #include "sysPower.h" 
   9          #include "videoProc.h"
  10          #include "configLCDPara.h"
  11          #include "Debug.h"
  12          #include "Delay.h"
  13          #include "mcu.h"
  14          #include "interrupt.h"
  15          #include "AMT_REG.H"
  16          #include "AMT_Drv.h"
  17          #include "AMT_MCU.h"
  18          #include "BT_UartRec.h"
  19          #include "Osd_Menu.h"
  20          #include "Osd_MenuPage.h"
  21          #include "Osd_MenuTbl.h"
  22          #include "IrMap.h"
  23          #include "Ir.h"
  24          
  25          
  26          #if OSD_STYLE_TYPE != OSD_STYLE_ARK
                "当前OSD风格不匹配，请设置为ARK OSD风格。"
              #endif//OSD_STYLE_TYPE == OSD_STYLE_ARK
  29          
  30          
  31          UCHAR KeyMsgProcess(MSG curMsg)
  32          {
  33   1           UCHAR ucComd = COMD_Nothing;
  34   1               
  35   1           switch(curMsg)
  36   1           {
  37   2                 case MSG_UPK_UP:
  38   2                          printfStr("MSG_UPK_UP");
  39   2                          SetSaveFlagEn();
  40   2                          
  41   2                          #ifdef BuzzerEn
                                      if(g_UserInputInfo.Type & KeyType)
                                      {
                                              if(IsPowerOn())  
                                              {                                 
                                                 if(inputPress == g_UserInputInfo.Status)
                                                 { 
                                                       SetBuzzerOn();
                                                 }
C51 COMPILER V9.00   OSD_MENU                                                              04/13/2015 11:40:46 PAGE 2   

                                          }
                                      }
                                  #endif
  53   2                      break;
  54   2                              
  55   2                 case MSG_UPK_DOWN:
  56   2                          printfStr("MSG_UPK_DOWN");
  57   2                          SetSaveFlagEn();
  58   2      
  59   2                              #ifdef BuzzerEn
                                      if(g_UserInputInfo.Type & KeyType)
                                      {
                                              if(IsPowerOn())  
                                              {                                 
                                                 if(inputPress == g_UserInputInfo.Status)
                                                 { 
                                                       SetBuzzerOn();
                                                 }
                                          }
                                      }
                                  #endif
  71   2                      break;
  72   2                              
  73   2                 case MSG_UPK_LEFT:
  74   2                          printfStr("MSG_UPK_LEFT");
  75   2                          SetSaveFlagEn();
  76   2      
  77   2                          #ifdef BuzzerEn
                                      if(g_UserInputInfo.Type & KeyType)
                                      {
                                              if(IsPowerOn())  
                                              {                                 
                                                 if(inputPress == g_UserInputInfo.Status)
                                                 { 
                                                       SetBuzzerOn();
                                                 }
                                          }
                                      }
                                  #endif
  89   2                      break;
  90   2                              
  91   2                 case MSG_UPK_RIGHT:
  92   2                          printfStr("MSG_UPK_RIGHT");
  93   2                          SetSaveFlagEn();
  94   2      
  95   2                          #ifdef BuzzerEn
                                      if(g_UserInputInfo.Type & KeyType)
                                      {
                                              if(IsPowerOn())  
                                              {                                 
                                                 if(inputPress == g_UserInputInfo.Status)
                                                 { 
                                                       SetBuzzerOn();
                                                 }
                                          }
                                      }
                                  #endif
 107   2                      break;
 108   2                              
 109   2                 case MSG_UPK_MENU:
 110   2                          printfStr("MSG_UPK_MENU");
 111   2      
C51 COMPILER V9.00   OSD_MENU                                                              04/13/2015 11:40:46 PAGE 3   

 112   2                              #ifdef BuzzerEn
                                      if(g_UserInputInfo.Type & KeyType)
                                      {
                                              if(IsPowerOn())  
                                              {                                 
                                                 if(inputPress == g_UserInputInfo.Status)
                                                 { 
                                                       SetBuzzerOn();
                                                 }
                                          }
                                      }
                                  #endif
 124   2                              
 125   2                      break;
 126   2                              
 127   2                 case MSG_UPK_VOLUME_INC:
 128   2                          printfStr("MSG_UPK_VOLUME_INC");
 129   2                          SetSaveFlagEn();
 130   2      
 131   2                              #ifdef BuzzerEn
                                      if(g_UserInputInfo.Type & KeyType)
                                      {
                                              if(IsPowerOn())  
                                              {                                 
                                                 if(inputPress == g_UserInputInfo.Status)
                                                 { 
                                                       SetBuzzerOn();
                                                 }
                                          }
                                      }
                                  #endif
 143   2                      break;
 144   2                              
 145   2                 case MSG_UPK_VOLUME_DEC:
 146   2                          printfStr("MSG_UPK_VOLUME_DEC");
 147   2                          SetSaveFlagEn();
 148   2      
 149   2                              #ifdef BuzzerEn
                                      if(g_UserInputInfo.Type & KeyType)
                                      {
                                              if(IsPowerOn())  
                                              {                                 
                                                 if(inputPress == g_UserInputInfo.Status)
                                                 { 
                                                       SetBuzzerOn();
                                                 }
                                          }
                                      }
                                  #endif
 161   2                      break;
 162   2                              
 163   2                 case MSG_UPK_BRIGHTNESS:
 164   2                  printfStr("MSG_UPK_BRIGHTNESS");
 165   2                          SetSaveFlagEn();
 166   2                              
 167   2                              #ifdef BuzzerEn
                                      if(g_UserInputInfo.Type & KeyType)
                                      {
                                              if(IsPowerOn())  
                                              {                                 
                                                 if(inputPress == g_UserInputInfo.Status)
                                                 { 
C51 COMPILER V9.00   OSD_MENU                                                              04/13/2015 11:40:46 PAGE 4   

                                                       SetBuzzerOn();
                                                 }
                                          }
                                      }
                                  #endif                      
 179   2                      break;
 180   2      
 181   2                 case MSG_UPK_CONTRAST:
 182   2                  printfStr("MSG_UPK_CONTRAST");
 183   2                          SetSaveFlagEn();
 184   2                              
 185   2                              #ifdef BuzzerEn
                                      if(g_UserInputInfo.Type & KeyType)
                                      {
                                              if(IsPowerOn())  
                                              {                                 
                                                 if(inputPress == g_UserInputInfo.Status)
                                                 { 
                                                       SetBuzzerOn();
                                                 }
                                          }
                                      }
                                  #endif                      
 197   2                      break;
 198   2      
 199   2                 case MSG_UPK_SATURATION:
 200   2                  printfStr("MSG_UPK_SATURATION");
 201   2                          SetSaveFlagEn();
 202   2                              
 203   2                              #ifdef BuzzerEn
                                      if(g_UserInputInfo.Type & KeyType)
                                      {
                                              if(IsPowerOn())  
                                              {                                 
                                                 if(inputPress == g_UserInputInfo.Status)
                                                 { 
                                                       SetBuzzerOn();
                                                 }
                                          }
                                      }
                                  #endif                      
 215   2                      break;
 216   2                              
 217   2                 case MSG_UPK_MUTEONOFF:
 218   2                          printfStr("MSG_UPK_MUTEONOFF");
 219   2                          SetSaveFlagEn();
 220   2      
 221   2                              #ifdef BuzzerEn
                                      if(g_UserInputInfo.Type & KeyType)
                                      {
                                              if(IsPowerOn())  
                                              {                                 
                                                 if(inputPress == g_UserInputInfo.Status)
                                                 { 
                                                       SetBuzzerOn();
                                                 }
                                          }
                                      }
                                  #endif
 233   2                      break;
 234   2                              
 235   2                 case MSG_UPK_MODE:
C51 COMPILER V9.00   OSD_MENU                                                              04/13/2015 11:40:46 PAGE 5   

 236   2                  printfStr("MSG_UPK_MODE");
 237   2                          SetSaveFlagEn(); 
 238   2                              
 239   2                              #ifdef BuzzerEn
                                      if(g_UserInputInfo.Type & KeyType)
                                      {
                                              if(IsPowerOn())  
                                              {                                 
                                                 if(inputPress == g_UserInputInfo.Status)
                                                 { 
                                                       SetBuzzerOn();
                                                 }
                                          }
                                      }
                                  #endif              
 251   2                      break;
 252   2      
 253   2                 case MSG_UPK_SYS:
 254   2                  printfStr("MSG_UPK_SYS");
 255   2                          SetSaveFlagEn();
 256   2      
 257   2                              if(OFF == g_sysSetting.Factory.flipswitch)
 258   2                              {
 259   3                                 return COMD_Nothing;
 260   3                              }
 261   2                              
 262   2                              #ifdef BuzzerEn
                                      if(g_UserInputInfo.Type & KeyType)
                                      {
                                              if(IsPowerOn())  
                                              {                                 
                                                 if(inputPress == g_UserInputInfo.Status)
                                                 { 
                                                       SetBuzzerOn();
                                                 }
                                          }
                                      }
                                  #endif              
 274   2                      break;
 275   2                              
 276   2                 case MSG_UPK_SOURCE_SWITCH:
 277   2                          printfStr("MSG_UPK_SOURCE_SWITCH");
 278   2                          SetSaveFlagEn();
 279   2      
 280   2                              #ifdef BuzzerEn
                                      if(g_UserInputInfo.Type & KeyType)
                                      {
                                              if(IsPowerOn())  
                                              {                                 
                                                 if(inputPress == g_UserInputInfo.Status)
                                                 { 
                                                       SetBuzzerOn();
                                                 }
                                          }
                                      }
                                  #endif
 292   2      
 293   2                          if((g_sysSetting.Car.status == CAR_PON_REVERSING) || (g_sysSetting.Car.status == CAR_POF_REVERSIN
             -G))
 294   2                          {
 295   3                              return COMD_Nothing;
 296   3                          }
C51 COMPILER V9.00   OSD_MENU                                                              04/13/2015 11:40:46 PAGE 6   

 297   2                      break;
 298   2                              
 299   2                 case MSG_UPK_POWER:
 300   2                          printfStr("MSG_UPK_POWER");
 301   2                          SetSaveFlagEn();
 302   2      
 303   2                              #ifdef BuzzerEn
                                      if(g_UserInputInfo.Type & KeyType)
                                      {  
                                         if(inputPress == g_UserInputInfo.Status)
                                         { 
                                                       SetBuzzerOn();
                                         }
                                      }
                          #endif
 312   2      
 313   2                          if((g_sysSetting.Car.status == CAR_PON_REVERSING) || (g_sysSetting.Car.status == CAR_POF_REVERSIN
             -G))
 314   2                          {
 315   3                              return COMD_Nothing;
 316   3                          }
 317   2                      break;
 318   2                              
 319   2                      default:
 320   2                              break;
 321   2           }
 322   1               
 323   1           //按键OSD处理:
 324   1               ucComd = FindComdInCurMenuItem(curMsg);         
 325   1               return ucComd;
 326   1      }
 327          
 328          /***********************************************************
 329          *name:           FindComdInCurMenuItem(MSG curMsg)
 330          *input:      curMsg
 331          *output:     comd 
 332          *update:     2012-01-13
 333          *state:      allright
 334          
 335          *description:   
 336                     从当前的Item 找到相应的输入命令，并返回此命令值.(MSG -> COMD) 
 337          
 338          *history:
 339          ************************************************************/
 340          UCHAR FindComdInCurMenuItem(MSG curMsg)
 341          { 
 342   1          UCHAR XDATA ucComd = COMD_Nothing;  
 343   1          UCHAR XDATA ucIndex;
 344   1              
 345   1      #define CheckInputSource ((CurrentMenuItem.KeyComdMap[ucIndex].Source == g_sysSetting.Video.curSource)||(C
             -urrentMenuItem.KeyComdMap[ucIndex].Source == ALL_INPUT_SOURCE))
 346   1      
 347   1      FindComdAgain:
 348   1      
 349   1              for(ucIndex=0;ucIndex<CurrentMenuItem.ComdCount; ucIndex++)
 350   1              {
 351   2                  if((CurrentMenuItem.KeyComdMap[ucIndex].Msg == curMsg)&&CheckInputSource)
 352   2                  {   
 353   3                              if(CurrentMenuItem.KeyComdMap[ucIndex].cConditions & g_UserInputInfo.Status)
 354   3                              {
 355   4                                      ucComd = CurrentMenuItem.KeyComdMap[ucIndex].Comd;  
 356   4                                      return ucComd;
C51 COMPILER V9.00   OSD_MENU                                                              04/13/2015 11:40:46 PAGE 7   

 357   4                              }
 358   3                              else
 359   3                              {   
 360   4                      if(FindMenuPageIndex(Osd_RootMenu) == g_ucMenuPageIndex)
 361   4                      {
 362   5                         continue; 
 363   5                      }
 364   4                                      else
 365   4                                      {
 366   5                                         return COMD_Nothing;
 367   5                                      }
 368   4                              }
 369   3                  }
 370   2              }
 371   1          /*表示此按键信息在当前菜单中无效，切换到根菜单*/
 372   1              if(FindMenuPageIndex(Osd_RootMenu) != g_ucMenuPageIndex)
 373   1              {   
 374   2                      g_ucMenuPageIndex = FindMenuPageIndex(Osd_RootMenu);
 375   2                      g_ucMenuItemIndex = 0; 
 376   2                      goto FindComdAgain;
 377   2              }
 378   1              return COMD_Nothing;    
 379   1      }
 380          
 381          
 382          BOOL ExectComd(ComdType OpratComd)
 383          {
 384   1          BOOL OpratComdFlg = TRUE;
 385   1              
 386   1          while(OpratComdFlg)
 387   1          {
 388   2              OpratComdFlg = FALSE;
 389   2                      
 390   2              switch (OpratComd)
 391   2              {
 392   3                              case COMD_IncValue:
 393   3                              case COMD_DecValue:
 394   3                              if(CurrentMenuItem.AdjustFunction)
 395   3                              {
 396   4                                   if(CurrentMenuItem.AdjustFunction(OpratComd))
 397   4                                   {
 398   5                                        DrawOsdMenuItemValue(CurrentMenuItem.ItemValue,osdSel); 
 399   5                                   }
 400   4                              }
 401   3                                      if(CurrentMenuItem.ExecFunction)
 402   3                                      {
 403   4                                              CurrentMenuItem.ExecFunction();
 404   4                                      }
 405   3                                      break;
 406   3      
 407   3                              case COMD_NextItem:
 408   3                              case COMD_PrevItem:
 409   3                                       DrawOsdMenuItem(&CurrentMenuItem, osdDraw);
 410   3                                       if(OpratComd == COMD_NextItem)
 411   3                                       {
 412   4                                            g_ucMenuItemIndex = GetNextItem();  
 413   4                                                //printf("netx g_ucMenuItemIndex = %x", g_ucMenuItemIndex);
 414   4                                       }
 415   3                                       else
 416   3                                       {
 417   4                                                g_ucMenuItemIndex = GetPrevItem();
 418   4                                                //printf("prev g_ucMenuItemIndex = %x", g_ucMenuItemIndex);
C51 COMPILER V9.00   OSD_MENU                                                              04/13/2015 11:40:46 PAGE 8   

 419   4                                       }
 420   3                       if(FindMenuPageIndex(Osd_FactoryMenu) ==g_ucMenuPageIndex)  
 421   3                                       { 
 422   4                                           g_ucFactoryMenuItemIndex = g_ucMenuItemIndex;
 423   4                                       }
 424   3                                      DrawOsdMenuItem(&CurrentMenuItem, osdSel);      
 425   3                                      break;
 426   3      
 427   3                              case COMD_EnterFactoryItem:
 428   3                                      if(FindMenuPageIndex(Osd_FactoryMenu) ==g_ucMenuPageIndex)  
 429   3                                      {  
 430   4                                         switch(g_ucMenuItemIndex)
 431   4                                         {
 432   5                                           case FactoryPic:
 433   5                                                         SetMenuIndex(Osd_FactoryPicMenu);
 434   5                                                         break;
 435   5                                                         
 436   5                                               case FactorySwitch:
 437   5                                                         SetMenuIndex(Osd_FactorySwitchMenu);
 438   5                                                         break;
 439   5                                                         
 440   5                                               default:
 441   5                                                         SetMenuIndex(Osd_FactoryPicMenu);
 442   5                                                         break;
 443   5                                         }
 444   4                                      }
 445   3                                      DrawOsdMenuItem(&CurrentMenuItem, osdDraw);
 446   3                                      DrawOsdMenuItem(&CurrentMenuItem, osdSel);      
 447   3                                      break;
 448   3                                      
 449   3                              case COMD_NextMenu:
 450   3                              case COMD_PrevMenu:
 451   3                                      if(OpratComd == COMD_NextMenu)
 452   3                                      {
 453   4                                            g_ucMenuPageIndex = GetNextMenu();
 454   4                                                //printf("netx g_ucMenuPageIndex = %x", g_ucMenuPageIndex);
 455   4                                      }
 456   3                                      else
 457   3                                      {
 458   4                                                g_ucMenuPageIndex = GetPreMenu();
 459   4                                                //printf("prev g_ucMenuPageIndex = %x", g_ucMenuPageIndex);
 460   4                                      }
 461   3                              case COMD_RedrawMenu:
 462   3                                      if(FindMenuPageIndex(Osd_RootMenu) == g_ucMenuPageIndex)
 463   3                                      {   
 464   4                                              SetMenuIndex(Osd_BrightnessMenu);
 465   4                                      }
 466   3                                      //printf("g_ucMenuPageIndex = %x", g_ucMenuPageIndex);
 467   3                                      OsdBlockEnable(CurrentBlock);
 468   3                                      OsdConfigScaler(OsdScalerRatio);
 469   3                                      DrawOsdMenu();          
 470   3                                      g_ucOsdEixt |= (OsdMode|OsdSys);
 471   3                                      break;
 472   3      
 473   3                        case COMD_RedrawFactoryMenu:
 474   3                                  printfStr("COMD_RedrawFactoryMenu");
 475   3                                      OsdBlockEnable(CurrentBlock);
 476   3                                      OsdConfigScaler(OsdScalerRatio);  
 477   3                                      DrawOsdMenu();  
 478   3                                      DrawOsdMenuItem(&CurrentMenuItem, osdDraw);     
 479   3                                      SetMenuIndex(Osd_FactoryMenu);
 480   3                                      g_ucMenuItemIndex = g_ucFactoryMenuItemIndex;
C51 COMPILER V9.00   OSD_MENU                                                              04/13/2015 11:40:46 PAGE 9   

 481   3                                      break;
 482   3      
 483   3                              case COMD_SelPowerOnMode:
 484   3                                      if(IsAllPowerOn())
 485   3                                      {
 486   4                                          SetAllPowerOn();
 487   4                                      }
 488   3                                      else if(IsAllPowerOff())
 489   3                                      {
 490   4                                          SetAllPowerOff(); 
 491   4                                      }
 492   3                                      else if(IsPowerSave())
 493   3                                      {
 494   4                                          SetPowerSave();
 495   4                                      }
 496   3      
 497   3                              case COMD_Power:
 498   3                                      if(IsPowerOn())
 499   3                                      {
 500   4                                          printfStr("Osd_PowerOffMenu");
 501   4                                          SetMenuIndex(Osd_PowerOffMenu);
 502   4                                      }
 503   3                                      else
 504   3                                      {
 505   4                                          printfStr("Osd_PowerOnMenu");
 506   4                                          SetMenuIndex(Osd_PowerOnMenu);
 507   4                                      }
 508   3      
 509   3                                      if(CurrentMenuItem.ExecFunction)
 510   3                                      {   
 511   4                                          printfStr("ExecFunction");
 512   4                                          CurrentMenuItem.ExecFunction();
 513   4                                      }       
 514   3      
 515   3                                      #ifdef LogoEn 
                                              #if (LOGO_DISP_MODE == POWER_ON_DISP_LOGO)
                                              g_bLogoFlg = TRUE;
                                              if(IsPowerOn())
                                              {
                                                  if(g_sysSetting.Car.DetecMode != AV_SIGNAL_OK) //上电的时候有倒车信号不显示LOGO
                                                      {
                                                              printfStr("Osd_LogoMenu");
                                                              SetVDETestSwitch(LOGO_DISP_BACKCOLOR);
                                                              switch(g_sysSetting.Logo.logoID)
                                                              {
                                                                case LOGO1:
                                                                         printfStr("Osd_Logo1Menu");
                                                                         SetMenuIndex(Osd_LOGO1Menu);
                                                                         break;
                                                                         
                                                                case LOGO2:
                                                                         printfStr("Osd_Logo2Menu");
                                                                         SetMenuIndex(Osd_LOGO2Menu);
                                                                         break;
                                                                         
                                                                case LOGO3:
                                                                         printfStr("Osd_Logo3Menu");
                                                                         SetMenuIndex(Osd_LOGO3Menu);
                                                                         break;
              
                                                                case LOGO4:
                                                                         printfStr("Osd_Logo4Menu");
C51 COMPILER V9.00   OSD_MENU                                                              04/13/2015 11:40:46 PAGE 10  

                                                                         SetMenuIndex(Osd_LOGO4Menu);
                                                                         break;
                                                                         
                                                               case LOGO5:
                                                                         printfStr("Osd_Logo5Menu");
                                                                         SetMenuIndex(Osd_LOGO5Menu);
                                                                         break;       
                                                                         
                                                               default:
                                                                        printfStr("default Osd_Logo1Menu");
                                                                        SetMenuIndex(Osd_LOGO1Menu);
                                                                        break;
                                                              }
                                                              InitLogoMenuDat();
                                                              OsdBlockEnable(CurrentBlock);
                                                              OsdConfigScaler(OsdScalerRatio);
                                                              DrawOsdMenu();
                                                              TurnOnBackLight();
                                                              POS_ClearWatchDog();
                                                              DelayMs(4000);
                                                              HideMenu();
                                                              SetVDETestSwitch(VDE_CLOSE);
                                                              ResetMenuIndex();
                                                              InitOSD();      
                                                              SetMenuIndex(Osd_PowerOnMenu);
                                                 }
                                              }
                                              g_bLogoFlg = FALSE;
                                              g_ucRemoteKeyVal = IR_NULL_KEY;
                                              #endif
                                              #endif
 574   3                                      break;
 575   3      
 576   3                              case COMD_RedrawLogo:
 577   3                                       SetVDETestSwitch(LOGO_DISP_BACKCOLOR);
 578   3                                       switch(g_sysSetting.Logo.logoID)
 579   3                                       {
 580   4                                                case LOGO1:
 581   4                                                         printfStr("Osd_Logo1Menu");
 582   4                                                         SetMenuIndex(Osd_LOGO1Menu);
 583   4                                                         break;
 584   4                                                         
 585   4                                                case LOGO2:
 586   4                                                         printfStr("Osd_Logo2Menu");
 587   4                                                         SetMenuIndex(Osd_LOGO2Menu);
 588   4                                                         break;
 589   4                                                         
 590   4                                                case LOGO3:
 591   4                                                         printfStr("Osd_Logo3Menu");
 592   4                                                         SetMenuIndex(Osd_LOGO3Menu);
 593   4                                                         break;
 594   4      
 595   4                                                case LOGO4:
 596   4                                                         printfStr("Osd_Logo4Menu");
 597   4                                                         SetMenuIndex(Osd_LOGO4Menu);
 598   4                                                         break;
 599   4                                                         
 600   4                                               case LOGO5:
 601   4                                                         printfStr("Osd_Logo5Menu");
 602   4                                                         SetMenuIndex(Osd_LOGO5Menu);
 603   4                                                         break;       
 604   4                                                         
C51 COMPILER V9.00   OSD_MENU                                                              04/13/2015 11:40:46 PAGE 11  

 605   4                                               default:
 606   4                                                        printfStr("default Osd_Logo1Menu");
 607   4                                                        SetMenuIndex(Osd_LOGO1Menu);
 608   4                                                        break;
 609   4                                       }
 610   3                                      
 611   3                                      #ifdef LogoEn
                                              InitLogoMenuDat();
                                              #endif
 614   3                                      
 615   3                                      OsdBlockEnable(CurrentBlock);
 616   3                                      OsdConfigScaler(OsdScalerRatio);
 617   3                                      DrawOsdMenu();
 618   3                                      break;
 619   3      
 620   3                              case COMD_ClearLogo:
 621   3                                       //printfStr("COMD_ClearLogo");
 622   3                                       HideMenu();
 623   3                                       SetVDETestSwitch(VDE_CLOSE);
 624   3                                       ResetMenuIndex();
 625   3                                       InitOSD();     
 626   3                                       break;
 627   3      
 628   3                              case COMD_RedrawSnow:
 629   3                                       printfStr("COMD_RedrawSnow");
 630   3                                       #ifdef NoSignalSnowEn
                                               SetNoSignalSnow();
                                               #endif
 633   3                                       break;
 634   3                                       
 635   3                              case COMD_ClearNoSignal:
 636   3                                       printfStr("COMD_ClearNoSignal");
 637   3                                       if(!IsFactoryEn())
 638   3                                       {
 639   4                                          SetMenuIndex(Osd_NoSignalMenu);
 640   4                                          OsdBlockHide(CurrentBlock);
 641   4                                       }
 642   3                                       break;
 643   3      
 644   3                          case COMD_TurnOnBacklight:
 645   3                                       printfStr("COMD_TurnOnBacklight");                              
 646   3                                       if(!g_bBackLightFlg)
 647   3                                       {
 648   4                                           TurnOnBackLight();
 649   4      
 650   4                           #ifdef AudioCtrlEn
                                                       if((IsSignalOk()))
                                                       {
                                                           OpenAudio();   
                                                       }
                                   #endif
 656   4                                       }
 657   3                                       break;
 658   3                                       
 659   3                 case COMD_TurnOffBacklight:
 660   3                                       printfStr("COMD_TurnOffBacklight");
 661   3                                       if(g_bBackLightFlg)
 662   3                                       {
 663   4                                              TurnOffBackLight(); 
 664   4                                              SaveSetting();
 665   4                                       }                               
 666   3                                      break;
C51 COMPILER V9.00   OSD_MENU                                                              04/13/2015 11:40:46 PAGE 12  

 667   3      
 668   3                              case COMD_SelReset:
 669   3                              case COMD_SelSource:
 670   3                                      if(COMD_SelReset == OpratComd)
 671   3                                      {
 672   4                                        SetMenuIndex(Osd_ResetMenu);
 673   4                                      }
 674   3                                      else
 675   3                                      {
 676   4                                        SetMenuIndex(Osd_QuicklySource);
 677   4                                      }
 678   3                                      if(CurrentMenuItem.AdjustFunction)
 679   3                                      {
 680   4                                          CurrentMenuItem.AdjustFunction(OpratComd);
 681   4                                      }
 682   3                                      if(CurrentMenuItem.ExecFunction)
 683   3                                      {
 684   4                                          CurrentMenuItem.ExecFunction();
 685   4                                      }
 686   3                              case COMD_ShowSource:
 687   3                                      printfStr("COMD_ShowSource");
 688   3                                      if(!IsFactoryEn())
 689   3                                      {
 690   4                                              SetMenuIndex(Osd_QuicklySource);
 691   4                                              OsdBlockEnable(CurrentBlock);
 692   4                                              OsdConfigScaler(OsdScalerRatio);
 693   4                                              DrawOsdMenu();
 694   4                                              SetMenuIndex(Osd_RootMenu);
 695   4                                      }
 696   3                                      break;
 697   3                                      
 698   3                              case COMD_IncVolume:
 699   3                              case COMD_DecVolume:
 700   3                                      printfStr("Osd_QuicklyVolume");
 701   3                                      if(OFF == g_sysSetting.Factory.volumeswitch)
 702   3                                      {
 703   4                                           return FALSE;
 704   4                                      }
 705   3                                      SetMenuIndex(Osd_QuicklyVolume);
 706   3                                      if(g_ucOsdEixt & OsdVolume)
 707   3                                      {
 708   4                                         OsdBlockEnable(CurrentBlock);
 709   4                                         OsdConfigScaler(OsdScalerRatio);
 710   4                                         DrawOsdMenu();
 711   4                                         g_ucOsdEixt &= ~OsdVolume;
 712   4                                         g_ucOsdEixt |= (OsdMenu|OsdSource|OsdMode|OsdSys);
 713   4                                      }
 714   3                                      if(CurrentMenuItem.AdjustFunction)
 715   3                                      {
 716   4                                         if(CurrentMenuItem.AdjustFunction(OpratComd))
 717   4                                         {
 718   5                                                DrawOsdMenuItemValue(CurrentMenuItem.ItemValue,osdSel); 
 719   5                                         }
 720   4                                      }
 721   3                                      if(CurrentMenuItem.ExecFunction)
 722   3                                      {
 723   4                                                CurrentMenuItem.ExecFunction();
 724   4                                      }
 725   3                                      break;
 726   3                                        
 727   3                              case COMD_SelMode:
 728   3                                        printfStr("COMD_SelMode");
C51 COMPILER V9.00   OSD_MENU                                                              04/13/2015 11:40:46 PAGE 13  

 729   3                                        if(OFF == g_sysSetting.Factory.scalerswitch)
 730   3                                        {
 731   4                                           return FALSE;
 732   4                                        }
 733   3                                        SetMenuIndex(Osd_QuicklyMode);
 734   3                        if(CurrentMenuItem.AdjustFunction)
 735   3                                        {
 736   4                                                 if(CurrentMenuItem.AdjustFunction(OpratComd))
 737   4                                                 {
 738   5                                                        DrawOsdMenuItemValue(CurrentMenuItem.ItemValue,osdSel); 
 739   5                                                 }
 740   4                                        }
 741   3                                        if(CurrentMenuItem.ExecFunction)
 742   3                                        {
 743   4                                             CurrentMenuItem.ExecFunction();
 744   4                                        }
 745   3                  case COMD_Mode:
 746   3                                       printfStr("Osd_QuicklyMode");
 747   3                                       if(g_ucOsdEixt & OsdMode)
 748   3                                       {
 749   4                                               OsdBlockEnable(CurrentBlock);
 750   4                                               OsdConfigScaler(OsdScalerRatio);
 751   4                                               DrawOsdMenu();
 752   4                                               g_ucOsdEixt &= ~OsdMode;
 753   4                                               g_ucOsdEixt |= (OsdMenu|OsdSource|OsdVolume|OsdSys);
 754   4                                       }
 755   3                                       SetMenuIndex(Osd_RootMenu);
 756   3                                       break;
 757   3                              
 758   3                              case COMD_SelMuteOnOff:
 759   3                                      printfStr("COMD_SelMuteOnOff");
 760   3                                      SetMenuIndex(Osd_QuicklyMute);
 761   3                                      if(CurrentMenuItem.AdjustFunction)
 762   3                                      {
 763   4                                          CurrentMenuItem.AdjustFunction(OpratComd);
 764   4                                      }
 765   3                                      if(CurrentMenuItem.ExecFunction)
 766   3                                      {
 767   4                                          CurrentMenuItem.ExecFunction();
 768   4                                      }
 769   3                              case COMD_ShowMuteOnOff:
 770   3                                      printfStr("COMD_ShowMuteOnOff");
 771   3                                      SetMenuIndex(Osd_QuicklyMute);
 772   3                                      OsdBlockEnable(CurrentBlock);
 773   3                                      OsdConfigScaler(OsdScalerRatio);
 774   3                                      DrawOsdMenu();
 775   3                                      SetMenuIndex(Osd_RootMenu);
 776   3                                      break;
 777   3      
 778   3                              case COMD_SelSys:
 779   3                                       printfStr("COMD_SelSys");
 780   3                                       if(OFF == g_sysSetting.Factory.flipswitch)
 781   3                                       {
 782   4                                           return FALSE;
 783   4                                       }
 784   3                                       SetMenuIndex(Osd_QuicklySys);
 785   3                       if(CurrentMenuItem.AdjustFunction)
 786   3                                       {
 787   4                                          if(CurrentMenuItem.AdjustFunction(OpratComd))
 788   4                                              {
 789   5                                                  DrawOsdMenuItemValue(CurrentMenuItem.ItemValue,osdSel); 
 790   5                                              }
C51 COMPILER V9.00   OSD_MENU                                                              04/13/2015 11:40:46 PAGE 14  

 791   4                                       }
 792   3                                       if(CurrentMenuItem.ExecFunction)
 793   3                                       {
 794   4                                          CurrentMenuItem.ExecFunction();
 795   4                                       }
 796   3                  case COMD_Sys:
 797   3                                       printfStr("Osd_QuicklySys");
 798   3                                       if(g_ucOsdEixt & OsdSys)
 799   3                                       {
 800   4                                          OsdBlockEnable(CurrentBlock);
 801   4                                          OsdConfigScaler(OsdScalerRatio);
 802   4                                          DrawOsdMenu();
 803   4                                              g_ucOsdEixt &= ~OsdSys;
 804   4                                              g_ucOsdEixt |= (OsdMenu|OsdSource|OsdVolume|OsdMode);
 805   4                                       }
 806   3                                       break;
 807   3                                       
 808   3                          case COMD_Brightness:
 809   3                                      printfStr("COMD_Brightness");
 810   3                                      SetMenuIndex(Osd_QuicklyBrightness);
 811   3                                      if(g_ucOsdEixt & OsdBrightness)
 812   3                                      {
 813   4                                              OsdBlockEnable(CurrentBlock);
 814   4                                              OsdConfigScaler(OsdScalerRatio);
 815   4                                              DrawOsdMenu();
 816   4                                              g_ucOsdEixt &= ~OsdBrightness;
 817   4                                              g_ucOsdEixt |= OsdContrast;
 818   4                                              g_ucOsdEixt |= OsdSaturation;
 819   4                                      }
 820   3                                      if(CurrentMenuItem.AdjustFunction)
 821   3                                      {
 822   4                                         if(CurrentMenuItem.AdjustFunction(OpratComd))
 823   4                                         {
 824   5                                                DrawOsdMenuItemValue(CurrentMenuItem.ItemValue,osdSel); 
 825   5                                         }
 826   4                                      }
 827   3                                      if(CurrentMenuItem.ExecFunction)
 828   3                                      {
 829   4                                                CurrentMenuItem.ExecFunction();
 830   4                                      }
 831   3                                      break;
 832   3      
 833   3                              case COMD_Contrast:
 834   3                                      printfStr("COMD_Contrast");
 835   3                                      SetMenuIndex(Osd_QuicklyContrast);
 836   3                                      if(g_ucOsdEixt & OsdContrast)
 837   3                                      {
 838   4                                              OsdBlockEnable(CurrentBlock);
 839   4                                              OsdConfigScaler(OsdScalerRatio);
 840   4                                              DrawOsdMenu();
 841   4                                              g_ucOsdEixt |= OsdBrightness;
 842   4                                              g_ucOsdEixt &= ~OsdContrast;
 843   4                                              g_ucOsdEixt |= OsdSaturation;
 844   4                                      }
 845   3                                      if(CurrentMenuItem.AdjustFunction)
 846   3                                      {
 847   4                                         if(CurrentMenuItem.AdjustFunction(OpratComd))
 848   4                                         {
 849   5                                                  DrawOsdMenuItemValue(CurrentMenuItem.ItemValue,osdSel); 
 850   5                                         }
 851   4                                      }
 852   3                                      if(CurrentMenuItem.ExecFunction)
C51 COMPILER V9.00   OSD_MENU                                                              04/13/2015 11:40:46 PAGE 15  

 853   3                                      {
 854   4                                                 CurrentMenuItem.ExecFunction();
 855   4                                      }                               
 856   3                                      break;
 857   3      
 858   3                              case COMD_Saturation:
 859   3                                      printfStr("COMD_Saturation");
 860   3                                      SetMenuIndex(Osd_QuicklySaturation);
 861   3                                      if(g_ucOsdEixt & OsdSaturation)
 862   3                                      {
 863   4                                              OsdBlockEnable(CurrentBlock);
 864   4                                              OsdConfigScaler(OsdScalerRatio);
 865   4                                              DrawOsdMenu();
 866   4                                              g_ucOsdEixt |= OsdBrightness;
 867   4                                              g_ucOsdEixt |= OsdContrast;
 868   4                                              g_ucOsdEixt &= ~OsdSaturation;
 869   4                                      }
 870   3                                      if(CurrentMenuItem.AdjustFunction)
 871   3                                      {
 872   4                                         if(CurrentMenuItem.AdjustFunction(OpratComd))
 873   4                                         {
 874   5                                                 DrawOsdMenuItemValue(CurrentMenuItem.ItemValue,osdSel);
 875   5                                         }
 876   4                                      }
 877   3                                      if(CurrentMenuItem.ExecFunction)
 878   3                                      {
 879   4                                            CurrentMenuItem.ExecFunction();
 880   4                                      }                               
 881   3                                      break;
 882   3                                      
 883   3                              case COMD_FactoryMenu:
 884   3                                       printfStr("COMD_FactoryMenu");
 885   3                                       SetFactoryEn();
 886   3                       SetPowerOn();
 887   3                                       SelVideoInputSource(g_sysSetting.Video.curSource);
 888   3                                       ExitLowPowerMode();
 889   3                                       TurnOnBackLight(); 
 890   3                                       SetMenuIndex(Osd_FactoryMenu);
 891   3                                       OsdBlockEnable(CurrentBlock);
 892   3                                       OsdConfigScaler(OsdScalerRatio);
 893   3                                       DrawOsdMenu();
 894   3                                       DrawOsdMenuItem(&CurrentMenuItem, osdSel);     
 895   3                                       break;
 896   3      
 897   3                              case COMD_OsdExit:
 898   3                                      printfStr("COMD_OsdExit");
 899   3                                      HideMenu();
 900   3                                        
 901   3                                      #ifdef NoSignalEn
                                              if(!IsSignalOk())  
                                              {
                                                SetMenuIndex(Osd_NoSignalMenu);
                                                OsdBlockEnable(CurrentBlock);
                                                OsdConfigScaler(NoSignalScalerRatio);                           
                                                DrawOsdMenu();
                                              }
                                              #endif
 910   3                                      
 911   3                                      ResetMenuIndex();
 912   3                                      SaveSetting();                                  
 913   3                                      return FALSE;
 914   3                                      break;
C51 COMPILER V9.00   OSD_MENU                                                              04/13/2015 11:40:46 PAGE 16  

 915   3      
 916   3                        case COMD_OsdStorage:
 917   3                                      printfStr("COMD_OsdStorage");
 918   3                              SaveSetting();
 919   3                                      return FALSE;
 920   3                                      break;
 921   3                                      
 922   3                              case COMD_ExitFactoryMenu:
 923   3                                       printfStr("COMD_ExitFactoryMenu");
 924   3                                       ClrFactoryEn() ;
 925   3                                       SetPowerOff();
 926   3                                       TurnOffBackLight(); 
 927   3                                       HideMenu();
 928   3                                       ResetMenuIndex();
 929   3                                       SaveSetting();
 930   3                           TurnOffDevicePower(g_sysSetting.Video.curSource);   
 931   3                                       EnterLowPowerMode();
 932   3                                       return FALSE;
 933   3                                       break;
 934   3      
 935   3                          case COMD_BatteryAdc:
 936   3                                       //printfStr("COMD_BatteryAdc");
 937   3                                       SetMenuIndex(Osd_BatteryAdcMenu);
 938   3                                       if(CurrentMenuItem.AdjustFunction)
 939   3                                       {
 940   4                                          CurrentMenuItem.AdjustFunction(OpratComd);
 941   4                                       }
 942   3                                       if(CurrentMenuItem.ExecFunction)
 943   3                                       {
 944   4                                          CurrentMenuItem.ExecFunction();
 945   4                                       }
 946   3                                       OsdBlockEnable(CurrentBlock);
 947   3                                       OsdConfigScaler(OsdScalerRatio);
 948   3                                       DrawSpecialOsdMenu();                           
 949   3                                       break;
 950   3      
 951   3                              #ifdef BTEn
                                      case COMD_BTConn:
                                      case COMD_BTDisc:
                                              if(!IsCameraCar())
                                              {
                                                      SetMenuIndex(Osd_BTMenu);
                                                      OsdBlockEnable(CurrentBlock);
                                                      OsdConfigScaler(OsdScalerRatio);                                  
                                                      DrawOsdMenu();
                                              }
                                              break;
              
                                      case COMD_BTCallerID:
                                              if(!g_bCallAnswerFlg)
                                              {
                                                  if(!g_bBackLightFlg)
                                                      {                                          
                                     #ifdef BacklightEn
                                     hw_setBIASEn();
                                     #endif
                                     
                                     DelayMs(100);    
                                                         
                                                         #ifdef BacklightEn
                                         hw_setBacklight();
                                             #endif
C51 COMPILER V9.00   OSD_MENU                                                              04/13/2015 11:40:46 PAGE 17  

                                                      }
                                                      SetMenuIndex(Osd_BTCallerMenu);
                                                      OsdBlockEnable(CurrentBlock);
                                                      OsdConfigScaler(OsdScalerRatio);                                  
                                                      DrawSpecialOsdMenu();
                                              }
                                              break;
              
                                      case COMD_BTCallAnswer:
                                              printfStr("COMD_BTCallAnswer");
                                              if(!g_bCallAnswerFlg)
                                              {
                                                printfStr("CALL_ANSWER");
                                                g_bCallAnswerFlg = TRUE;
                                                POS_UartSendCmd(CALL_ANSWER);
                                              }
                                              else
                                              {
                                                printfStr("CALL_REJECTED");
                                                g_bCallAnswerFlg = FALSE;
                                                POS_UartSendCmd(CALL_REJECTED);
                                              }
                                              break;
              
                                      case COMD_BTCallerDrop:
                                               OsdBlockHide(OsdBlock2);
                                               ResetMenuIndex();
                                               if(g_bBackLightFlg)
                                               {
                                                  #ifdef BacklightEn
                                  hw_clrBacklight(); 
                                      #endif
                                                      
                                                      DelayMs(100);
              
                                  #ifdef BacklightEn
                                  hw_clrBIASEn();
                                  #endif
                                               }
                                              return FALSE;
                                              break;
                                      #endif
1019   3      
1020   3                          default:
1021   3                          return FALSE;
1022   3                          break;
1023   3              }
1024   2          }
1025   1              return 1;
1026   1      }
1027          
1028          void MenuProcessKey(BYTE OpratComd)
1029          {
1030   1              if (OpratComd)
1031   1              {   
1032   2                      if(IsPowerOff()&&(g_sysSetting.Car.status != CAR_POF_REVERSING))
1033   2                      {   
1034   3                  if((OpratComd!=COMD_SelPowerOnMode) && (OpratComd!=COMD_Power)&&(inputPress == g_UserInputInfo
             -.Status))
1035   3                              {  
1036   4                      #ifdef FactoryEn                                
1037   4                                              static UCHAR  CODE  PassWord[] = PassWordBuf;
C51 COMPILER V9.00   OSD_MENU                                                              04/13/2015 11:40:46 PAGE 18  

1038   4                                              static UCHAR  XDATA PassWordId = 0;
1039   4                                              static BYTE   XDATA PreOpratComd = COMD_Nothing;
1040   4      
1041   4                                              if(PreOpratComd != OpratComd)
1042   4                                              {
1043   5                                                 PreOpratComd = OpratComd;
1044   5                                                 if(OpratComd == PassWord[PassWordId])
1045   5                                                 {
1046   6                                                   if(++PassWordId == sizeof(PassWord))
1047   6                                                       {  
1048   7                                                         PassWordId = 0;
1049   7                                                         OpratComd = COMD_FactoryMenu;
1050   7                                                       }
1051   6                                                       else
1052   6                                                       {
1053   7                                                          OpratComd=COMD_Nothing;
1054   7                                                       }
1055   6                                                 }
1056   5                                                 else
1057   5                                                 {
1058   6                                                      PassWordId = 0;
1059   6                                                      OpratComd=COMD_Nothing;
1060   6                                                 }
1061   5                                              }
1062   4                                      #else
                                              OpratComd=COMD_Nothing;
                              #endif 
1065   4                              }
1066   3                      }               
1067   2                      if (ExectComd(OpratComd))
1068   2                      {   
1069   3                              g_sysSetting.Osd.dispTime= CurrentMenu->TimeOut;
1070   3                      }
1071   2              }
1072   1      }
1073          
1074          
1075          
1076          
1077          //========================================================
1078          //               Draw Menu functions
1079          //========================================================
1080          
1081          void InitOsdBlock(void)
1082          {
1083   1          ConfigOsdBlockStarIndexAddr();
1084   1      }
1085          
1086          void InitOSD(void) 
1087          {  
1088   1          printfStr("InitOSD\n");
1089   1              OsdHide();
1090   1              OsdClear();
1091   1              OsdCofigPalette();
1092   1              OsdIconSize(ICON_SIZE_X,ICON_SIZE_Y);
1093   1              OsdConfigAlpha(DISABLE,OSD_BLENDING,0);
1094   1              OsdConfigBitmapStarIndex(ICONBITMAP_SATRT_INDEX);       
1095   1              OsdConfigBright(7);
1096   1              #if(ICON_SIZE == SIZE_12X16)
1097   1              DMALoadFontRam((ULONG)AMT630FontLib&0X000FFFF,0<<4,5440);  // 170
1098   1              LoadMulCharToFontram(170,3,AMT630Font_Char);
1099   1              #elif(ICON_SIZE == SIZE_16X22)
C51 COMPILER V9.00   OSD_MENU                                                              04/13/2015 11:40:46 PAGE 19  

                      LoadMulCharToFontram(0,3,FontRam_Char);
                      #endif
1102   1      }
1103          
1104          
1105          /******************************************************************
1106          *Name: void DrawOsdTitel(TitelType *pTitel)
1107          *input:  pTitel  标题指针
1108                   status     状态: 画状态， 选择状态， 
1109          *output: void
1110                
1111          *Description: 画标题函数。
1112          
1113          *history: 1.Jordan.chen   2012/02/21    1.0    buil   this  function
1114          *******************************************************************/
1115          void DrawOsdTitel(TitelType *pTitel,UINT status) reentrant
1116          {
1117   1          UCHAR ucForeColor,ucBackColor;
1118   1              
1119   1          //printfStr("DrawOsdTitel");
1120   1          while(1)
1121   1          {
1122   2               if(pTitel == NULL)
1123   2               {
1124   3                  break;
1125   3               }
1126   2                       if(status&osdDraw)
1127   2                       {
1128   3                               ucForeColor = pTitel->ForeColor;
1129   3                               ucBackColor = pTitel->BackColor;
1130   3                       }
1131   2                       if(status&osdSel)
1132   2                       {
1133   3                               ucForeColor = pTitel->SelForeColor;
1134   3                               ucBackColor = pTitel->SelBackColor;
1135   3                       }
1136   2                       
1137   2                  if(pTitel->DisplayText)
1138   2                  {
1139   3                       OsdDrawStr(pTitel->XPos, pTitel->YPos,COLOR(ucForeColor,ucBackColor),pTitel->DisplayText());
1140   3                  }
1141   2                      if(pTitel->Flags & osdEnd)
1142   2                      {
1143   3                            break;
1144   3                      }
1145   2                      pTitel++;
1146   2          }
1147   1         
1148   1      }
1149          
1150          /******************************************************************
1151          *Name: void DrawOsdIcon(IconType* pIcon,UCHAR status)
1152          *input:  pIcon  画ICON 指针
1153                   status     状态: 画状态， 选择状态， 
1154          *output: void
1155                
1156          *Description: 画icon函数。
1157          
1158          *history: 1.Jordan.chen   2012/02/21    1.0    buil   this  function
1159          *******************************************************************/
1160          void DrawOsdIcon(IconType* pIcon,UINT status)
1161          {
C51 COMPILER V9.00   OSD_MENU                                                              04/13/2015 11:40:46 PAGE 20  

1162   1          UCHAR XDATA ucBackColor;
1163   1              
1164   1          //printfStr("DrawOsdIcon");
1165   1          while(1)
1166   1          { 
1167   2               if(pIcon == NULL)
1168   2               {
1169   3                   break;
1170   3               }
1171   2                       
1172   2                       if(status&osdDraw)
1173   2                       {
1174   3                               ucBackColor = pIcon->BackColor;
1175   3                       }
1176   2                       if(status&osdSel)
1177   2                       {
1178   3                               ucBackColor = pIcon->SelBackColor;
1179   3                       }
1180   2                  if(pIcon->DispalyIcon)
1181   2                  {   
1182   3                      OsdDrawIcon(pIcon->XPos, pIcon->YPos,pIcon->XSize, pIcon->YSize,ucBackColor, pIcon->DispalyIcon()
             -);
1183   3                  }  
1184   2                      
1185   2                      if(pIcon->Flags & osdEnd)
1186   2                      {
1187   3                            break;
1188   3                      }
1189   2                      pIcon++;
1190   2                      
1191   2          }
1192   1      }
1193          
1194          
1195          /******************************************************************
1196          *Name: void DrawOsdMenuItemNumber(DrawNumberType *pNumberItem,UCHAR status)
1197          *input:  pNumberItem  画数字指针
1198                   status     状态: 画状态， 选择状态， 
1199          *output: void
1200                
1201          *Description: 画数字
1202          
1203          *history: 1.Jordan.chen   2012/02/21    1.0    buil   this  function
1204          *******************************************************************/
1205          void DrawOsdMenuItemNumber(DrawNumberType *pNumberItem,UINT status)
1206          {
1207   1          UCHAR XDATA ucForeColor,ucBackColor;
1208   1              
1209   1          //printfStr("DrawOsdMenuItemNumber");
1210   1              if(pNumberItem!=NULL)
1211   1              {
1212   2                   if(status&osdDraw)
1213   2                       {
1214   3                               ucForeColor = pNumberItem->ForeColor;
1215   3                               ucBackColor = pNumberItem->BackColor;
1216   3                       }
1217   2                       if(status&osdSel)
1218   2                       {
1219   3                               ucForeColor = pNumberItem->SelForeColor;
1220   3                               ucBackColor = pNumberItem->SelBackColor;
1221   3                       }
1222   2                       
C51 COMPILER V9.00   OSD_MENU                                                              04/13/2015 11:40:46 PAGE 21  

1223   2                   if(pNumberItem->Flags & osdDecNum)
1224   2                   {
1225   3                        OsdDrawNum(pNumberItem->XPos,pNumberItem->YPos,COLOR(ucForeColor,ucBackColor),pNumberItem->GetV
             -alue());
1226   3                   }
1227   2                       if(pNumberItem->Flags & osdHexNum)
1228   2                       {
1229   3                            OsdDrawHex(pNumberItem->XPos,pNumberItem->YPos,COLOR(ucForeColor,ucBackColor),pNumberItem->GetValu
             -e());
1230   3                       }
1231   2              }
1232   1      }
1233          
1234          /******************************************************************
1235          *Name: void DrawOsdMenuItemGuage(DrawGuageType *pGaugeItem,UCHAR status)
1236          *input:  pNumberItem  画进度条
1237                   status     状态: 画状态， 选择状态， 
1238          *output: void
1239                
1240          *Description: 画进度条
1241          
1242          *history: 1.Jordan.chen   2012/02/21    1.0    buil   this  function
1243          *******************************************************************/
1244          void DrawOsdMenuItemGuage(DrawGuageType *pGaugeItem,UINT status)
1245          {
1246   1          UCHAR XDATA ucForeColor,ucBackColor;
1247   1              
1248   1              //printfStr("DrawOsdMenuItemGuage"); 
1249   1              if(pGaugeItem != NULL)
1250   1              {  
1251   2                   if(status&osdDraw)
1252   2                       {
1253   3                               ucForeColor = pGaugeItem->ForeColor;
1254   3                               ucBackColor = pGaugeItem->BackColor;
1255   3                       }
1256   2                       if(status&osdSel)
1257   2                       {
1258   3                               ucForeColor = pGaugeItem->SelForeColor;
1259   3                               ucBackColor = pGaugeItem->SelBackColor;
1260   3                       }
1261   2                  if(pGaugeItem->GetValue)
1262   2                  { 
1263   3                      OsdDrawGuage(pGaugeItem->XPos, pGaugeItem->YPos, pGaugeItem->Length, COLOR(ucForeColor,ucBackColo
             -r),pGaugeItem->GetValue());
1264   3                  }   
1265   2              }
1266   1      }
1267            
1268          /******************************************************************
1269          *Name: void DrawOsdMenuItemOption(DrawOptionType *radioItem,UCHAR status)
1270          *input:  pNumberItem  画选项(text)
1271                   status     状态: 画状态， 选择状态， 
1272          *output: void
1273                
1274          *Description: 画选项(text)
1275          
1276          *history: 1.Jordan.chen   2012/02/21    1.0    buil   this  function
1277          *******************************************************************/
1278          void DrawOsdMenuItemOption(DrawOptionType *pOptionItem,UINT status)
1279          {   
1280   1      
1281   1          UCHAR XDATA ucForeColor,ucBackColor;
C51 COMPILER V9.00   OSD_MENU                                                              04/13/2015 11:40:46 PAGE 22  

1282   1      
1283   1              //printfStr("DrawOsdMenuItemOption");
1284   1              if(pOptionItem != NULL)
1285   1              {   
1286   2                   if(status&osdDraw)
1287   2                       {
1288   3                               ucForeColor = pOptionItem->ForeColor;
1289   3                               ucBackColor = pOptionItem->BackColor;
1290   3                       }
1291   2                       if(status&osdSel)
1292   2                       {
1293   3                               ucForeColor = pOptionItem->SelForeColor;
1294   3                               ucBackColor = pOptionItem->SelBackColor;
1295   3                       }
1296   2                       if(pOptionItem->DisplayText)
1297   2                       {   
1298   3                               OsdDrawStr(pOptionItem->XPos, pOptionItem->YPos, COLOR(ucForeColor,ucBackColor),pOptionItem->DisplayT
             -ext());
1299   3                       }
1300   2              }
1301   1      }
1302          /******************************************************************
1303          *Name: void DrawOsdMenuItemValue(ItemValueType* pItemValue,UINT status)
1304          *input:  pItemValue  画ITEM 的值 包括: 数字，进度条 ，选项
1305                   status     状态: 画状态， 选择状态， 
1306          *output: void
1307                
1308          *Description: 画ITEM 的值 包括: 数字，进度条 ，选项
1309          
1310          *history: 1.Jordan.chen   2012/02/21    1.0    buil   this  function
1311          *******************************************************************/
1312          void DrawOsdMenuItemValue(ItemValueType* pItemValue,UINT status)
1313          {
1314   1          if(pItemValue == NULL)
1315   1          {
1316   2               return;
1317   2          }
1318   1                      
1319   1          while(1)
1320   1          {
1321   2              if(pItemValue->DrawNumber)
1322   2              {
1323   3                  DrawOsdMenuItemNumber(pItemValue->DrawNumber,status);
1324   3              }
1325   2              if(pItemValue->DrawGuage)
1326   2              {    
1327   3                  DrawOsdMenuItemGuage(pItemValue->DrawGuage,status);
1328   3              }
1329   2              if(pItemValue->DrawOption)
1330   2              {
1331   3                  DrawOsdMenuItemOption(pItemValue->DrawOption,status);
1332   3              }
1333   2              if(pItemValue->Flags&osdEnd)
1334   2              {
1335   3                      break;
1336   3              }    
1337   2              pItemValue++;
1338   2          }
1339   1      }
1340          /******************************************************************
1341          *Name: DrawOsdMenuItem(MenuItemType *pMenuItem,UINT status)
1342          *input:  pMenuItem  菜单条目指针，
C51 COMPILER V9.00   OSD_MENU                                                              04/13/2015 11:40:46 PAGE 23  

1343                   status     状态: 画状态， 选择状态， 
1344          *output: void
1345                
1346          *Description: 画菜单条目
1347          
1348          *history: 1.Jordan.chen   2012/02/21    1.0    buil   this  function
1349          *******************************************************************/
1350          void DrawOsdMenuItem(MenuItemType *pMenuItem,UINT status) reentrant
1351          {
1352   1          AdjustType  wcDrawItemCdtion;
1353   1      
1354   1              //首先判断画此菜单的条件。
1355   1          if(pMenuItem->CheckCondition)
1356   1          {
1357   2              wcDrawItemCdtion = pMenuItem->CheckCondition();
1358   2          }
1359   1      
1360   1          //判断是否有个性风格
1361   1              if(pMenuItem->DrawItemStyle)
1362   1              {
1363   2                  pMenuItem->DrawItemStyle();
1364   2              }
1365   1      
1366   1          if(pMenuItem->ItemIcons)
1367   1          {   
1368   2              DrawOsdIcon(pMenuItem->ItemIcons,status);
1369   2          }
1370   1              if(pMenuItem->ItemTitels)
1371   1              {
1372   2                      DrawOsdTitel(pMenuItem->ItemTitels,status);
1373   2              }       
1374   1          DrawOsdMenuItemValue(pMenuItem->ItemValue,status);
1375   1              
1376   1      }
1377          
1378          /******************************************************************
1379          *Name: void DrawOsdMenu(void)
1380          *input:  void
1381          *output: void
1382                
1383          *Description: 画菜单
1384          
1385          *history: 1.Jordan.chen   2012/02/21    1.0    buil   this  function
1386          *******************************************************************/
1387          void DrawOsdMenu(void)
1388          {
1389   1          AdjustType XDATA wcDrawMenuCdtion;
1390   1              UCHAR XDATA i;
1391   1      
1392   1              printfStr(CurrentMenu->MenuName);
1393   1      
1394   1              //首先判断画此菜单的条件。
1395   1          if(CurrentMenu->CheckCondition)
1396   1          {
1397   2              wcDrawMenuCdtion = CurrentMenu->CheckCondition();
1398   2              }
1399   1          //判断是否需要隐藏。
1400   1              if(CurrentMenu->Flags & osdInvisible)
1401   1              {
1402   2                  HideMenu();
1403   2                      //printfStr("hide osd\n");
1404   2              }
C51 COMPILER V9.00   OSD_MENU                                                              04/13/2015 11:40:46 PAGE 24  

1405   1              else
1406   1              {
1407   2                  //判断是否需要初始化:重新设定大小等。。
1408   2                  if((CurrentMenu->Flags & osdRedraw)&&(wcDrawMenuCdtion.Flags & osdVisible))
1409   2                      {
1410   3                      //printfStr("redraw osd menu");
1411   3                          HideMenu();
1412   3                              OsdBlockClear(CurrentBlock);    
1413   3                              OsdConfigWndSize(CurrentMenu->XSize,CurrentMenu->YSize);
1414   3                              OsdConfigWndPosition(CurrentMenu->XPos+wcDrawMenuCdtion.XPos, CurrentMenu->YPos+wcDrawMenuCdtion.YPos);
1415   3                              OsdConfigBlockColor(COLOR(CurrentMenu->ForeColor,CurrentMenu->BackColor));                      
1416   3                          if(CurrentMenu->DrawMenuStyle)
1417   3                              {
1418   4                               CurrentMenu->DrawMenuStyle();
1419   4                              }
1420   3                      }       
1421   2                      
1422   2                      if(CurrentMenu->MenuIcons)
1423   2                      {   
1424   3                              DrawOsdIcon(CurrentMenu->MenuIcons,osdDraw);
1425   3                      }
1426   2                      
1427   2                  if(CurrentMenu->MenuTitels)
1428   2                  {
1429   3                      DrawOsdTitel(CurrentMenu->MenuTitels,osdDraw);
1430   3                  }
1431   2                      
1432   2                      for(i=0; i<CurrentMenuItemCount; i++)
1433   2                      {   
1434   3                          DrawOsdMenuItem(&CurrentMenu->MenuItems[i],osdDraw);
1435   3                      }
1436   2                      OsdBlockShow(CurrentBlock);
1437   2              }
1438   1      }
1439          
1440          
1441          
1442          void DrawSpecialOsdMenu(void)
1443          {
1444   1          AdjustType XDATA wcDrawMenuCdtion;
1445   1              UCHAR XDATA i;
1446   1      
1447   1              printfStr(CurrentMenu->MenuName);
1448   1      
1449   1              //首先判断画此菜单的条件。
1450   1          if(CurrentMenu->CheckCondition)
1451   1          {
1452   2              wcDrawMenuCdtion = CurrentMenu->CheckCondition();
1453   2              }
1454   1          //判断是否需要隐藏。
1455   1              if(CurrentMenu->Flags & osdInvisible)
1456   1              {
1457   2                  HideMenu();
1458   2                      printfStr("hide osd\n");
1459   2              }
1460   1              else
1461   1              {
1462   2                  //判断是否需要初始化:重新设定大小等。。
1463   2                  if((CurrentMenu->Flags & osdRedraw)&&(wcDrawMenuCdtion.Flags & osdVisible))
1464   2                      {
1465   3                      printfStr("redraw special osd menu");
1466   3                              OsdBlockClear(CurrentBlock);    
C51 COMPILER V9.00   OSD_MENU                                                              04/13/2015 11:40:46 PAGE 25  

1467   3                              OsdConfigWndSize(CurrentMenu->XSize,CurrentMenu->YSize);
1468   3                              OsdConfigWndPosition(CurrentMenu->XPos+wcDrawMenuCdtion.XPos, CurrentMenu->YPos+wcDrawMenuCdtion.YPos);
1469   3                              OsdConfigBlockColor(COLOR(CurrentMenu->ForeColor,CurrentMenu->BackColor));                      
1470   3                          if(CurrentMenu->DrawMenuStyle)
1471   3                              {
1472   4                               CurrentMenu->DrawMenuStyle();
1473   4                              }
1474   3                      }       
1475   2                      
1476   2                      if(CurrentMenu->MenuIcons)
1477   2                      {   
1478   3                              DrawOsdIcon(CurrentMenu->MenuIcons,osdDraw);
1479   3                      }
1480   2                      
1481   2                  if(CurrentMenu->MenuTitels)
1482   2                  {
1483   3                      DrawOsdTitel(CurrentMenu->MenuTitels,osdDraw);
1484   3                  }
1485   2                      
1486   2                      for(i=0; i<CurrentMenuItemCount; i++)
1487   2                      {   
1488   3                          DrawOsdMenuItem(&CurrentMenu->MenuItems[i],osdDraw);
1489   3                      }
1490   2                      OsdBlockShow(CurrentBlock);
1491   2              }
1492   1      }
1493          
1494          
1495          UCHAR GetPrevItem(void)
1496          {
1497   1          UCHAR XDATA ucTempItemIndex,ucPrevItemIndex;
1498   1      
1499   1              ucTempItemIndex = g_ucMenuItemIndex;
1500   1          ucPrevItemIndex = g_ucMenuItemIndex;
1501   1      
1502   1              while(1)
1503   1              {
1504   2                      if(g_ucMenuItemIndex>0)
1505   2                      {
1506   3                           g_ucMenuItemIndex--;
1507   3                      }
1508   2                      else
1509   2                      {
1510   3                           g_ucMenuItemIndex =  CurrentMenuItemCount - 1;
1511   3                      }
1512   2                      if(CurrentMenuItem.Flags & osdSel)
1513   2                      {       
1514   3                              if(CurrentMenuItem.CheckCondition)
1515   3                              {
1516   4                                      if(CurrentMenuItem.CheckCondition().Flags & osdVisible)
1517   4                                      {
1518   5                                              ucPrevItemIndex = g_ucMenuItemIndex;
1519   5                                              g_ucMenuItemIndex = ucTempItemIndex;
1520   5                                              return ucPrevItemIndex;
1521   5                                      } 
1522   4                              }
1523   3                              else
1524   3                              {
1525   4                                      ucPrevItemIndex = g_ucMenuItemIndex;
1526   4                                      g_ucMenuItemIndex = ucTempItemIndex;
1527   4                                      return ucPrevItemIndex;
1528   4                              }
C51 COMPILER V9.00   OSD_MENU                                                              04/13/2015 11:40:46 PAGE 26  

1529   3                      }
1530   2                      if(ucTempItemIndex == g_ucMenuItemIndex)
1531   2                      {
1532   3                              break;
1533   3                      }
1534   2              }
1535   1          return ucPrevItemIndex;
1536   1      }
1537          
1538          UCHAR GetNextItem(void)
1539          {
1540   1          UCHAR XDATA ucTempItemIndex,ucPrevItemIndex;
1541   1      
1542   1              ucTempItemIndex = g_ucMenuItemIndex;
1543   1          ucPrevItemIndex = g_ucMenuItemIndex;
1544   1              
1545   1              while(1)
1546   1              {
1547   2                      if(g_ucMenuItemIndex<(CurrentMenuItemCount - 1))
1548   2                      {
1549   3                           g_ucMenuItemIndex++;  
1550   3                      }
1551   2                      else
1552   2                      {
1553   3                           g_ucMenuItemIndex =  0;
1554   3                      }
1555   2              
1556   2                      if(CurrentMenuItem.Flags & osdSel)
1557   2                      {       
1558   3                              if(CurrentMenuItem.CheckCondition)
1559   3                              {
1560   4                                      if(CurrentMenuItem.CheckCondition().Flags & osdVisible)
1561   4                                      {
1562   5                                              ucPrevItemIndex = g_ucMenuItemIndex;
1563   5                                              g_ucMenuItemIndex = ucTempItemIndex;
1564   5                                              return ucPrevItemIndex;
1565   5                                      } 
1566   4                              }
1567   3                              else
1568   3                              {
1569   4                                      ucPrevItemIndex = g_ucMenuItemIndex;
1570   4                                      g_ucMenuItemIndex = ucTempItemIndex;
1571   4                                      return ucPrevItemIndex;
1572   4                              }
1573   3                      }
1574   2              
1575   2                      if(ucTempItemIndex == g_ucMenuItemIndex)
1576   2                      {
1577   3                              break;
1578   3                      }
1579   2              }
1580   1          return ucPrevItemIndex;
1581   1      }
1582          
1583          
1584          UCHAR GetNextMenu(void)
1585          {
1586   1          UCHAR XDATA ucNextPage, ucIndex;
1587   1              
1588   1              ucNextPage = CurrentMenu->NextPage;
1589   1              ucIndex = g_ucMenuPageIndex;
1590   1      
C51 COMPILER V9.00   OSD_MENU                                                              04/13/2015 11:40:46 PAGE 27  

1591   1              //printf("ucIndex = %x", ucIndex);
1592   1              //printf("MenuCount = %x", (MenuCount));
1593   1                               
1594   1          while(1)
1595   1          {
1596   2               if(g_ucMenuPageIndex<(MenuCount))
1597   2               {
1598   3                   g_ucMenuPageIndex++;
1599   3               }
1600   2                       else
1601   2                       {
1602   3                           g_ucMenuPageIndex = 0;
1603   3                       }              
1604   2                       if(CurrentMenu->CurrentPage == ucNextPage)
1605   2                       { 
1606   3                              if(CurrentMenu->Flags & osdVisible)
1607   3                              {       
1608   4                                      if(CurrentMenu->CheckCondition)
1609   4                                      {
1610   5                                              if(CurrentMenu->CheckCondition().Flags & osdVisible)
1611   5                                              {    
1612   6                                                   return g_ucMenuPageIndex;
1613   6                                              } 
1614   5                                              else
1615   5                                              {    
1616   6                                                   ucNextPage = CurrentMenu->NextPage;
1617   6                                              }
1618   5                                      }
1619   4                                      else
1620   4                                      {
1621   5                                              return g_ucMenuPageIndex;
1622   5                                      }
1623   4                              }
1624   3                       }       
1625   2                       if(g_ucMenuPageIndex == ucIndex)
1626   2                       {   
1627   3                               SetMenuIndex(Osd_QuicklySource);                        
1628   3                           break;
1629   3                       }
1630   2          }
1631   1              return g_ucMenuPageIndex;
1632   1      }
1633          
1634          UCHAR GetPreMenu(void)
1635          {
1636   1          UCHAR XDATA ucPrePage, ucIndex;
1637   1              
1638   1              ucPrePage = CurrentMenu->PrevPage;
1639   1              ucIndex = g_ucMenuPageIndex;
1640   1          while(1)
1641   1          {
1642   2               if(g_ucMenuPageIndex>0)
1643   2               {
1644   3                   g_ucMenuPageIndex--;
1645   3               }
1646   2                       else
1647   2                       {
1648   3                           g_ucMenuPageIndex = (MenuCount-1);
1649   3                       }
1650   2                       if(CurrentMenu->CurrentPage == ucPrePage)
1651   2                       {
1652   3                               if(CurrentMenu->Flags & osdVisible)
C51 COMPILER V9.00   OSD_MENU                                                              04/13/2015 11:40:46 PAGE 28  

1653   3                               {      
1654   4                                      if(CurrentMenu->CheckCondition)
1655   4                                      {
1656   5                                              if(CurrentMenu->CheckCondition().Flags & osdVisible)
1657   5                                              {
1658   6                                                      return g_ucMenuPageIndex;
1659   6                                              } 
1660   5                                              else
1661   5                                              {
1662   6                                                   ucPrePage = CurrentMenu->PrevPage;
1663   6                                              }
1664   5                                      }
1665   4                                      else
1666   4                                      {
1667   5                                          return g_ucMenuPageIndex;
1668   5                                      }
1669   4                               }
1670   3                       }
1671   2                       
1672   2                       if(g_ucMenuPageIndex == ucIndex)
1673   2                       {
1674   3                           break;
1675   3                       }
1676   2          }
1677   1              return g_ucMenuPageIndex;
1678   1      }
1679          
1680          UCHAR FindMenuPageIndex(UCHAR menuPage)
1681          {
1682   1          UCHAR XDATA i=0;
1683   1              
1684   1          //printf("menu count = %x", (MenuCount));
1685   1          
1686   1              for(i=0;i<MenuCount;i++)
1687   1              {
1688   2                    if((tblMenus[i]->CurrentPage) == menuPage)
1689   2                    {
1690   3                         return i;
1691   3                    }
1692   2              }
1693   1              return 0;
1694   1      }
1695          
1696          void ConfigOsdBlockStarIndexAddr(void)
1697          {
1698   1           UCHAR XDATA i;
1699   1               UINT  XDATA Block0MaxSize=0;
1700   1               UINT  XDATA Block1MaxSize=0;
1701   1               UINT  XDATA Block2MaxSize=0;
1702   1               UINT  XDATA Block3MaxSize=0;
1703   1               UINT  XDATA Block4MaxSize=0;
1704   1               
1705   1           for(i=0;i<MenuCount;i++)
1706   1           {
1707   2                switch(tblMenus[i]->OsdBlockId)
1708   2                {
1709   3                      case OsdBlock0:
1710   3                                              if(Block0MaxSize<(tblMenus[i]->XSize*tblMenus[i]->YSize))
1711   3                                              {
1712   4                                                  Block0MaxSize = tblMenus[i]->XSize*tblMenus[i]->YSize;
1713   4                                              }
1714   3                                              break;
C51 COMPILER V9.00   OSD_MENU                                                              04/13/2015 11:40:46 PAGE 29  

1715   3                                      case OsdBlock1:
1716   3                                              if(Block1MaxSize<(tblMenus[i]->XSize*tblMenus[i]->YSize))
1717   3                                              {
1718   4                                                  Block1MaxSize = tblMenus[i]->XSize*tblMenus[i]->YSize;
1719   4                                              }
1720   3                                              break;
1721   3                                      case OsdBlock2:
1722   3                                              if(Block2MaxSize<(tblMenus[i]->XSize*tblMenus[i]->YSize))
1723   3                                              {
1724   4                                                  Block2MaxSize = tblMenus[i]->XSize*tblMenus[i]->YSize;
1725   4                                              }
1726   3                                              break;
1727   3                                      case OsdBlock3:
1728   3                                              if(Block3MaxSize<(tblMenus[i]->XSize*tblMenus[i]->YSize))
1729   3                                              {
1730   4                                                  Block3MaxSize = tblMenus[i]->XSize*tblMenus[i]->YSize;
1731   4                                              }
1732   3                                              break;
1733   3                                      case OsdBlock4:
1734   3                                              if(Block4MaxSize<(tblMenus[i]->XSize*tblMenus[i]->YSize))
1735   3                                              {
1736   4                                                  Block4MaxSize = tblMenus[i]->XSize*tblMenus[i]->YSize;
1737   4                                              }
1738   3                                              break;
1739   3                                              
1740   3                                      default:
1741   3                                              break;
1742   3                }
1743   2           }
1744   1               if((Block0MaxSize+Block1MaxSize+Block2MaxSize+Block3MaxSize+Block4MaxSize)<OsdIndexRamSize)
1745   1               {
1746   2                       g_OsdContrller.block0Size = Block0MaxSize;
1747   2                       g_OsdContrller.block1Size = Block1MaxSize;
1748   2                       g_OsdContrller.block2Size = Block2MaxSize;
1749   2                       g_OsdContrller.block3Size = Block3MaxSize;
1750   2                       g_OsdContrller.block4Size = Block4MaxSize;
1751   2      
1752   2                       //printf("g_OsdContrller.block0Size = %d", g_OsdContrller.block0Size);
1753   2                       //printf("g_OsdContrller.block1Size = %d", g_OsdContrller.block1Size);
1754   2                       //printf("g_OsdContrller.block2Size = %d", g_OsdContrller.block2Size);
1755   2                       //printf("g_OsdContrller.block3Size = %d", g_OsdContrller.block3Size);
1756   2                   //printf("g_OsdContrller.block4Size = %d", g_OsdContrller.block4Size);
1757   2                      
1758   2                   OsdConfigBlockIndexStarAddr(OsdBlock1,Block0MaxSize);
1759   2                       OsdConfigBlockIndexStarAddr(OsdBlock2,Block0MaxSize+Block1MaxSize);
1760   2                       OsdConfigBlockIndexStarAddr(OsdBlock3,Block0MaxSize+Block1MaxSize+Block2MaxSize);
1761   2                       OsdConfigBlockIndexStarAddr(OsdBlock4,Block0MaxSize+Block1MaxSize+Block2MaxSize+Block3MaxSize);
1762   2           }
1763   1               else
1764   1               {
1765   2                   printfStr("Osd Block Size Error!!!!");
1766   2                       printfStr("block all size add > 512");
1767   2               }
1768   1              
1769   1               
1770   1      }
1771          
1772          void HideMenu(void)
1773          {
1774   1          OsdHide();
1775   1              OsdColorChangeSwitch(OFF);
1776   1      }
C51 COMPILER V9.00   OSD_MENU                                                              04/13/2015 11:40:46 PAGE 30  

1777          
1778          void ResetMenuIndex(void)
1779          {
1780   1          SetMenuIndex(Osd_RootMenu);
1781   1              g_ucMenuPageIndex = 0;
1782   1          g_ucOsdEixt = OsdMenu|OsdSource|OsdBrightness|OsdContrast|OsdSaturation|OsdVolume|OsdMode|OsdSys;
1783   1      }
1784          
1785          
1786          void SetMenuIndex(UCHAR menuPage)
1787          {
1788   1              if(FindMenuPageIndex(menuPage) != g_ucMenuPageIndex) 
1789   1              {   
1790   2                      g_ucMenuPageIndex = FindMenuPageIndex(menuPage);
1791   2                      g_ucMenuItemIndex = 0;
1792   2              }
1793   1      }


MODULE INFORMATION:   STATIC OVERLAYABLE
   CODE SIZE        =   8999    ----
   CONSTANT SIZE    =   4490    ----
   XDATA SIZE       =      5      37
   PDATA SIZE       =   ----    ----
   DATA SIZE        =   ----      21
   IDATA SIZE       =   ----    ----
   BIT SIZE         =   ----       1
END OF MODULE INFORMATION.


C51 COMPILATION COMPLETE.  0 WARNING(S),  0 ERROR(S)
